subset,cell,chemistry,n_measured,boundary_branch,boundary_prefix_match,n_total,n_extrapolated,extrap_frac,pchip_changed,pchip_max_abs_diff,observed__knee_curvature_max_cycle,observed__knee_curvature_max_lifefrac,observed__knee_bilinear_cycle,observed__knee_bilinear_lifefrac,observed__knee_tangent_cross_cycle,observed__knee_tangent_cross_lifefrac,observed__curv_quad_coef_cycle,observed__curv_resid_signmean_cycle,observed__curv_slope_ratio_cycle,observed__curv_quad_coef_lifefrac,observed__curv_resid_signmean_lifefrac,observed__curv_slope_ratio_lifefrac,observed__eol_cycle,observed__n_points,observed__soh_first,observed__soh_last,observed__fade_rate_per_cycle,processed__knee_curvature_max_cycle,processed__knee_curvature_max_lifefrac,processed__knee_bilinear_cycle,processed__knee_bilinear_lifefrac,processed__knee_tangent_cross_cycle,processed__knee_tangent_cross_lifefrac,processed__curv_quad_coef_cycle,processed__curv_resid_signmean_cycle,processed__curv_slope_ratio_cycle,processed__curv_quad_coef_lifefrac,processed__curv_resid_signmean_lifefrac,processed__curv_slope_ratio_lifefrac,processed__eol_cycle,processed__n_points,processed__soh_first,processed__soh_last,processed__fade_rate_per_cycle
CALB,CALB_0_B182.pkl,NMC,108,TRUNCATED_AT_EOL,1,108,0,0.0,0,0.000e+00,21.0,0.19444444444444445,,,,,-4.808880129652465e-07,-0.12962962962962962,0.8710917094527153,-0.005609077783224485,-0.12962962962962962,0.8710917094527176,108.0,108,1.0,0.898850379973826,0.0009453235516464861,21.0,0.19444444444444445,,,,,-4.808880129652465e-07,-0.12962962962962962,0.8710917094527153,-0.005609077783224485,-0.12962962962962962,0.8710917094527176,108.0,108,1.0,0.898850379973826,0.0009453235516464861
CALB,CALB_0_B183.pkl,NMC,105,TRUNCATED_AT_EOL,1,105,0,0.0,0,0.000e+00,6.0,0.05714285714285714,,,,,-1.958979438511806e-07,0.047619047619047616,0.9117680083928992,-0.0021597748309607656,0.047619047619047616,0.9117680083929052,105.0,105,1.0,0.8995570895477902,0.0009657972158866324,6.0,0.05714285714285714,,,,,-1.958979438511806e-07,0.047619047619047616,0.9117680083928992,-0.0021597748309607656,0.047619047619047616,0.9117680083929052,105.0,105,1.0,0.8995570895477902,0.0009657972158866324
CALB,CALB_0_B184.pkl,NMC,176,TRUNCATED_AT_EOL,1,176,0,0.0,0,0.000e+00,9.0,0.05113636363636364,,,,,7.715603192642649e-07,-0.11363636363636363,1.4223707640672274,0.02389985244953437,-0.11363636363636363,1.4223707640672338,176.0,176,1.0,0.8999398036746616,0.0005717725504305049,9.0,0.05113636363636364,,,,,7.715603192642649e-07,-0.11363636363636363,1.4223707640672274,0.02389985244953437,-0.11363636363636363,1.4223707640672338,176.0,176,1.0,0.8999398036746616,0.0005717725504305049
CALB,CALB_0_B185.pkl,NMC,161,TRUNCATED_AT_EOL,1,161,0,0.0,0,0.000e+00,9.0,0.055900621118012424,128.27638190954775,0.7967477137238991,,,-5.859702736351364e-07,-0.14285714285714285,0.8057466881220852,-0.015188935462897821,-0.14285714285714285,0.8057466881220902,161.0,161,1.0,0.8995781377711038,0.0006276366389306009,9.0,0.055900621118012424,128.27638190954775,0.7967477137238991,,,-5.859702736351364e-07,-0.14285714285714285,0.8057466881220852,-0.015188935462897821,-0.14285714285714285,0.8057466881220902,161.0,161,1.0,0.8995781377711038,0.0006276366389306009
CALB,CALB_0_B187.pkl,NMC,189,TRUNCATED_AT_EOL,1,189,0,0.0,0,0.000e+00,10.0,0.05291005291005291,146.01507537688443,0.7725665363856319,,,-5.334272175738658e-07,-0.06878306878306878,0.7576529985574123,-0.019054553638959214,-0.06878306878306878,0.7576529985574059,189.0,189,1.0,0.8994663272637141,0.0005347535783844994,10.0,0.05291005291005291,146.01507537688443,0.7725665363856319,,,-5.334272175738658e-07,-0.06878306878306878,0.7576529985574123,-0.019054553638959214,-0.06878306878306878,0.7576529985574059,189.0,189,1.0,0.8994663272637141,0.0005347535783844994
CALB,CALB_0_B188.pkl,NMC,123,TRUNCATED_AT_EOL,1,123,0,0.0,0,0.000e+00,7.0,0.056910569105691054,89.22010050251257,0.7253666707521347,,,-1.4287700896862993e-06,-0.008130081300813009,0.712478407339788,-0.021615862686864672,-0.008130081300813009,0.7124784073398025,123.0,123,1.0,0.8991330298102939,0.0008267784441779192,7.0,0.056910569105691054,89.22010050251257,0.7253666707521347,,,-1.4287700896862993e-06,-0.008130081300813009,0.712478407339788,-0.021615862686864672,-0.008130081300813009,0.7124784073398025,123.0,123,1.0,0.8991330298102939,0.0008267784441779192
CALB,CALB_0_B189.pkl,NMC,164,TRUNCATED_AT_EOL,1,164,0,0.0,0,0.000e+00,110.0,0.6707317073170732,,,,,8.05489883203841e-09,0.0,0.9748159621019035,0.0002166445589874057,0.0,0.9748159621018991,164.0,164,1.0,0.8996836822979756,0.0006154375319142603,110.0,0.6707317073170732,,,,,8.05489883203841e-09,0.0,0.9748159621019035,0.0002166445589874057,0.0,0.9748159621018991,164.0,164,1.0,0.8996836822979756,0.0006154375319142603
CALB,CALB_0_B190.pkl,NMC,104,TRUNCATED_AT_EOL,1,104,0,0.0,0,0.000e+00,8.0,0.07692307692307693,,,,,-1.1751892976981913e-06,0.038461538461538464,0.7877777572955593,-0.012710847443903312,0.038461538461538464,0.7877777572955551,104.0,104,1.0,0.8999813227848883,0.0009710551185933175,8.0,0.07692307692307693,,,,,-1.1751892976981913e-06,0.038461538461538464,0.7877777572955593,-0.012710847443903312,0.038461538461538464,0.7877777572955551,104.0,104,1.0,0.8999813227848883,0.0009710551185933175
CALB,CALB_25_T25-1.pkl,NMC,792,TRUNCATED_AT_EOL,1,792,0,0.0,0,0.000e+00,120.0,0.15151515151515152,124.61859296482413,0.15734670828891936,,,-1.9228300699404278e-08,0.23232323232323232,0.9165631502361105,-0.012061220809908046,0.23232323232323232,0.916563150236105,792.0,792,1.0,0.8998088313693169,0.0001266639300008636,120.0,0.15151515151515152,124.61859296482413,0.15734670828891936,,,-1.9228300699404278e-08,0.23232323232323232,0.9165631502361105,-0.012061220809908046,0.23232323232323232,0.916563150236105,792.0,792,1.0,0.8998088313693169,0.0001266639300008636
CALB,CALB_25_T25-2.pkl,NMC,981,EXTRAPOLATED,1,1069,88,0.08232,0,0.000e+00,128.0,0.1304791029561672,,,,,3.670598011274833e-09,-0.03567787971457696,1.054303211891624,0.0035324403727291748,-0.03567787971457696,1.054303211891595,981.0,981,1.0,0.9137903984422794,8.796898118134756e-05,963.0,0.9008419083255379,876.3306532663316,0.8197667476766433,,,1.0063737798841033e-08,-0.002806361085126286,1.119581078299323,0.01150044707074352,-0.002806361085126286,1.1195810782993252,1069.0,1069,1.0,0.9,9.36329588014981e-05
CALB,CALB_35_B173.pkl,NMC,1233,TRUNCATED_AT_EOL,1,1233,0,0.0,0,0.000e+00,635.0,0.5150040551500406,282.6884422110553,0.22926880957912027,116.17932534563634,0.09422491917732063,-2.5447270417343148e-08,-0.04460665044606651,0.708840133501631,-0.03868720529550915,-0.04460665044606651,0.7088401335016337,1233.0,1233,1.0,0.8999974232477285,8.117092268853209e-05,635.0,0.5150040551500406,282.6884422110553,0.22926880957912027,116.17932534563634,0.09422491917732063,-2.5447270417343148e-08,-0.04460665044606651,0.708840133501631,-0.03868720529550915,-0.04460665044606651,0.7088401335016337,1233.0,1233,1.0,0.8999974232477285,8.117092268853209e-05
CALB,CALB_35_B174.pkl,NMC,1272,TRUNCATED_AT_EOL,1,1272,0,0.0,0,0.000e+00,661.0,0.5196540880503144,751.4648241206031,0.5907742327992163,216.64164238583845,0.17031575659264028,-1.7331941089480855e-08,-0.11006289308176101,0.7843494568696406,-0.028042803371724,-0.11006289308176101,0.7843494568696319,1272.0,1272,1.0,0.899933329354346,7.873066140492054e-05,661.0,0.5196540880503144,751.4648241206031,0.5907742327992163,216.64164238583845,0.17031575659264028,-1.7331941089480855e-08,-0.11006289308176101,0.7843494568696406,-0.028042803371724,-0.11006289308176101,0.7843494568696319,1272.0,1272,1.0,0.899933329354346,7.873066140492054e-05
CALB,CALB_35_B175.pkl,NMC,1352,TRUNCATED_AT_EOL,1,1352,0,0.0,0,0.000e+00,1283.0,0.9489644970414202,771.5452261306534,0.5706695459546253,496.277291566536,0.36706900263797043,-2.4873286557647233e-08,0.0621301775147929,0.6441105451886301,-0.045465979991870784,0.0621301775147929,0.6441105451886319,1352.0,1352,1.0,0.8658155994241199,9.932228021900822e-05,1283.0,0.9489644970414202,771.5452261306534,0.5706695459546253,496.277291566536,0.36706900263797043,-2.4873286557647233e-08,0.0621301775147929,0.6441105451886301,-0.045465979991870784,0.0621301775147929,0.6441105451886319,1352.0,1352,1.0,0.8658155994241199,9.932228021900822e-05
CALB,CALB_35_B222.pkl,NMC,1260,TRUNCATED_AT_EOL,1,1260,0,0.0,0,0.000e+00,660.0,0.5238095238095238,182.5743718592965,0.1449002951264258,118.32471533100038,0.09390850423095268,-1.2409625228045156e-08,-0.08253968253968254,0.863240560313603,-0.019701521012048293,-0.08253968253968254,0.8632405603135989,1260.0,1260,1.0,0.8999859229470852,7.94392986917512e-05,660.0,0.5238095238095238,182.5743718592965,0.1449002951264258,118.32471533100038,0.09390850423095268,-1.2409625228045156e-08,-0.08253968253968254,0.863240560313603,-0.019701521012048293,-0.08253968253968254,0.8632405603135989,1260.0,1260,1.0,0.8999859229470852,7.94392986917512e-05
CALB,CALB_35_B223.pkl,NMC,1267,TRUNCATED_AT_EOL,1,1267,0,0.0,0,0.000e+00,664.0,0.5240726124704025,346.4462311557789,0.27343822506375604,69.9739559991957,0.0552280631406438,-2.5427859793932643e-08,-0.122336227308603,0.6822438500154574,-0.040819063620739636,-0.122336227308603,0.6822438500154555,1267.0,1267,1.0,0.899970001453959,7.901263708218088e-05,664.0,0.5240726124704025,346.4462311557789,0.27343822506375604,69.9739559991957,0.0552280631406438,-2.5427859793932643e-08,-0.122336227308603,0.6822438500154574,-0.040819063620739636,-0.122336227308603,0.6822438500154555,1267.0,1267,1.0,0.899970001453959,7.901263708218088e-05
CALB,CALB_35_B224.pkl,NMC,1283,TRUNCATED_AT_EOL,1,1283,0,0.0,0,0.000e+00,726.0,0.5658612626656274,386.8884422110553,0.3015498380444702,173.84983691130338,0.13550260086617566,-3.324571210727274e-08,0.041309431021044424,0.588622213132958,-0.05472540099694739,0.041309431021044424,0.5886222131329576,1283.0,1283,1.0,0.8999192698077653,7.806609219363084e-05,726.0,0.5658612626656274,386.8884422110553,0.3015498380444702,173.84983691130338,0.13550260086617566,-3.324571210727274e-08,0.041309431021044424,0.588622213132958,-0.05472540099694739,0.041309431021044424,0.5886222131329576,1283.0,1283,1.0,0.8999192698077653,7.806609219363084e-05
CALB,CALB_35_B227.pkl,NMC,1241,TRUNCATED_AT_EOL,1,1241,0,0.0,0,0.000e+00,662.0,0.5334407735697019,229.68341708542715,0.18507930466190745,264.6190644073284,0.21323051120654987,-1.7547837788133016e-08,-0.0362610797743755,0.81124912940757,-0.02702509156858636,-0.0362610797743755,0.81124912940757,1241.0,1241,1.0,0.8999703911585425,8.066903938827218e-05,662.0,0.5334407735697019,229.68341708542715,0.18507930466190745,264.6190644073284,0.21323051120654987,-1.7547837788133016e-08,-0.0362610797743755,0.81124912940757,-0.02702509156858636,-0.0362610797743755,0.81124912940757,1241.0,1241,1.0,0.8999703911585425,8.066903938827218e-05
CALB,CALB_35_B228.pkl,NMC,1243,TRUNCATED_AT_EOL,1,1243,0,0.0,0,0.000e+00,660.0,0.5309734513274337,,,142.42469755260876,0.11458141396026449,-2.1925834252501605e-10,0.07642799678197908,1.0712742152964851,-0.000338764882862091,0.07642799678197908,1.071274215296494,1243.0,1243,1.0,0.8999973100047016,8.051746376433042e-05,660.0,0.5309734513274337,,,142.42469755260876,0.11458141396026449,-2.1925834252501605e-10,0.07642799678197908,1.0712742152964851,-0.000338764882862091,0.07642799678197908,1.071274215296494,1243.0,1243,1.0,0.8999973100047016,8.051746376433042e-05
CALB,CALB_35_B229.pkl,NMC,1171,TRUNCATED_AT_EOL,1,1171,0,0.0,0,0.000e+00,727.0,0.6208368915456874,169.7386934673367,0.14495191585596645,80.2069755836068,0.06849442833783673,-1.1621807016590106e-08,-0.04526046114432109,0.9066213089424987,-0.01593629827523711,-0.04526046114432109,0.9066213089424978,1171.0,1171,1.0,0.8998754655720935,8.557652515205682e-05,727.0,0.6208368915456874,169.7386934673367,0.14495191585596645,80.2069755836068,0.06849442833783673,-1.1621807016590106e-08,-0.04526046114432109,0.9066213089424987,-0.01593629827523711,-0.04526046114432109,0.9066213089424978,1171.0,1171,1.0,0.8998754655720935,8.557652515205682e-05
CALB,CALB_35_B230.pkl,NMC,1253,TRUNCATED_AT_EOL,1,1253,0,0.0,0,0.000e+00,725.0,0.578611332801277,297.32763819095476,0.23729260829286095,241.23136122713655,0.19252303370082724,-3.177241827559059e-08,0.053471667996807665,0.6414967855990971,-0.0498829826444386,0.053471667996807665,0.6414967855991035,1253.0,1253,1.0,0.8999684413642071,7.989741105095282e-05,725.0,0.578611332801277,297.32763819095476,0.23729260829286095,241.23136122713655,0.19252303370082724,-3.177241827559059e-08,0.053471667996807665,0.6414967855990971,-0.0498829826444386,0.053471667996807665,0.6414967855991035,1253.0,1253,1.0,0.8999684413642071,7.989741105095282e-05
CALB,CALB_35_B247.pkl,NMC,1411,TRUNCATED_AT_EOL,1,1411,0,0.0,0,0.000e+00,434.0,0.30758327427356486,618.140703517588,0.43808696209609355,539.1222779011097,0.3820852430199218,-5.6087035371562886e-08,-0.33947554925584694,0.1671695157690127,-0.11166485654898696,-0.33947554925584694,0.16716951576899433,1411.0,1411,1.0,0.8999578762394619,7.095186082307667e-05,434.0,0.30758327427356486,618.140703517588,0.43808696209609355,539.1222779011097,0.3820852430199218,-5.6087035371562886e-08,-0.33947554925584694,0.1671695157690127,-0.11166485654898696,-0.33947554925584694,0.16716951576899433,1411.0,1411,1.0,0.8999578762394619,7.095186082307667e-05
CALB,CALB_35_B248.pkl,NMC,1318,TRUNCATED_AT_EOL,1,1318,0,0.0,0,0.000e+00,345.0,0.26176024279210924,222.70603015075378,0.1689727087638496,206.86243487998559,0.15695177153261425,-1.2553919976073189e-08,-0.02276176024279211,0.847282741473413,-0.021807715684516317,-0.02276176024279211,0.8472827414734158,1318.0,1318,1.0,0.8999342164481892,7.598009381306821e-05,345.0,0.26176024279210924,222.70603015075378,0.1689727087638496,206.86243487998559,0.15695177153261425,-1.2553919976073189e-08,-0.02276176024279211,0.847282741473413,-0.021807715684516317,-0.02276176024279211,0.8472827414734158,1318.0,1318,1.0,0.8999342164481892,7.598009381306821e-05
CALB,CALB_35_B249.pkl,NMC,1301,TRUNCATED_AT_EOL,1,1301,0,0.0,0,0.000e+00,635.0,0.4880860876249039,732.0050251256282,0.5626479824178541,456.8578286506733,0.35115897667230844,-4.243690975494552e-08,0.03766333589546503,0.493014859093114,-0.07182875588812893,0.03766333589546503,0.4930148590931148,1301.0,1301,1.0,0.8998712330919053,7.702212839084207e-05,635.0,0.4880860876249039,732.0050251256282,0.5626479824178541,456.8578286506733,0.35115897667230844,-4.243690975494552e-08,0.03766333589546503,0.493014859093114,-0.07182875588812893,0.03766333589546503,0.4930148590931148,1301.0,1301,1.0,0.8998712330919053,7.702212839084207e-05
CALB,CALB_35_B250.pkl,NMC,1260,TRUNCATED_AT_EOL,1,1260,0,0.0,0,0.000e+00,660.0,0.5238095238095238,319.22964824120606,0.25335686368349686,190.33079333311224,0.1510561851850097,-2.840642524987687e-08,0.02857142857142857,0.6579228895515761,-0.04509804072670594,0.02857142857142857,0.6579228895515752,1260.0,1260,1.0,0.8999863533347677,7.943895684291681e-05,660.0,0.5238095238095238,319.22964824120606,0.25335686368349686,190.33079333311224,0.1510561851850097,-2.840642524987687e-08,0.02857142857142857,0.6579228895515761,-0.04509804072670594,0.02857142857142857,0.6579228895515752,1260.0,1260,1.0,0.8999863533347677,7.943895684291681e-05
CALB,CALB_45_B253.pkl,NMC,1011,EXTRAPOLATED_CANDIDATE,1,1011,0,0.0,0,0.000e+00,929.0,0.9188921859545005,,,552.9507126389874,0.5469344338664563,-2.8144070881070466e-08,0.31750741839762614,0.8700729424726324,-0.02876664587302614,0.31750741839762614,0.8700729424726318,1011.0,1011,1.0,0.9206643464448983,7.855015203475421e-05,929.0,0.9188921859545005,,,552.9507126389874,0.5469344338664563,-2.8144070881070466e-08,0.31750741839762614,0.8700729424726324,-0.02876664587302614,0.31750741839762614,0.8700729424726318,1011.0,1011,1.0,0.9206643464448983,7.855015203475421e-05
CALB,CALB_45_B255.pkl,NMC,993,TRUNCATED_AT_EOL,1,993,0,0.0,0,0.000e+00,52.0,0.05236656596173213,140.07939698492464,0.14106686504020607,130.74980561190026,0.13167150615498516,-2.550176211411892e-08,0.015105740181268883,0.8297690463654864,-0.025145987030864018,0.015105740181268883,0.8297690463654955,993.0,993,1.0,0.887658040928779,0.00011324794261211797,52.0,0.05236656596173213,140.07939698492464,0.14106686504020607,130.74980561190026,0.13167150615498516,-2.550176211411892e-08,0.015105740181268883,0.8297690463654864,-0.025145987030864018,0.015105740181268883,0.8297690463654955,993.0,993,1.0,0.887658040928779,0.00011324794261211797
CALB,CALB_45_B256.pkl,NMC,986,TRUNCATED_AT_EOL,1,986,0,0.0,0,0.000e+00,935.0,0.9482758620689655,147.0175879396985,0.1491050587623717,344.9733148936057,0.3498715161192755,-3.5727488984981815e-08,0.13184584178498987,0.7295891468654567,-0.034734121881240754,0.13184584178498987,0.7295891468654566,986.0,986,1.0,0.8813683679780235,0.00012043820509845326,935.0,0.9482758620689655,147.0175879396985,0.1491050587623717,344.9733148936057,0.3498715161192755,-3.5727488984981815e-08,0.13184584178498987,0.7295891468654567,-0.034734121881240754,0.13184584178498987,0.7295891468654566,986.0,986,1.0,0.8813683679780235,0.00012043820509845326
CALCE,CALCE_CS2_33.pkl,LCO,473,TRUNCATED_AT_EOL,1,473,0,0.0,0,0.000e+00,243.0,0.5137420718816068,368.8753768844221,0.7798633760770024,466.4534495761673,0.9861595128460197,-6.630720000725546e-07,0.16279069767441862,0.5253142660484246,-0.14834843550422963,0.16279069767441862,0.5253142660484297,473.0,473,1.046180547764186,0.7976519916431791,0.0005265435511038279,243.0,0.5137420718816068,368.8753768844221,0.7798633760770024,466.4534495761673,0.9861595128460197,-6.630720000725546e-07,0.16279069767441862,0.5253142660484246,-0.14834843550422963,0.16279069767441862,0.5253142660484297,473.0,473,1.046180547764186,0.7976519916431791,0.0005265435511038279
CALCE,CALCE_CS2_34.pkl,LCO,448,TRUNCATED_AT_EOL,1,448,0,0.0,0,0.000e+00,375.0,0.8370535714285714,343.9994974874372,0.7678560211773152,418.6074878025898,0.9343917138450665,-6.301743606776172e-07,0.0625,0.5855489409395032,-0.12647851488544137,0.0625,0.5855489409395012,448.0,448,1.0388673950958287,0.7993617405859477,0.0005358068333554386,375.0,0.8370535714285714,343.9994974874372,0.7678560211773152,418.6074878025898,0.9343917138450665,-6.301743606776172e-07,0.0625,0.5855489409395032,-0.12647851488544137,0.0625,0.5855489409395012,448.0,448,1.0388673950958287,0.7993617405859477,0.0005358068333554386
CALCE,CALCE_CS2_35.pkl,LCO,518,TRUNCATED_AT_EOL,1,518,0,0.0,0,0.000e+00,130.0,0.25096525096525096,389.39949748743726,0.7517364816359793,,,-6.718969877580395e-08,-0.11196911196911197,0.950913749653744,-0.018028608734318354,-0.11196911196911197,0.9509137496537455,518.0,518,1.010032321378112,0.796638505796241,0.00041275399532276786,130.0,0.25096525096525096,389.39949748743726,0.7517364816359793,,,-6.718969877580395e-08,-0.11196911196911197,0.950913749653744,-0.018028608734318354,-0.11196911196911197,0.9509137496537455,518.0,518,1.010032321378112,0.796638505796241,0.00041275399532276786
CALCE,CALCE_CS2_36.pkl,LCO,487,TRUNCATED_AT_EOL,1,487,0,0.0,0,0.000e+00,195.0,0.4004106776180698,348.52663316582914,0.7156604377121748,,,-3.7728433952841e-07,0.030800821355236138,0.5840159534297878,-0.08948014952161344,0.030800821355236138,0.5840159534297855,487.0,487,1.022679530577313,0.7943504115073926,0.00046981300220148245,195.0,0.4004106776180698,348.52663316582914,0.7156604377121748,,,-3.7728433952841e-07,0.030800821355236138,0.5840159534297878,-0.08948014952161344,0.030800821355236138,0.5840159534297855,487.0,487,1.022679530577313,0.7943504115073926,0.00046981300220148245
CALCE,CALCE_CS2_37.pkl,LCO,538,TRUNCATED_AT_EOL,1,538,0,0.0,0,0.000e+00,385.0,0.7156133828996283,,,,,9.993412654061934e-08,-0.01858736059479554,1.1535610911452703,0.02892533332242277,-0.01858736059479554,1.153561091145267,538.0,538,1.008723639148113,0.7966222735541242,0.00039497461004467176,385.0,0.7156133828996283,,,,,9.993412654061934e-08,-0.01858736059479554,1.1535610911452703,0.02892533332242277,-0.01858736059479554,1.153561091145267,538.0,538,1.008723639148113,0.7966222735541242,0.00039497461004467176
CALCE,CALCE_CS2_38.pkl,LCO,568,TRUNCATED_AT_EOL,1,568,0,0.0,0,0.000e+00,177.0,0.31161971830985913,59.97939698492463,0.10559752990303631,,,7.689552312785887e-08,-0.08098591549295775,1.165802163024181,0.024808341253601037,-0.08098591549295775,1.165802163024175,568.0,568,1.0128410075568086,0.7956391255898585,0.0003830721022344799,177.0,0.31161971830985913,59.97939698492463,0.10559752990303631,,,7.689552312785887e-08,-0.08098591549295775,1.165802163024181,0.024808341253601037,-0.08098591549295775,1.165802163024175,568.0,568,1.0128410075568086,0.7956391255898585,0.0003830721022344799
CALCE,CALCE_CX2_16.pkl,LCO,829,TRUNCATED_AT_EOL,1,829,0,0.0,0,0.000e+00,437.0,0.5265060240963856,690.6130653266332,0.8320639341284738,,,-1.538660850607771e-08,-0.020506634499396863,1.038250951900671,-0.010599834599836471,-0.020506634499396863,1.0382509519006684,830.0,829,0.9403412143265942,0.7993555467819341,0.00017027254534379243,437.0,0.5265060240963856,690.6130653266332,0.8320639341284738,,,-1.538660850607771e-08,-0.020506634499396863,1.038250951900671,-0.010599834599836471,-0.020506634499396863,1.0382509519006684,830.0,829,0.9403412143265942,0.7993555467819341,0.00017027254534379243
CALCE,CALCE_CX2_33.pkl,LCO,534,TRUNCATED_AT_EOL,1,534,0,0.0,0,0.000e+00,139.0,0.2602996254681648,193.57638190954773,0.362502587845595,,,-1.804469850457134e-07,-0.08614232209737828,0.7062797934806962,-0.05145554046769569,-0.08614232209737828,0.7062797934806982,534.0,534,0.9570622268165961,0.799556840492688,0.0002955072914144617,139.0,0.2602996254681648,193.57638190954773,0.362502587845595,,,-1.804469850457134e-07,-0.08614232209737828,0.7062797934806962,-0.05145554046769569,-0.08614232209737828,0.7062797934806982,534.0,534,0.9570622268165961,0.799556840492688,0.0002955072914144617
CALCE,CALCE_CX2_34.pkl,LCO,534,TRUNCATED_AT_EOL,1,534,0,0.0,0,0.000e+00,138.0,0.25842696629213485,,,,,5.3236177598562914e-08,-0.07116104868913857,1.1080366565848434,0.015180615459296323,-0.07116104868913857,1.1080366565848552,534.0,534,0.9880904481834806,0.7990027198878735,0.00035476121631445977,138.0,0.25842696629213485,,,,,5.3236177598562914e-08,-0.07116104868913857,1.1080366565848434,0.015180615459296323,-0.07116104868913857,1.1080366565848552,534.0,534,0.9880904481834806,0.7990027198878735,0.00035476121631445977
CALCE,CALCE_CX2_35.pkl,LCO,739,TRUNCATED_AT_EOL,1,739,0,0.0,0,0.000e+00,420.0,0.5683355886332883,454.5547738693468,0.6150944166026343,220.02573008038772,0.29773441147549085,-2.789701790174209e-08,-0.11231393775372124,0.8788142865397666,-0.01523514731351693,-0.11231393775372124,0.8788142865397629,739.0,739,1.0033713125055816,0.7996078087194262,0.0002761023086533272,420.0,0.5683355886332883,454.5547738693468,0.6150944166026343,220.02573008038772,0.29773441147549085,-2.789701790174209e-08,-0.11231393775372124,0.8788142865397666,-0.01523514731351693,-0.11231393775372124,0.8788142865397629,739.0,739,1.0033713125055816,0.7996078087194262,0.0002761023086533272
CALCE,CALCE_CX2_36.pkl,LCO,519,TRUNCATED_AT_EOL,1,519,0,0.0,0,0.000e+00,203.0,0.3911368015414258,88.20100502512564,0.16994413299638852,,,4.2066114552740573e-07,-0.04431599229287091,2.198930961200344,0.11330970682040689,-0.04431599229287091,2.198930961200334,519.0,519,0.9977744026196054,0.7985119541017843,0.0003846765415401951,203.0,0.3911368015414258,88.20100502512564,0.16994413299638852,,,4.2066114552740573e-07,-0.04431599229287091,2.198930961200344,0.11330970682040689,-0.04431599229287091,2.198930961200334,519.0,519,0.9977744026196054,0.7985119541017843,0.0003846765415401951
CALCE,CALCE_CX2_37.pkl,LCO,579,TRUNCATED_AT_EOL,1,579,0,0.0,0,0.000e+00,199.0,0.3436960276338515,82.03618090452262,0.1416859773825952,63.59901019278158,0.10984285007388873,2.4394903333471613e-07,-0.10535405872193437,1.6387296190529415,0.08178171788416572,-0.10535405872193437,1.6387296190529523,579.0,579,0.9995496399535674,0.7999987110575019,0.0003452438216194905,199.0,0.3436960276338515,82.03618090452262,0.1416859773825952,63.59901019278158,0.10984285007388873,2.4394903333471613e-07,-0.10535405872193437,1.6387296190529415,0.08178171788416572,-0.10535405872193437,1.6387296190529523,579.0,579,0.9995496399535674,0.7999987110575019,0.0003452438216194905
CALCE,CALCE_CX2_38.pkl,LCO,590,TRUNCATED_AT_EOL,1,590,0,0.0,0,0.000e+00,376.0,0.6372881355932203,85.9462311557789,0.14567157823013374,68.01102695112696,0.11527292703580841,2.255506199970424e-07,-0.1016949152542373,1.5780142758314697,0.07851417082096626,-0.1016949152542373,1.5780142758314717,590.0,590,1.0022198553040118,0.7983634638724123,0.0003461059277276732,376.0,0.6372881355932203,85.9462311557789,0.14567157823013374,68.01102695112696,0.11527292703580841,2.255506199970424e-07,-0.1016949152542373,1.5780142758314697,0.07851417082096626,-0.1016949152542373,1.5780142758314717,590.0,590,1.0022198553040118,0.7983634638724123,0.0003461059277276732
HNEI,HNEI_18650_NMC_LCO_25C_0-100_0.5-1.5C_a.pkl,블렌드,263,TRUNCATED_AT_EOL,1,263,0,0.0,1,1.332e-02,193.0,0.7338403041825095,137.79296482412062,0.5239276229054016,28.686814345996424,0.10907533971861759,4.34331221293327e-07,-0.011406844106463879,1.2488840563227233,0.03004225624563665,-0.011406844106463879,1.2488840563227048,263.0,263,0.9421428571428572,0.7971428571428573,0.0005534351145038164,80.0,0.3041825095057034,157.80502512562816,0.6000191069415519,149.87459667042975,0.5698653865795809,5.859865744972032e-07,-0.07224334600760456,1.3470418297284577,0.04053210537139305,-0.07224334600760456,1.3470418297284403,263.0,263,0.9421428571428572,0.7971428571428573,0.0005534351145038164
HNEI,HNEI_18650_NMC_LCO_25C_0-100_0.5-1.5C_b.pkl,블렌드,218,TRUNCATED_AT_EOL,1,218,0,0.0,1,9.419e-03,205.0,0.9403669724770642,193.68291457286432,0.8884537365727722,117.72973023534205,0.5400446341070736,2.696927400649141e-07,-0.1651376146788991,1.062680942466467,0.012816877778846159,-0.1651376146788991,1.062680942466479,218.0,218,0.9385714285714287,0.7975000000000001,0.0006500987491770905,149.0,0.6834862385321101,84.63768844221107,0.38824627725784894,117.38246454750117,0.5384516722362439,4.50513999769e-07,-0.1834862385321101,1.1553371644659178,0.021410227325021174,-0.1834862385321101,1.1553371644659174,218.0,218,0.9385714285714287,0.7975000000000001,0.0006500987491770905
HNEI,HNEI_18650_NMC_LCO_25C_0-100_0.5-1.5C_c.pkl,블렌드,255,TRUNCATED_AT_EOL,1,255,0,0.0,1,1.281e-02,91.0,0.3568627450980392,60.096482412060304,0.2356724800472953,,,9.417809817520181e-08,-0.13725490196078433,1.0416770907320114,0.006123930833845613,-0.13725490196078433,1.041677090732013,255.0,255,0.9489285714285715,0.7985714285714287,0.0005919572553430817,155.0,0.6078431372549019,66.22311557788944,0.2596984924623115,,,2.284418380098052e-07,-0.043137254901960784,1.111590735019615,0.014854430516590902,-0.043137254901960784,1.1115907350196113,255.0,255,0.9489285714285715,0.7985714285714287,0.0005919572553430817
HNEI,HNEI_18650_NMC_LCO_25C_0-100_0.5-1.5C_d.pkl,블렌드,257,TRUNCATED_AT_EOL,1,257,0,0.0,1,7.589e-03,202.0,0.7859922178988327,71.8824120603015,0.2796981014019514,,,2.5191160648277065e-07,-0.03501945525291829,1.1350906617069478,0.016638509696579123,-0.03501945525291829,1.1350906617069445,257.0,257,0.9482142857142857,0.7971428571428573,0.0005901227678571422,202.0,0.7859922178988327,71.8824120603015,0.2796981014019514,,,2.4231937772158173e-07,-0.03501945525291829,1.130398840386091,0.01600495257913175,-0.03501945525291829,1.130398840386089,257.0,257,0.9482142857142857,0.7971428571428573,0.0005901227678571422
HNEI,HNEI_18650_NMC_LCO_25C_0-100_0.5-1.5C_e.pkl,블렌드,259,TRUNCATED_AT_EOL,1,259,0,0.0,0,0.000e+00,102.0,0.3938223938223938,,,,,1.4395457232582907e-07,-0.06563706563706563,1.0674584741059248,0.009656616666186111,-0.06563706563706563,1.0674584741059223,259.0,259,0.9439285714285715,0.7971428571428573,0.0005689368770764115,102.0,0.3938223938223938,,,,,1.4395457232582907e-07,-0.06563706563706563,1.0674584741059248,0.009656616666186111,-0.06563706563706563,1.0674584741059223,259.0,259,0.9439285714285715,0.7971428571428573,0.0005689368770764115
HNEI,HNEI_18650_NMC_LCO_25C_0-100_0.5-1.5C_f.pkl,블렌드,239,TRUNCATED_AT_EOL,1,239,0,0.0,1,1.880e-02,189.0,0.7907949790794979,86.99095477386935,0.3639788902672358,117.52843337668975,0.4917507672664843,5.949446205224307e-07,-0.0041841004184100415,1.2854223107422085,0.033983831668863054,-0.0041841004184100415,1.285422310742207,239.0,239,0.9435714285714286,0.7975000000000001,0.0006137454981992795,102.0,0.42677824267782427,194.15075376884423,0.8123462500788461,150.17266602305682,0.6283375147408236,5.949845902608198e-07,-0.12133891213389121,1.2515959271593253,0.03398611478028705,-0.12133891213389121,1.2515959271593218,239.0,239,0.9435714285714286,0.7975000000000001,0.0006137454981992795
HNEI,HNEI_18650_NMC_LCO_25C_0-100_0.5-1.5C_g.pkl,블렌드,247,TRUNCATED_AT_EOL,1,247,0,0.0,1,1.584e-02,103.0,0.41700404858299595,37.46733668341709,0.15168962220006918,,,1.8865862343818878e-07,-0.14979757085020243,1.0831841083962712,0.011509873957340886,-0.14979757085020243,1.0831841083962743,247.0,247,0.9450000000000001,0.7989285714285715,0.000593786295005807,103.0,0.41700404858299595,37.46733668341709,0.15168962220006918,97.3053220481127,0.3939486722595656,2.2610534790508402e-07,-0.05263157894736842,1.0961144955983342,0.013794461170344285,-0.05263157894736842,1.0961144955983435,247.0,247,0.9450000000000001,0.7989285714285715,0.000593786295005807
HNEI,HNEI_18650_NMC_LCO_25C_0-100_0.5-1.5C_j.pkl,블렌드,262,TRUNCATED_AT_EOL,1,262,0,0.0,1,9.481e-03,191.0,0.7290076335877863,136.221608040201,0.5199298016801565,,,4.6235039033828933e-07,0.05343511450381679,1.2879842211661199,0.03173758019438083,0.05343511450381679,1.2879842211661348,262.0,262,0.9471428571428573,0.7985714285714287,0.0005692391899288451,192.0,0.732824427480916,137.2708542713568,0.5239345582876214,21.272303856402036,0.08119199945191617,4.7004107791383625e-07,0.05343511450381679,1.2865659474765514,0.03226549975231734,0.05343511450381679,1.2865659474765603,262.0,262,0.9471428571428573,0.7985714285714287,0.0005692391899288451
HNEI,HNEI_18650_NMC_LCO_25C_0-100_0.5-1.5C_l.pkl,블렌드,228,TRUNCATED_AT_EOL,1,228,0,0.0,1,1.421e-02,141.0,0.618421052631579,88.491959798995,0.3881226306973465,105.97862288886593,0.46481852144239444,5.345613107011136e-07,-0.18421052631578946,1.218463898127313,0.027788635175484522,-0.18421052631578946,1.2184638981273053,228.0,228,0.9450000000000001,0.7978571428571429,0.0006482064191315292,202.0,0.8859649122807017,148.7211055276382,0.6522855505598166,102.09571915079619,0.44778824188945693,6.36864025213243e-07,-0.13157894736842105,1.2577597429402847,0.033106739486684876,-0.13157894736842105,1.257759742940278,228.0,228,0.9450000000000001,0.7978571428571429,0.0006482064191315292
HNEI,HNEI_18650_NMC_LCO_25C_0-100_0.5-1.5C_n.pkl,블렌드,246,TRUNCATED_AT_EOL,1,246,0,0.0,1,1.364e-02,147.0,0.5975609756097561,168.3140703517588,0.6842035380152797,82.16006647945515,0.333984010079086,3.9054584319219397e-07,-0.04065040650406504,1.1904421466785016,0.02363427224661993,-0.04065040650406504,1.1904421466784951,246.0,246,0.9453571428571429,0.7953571428571429,0.0006122448979591838,100.0,0.4065040650406504,179.14824120603015,0.728244882951342,138.07834417259954,0.5612940820024371,4.4473383253287824e-07,-0.04878048780487805,1.2027968039086319,0.026913512609561086,-0.04878048780487805,1.2027968039086319,246.0,246,0.9453571428571429,0.8007142857142857,0.0005903790087463559
HNEI,HNEI_18650_NMC_LCO_25C_0-100_0.5-1.5C_o.pkl,블렌드,266,TRUNCATED_AT_EOL,1,266,0,0.0,1,1.149e-02,190.0,0.7142857142857143,,,,,1.0824731676403887e-07,-0.17293233082706766,1.0561708250892905,0.007659147144956219,-0.17293233082706766,1.0561708250892892,266.0,266,0.9457142857142858,0.7996428571428571,0.0005512129380053915,204.0,0.7669172932330827,,,,,1.6745780473645136e-07,-0.12781954887218044,1.0833470628584791,0.011848644431934036,-0.12781954887218044,1.0833470628584858,266.0,266,0.9457142857142858,0.7996428571428571,0.0005512129380053915
HNEI,HNEI_18650_NMC_LCO_25C_0-100_0.5-1.5C_p.pkl,블렌드,263,TRUNCATED_AT_EOL,1,263,0,0.0,1,1.126e-02,137.0,0.5209125475285171,206.25527638190957,0.7842405946080212,,,-7.147790286049315e-08,-0.08745247148288973,0.9615697292742724,-0.00494405506296134,-0.08745247148288973,0.9615697292742674,263.0,263,0.9467857142857142,0.795,0.0005793347873500541,104.0,0.39543726235741444,,,,,3.580477229144695e-08,-0.06463878326996197,1.0194443929984036,0.0024765802946243166,-0.06463878326996197,1.0194443929983925,263.0,263,0.9467857142857142,0.795,0.0005793347873500541
HNEI,HNEI_18650_NMC_LCO_25C_0-100_0.5-1.5C_s.pkl,블렌드,231,TRUNCATED_AT_EOL,1,231,0,0.0,1,1.461e-02,200.0,0.8658008658008658,136.80402010050253,0.5922251952402707,136.81373564299972,0.5922672538657996,7.536995511139336e-07,-0.03896103896103896,1.3489614869266968,0.04021816174699258,-0.03896103896103896,1.348961486926707,231.0,231,0.942857142857143,0.7957142857142858,0.000639751552795031,93.0,0.4025974025974026,130.3316582914573,0.5642063129500317,,,8.70833555607543e-07,-0.012987012987012988,1.4629750627163243,0.046468549360774714,-0.012987012987012988,1.4629750627163407,231.0,231,0.942857142857143,0.7957142857142858,0.000639751552795031
HNEI,HNEI_18650_NMC_LCO_25C_0-100_0.5-1.5C_t.pkl,블렌드,234,TRUNCATED_AT_EOL,1,234,0,0.0,1,1.446e-02,203.0,0.8675213675213675,171.35929648241205,0.7323046858222737,187.80894861537135,0.802602344510134,7.982471465233545e-07,-0.05982905982905983,1.4569674573846794,0.04370882075503289,-0.05982905982905983,1.4569674573846814,234.0,234,0.925,0.7957142857142858,0.0005548743102391169,188.0,0.8034188034188035,142.32211055276383,0.6082141476613839,171.3716460394573,0.7323574617070824,9.174319988833377e-07,-0.1111111111111111,1.538370267457853,0.05023490653085658,-0.1111111111111111,1.53837026745785,234.0,234,0.925,0.7957142857142858,0.0005548743102391169
HUST,HUST_1-1.pkl,LFP,1504,EXTRAPOLATED,1,1543,39,0.025275,0,0.000e+00,162.0,0.1077127659574468,888.4497487437187,0.5907245669838556,917.4990168999996,0.6100392399601061,-1.320415822868133e-07,0.09574468085106383,0.26584671416764766,-0.29868017179809075,0.09574468085106383,0.2658467141676484,1504.0,1504,1.0800428434343377,0.8128699368686781,0.00017775975154069162,481.0,0.3117303953337654,899.0793969849248,0.5826826940926279,920.9432819933158,0.5968524186606066,-1.3283719259014122e-07,0.08619572261827609,0.2623648883968887,-0.31626529714104296,0.08619572261827609,0.2623648883968885,1543.0,1543,1.0800428434343377,0.8,0.00018161014489905162
HUST,HUST_1-2.pkl,LFP,2678,EXTRAPOLATED,1,2728,50,0.018328,0,0.000e+00,134.0,0.05003734129947722,1646.211557788945,0.6147167878226083,1602.9985508076725,0.5985804894726185,-3.511676452416596e-08,0.09634055265123226,0.39545980803317005,-0.25184633826973113,0.09634055265123226,0.39545980803316955,2678.0,2678,1.1098691464646442,0.8139547550505036,0.0001105395560007996,137.0,0.050219941348973604,1644.05175879397,0.6026582693526283,1592.3764608497538,0.5837157114551883,-3.507662033581722e-08,0.08944281524926687,0.39181847730967057,-0.2610396473132279,0.08944281524926687,0.3918184773096728,2728.0,2728,1.1098691464646442,0.8055469954678356,0.00011159594829365918
HUST,HUST_1-3.pkl,LFP,1858,EXTRAPOLATED,1,1908,50,0.026205,0,0.000e+00,94.0,0.05059203444564048,1164.6577889447237,0.6268341167624993,1171.1909921839595,0.630350372542497,-8.435125901830613e-08,0.0688912809472551,0.3197527792435224,-0.2911943797376691,0.0688912809472551,0.3197527792435227,1858.0,1858,1.0764945353535342,0.8157219696969679,0.00014042679895345523,97.0,0.05083857442348008,1172.9904522613067,0.6147748701579175,1170.9118734879569,0.6136854682850927,-8.522760642697521e-08,0.06184486373165619,0.3122853949904083,-0.31026803300357597,0.06184486373165619,0.31228539499040764,1908.0,1908,1.0764945353535342,0.8009821802631552,0.00014447422920313533
HUST,HUST_1-4.pkl,LFP,1500,EXTRAPOLATED,1,1550,50,0.032258,0,0.000e+00,77.0,0.051333333333333335,934.2969849246232,0.6228646566164154,894.2035346133031,0.5961356897422021,-1.38325914251739e-07,0.04133333333333333,0.30090355981886946,-0.31123330706641655,0.04133333333333333,0.30090355981886924,1500.0,1500,1.0779738964646466,0.816869924242421,0.000174185438440444,79.0,0.05096774193548387,934.2919597989951,0.6027690063219323,883.2955243983852,0.5698680802570227,-1.3786262569144735e-07,0.02967741935483871,0.29418084315423626,-0.33121495822370023,0.02967741935483871,0.2941808431542354,1550.0,1550,1.0779738964646466,0.8006957531100446,0.0001790046115910923
HUST,HUST_1-5.pkl,LFP,1971,EXTRAPOLATED,1,2021,50,0.02474,0,0.000e+00,435.0,0.2207001522070015,1013.7185929648242,0.5143168914078255,1083.147301208723,0.5495420097456738,-4.248828569329067e-08,0.12430238457635717,0.5256269237090366,-0.16506023428101269,0.12430238457635717,0.5256269237090323,1971.0,1971,1.071695871212119,0.818444143939393,0.00012855417628057154,102.0,0.050470064324591786,1047.5427135678392,0.5183289032992772,1134.6251073417636,0.5614176681552516,-4.3587914079774184e-08,0.13409203364670955,0.5166852634878878,-0.17803226337190672,0.13409203364670955,0.5166852634878849,2021.0,2021,1.071695871212119,0.8033697163211044,0.0001328347301440666
HUST,HUST_1-6.pkl,LFP,1143,EXTRAPOLATED,1,1180,37,0.031356,0,0.000e+00,58.0,0.05074365704286964,675.2964824120604,0.5908105707892042,719.34126955761,0.6293449427450656,-1.6777272187085323e-07,0.0831146106736658,0.4330549171435058,-0.21918650471545684,0.0831146106736658,0.43305491714351063,1143.0,1143,1.1082069318181778,0.8144117196969662,0.0002572637584248787,60.0,0.05084745762711865,682.9241206030151,0.578749254748318,721.9744410635327,0.6118427466640107,-1.6913425071067855e-07,0.07966101694915254,0.42440584473866544,-0.23550253068955088,0.07966101694915254,0.42440584473866627,1180.0,1180,1.1082069318181778,0.8,0.0002614138522630854
HUST,HUST_1-7.pkl,LFP,1678,EXTRAPOLATED,1,1727,49,0.028373,0,0.000e+00,260.0,0.15494636471990464,1018.1552763819096,0.6067671492144873,1035.3126196504363,0.6169920260133709,-1.0737129825970791e-07,0.09892729439809297,0.2823401289495727,-0.3023236465690838,0.09892729439809297,0.2823401289495716,1678.0,1678,1.093443891414141,0.8157291515151506,0.0001656021108521111,87.0,0.05037637521713955,1027.0592964824123,0.5947071780442457,1039.483975675374,0.601901549319846,-1.0840190674268386e-07,0.09090909090909091,0.27687939615527873,-0.32331183051535345,0.09090909090909091,0.27687939615527907,1727.0,1727,1.093443891414141,0.8,0.00017001384207076528
HUST,HUST_1-8.pkl,LFP,2285,EXTRAPOLATED,1,2335,50,0.021413,0,0.000e+00,283.0,0.12385120350109409,1340.411055276382,0.5866131532938215,1325.6038504354901,0.5801329761205646,-4.987600120454532e-08,0.11947483588621444,0.35750699300951017,-0.26041382438919763,0.11947483588621444,0.35750699300950284,2285.0,2285,1.0995290530303017,0.8167989520202005,0.00012378725963664678,217.0,0.09293361884368308,1350.9668341708546,0.578572519987518,1328.2562738820307,0.5688463699708911,-4.997451564252931e-08,0.11605995717344754,0.35412088295149413,-0.27247230354908525,0.11605995717344754,0.3541208829514954,2335.0,2335,1.0995290530303017,0.8062627375730975,0.00012564966386341224
HUST,HUST_10-1.pkl,LFP,1702,EXTRAPOLATED,1,1752,50,0.028539,0,0.000e+00,397.0,0.23325499412455933,1080.5793969849246,0.6348880123295679,1082.8904884934916,0.6362458804309586,-1.0342691270736529e-07,0.11163337250293771,0.27071182412214695,-0.299607494438347,0.11163337250293771,0.2707118241221497,1702.0,1702,1.0860026818181832,0.8182408106060607,0.00015741438636809082,88.0,0.0502283105022831,1091.1954773869347,0.6228284688281591,1091.2413126079346,0.6228546304839809,-1.0566527605607162e-07,0.10273972602739725,0.26293440571328525,-0.32433998751521326,0.10273972602739725,0.2629344057132837,1752.0,1752,1.0860026818181832,0.8025161605661876,0.0001618997836961711
HUST,HUST_10-2.pkl,LFP,1697,EXTRAPOLATED,1,1744,47,0.02695,0,0.000e+00,85.0,0.05008839127872716,1152.4050251256283,0.6790836918831045,1162.8608900038844,0.6852450736616879,-9.063396250897475e-08,0.13494401885680612,0.3737760354769586,-0.2610085009390065,0.13494401885680612,0.3737760354769583,1697.0,1697,1.0975480883838364,0.8194810883838375,0.00016395459905660316,88.0,0.05045871559633028,1184.3130653266333,0.6790785925038034,1185.8270990714875,0.6799467311189722,-9.592490997892963e-08,0.13073394495412843,0.35551602850396885,-0.2917590669976768,0.13073394495412843,0.3555160285039667,1744.0,1744,1.0975480883838364,0.8,0.00017071032035790958
HUST,HUST_10-3.pkl,LFP,1848,EXTRAPOLATED,1,1898,50,0.026344,0,0.000e+00,239.0,0.12932900432900432,1173.2417085427135,0.6348710544062303,1193.936081327869,0.6460693080778512,-8.078173998104672e-08,0.10064935064935066,0.31187823907215934,-0.2758780433362293,0.10064935064935066,0.31187823907215595,1848.0,1848,1.0967582449494975,0.822374537878789,0.00014855641963763317,237.0,0.12486828240252898,1197.3492462311558,0.6308478641892286,1216.7108655770446,0.6410489281227844,-8.390203052022038e-08,0.10010537407797682,0.29989651863350775,-0.30224901035416374,0.10010537407797682,0.2998965186335075,1898.0,1898,1.0967582449494975,0.8013580789872413,0.0001557196446822647
HUST,HUST_10-4.pkl,LFP,1811,EXTRAPOLATED,1,1850,39,0.021081,0,0.000e+00,91.0,0.05024848150193263,1207.9698492462312,0.6670181387334242,1201.1969987110144,0.6632782985704111,-9.452285749344464e-08,0.11319712865819989,0.3040445297626653,-0.31000860070125996,0.11319712865819989,0.3040445297626631,1811.0,1811,1.0855542095959592,0.81275236363636,0.00015071925191138073,93.0,0.05027027027027027,1211.6768844221106,0.6549604780660057,1212.5117797908088,0.6554117728598966,-9.713528640709145e-08,0.10918918918918918,0.2944358356823069,-0.33244551772827363,0.10918918918918918,0.29443583568230713,1850.0,1850,1.0855542095959592,0.8,0.00015443710632555928
HUST,HUST_10-5.pkl,LFP,2030,EXTRAPOLATED,1,2080,50,0.024038,0,0.000e+00,102.0,0.05024630541871921,1337.6929648241207,0.6589620516374979,1344.1597339110117,0.6621476521729122,-6.971253728914602e-08,0.11625615763546798,0.33440135930545084,-0.28727839491484125,0.11625615763546798,0.33440135930544984,2030.0,2030,1.0895614621212162,0.8158264318181806,0.0001349113012829155,105.0,0.05048076923076923,1353.9170854271356,0.6509216756861229,1362.2344873783204,0.6549204266241925,-7.210629160405184e-08,0.11442307692307692,0.32279095835405863,-0.3119606599957726,0.11442307692307692,0.3227909583540576,2080.0,2080,1.0895614621212162,0.800121358027642,0.0001392208292898385
HUST,HUST_10-6.pkl,LFP,2285,EXTRAPOLATED,1,2335,50,0.021413,0,0.000e+00,115.0,0.05032822757111598,1322.0472361809047,0.5785764709763259,1315.317392608095,0.5756312440298008,-6.250253735298448e-08,0.06433260393873086,0.31156160252372467,-0.32633981059083533,0.06433260393873086,0.3115616025237232,2285.0,2285,1.1340671010101007,0.8142400934343433,0.00014002933781775715,117.0,0.050107066381156314,1322.8180904522615,0.5665173834913325,1310.8070938430021,0.5613734877271958,-6.21406780547781e-08,0.06038543897216274,0.30907362697198265,-0.3388049584072095,0.06038543897216274,0.3090736269719825,2335.0,2335,1.1340671010101007,0.8034508533359987,0.00014165220551589627
HUST,HUST_10-7.pkl,LFP,1783,EXTRAPOLATED,1,1822,39,0.021405,0,0.000e+00,91.0,0.05103757711721817,1124.824120603015,0.6308604153690494,1130.474930320758,0.6340296861025002,-8.932127726113424e-08,0.11048794167134043,0.3398355569501914,-0.2839602900068227,0.11048794167134043,0.33983555695019163,1783.0,1783,1.0894122525252556,0.8144121237373735,0.0001543210599258598,92.0,0.050493962678375415,1142.0989949748744,0.6268380872529496,1144.867200738224,0.6283574098453479,-9.13938233622388e-08,0.10867178924259056,0.3312802206622231,-0.3033986131144529,0.10867178924259056,0.33128022066222207,1822.0,1822,1.0894122525252556,0.8,0.00015893039677389106
HUST,HUST_10-8.pkl,LFP,1400,EXTRAPOLATED,1,1434,34,0.02371,0,0.000e+00,71.0,0.05071428571428571,821.4185929648243,0.5867275664034459,846.1789129497417,0.6044135092498155,-1.5406808384746693e-07,0.06857142857142857,0.276455336188533,-0.30197344434104134,0.06857142857142857,0.2764553361885346,1400.0,1400,1.0925849722222187,0.8142213080808052,0.0001989733124670576,439.0,0.30613668061366806,829.83567839196,0.5786859681952301,857.0629659356358,0.5976729190625075,-1.5571094145985105e-07,0.07391910739191074,0.2716232070057341,-0.3201971287366154,0.07391910739191074,0.2716232070057395,1434.0,1434,1.0925849722222187,0.8,0.00020417653330231591
HUST,HUST_2-2.pkl,LFP,2651,EXTRAPOLATED,1,2701,50,0.018512,0,0.000e+00,268.0,0.1010939268200679,1768.1105527638192,0.6669598463839378,1825.5546668559202,0.6886286936461412,-3.9715185984632706e-08,0.09694454922670691,0.36174025299181845,-0.27911042377798884,0.09694454922670691,0.3617402529918185,2651.0,2651,1.129815510101014,0.8195075530303051,0.0001170973422908336,738.0,0.27323213624583487,1779.743718592965,0.6589202956656665,1845.054007511039,0.6831003359907586,-4.1159155642821666e-08,0.09292854498333951,0.3492230838635706,-0.3002725452357955,0.09292854498333951,0.3492230838635714,2701.0,2701,1.129815510101014,0.8047257576422164,0.00012040361202177692
HUST,HUST_2-3.pkl,LFP,1751,EXTRAPOLATED,1,1801,50,0.027762,0,0.000e+00,89.0,0.0508280982295831,1083.537688442211,0.6188107872314169,1053.1527113803895,0.6014578591549912,-1.0371000035322967e-07,0.05653912050256996,0.28873346394897054,-0.31797496479300147,0.05653912050256996,0.2887334639489709,1751.0,1751,1.077315542929287,0.8156776868686807,0.0001495073463203465,92.0,0.05108273181565797,1085.5226130653268,0.6027332665548734,1039.9610113842298,0.5774353200356634,-1.0333196297061162e-07,0.05052748473070516,0.28417074672834436,-0.3351676584234355,0.05052748473070516,0.2841707467283439,1801.0,1801,1.077315542929287,0.8025016311270528,0.00015267439544568574
HUST,HUST_2-4.pkl,LFP,1499,EXTRAPOLATED,1,1549,50,0.032279,0,0.000e+00,183.0,0.12208138759172782,873.4532663316584,0.5826906379797587,893.2984816143733,0.5959296074812364,-1.219693342689333e-07,0.11407605070046697,0.31842732877986146,-0.2740652160716271,0.11407605070046697,0.3184273287798628,1499.0,1499,1.0932784368686905,0.8171267979797991,0.00018434688844385272,173.0,0.11168495803744351,883.9045226130654,0.5706291301569176,903.1370975807547,0.5830452534414169,-1.230734700424952e-07,0.11168495803744351,0.3132181034545826,-0.2953026070934321,0.11168495803744351,0.31321810345458134,1549.0,1549,1.0932784368686905,0.8001145382509379,0.0001893823634481606
HUST,HUST_2-5.pkl,LFP,1386,EXTRAPOLATED,1,1436,50,0.034819,0,0.000e+00,71.0,0.051226551226551224,746.3944723618091,0.5385241503331956,736.6768406662364,0.5315128720535617,-1.2217053302939648e-07,0.08946608946608947,0.39418646931896983,-0.2346891052673411,0.08946608946608947,0.39418646931896756,1386.0,1386,1.0715526792929302,0.8183069621212111,0.00018284889326477912,72.0,0.05013927576601671,755.997487437186,0.5264606458476225,746.1544014957797,0.519606129175334,-1.2091484347106767e-07,0.08635097493036212,0.3918345332124747,-0.2493380150623141,0.08635097493036212,0.3918345332124739,1436.0,1436,1.0715526792929302,0.8017125577884094,0.00018804189651882978
HUST,HUST_2-6.pkl,LFP,1572,EXTRAPOLATED,1,1622,50,0.030826,0,0.000e+00,482.0,0.30661577608142493,1061.2276381909548,0.6750811947779611,1032.427785907321,0.6567606780580924,-1.1769523909984146e-07,0.11068702290076336,0.33324567173445385,-0.2908465917397028,0.11068702290076336,0.33324567173445213,1572.0,1572,1.0865375075757584,0.8204333434343415,0.00016938520951076825,108.0,0.06658446362515413,1068.9050251256283,0.6590043311502024,1043.4720954069858,0.64332434981935,-1.2230839697855243e-07,0.09617755856966707,0.31866836534872606,-0.321779204676524,0.09617755856966707,0.3186683653487247,1622.0,1622,1.0865375075757584,0.8000648069776695,0.0001767259103011036
HUST,HUST_2-7.pkl,LFP,2202,EXTRAPOLATED,1,2252,50,0.022202,0,0.000e+00,111.0,0.05040871934604905,1468.7020100502514,0.6669854723207318,1518.0189135832256,0.6893818862775775,-5.386762971808417e-08,0.0971843778383288,0.37307275379666244,-0.2611935784475648,0.0971843778383288,0.3730727537966644,2202.0,2202,1.0948640025252545,0.8210660277777779,0.00012439708075759955,113.0,0.05017761989342807,1492.9944723618091,0.6629637976739827,1540.1136023466863,0.6838870347898252,-5.631847395426915e-08,0.09325044404973357,0.35817346220288016,-0.2856193659329698,0.09325044404973357,0.3581734622028779,2252.0,2252,1.0948640025252545,0.8038968141945773,0.0001292613009021223
HUST,HUST_2-8.pkl,LFP,1481,EXTRAPOLATED,1,1531,50,0.032658,0,0.000e+00,369.0,0.24915597569209993,940.3165829145729,0.6349200424811431,936.1286021573467,0.6320922364330498,-1.3954622189514188e-07,0.11276164753544902,0.2692884030271183,-0.3060752408021515,0.11276164753544902,0.26928840302711765,1481.0,1481,1.088310012626261,0.816711974747472,0.00018351218775593852,384.0,0.25081645983017636,947.4472361809046,0.6188420876426549,937.8703322836353,0.6125867617789911,-1.4180201488167015e-07,0.10516002612671456,0.2624232861219266,-0.33237839260405644,0.10516002612671456,0.2624232861219279,1531.0,1531,1.088310012626261,0.8002545290935703,0.00018827155786450375
HUST,HUST_3-1.pkl,LFP,1938,EXTRAPOLATED,1,1988,50,0.025151,0,0.000e+00,97.0,0.0500515995872033,1284.8708542713568,0.662988056899565,1277.8131402487488,0.6593463055979096,-7.24933462441618e-08,0.13106295149638802,0.3593814782577893,-0.2722736995310603,0.13106295149638802,0.3593814782577898,1938.0,1938,1.0946426414141386,0.8188490454545443,0.00014238182548249577,100.0,0.05030181086519115,1302.0356783919597,0.6549475243420321,1294.1567963095665,0.6509843039786551,-7.504992678073084e-08,0.12776659959758552,0.3473273911387975,-0.2966081178269027,0.12776659959758552,0.34732739113879296,1988.0,1988,1.0946426414141386,0.8021964222753825,0.0001471797781272049
HUST,HUST_3-2.pkl,LFP,2283,EXTRAPOLATED,1,2333,50,0.021432,0,0.000e+00,115.0,0.05037231712658782,1385.1075376884423,0.6067050099379949,1428.931598885683,0.6259008317501896,-4.59517517739499e-08,0.12045554095488392,0.4086469606883172,-0.23950461995173547,0.12045554095488392,0.40864696068831907,2283.0,2283,1.0981902373737384,0.8194564873737358,0.00012214450043821325,117.0,0.05015002143163309,1415.4341708542715,0.6067013162684405,1447.264185654861,0.6203447002378315,-4.689370158445271e-08,0.12044577796828118,0.40069507383963426,-0.25523721252329995,0.12044577796828118,0.4006950738396312,2333.0,2333,1.0981902373737384,0.8067250271398182,0.0001249850815754375
HUST,HUST_3-3.pkl,LFP,1649,EXTRAPOLATED,1,1699,50,0.029429,0,0.000e+00,465.0,0.2819890842935112,1126.4432160804022,0.6831068623895707,1120.2106633689923,0.6793272670521482,-9.543695273617199e-08,0.12431776834445118,0.36980066876471,-0.2595122573171525,0.12431776834445118,0.36980066876471623,1649.0,1649,1.0887404747474747,0.8209822272727247,0.00016247466472982402,719.0,0.42319011183048855,1146.9366834170855,0.675065734795224,1140.5310152250038,0.6712954768834631,-1.0083514460010104e-07,0.11595055915244261,0.3510696867943735,-0.29107082923779415,0.11595055915244261,0.35106968679436995,1699.0,1699,1.0887404747474747,0.8005000095162129,0.00016975292416446513
HUST,HUST_3-4.pkl,LFP,1766,EXTRAPOLATED,1,1816,50,0.027533,0,0.000e+00,584.0,0.33069082672706684,1036.0527638190956,0.5866663441784233,1093.5068765458861,0.6191998168436501,-7.89119424487987e-08,0.09966024915062288,0.3388935745801853,-0.2461070939838463,0.09966024915062288,0.3388935745801874,1766.0,1766,1.089378391414146,0.8227421363636359,0.00015106869974533147,609.0,0.335352422907489,1065.3743718592966,0.5866598963982911,1122.2458571892166,0.6179767936063968,-8.131359505109857e-08,0.10462555066079295,0.32942442230792984,-0.26816052732083107,0.10462555066079295,0.32942442230793,1816.0,1816,1.089378391414146,0.8050060176767685,0.00015667899379469833
HUST,HUST_3-5.pkl,LFP,2657,EXTRAPOLATED,1,2707,50,0.018471,0,0.000e+00,248.0,0.0933383515242755,1526.5316582914575,0.5745320505425131,1509.6870123954084,0.568192326833048,-4.055070617596638e-08,0.051561911930748966,0.36380928289003006,-0.2862737523044557,0.051561911930748966,0.36380928289003106,2657.0,2657,1.1358487398989892,0.8182730833333334,0.00011956914780333426,136.0,0.05024011821204285,1533.4934673366836,0.5664918608558122,1487.421373571739,0.5494722473482597,-4.005903588948876e-08,0.049870705578130774,0.3623861246476511,-0.2935465660837567,0.049870705578130774,0.36238612464765163,2707.0,2707,1.1358487398989892,0.8102363847953236,0.00012032976907009077
HUST,HUST_3-6.pkl,LFP,2491,EXTRAPOLATED,1,2541,50,0.019677,0,0.000e+00,125.0,0.05018065034122842,1581.3366834170854,0.6348200254584847,1622.3401066602823,0.6512806530149668,-4.111892942022521e-08,0.10477719791248495,0.38025346832813994,-0.25514628768578373,0.10477719791248495,0.3802534683281349,2491.0,2491,1.092667303030303,0.8194536363636343,0.00010972436412316007,128.0,0.050373868555686735,1602.859296482412,0.6307986212051995,1633.522589024522,0.6428660326739559,-4.1889503409236885e-08,0.10192837465564739,0.37218427683410654,-0.2704671607618519,0.10192837465564739,0.37218427683410354,2541.0,2541,1.092667303030303,0.8080564780435945,0.0001120515059002789
HUST,HUST_3-7.pkl,LFP,2479,EXTRAPOLATED,1,2529,50,0.019771,0,0.000e+00,124.0,0.0500201694231545,1374.484422110553,0.5544511585762618,1333.4304076647113,0.5378904427852809,-4.118845672658823e-08,0.04881000403388463,0.33829377627244117,-0.2531212306943014,0.04881000403388463,0.3382937762724416,2479.0,2479,1.0853690404040428,0.8210476666666667,0.00010666722104010334,127.0,0.05021747726374061,1381.8723618090453,0.5464105819727344,1327.9277072956968,0.5250801531418334,-4.079137435291143e-08,0.042309213127718466,0.3375823342881903,-0.2608951445327012,0.042309213127718466,0.3375823342881883,2529.0,2529,1.0853690404040428,0.8087689243354594,0.00010941460287523077
HUST,HUST_3-8.pkl,LFP,2342,EXTRAPOLATED,1,2392,50,0.020903,0,0.000e+00,712.0,0.3040136635354398,1580.8809045226133,0.6750131957824993,1616.3429581800074,0.6901549778736155,-4.642695607021991e-08,0.12297181895815543,0.3994078786956363,-0.2546501826747397,0.12297181895815543,0.3994078786956382,2342.0,2342,1.1127826994949517,0.822321755050507,0.0001240755849826761,120.0,0.05016722408026756,1605.0125628140706,0.6709918740861499,1638.492488330125,0.6849884984657714,-4.8464793706365406e-08,0.12207357859531773,0.38510697776169783,-0.2772992654171356,0.12207357859531773,0.3851069777617026,2392.0,2392,1.1127826994949517,0.8068624838516768,0.00012794655610341902
HUST,HUST_4-1.pkl,LFP,2217,EXTRAPOLATED,1,2267,50,0.022056,0,0.000e+00,627.0,0.2828146143437077,1549.972864321608,0.6991307461982896,1509.9204763750547,0.6810647164524378,-4.175208207340399e-08,0.16193053676138927,0.44049063206048794,-0.20521519932608004,0.16193053676138927,0.44049063206048833,2217.0,2217,1.0981713282828274,0.8239436212121235,0.00012374896528461366,547.0,0.24128804587560654,1594.0321608040201,0.7031460788725277,1543.227385157739,0.680735502936806,-4.457896472203489e-08,0.16100573445081606,0.42062448266876357,-0.2291041830273416,0.16100573445081606,0.42062448266876057,2267.0,2267,1.0981713282828274,0.8047358677565147,0.00012949490755794908
HUST,HUST_4-2.pkl,LFP,1782,EXTRAPOLATED,1,1813,31,0.017099,0,0.000e+00,90.0,0.050505050505050504,1159.9924623115578,0.6509497543835903,1158.0785049232848,0.6498757042218208,-9.400095544245703e-08,0.10662177328843996,0.31674150518402333,-0.2985022900304511,0.10662177328843996,0.31674150518402366,1782.0,1782,1.0839854949494931,0.8113779621212098,0.0001530643081573741,344.0,0.1897407611693326,1165.596984924623,0.6429106370240613,1168.2835166760974,0.6443924526619401,-9.59643331964227e-08,0.1075565361279647,0.30947659806715194,-0.315431788322314,0.1075565361279647,0.3094765980671484,1813.0,1813,1.0839854949494931,0.8,0.0001567248868374686
HUST,HUST_4-3.pkl,LFP,1142,EXTRAPOLATED,1,1165,23,0.019742,0,0.000e+00,58.0,0.050788091068301226,702.2276381909548,0.6149103661917293,724.652050080875,0.6345464536610114,-2.427243290986528e-07,0.10157618213660245,0.23938160418796067,-0.31655233193461535,0.10157618213660245,0.23938160418796334,1142.0,1142,1.0814182929292908,0.8126090479797969,0.00023559092458325494,448.0,0.384549356223176,711.6834170854272,0.6108870532922122,733.6848657760069,0.6297724169751132,-2.474687279070341e-07,0.09871244635193133,0.23410484694687209,-0.335870744233626,0.09871244635193133,0.2341048469468711,1165.0,1165,1.0814182929292908,0.8,0.0002417682928945797
HUST,HUST_4-4.pkl,LFP,1491,EXTRAPOLATED,1,1531,40,0.026127,0,0.000e+00,171.0,0.11468812877263582,898.7437185929649,0.602779153985892,925.1954938694486,0.6205201166126416,-1.335056857012505e-07,0.10261569416498995,0.26300138713793164,-0.29679395327441677,0.10261569416498995,0.2630013871379313,1491.0,1491,1.0790714217171709,0.8141555252525242,0.0001777959036675481,169.0,0.11038536903984324,910.5427135678393,0.5947372394303326,935.5436021601822,0.6110670164338224,-1.3555181548465585e-07,0.09862834748530372,0.25767949223340786,-0.31772816897523193,0.09862834748530372,0.25767949223340725,1531.0,1531,1.0790714217171709,0.8,0.00018239962203736655
HUST,HUST_4-5.pkl,LFP,1561,EXTRAPOLATED,1,1601,40,0.024984,0,0.000e+00,572.0,0.3664317745035234,940.9195979899498,0.6027671992248237,966.544667431243,0.6191830028387207,-1.2870916391452228e-07,0.0877642536835362,0.2741930177739373,-0.3136283226029564,0.0877642536835362,0.27419301777393823,1561.0,1561,1.1014602398989881,0.8153246792929258,0.00018342023115773223,113.0,0.07058088694565896,952.1557788944724,0.5947256582726249,976.1066766470633,0.6096856193922944,-1.3052642516354723e-07,0.0868207370393504,0.26863471160769054,-0.33456546350563027,0.0868207370393504,0.2686347116076887,1601.0,1601,1.1014602398989881,0.8,0.00018841264993686753
HUST,HUST_4-6.pkl,LFP,1380,EXTRAPOLATED,1,1422,42,0.029536,0,0.000e+00,136.0,0.09855072463768116,804.146231155779,0.5827146602578108,825.2403125416807,0.5980002264794788,-1.3476035305386993e-07,0.10144927536231885,0.3249879806981139,-0.25663761635579085,0.10144927536231885,0.32498798069811574,1380.0,1380,1.0809428510101005,0.8171232272727262,0.00019131227247090227,258.0,0.18143459915611815,817.1824120603017,0.5746711758511264,843.7796742243779,0.5933752983293797,-1.3737957599143986e-07,0.10126582278481013,0.3174502281844593,-0.2777930425390755,0.10126582278481013,0.31745022818446145,1422.0,1422,1.0809428510101005,0.8,0.00019770784729774836
HUST,HUST_4-7.pkl,LFP,2216,EXTRAPOLATED,1,2266,50,0.022065,0,0.000e+00,111.0,0.050090252707581225,1219.8065326633166,0.5504542114906663,1187.6467547858929,0.5359416763474246,-6.337722868703555e-08,0.05054151624548736,0.32172103824669857,-0.3112237683153672,0.05054151624548736,0.32172103824669845,2216.0,2216,1.1293457449494906,0.8129530303030258,0.00014284095469366357,114.0,0.05030891438658429,1220.002512562814,0.5383947539994766,1181.813654325013,0.5215417715467842,-6.250037020460241e-08,0.04501323918799647,0.3216641446862127,-0.32092415091030496,0.04501323918799647,0.3216641446862077,2266.0,2266,1.1293457449494906,0.8018333327086618,0.00014459709149705467
HUST,HUST_4-8.pkl,LFP,1706,EXTRAPOLATED,1,1748,42,0.024027,0,0.000e+00,87.0,0.050996483001172335,1089.9723618090452,0.6389052531119843,1080.9459124881719,0.6336142511653997,-1.0859614855259975e-07,0.11019929660023446,0.30080683296980015,-0.3160621402088341,0.11019929660023446,0.30080683296980193,1706.0,1706,1.0887368863636386,0.8137709772727303,0.00016127032791255622,88.0,0.05034324942791762,1102.751256281407,0.6308645630900498,1088.564689249701,0.6227486780604696,-1.1064429119990904e-07,0.10755148741418764,0.2933602314640292,-0.3380740743384877,0.10755148741418764,0.2933602314640285,1748.0,1748,1.0887368863636386,0.8,0.0001652758364989345
HUST,HUST_5-1.pkl,LFP,2507,EXTRAPOLATED,1,2557,50,0.019554,0,0.000e+00,126.0,0.05025927403270842,1531.0452261306534,0.6107081077505598,1473.1111373682497,0.5875991772509971,-3.769144060711491e-08,0.09932189868368568,0.4216017377984242,-0.23689255109630586,0.09932189868368568,0.42160173779842336,2507.0,2507,1.112376815656564,0.8156006237373736,0.00011842625375865541,128.0,0.050058662495111456,1541.022110552764,0.6026680135130089,1470.1006273924318,0.5749318057850731,-3.774121426710736e-08,0.09346890887759093,0.41700973689481896,-0.24676145644070205,0.09346890887759093,0.4170097368948231,2557.0,2557,1.112376815656564,0.8068988146464643,0.00011951408490222998
HUST,HUST_5-2.pkl,LFP,1926,EXTRAPOLATED,1,1976,50,0.025304,0,0.000e+00,98.0,0.05088265835929388,1207.2688442211056,0.626827021921654,1199.744679599795,0.622920394392417,-7.844545532110267e-08,0.10799584631360332,0.32354108332868214,-0.29099153382270543,0.10799584631360332,0.32354108332868153,1926.0,1926,1.082340073232323,0.8167560378787878,0.0001379657326511871,100.0,0.05060728744939271,1222.7211055276382,0.6187859845787643,1209.6104715394497,0.612151048349924,-7.979538921779263e-08,0.09817813765182186,0.3156771583831806,-0.3115671616504589,0.09817813765182186,0.3156771583831801,1976.0,1976,1.082340073232323,0.8018312778973946,0.00014202976978983713
HUST,HUST_5-3.pkl,LFP,2689,EXTRAPOLATED,1,2739,50,0.018255,0,0.000e+00,135.0,0.050204537002603196,1739.4201005025125,0.646865042953705,1715.725917168506,0.6380535207023079,-3.3259664947609944e-08,0.11937523242841205,0.40990610034827785,-0.24049135778964698,0.11937523242841205,0.4099061003482748,2689.0,2689,1.110818492424244,0.8180693055555559,0.00010890966773388691,137.0,0.050018254837531945,1749.7427135678392,0.6388253791777434,1722.757847220564,0.6289732921579276,-3.381415490766602e-08,0.11354508944870391,0.4017093333825219,-0.25367788163005145,0.11354508944870391,0.40170933338251863,2739.0,2739,1.110818492424244,0.8082345980595432,0.0001105127444721332
HUST,HUST_5-4.pkl,LFP,1962,EXTRAPOLATED,1,2012,50,0.024851,0,0.000e+00,99.0,0.05045871559633028,1150.9934673366836,0.5866429497128867,1100.7556080805407,0.5610375168606222,-7.939180501174563e-08,0.08868501529051988,0.27709566710804634,-0.30561430745163376,0.08868501529051988,0.2770956671080436,1962.0,1962,1.0868983282828244,0.8140093181818158,0.0001391580877618606,185.0,0.091948310139165,1147.9773869346736,0.5705653016573925,1087.4110035006247,0.5404627253979248,-7.852133811638995e-08,0.0775347912524851,0.27605669765420987,-0.3178656837678366,0.0775347912524851,0.2760566976542094,2012.0,2012,1.0868983282828244,0.8030345848750615,0.0001411555163638801
HUST,HUST_5-5.pkl,LFP,1583,EXTRAPOLATED,1,1633,50,0.030618,0,0.000e+00,81.0,0.051168667087807956,865.137688442211,0.5465178069754966,872.3631315943986,0.551082205681869,-1.0570523950945904e-07,0.08401768793430196,0.3549855394034931,-0.26488559692911917,0.08401768793430196,0.35498553940349353,1583.0,1583,1.0821198712121232,0.8160574015151536,0.00016818108071869125,83.0,0.050826699326393145,872.7668341708543,0.5344561140054221,882.2510163319298,0.5402639414157562,-1.0514003124269866e-07,0.08266993263931414,0.3525791092270571,-0.2803757647745541,0.08266993263931414,0.35257910922705543,1633.0,1633,1.0821198712121232,0.8003624530834684,0.00017264547679451882
HUST,HUST_5-6.pkl,LFP,2460,EXTRAPOLATED,1,2510,50,0.01992,0,0.000e+00,124.0,0.05040650406504065,1492.4638190954774,0.6066926093884054,1450.5631983261883,0.5896598367179627,-4.045354596471791e-08,0.0910569105691057,0.40381074168122905,-0.24480867876008638,0.0910569105691057,0.4038107416812338,2460.0,2460,1.1107861363636355,0.8169803156565646,0.00011948183029974419,556.0,0.22151394422310758,1492.5311557788946,0.5946339266051373,1446.8114883980977,0.5764189196805171,-4.0476688656862787e-08,0.08446215139442231,0.3994748423050406,-0.2550071862071001,0.08446215139442231,0.3994748423050376,2510.0,2510,1.1107861363636355,0.8071445994152027,0.000121020939397542
HUST,HUST_5-7.pkl,LFP,1448,EXTRAPOLATED,1,1492,44,0.029491,0,0.000e+00,443.0,0.305939226519337,884.4698492462312,0.6108217190927011,915.2795802343701,0.6320991576204213,-1.431708270864154e-07,0.10220994475138122,0.26369039363280855,-0.3001868458353993,0.10220994475138122,0.2636903936328116,1448.0,1448,1.0882451489898983,0.818274848484847,0.00018657242605739553,413.0,0.27680965147453085,899.3462311557789,0.6027789753054819,931.022929821308,0.6240100065826462,-1.4705728844452694e-07,0.09919571045576407,0.2554046702219275,-0.32735893574397673,0.09919571045576407,0.2554046702219265,1492.0,1492,1.0882451489898983,0.8,0.00019332337289731607
HUST,HUST_6-1.pkl,LFP,1609,EXTRAPOLATED,1,1659,50,0.030139,0,0.000e+00,278.0,0.17277812305779988,937.5185929648243,0.5826715928929921,939.6666387099859,0.5840066120012343,-1.0294343329941009e-07,0.1124922311995028,0.32177995917355984,-0.2665082985436083,0.1124922311995028,0.3217799591735565,1609.0,1609,1.0827028863636337,0.8154154696969697,0.00016622351782752737,83.0,0.050030138637733576,939.9778894472363,0.5665930617524029,936.6556509823756,0.5645905069212632,-1.0261135400947796e-07,0.10548523206751055,0.3191407850067627,-0.28241528002455957,0.10548523206751055,0.3191407850067627,1659.0,1659,1.0827028863636337,0.8023064686602865,0.00016911726037596326
HUST,HUST_6-2.pkl,LFP,1908,EXTRAPOLATED,1,1958,50,0.025536,0,0.000e+00,97.0,0.05083857442348008,1080.9944723618091,0.566558947778726,1090.0284053581242,0.5712937135000651,-7.820239559359866e-08,0.07756813417190776,0.34357521031382593,-0.2846930058722593,0.07756813417190776,0.34357521031382754,1908.0,1908,1.092573378787876,0.8181558383838387,0.0001439001260639944,99.0,0.05056179775280899,1093.576381909548,0.5585170489834259,1100.4333941931968,0.5620190981579146,-7.823832800227094e-08,0.08069458631256383,0.33968492014567275,-0.29994728531529674,0.08069458631256383,0.3396849201456732,1958.0,1958,1.092573378787876,0.8038572791998917,0.0001475299435809833
HUST,HUST_6-3.pkl,LFP,1804,EXTRAPOLATED,1,1854,50,0.026969,0,0.000e+00,92.0,0.050997782705099776,1123.5713567839196,0.6228222598580485,1112.1706571690315,0.6165025815792857,-9.136434518102276e-08,0.08536585365853659,0.32616337336592843,-0.2973375867866416,0.08536585365853659,0.3261633733659326,1804.0,1804,1.0920200429292917,0.8183700202020198,0.00015177483235012307,94.0,0.05070118662351672,1124.9050251256283,0.6067448894960239,1105.6813923646912,0.5963761555365109,-9.17101079715793e-08,0.07227615965480043,0.32034520996421545,-0.3152366214924356,0.07227615965480043,0.3203452099642129,1854.0,1854,1.0920200429292917,0.8048858628389148,0.00015495638429054336
HUST,HUST_6-4.pkl,LFP,1717,EXTRAPOLATED,1,1767,50,0.028297,0,0.000e+00,332.0,0.19336051252184042,972.8251256281409,0.5665842315830757,996.6540614553492,0.5804624702710246,-8.891916229771073e-08,0.11124053581828772,0.3257991282141556,-0.262141604259098,0.11124053581828772,0.3257991282141559,1717.0,1717,1.0903940277777757,0.821041830808079,0.0001569651497492405,89.0,0.05036785512167515,994.0422110552765,0.5625592592276607,1013.513866638591,0.5735788718950713,-8.988311026414707e-08,0.10922467458970006,0.3209342108405693,-0.2806410464635343,0.10922467458970006,0.3209342108405672,1767.0,1767,1.0903940277777757,0.8027374911350329,0.00016288592108875584
HUST,HUST_6-5.pkl,LFP,2178,EXTRAPOLATED,1,2228,50,0.022442,0,0.000e+00,109.0,0.050045913682277315,1338.9251256281407,0.614749828112094,1338.7154255043674,0.6146535470635296,-5.3710753586494766e-08,0.10835629017447199,0.3586762196786672,-0.25478684241619903,0.10835629017447199,0.35867621967866564,2178.0,2178,1.0986430555555546,0.8219463585858571,0.00012709999860803747,775.0,0.3478456014362657,1351.7482412060303,0.6067092644551303,1351.0513954794121,0.6063964970733448,-5.452468480726096e-08,0.10502692998204669,0.3511054283133966,-0.2706596629882869,0.10502692998204669,0.3511054283133927,2228.0,2228,1.0986430555555546,0.8086866008240285,0.00013020047361092326
HUST,HUST_6-6.pkl,LFP,2468,EXTRAPOLATED,1,2518,50,0.019857,0,0.000e+00,125.0,0.0506482982171799,1388.2226130653269,0.5624889031869234,1439.7417992385128,0.5833637760285708,-3.717500666694482e-08,0.09157212317666126,0.42128842198709865,-0.22643385780852351,0.09157212317666126,0.42128842198709826,2468.0,2468,1.0840855934343432,0.8169802121212153,0.0001082713341358443,127.0,0.050436854646544876,1396.101005025126,0.5544483737192716,1447.2535059672932,0.5747631080092507,-3.7184409277907135e-08,0.0857823669579031,0.41791585884218907,-0.23576120257054245,0.0857823669579031,0.4179158588421892,2518.0,2518,1.0840855934343432,0.8080178257708717,0.0001096812743994722
HUST,HUST_6-8.pkl,LFP,2450,EXTRAPOLATED,1,2500,50,0.02,0,0.000e+00,435.0,0.17755102040816326,1338.7201005025127,0.546416367552046,1397.257254585661,0.5703090835043514,-3.639092735986261e-08,0.026938775510204082,0.4340492617916478,-0.21843654147757272,0.026938775510204082,0.43404926179165,2450.0,2450,1.116360184343435,0.819777075757576,0.00012110376014122459,486.0,0.1944,1335.8929648241206,0.5343571859296482,1377.048403934314,0.5508193615737256,-3.580061931490533e-08,0.0248,0.43332449159460434,-0.2237538707181601,0.0248,0.4333244915946024,2500.0,2500,1.116360184343435,0.8120352832801703,0.00012177867189406351
HUST,HUST_7-1.pkl,LFP,1690,EXTRAPOLATED,1,1740,50,0.028736,0,0.000e+00,231.0,0.1366863905325444,998.2738693467338,0.590694597246588,1007.9086628945953,0.596395658517512,-9.08559100929188e-08,0.09940828402366864,0.3408081629948926,-0.25949356481638747,0.09940828402366864,0.3408081629948952,1690.0,1690,1.0959090808080816,0.8209808888888884,0.000162775720496858,217.0,0.12471264367816091,1013.8145728643217,0.5826520533702998,1026.5692516640067,0.5899823285425326,-9.239013725305062e-08,0.10229885057471265,0.33376928914629544,-0.279720379547335,0.10229885057471265,0.33376928914629445,1740.0,1740,1.0959090808080816,0.804277633333333,0.000167700659847469
HUST,HUST_7-2.pkl,LFP,2030,EXTRAPOLATED,1,2080,50,0.024038,0,0.000e+00,449.0,0.22118226600985222,1435.5743718592964,0.707179493526747,1448.2586365340978,0.7134278997704916,-5.773652353236295e-08,0.14187192118226602,0.4043998671496025,-0.23792643982451528,0.14187192118226602,0.4043998671496004,2030.0,2030,1.105717030303034,0.8224916010101021,0.00013958867880381067,105.0,0.05048076923076923,1470.9261306532665,0.7071760243525319,1478.1684656866614,0.7106579161955103,-6.205068847683833e-08,0.14711538461538462,0.38267853340785357,-0.26845609862619674,0.14711538461538462,0.3826785334078542,2080.0,2080,1.105717030303034,0.8033335424641164,0.00014544660309712243
HUST,HUST_7-3.pkl,LFP,1295,EXTRAPOLATED,1,1319,24,0.018196,0,0.000e+00,201.0,0.1552123552123552,811.8633165829146,0.6269214799868067,817.2047606135371,0.6310461471919205,-1.9311128511448734e-07,0.12586872586872586,0.23310244960607931,-0.32385245291912307,0.12586872586872586,0.23310244960608134,1295.0,1295,1.0742037398989925,0.8097909671717142,0.00020433753688352268,379.0,0.287338893100834,816.3055276381909,0.6188821286112137,820.5217861297645,0.6220786854660837,-1.953600250047932e-07,0.11902956785443518,0.2291569374546681,-0.3398797524623633,0.11902956785443518,0.22915693745466825,1319.0,1319,1.0742037398989925,0.8,0.00020804532617525986
HUST,HUST_7-4.pkl,LFP,1393,EXTRAPOLATED,1,1423,30,0.021082,0,0.000e+00,189.0,0.135678391959799,878.8693467336684,0.6309184111512336,889.7582610818574,0.6387352915160498,-1.6953053195170942e-07,0.11844938980617373,0.22140455832629288,-0.32896535119516346,0.11844938980617373,0.2214045583262962,1393.0,1393,1.0773617828282813,0.8118593181818177,0.00019073452920004573,72.0,0.050597329585382995,886.3557788944723,0.6228782704810065,895.6812651136254,0.6294316690889848,-1.7241290634771888e-07,0.11033028812368235,0.21708575793722337,-0.3491238940377827,0.11033028812368235,0.21708575793722065,1423.0,1423,1.0773617828282813,0.8,0.00019505048018866476
HUST,HUST_7-5.pkl,LFP,1873,EXTRAPOLATED,1,1908,35,0.018344,0,0.000e+00,96.0,0.0512,1251.3135678391961,0.6673672361809047,1260.2990204779242,0.6721594775882263,-8.251851961683666e-08,0.11585691404164442,0.326950294219857,-0.2901041705279428,0.11585691404164442,0.3269502942198578,1875.0,1873,1.0878063914141394,0.8137873888888869,0.00014637767228913059,98.0,0.05130890052356021,1266.9864321608043,0.6633436817595834,1275.264439053718,0.6676777167820513,-8.529980095145496e-08,0.11844863731656184,0.3164311988818791,-0.31118220385100104,0.11844863731656184,0.3164311988818825,1910.0,1908,1.0878063914141394,0.8,0.00015092102329005734
HUST,HUST_7-6.pkl,LFP,1419,EXTRAPOLATED,1,1452,33,0.022727,0,0.000e+00,100.0,0.07047216349541931,883.8653266331659,0.6228790180642465,910.4808551933454,0.6416355568663463,-1.5973107667786803e-07,0.08809020436927413,0.2339224408117109,-0.32162826648656617,0.08809020436927413,0.23392244081171362,1419.0,1419,1.0818236818181786,0.8138639116161587,0.0001889702187602397,73.0,0.05027548209366391,892.7452261306534,0.614838310007337,920.4995603116388,0.6339528652284013,-1.6317880065380885e-07,0.09228650137741047,0.22742830395720748,-0.34403051813362795,0.09228650137741047,0.22742830395720776,1452.0,1452,1.0818236818181786,0.8,0.00019422721007455445
HUST,HUST_7-7.pkl,LFP,1685,EXTRAPOLATED,1,1726,41,0.023754,0,0.000e+00,472.0,0.2801186943620178,1042.7105527638191,0.6188193191476672,1068.42205646834,0.6340783717912998,-1.0608812016647974e-07,0.10741839762611276,0.2626903711943022,-0.3012080429796737,0.10741839762611276,0.2626903711943018,1685.0,1685,1.0830832045454544,0.8153385378787859,0.00015899326999208345,283.0,0.16396292004634994,1061.138190954774,0.6147961708892086,1081.5637265872795,0.626630200803754,-1.0847429688942746e-07,0.10544611819235226,0.255914267957662,-0.3231531744801671,0.10544611819235226,0.2559142679576624,1726.0,1726,1.0830832045454544,0.8,0.0001641062055335967
HUST,HUST_7-8.pkl,LFP,1938,EXTRAPOLATED,1,1976,38,0.019231,0,0.000e+00,97.0,0.0500515995872033,1183.640703517588,0.6107537169853395,1214.4109690258333,0.6266310469689542,-8.142820731671764e-08,0.10732714138286893,0.3031991018997717,-0.3058316438812525,0.10732714138286893,0.30319910189977445,1938.0,1938,1.0853241489898977,0.8115353888888837,0.00014134680438875275,99.0,0.050101214574898786,1198.9020100502514,0.6067317864626779,1227.992122432789,0.62145350325546,-8.275983042386979e-08,0.10425101214574899,0.2973667144240326,-0.32314204763711724,0.10425101214574899,0.2973667144240339,1976.0,1976,1.0853241489898977,0.8,0.00014446792353918868
HUST,HUST_8-1.pkl,LFP,1308,EXTRAPOLATED,1,1339,31,0.023152,0,0.000e+00,299.0,0.22859327217125383,798.9924623115578,0.610850506354402,814.6247940282069,0.6228018302967943,-1.9048874495416507e-07,0.10703363914373089,0.23362994418841607,-0.3259003361472626,0.10703363914373089,0.2336299441884184,1308.0,1308,1.0814912626262616,0.8125755631313137,0.0002057503439135026,430.0,0.32113517550410753,807.1618090452262,0.6028094167626782,819.8428119327863,0.6122799192925962,-1.9283557562673361e-07,0.10380881254667662,0.22938564754991922,-0.3457389530882608,0.10380881254667662,0.2293856475499204,1339.0,1339,1.0814912626262616,0.8,0.00021038210958614466
HUST,HUST_8-2.pkl,LFP,2041,EXTRAPOLATED,1,2091,50,0.023912,0,0.000e+00,211.0,0.10338069573738363,1312.1356783919598,0.6428886224360411,1299.3444267544155,0.6366214731770776,-6.823584590164942e-08,0.08770210681038706,0.3472041603219014,-0.28424876679142963,0.08770210681038706,0.3472041603219021,2041.0,2041,1.1055041035353554,0.8144234141414173,0.00014268661244800892,427.0,0.20420851267336204,1319.0653266331658,0.6308299027418296,1295.7109898178105,0.6196609229162173,-6.897354916973334e-08,0.0741272118603539,0.3386158181358597,-0.30157173853739155,0.0741272118603539,0.3386158181358607,2091.0,2091,1.1055041035353554,0.8024330102870918,0.00014501009246328404
HUST,HUST_8-3.pkl,LFP,2290,EXTRAPOLATED,1,2340,50,0.021368,0,0.000e+00,116.0,0.050655021834061134,1453.7673366834172,0.6348328981150293,1489.624803205438,0.6504911804390558,-5.2416420827435866e-08,0.11615720524017467,0.3470951405356174,-0.2748769524611568,0.11615720524017467,0.347095140535616,2290.0,2290,1.0960729419191926,0.8154218434343424,0.00012260860571640462,119.0,0.050854700854700854,1485.5010050251256,0.6348294893269767,1511.2462183418331,0.6458317172400996,-5.39703756931863e-08,0.11623931623931624,0.3372519468102815,-0.29552018914561456,0.11623931623931624,0.3372519468102789,2340.0,2340,1.0960729419191926,0.800559750730993,0.00012634168071321063
HUST,HUST_8-4.pkl,LFP,1885,EXTRAPOLATED,1,1935,50,0.02584,0,0.000e+00,249.0,0.13209549071618037,1181.5768844221107,0.6268312384202178,1182.4774041268731,0.627308967706564,-8.708201175294143e-08,0.10875331564986737,0.26397199581267417,-0.309421981210848,0.10875331564986737,0.2639719958126709,1885.0,1885,1.0887712929292948,0.817137290404042,0.00014417940686053753,440.0,0.22739018087855298,1189.58391959799,0.6147720514718295,1190.2964222090459,0.6151402698754759,-8.856401255996921e-08,0.10077519379844961,0.2578556516879892,-0.3316035899273523,0.10077519379844961,0.25785565168799107,1935.0,1935,1.0887712929292948,0.8013932671185559,0.00014859256763740379
HUST,HUST_8-5.pkl,LFP,1348,EXTRAPOLATED,1,1383,35,0.025307,0,0.000e+00,184.0,0.13649851632047477,801.754271356784,0.5947731983358931,821.4762616391607,0.6094037549251934,-1.7696748899701606e-07,0.10534124629080119,0.2321041626211499,-0.3215683321264366,0.10534124629080119,0.23210416262114802,1348.0,1348,1.0781515959595958,0.812708194444444,0.00019706265888281497,160.0,0.11569052783803326,805.8934673366836,0.5827140038587734,823.8588040865601,0.5957041244299061,-1.7798826207840477e-07,0.1019522776572668,0.22932380054738277,-0.3404361910064822,0.1019522776572668,0.2293238005473806,1383.0,1383,1.0781515959595958,0.8,0.00020126743557134278
HUST,HUST_8-6.pkl,LFP,2365,EXTRAPOLATED,1,2415,50,0.020704,0,0.000e+00,119.0,0.050317124735729385,1453.8502512562816,0.6147358356263347,1434.1482680190818,0.606405187323079,-5.4328196085992053e-08,0.06807610993657505,0.33729416575395404,-0.3038698245530761,0.06807610993657505,0.33729416575395277,2365.0,2365,1.1247588131313153,0.8139950252525259,0.00013145676306209366,121.0,0.05010351966873706,1445.7608040201005,0.5986587180207456,1422.1364935007223,0.5888763948243156,-5.417179996483443e-08,0.06086956521739131,0.3334821987835287,-0.31594212604990696,0.06086956521739131,0.3334821987835283,2415.0,2415,1.1247588131313153,0.8048635119484278,0.00013251669477335856
HUST,HUST_8-7.pkl,LFP,2047,EXTRAPOLATED,1,2097,50,0.023844,0,0.000e+00,274.0,0.1338544211040547,1192.6150753768845,0.5826160602720492,1162.1811718186816,0.567748496247524,-7.4160442411998e-08,0.08646800195407914,0.26989178384874757,-0.3107477532387352,0.08646800195407914,0.26989178384874485,2047.0,2047,1.0888099646464673,0.8154919419191929,0.00013358652137207934,140.0,0.06676204101096805,1196.457286432161,0.5705566458903963,1149.466054606225,0.5481478562738317,-7.346965294372356e-08,0.0815450643776824,0.269567460137534,-0.3230761130816057,0.0815450643776824,0.26956746013752664,2097.0,2097,1.0888099646464673,0.8048586886230737,0.00013547293703406181
HUST,HUST_8-8.pkl,LFP,1679,EXTRAPOLATED,1,1723,44,0.025537,0,0.000e+00,85.0,0.05062537224538416,1059.2361809045226,0.6308732465184769,1056.2198716349274,0.6290767549940008,-1.0468227685072563e-07,0.11018463371054199,0.32961422819416625,-0.2951036304155435,0.11018463371054199,0.32961422819416497,1679.0,1679,1.0993760479798014,0.8179840277777775,0.0001676948868903599,88.0,0.05107370864770749,1073.1396984924625,0.6228320943078715,1071.5904424726239,0.6219329323694857,-1.074227537600974e-07,0.10504933255948927,0.3201805393784919,-0.3189090443474596,0.10504933255948927,0.3201805393784905,1723.0,1723,1.0993760479798014,0.8,0.00017385368639942004
HUST,HUST_9-1.pkl,LFP,2057,EXTRAPOLATED,1,2107,50,0.02373,0,0.000e+00,441.0,0.21438988818667962,1388.5417085427136,0.6750324300159036,1401.0537719652118,0.681115105476525,-6.356292013352242e-08,0.149246475449684,0.36920525053022324,-0.2689505422520463,0.149246475449684,0.36920525053021513,2057.0,2057,1.1082590075757575,0.8182037222222227,0.00014107747342097994,106.0,0.05030849549121975,1422.2854271356784,0.6750286792290833,1427.2129608164064,0.6773673283419109,-6.680680437832851e-08,0.14190792596108212,0.3541252055970586,-0.29658540089056484,0.14190792596108212,0.35412520559705835,2107.0,2107,1.1082590075757575,0.8000172807682089,0.00014636359297604397
HUST,HUST_9-2.pkl,LFP,2143,EXTRAPOLATED,1,2193,50,0.0228,0,0.000e+00,607.0,0.28324778348110125,1300.1929648241207,0.6067162691666452,1346.6286766651613,0.6283848234555116,-6.059788567256735e-08,0.09566028931404573,0.35049120294174585,-0.27829269945909724,0.09566028931404573,0.35049120294174707,2143.0,2143,1.096103727272726,0.8140604848484798,0.00013167284893755661,110.0,0.050159598723210214,1321.7075376884422,0.6026938156354046,1365.8364992905854,0.6228164611448178,-6.184237509415464e-08,0.09621523027815777,0.3424364345550456,-0.29741538057919004,0.09621523027815777,0.3424364345550459,2193.0,2193,1.096103727272726,0.8,0.0001350838171864626
HUST,HUST_9-3.pkl,LFP,1905,EXTRAPOLATED,1,1949,44,0.022576,0,0.000e+00,96.0,0.050393700787401574,1224.726633165829,0.6429011197720887,1236.7521197209476,0.649213711139605,-8.117542376321653e-08,0.12650918635170605,0.32967910600818384,-0.29458764222230754,0.12650918635170605,0.32967910600818373,1905.0,1905,1.0993881666666683,0.8154790126262615,0.00014911195065147413,98.0,0.050282195997947664,1245.1748743718592,0.638878847804956,1253.5680577096762,0.6431852528012705,-8.358215832312149e-08,0.12775782452539763,0.3201482745933831,-0.3174952701883679,0.12775782452539763,0.3201482745933851,1949.0,1949,1.0993881666666683,0.8,0.00015369002395619518
HUST,HUST_9-4.pkl,LFP,1975,EXTRAPOLATED,1,2025,50,0.024691,0,0.000e+00,99.0,0.05012658227848101,1309.394974874372,0.6629847974047454,1322.6893813540203,0.6697161424577318,-7.387003037870808e-08,0.1240506329113924,0.34329189287696266,-0.28813928724594823,0.1240506329113924,0.3432918928769618,1975.0,1975,1.1017111843434337,0.8172272121212123,0.00014411548744793385,102.0,0.05037037037037037,1326.262311557789,0.6549443513865625,1341.2004781347557,0.6623212237702497,-7.6722734100774e-08,0.12395061728395061,0.33046075509862594,-0.31461116152198404,0.12395061728395061,0.330460755098627,2025.0,2025,1.1017111843434337,0.8,0.00014906679068351467
HUST,HUST_9-5.pkl,LFP,2168,EXTRAPOLATED,1,2218,50,0.022543,0,0.000e+00,242.0,0.11162361623616236,1358.914070351759,0.6268053830035788,1412.357719031087,0.6514565124682136,-5.739481021403703e-08,0.10424354243542436,0.353940906331772,-0.2697684644434613,0.10424354243542436,0.3539409063317697,2168.0,2168,1.0987669217171712,0.8182102247474726,0.00012946778817244972,112.0,0.05049594229035167,1381.3331658291459,0.6227832127272975,1429.1851877172576,0.6443576139392505,-5.888206164737598e-08,0.09828674481514878,0.344436172296274,-0.289671715443743,0.09828674481514878,0.3444361722962749,2218.0,2218,1.0987669217171712,0.8039965376262603,0.0001329591267888637
HUST,HUST_9-6.pkl,LFP,1742,EXTRAPOLATED,1,1792,50,0.027902,0,0.000e+00,88.0,0.0505166475315729,1175.9562814070352,0.6750610111406632,1193.4680564757086,0.6851136948769855,-8.325743825504964e-08,0.10562571756601608,0.39823086001427177,-0.25265002486099436,0.10562571756601608,0.3982308600142709,1742.0,1742,1.103989181818182,0.8196413964646461,0.00016332440284522453,90.0,0.05022321428571429,1188.1000000000001,0.6630022321428573,1210.6746946677601,0.6755997180065626,-8.736805319283023e-08,0.10491071428571429,0.38067395390106096,-0.2805618839682218,0.10491071428571429,0.3806739539010627,1792.0,1792,1.103989181818182,0.8007706292131815,0.00016930125773590197
HUST,HUST_9-7.pkl,LFP,2012,EXTRAPOLATED,1,2062,50,0.024248,0,0.000e+00,101.0,0.05019880715705766,1309.6658291457286,0.650927350470044,1325.6701963498354,0.658881807330932,-6.929602821941842e-08,0.1242544731610338,0.3445950968375168,-0.28052030086027224,0.1242544731610338,0.3445950968375139,2012.0,2012,1.0932435934343407,0.815460873737369,0.0001381316358513037,104.0,0.0504364694471387,1325.632663316583,0.6428868396297687,1340.7255304265666,0.650206367811138,-7.142366114442897e-08,0.11833171677982542,0.333685823794098,-0.30368226509497487,0.11833171677982542,0.33368582379409895,2062.0,2062,1.0932435934343407,0.800659361881973,0.00014196226664355544
HUST,HUST_9-8.pkl,LFP,2308,EXTRAPOLATED,1,2358,50,0.021204,0,0.000e+00,116.0,0.05025996533795494,1390.9964824120605,0.6026847844073052,1441.7281323760208,0.6246655686204596,-5.071976229364987e-08,0.09098786828422877,0.34702928718306825,-0.27017727585060214,0.09098786828422877,0.34702928718307013,2308.0,2308,1.0831192474747482,0.8170471792929298,0.00011533249596090957,118.0,0.05004240882103478,1402.1713567839197,0.5946443412993723,1456.5212386935718,0.6176934854510483,-5.1449652517108045e-08,0.0899067005937235,0.340417294513758,-0.28606850573813214,0.0899067005937235,0.34041729451375546,2358.0,2358,1.0831192474747482,0.804637240882507,0.00011815104225381468
ISU_ILCC,ISU-ILCC_G10C1.pkl,NMC,622,TRUNCATED_AT_EOL,1,622,0,0.0,0,0.000e+00,132.0,0.21221864951768488,147.98040201005026,0.23791061416406795,194.70967589705867,0.31303806414318114,5.397524345035186e-07,-0.05466237942122187,3.3973482243914837,0.20882158087046024,-0.05466237942122187,3.3973482243915027,622.0,622,0.9870571788285171,0.7986836756493567,0.00030333897452360765,132.0,0.21221864951768488,147.98040201005026,0.23791061416406795,194.70967589705867,0.31303806414318114,5.397524345035186e-07,-0.05466237942122187,3.3973482243914837,0.20882158087046024,-0.05466237942122187,3.3973482243915027,622.0,622,0.9870571788285171,0.7986836756493567,0.00030333897452360765
ISU_ILCC,ISU-ILCC_G10C2.pkl,NMC,828,TRUNCATED_AT_EOL,1,828,0,0.0,0,0.000e+00,145.0,0.1751207729468599,213.3603015075377,0.25768152355982815,206.911782362694,0.24989345695977536,3.0806636554231727e-07,-0.04106280193236715,3.198205775426975,0.21120537115396404,-0.04106280193236715,3.1982057754269726,828.0,828,0.9959041775434595,0.7991342948479123,0.00023793214352545004,145.0,0.1751207729468599,213.3603015075377,0.25768152355982815,206.911782362694,0.24989345695977536,3.0806636554231727e-07,-0.04106280193236715,3.198205775426975,0.21120537115396404,-0.04106280193236715,3.1982057754269726,828.0,828,0.9959041775434595,0.7991342948479123,0.00023793214352545004
ISU_ILCC,ISU-ILCC_G10C3.pkl,NMC,580,TRUNCATED_AT_EOL,1,580,0,0.0,0,0.000e+00,137.0,0.23620689655172414,119.41859296482413,0.2058941258014209,163.22035486532496,0.28141440494021547,5.862040554419945e-07,-0.10689655172413794,3.1013919614914753,0.19719904425068605,-0.10689655172413794,3.1013919614914554,580.0,580,0.9911802337016647,0.7978730746781705,0.0003338638325103528,137.0,0.23620689655172414,119.41859296482413,0.2058941258014209,163.22035486532496,0.28141440494021547,5.862040554419945e-07,-0.10689655172413794,3.1013919614914753,0.19719904425068605,-0.10689655172413794,3.1013919614914554,580.0,580,0.9911802337016647,0.7978730746781705,0.0003338638325103528
ISU_ILCC,ISU-ILCC_G10C4.pkl,NMC,882,TRUNCATED_AT_EOL,1,882,0,0.0,0,0.000e+00,515.0,0.5839002267573696,244.93517587939698,0.2777042810424002,277.8802849939562,0.31505701246480294,1.5649817247261364e-07,-0.17006802721088435,1.976980209084481,0.12174368432258621,-0.17006802721088435,1.9769802090844677,882.0,882,0.9887835664959033,0.7963633990109074,0.00021841108681611341,515.0,0.5839002267573696,244.93517587939698,0.2777042810424002,277.8802849939562,0.31505701246480294,1.5649817247261364e-07,-0.17006802721088435,1.976980209084481,0.12174368432258621,-0.17006802721088435,1.9769802090844677,882.0,882,0.9887835664959033,0.7963633990109074,0.00021841108681611341
ISU_ILCC,ISU-ILCC_G12C1.pkl,NMC,1505,TRUNCATED_AT_EOL,1,1505,0,0.0,0,0.000e+00,189.0,0.12558139534883722,369.06432160804025,0.2452254628624852,264.05471978416614,0.17545164105260208,6.646886530638514e-08,-0.10830564784053157,2.4707983067957207,0.15055364164059487,-0.10830564784053157,2.470798306795699,1505.0,1505,0.9883603614877151,0.7992734268988468,0.00012572269587025816,189.0,0.12558139534883722,369.06432160804025,0.2452254628624852,264.05471978416614,0.17545164105260208,6.646886530638514e-08,-0.10830564784053157,2.4707983067957207,0.15055364164059487,-0.10830564784053157,2.470798306795699,1505.0,1505,0.9883603614877151,0.7992734268988468,0.00012572269587025816
ISU_ILCC,ISU-ILCC_G12C2.pkl,NMC,795,TRUNCATED_AT_EOL,1,795,0,0.0,0,0.000e+00,297.0,0.37358490566037733,169.7748743718593,0.2135533010966784,192.22531859820262,0.2417928535826448,1.9403676587530228e-07,-0.08427672955974842,1.9069324284187763,0.12263608695233792,-0.08427672955974842,1.9069324284187916,795.0,795,0.988485617838541,0.7974671636894138,0.0002405773981727043,297.0,0.37358490566037733,169.7748743718593,0.2135533010966784,192.22531859820262,0.2417928535826448,1.9403676587530228e-07,-0.08427672955974842,1.9069324284187763,0.12263608695233792,-0.08427672955974842,1.9069324284187916,795.0,795,0.988485617838541,0.7974671636894138,0.0002405773981727043
ISU_ILCC,ISU-ILCC_G12C3.pkl,NMC,1759,TRUNCATED_AT_EOL,1,1759,0,0.0,0,0.000e+00,195.0,0.11085844229675952,240.4060301507538,0.13667198985261728,408.8423027076593,0.23242882473431456,2.983913887123062e-08,-0.05059693007390563,1.6648465156910044,0.09232471263783433,-0.05059693007390563,1.6648465156910008,1759.0,1759,0.970070480986042,0.7981515168282863,9.779235731385418e-05,195.0,0.11085844229675952,240.4060301507538,0.13667198985261728,408.8423027076593,0.23242882473431456,2.983913887123062e-08,-0.05059693007390563,1.6648465156910044,0.09232471263783433,-0.05059693007390563,1.6648465156910008,1759.0,1759,0.970070480986042,0.7981515168282863,9.779235731385418e-05
ISU_ILCC,ISU-ILCC_G12C4.pkl,NMC,1838,TRUNCATED_AT_EOL,1,1838,0,0.0,0,0.000e+00,359.0,0.1953210010881393,229.00954773869347,0.12459714240407697,378.9857039354187,0.2061946158516968,4.035607029054682e-08,-0.1969532100108814,2.398225082667148,0.13633265232261785,-0.1969532100108814,2.3982250826671585,1838.0,1838,0.9846444907280288,0.7998292269674057,0.00010060711146468328,359.0,0.1953210010881393,229.00954773869347,0.12459714240407697,378.9857039354187,0.2061946158516968,4.035607029054682e-08,-0.1969532100108814,2.398225082667148,0.13633265232261785,-0.1969532100108814,2.3982250826671585,1838.0,1838,0.9846444907280288,0.7998292269674057,0.00010060711146468328
ISU_ILCC,ISU-ILCC_G13C1.pkl,NMC,544,TRUNCATED_AT_EOL,1,544,0,0.0,0,0.000e+00,136.0,0.25,149.16532663316582,0.27420096807567246,166.18431053853902,0.3054858649605497,4.6747915778689055e-07,-0.10661764705882353,2.9508816457573066,0.13834391203881916,-0.10661764705882353,2.9508816457572755,544.0,544,0.9774829765764584,0.7985015775326305,0.0003296158361764787,136.0,0.25,149.16532663316582,0.27420096807567246,166.18431053853902,0.3054858649605497,4.6747915778689055e-07,-0.10661764705882353,2.9508816457573066,0.13834391203881916,-0.10661764705882353,2.9508816457572755,544.0,544,0.9774829765764584,0.7985015775326305,0.0003296158361764787
ISU_ILCC,ISU-ILCC_G13C2.pkl,NMC,861,TRUNCATED_AT_EOL,1,861,0,0.0,0,0.000e+00,44.0,0.05110336817653891,169.97487437185933,0.19741564967695624,101.73455228662509,0.11815859731315341,1.3521952677830913e-07,-0.18931475029036005,1.758305179916533,0.1002410748108194,-0.18931475029036005,1.7583051799165237,861.0,861,0.9947057685038729,0.7996971257892658,0.00022675423571465948,44.0,0.05110336817653891,169.97487437185933,0.19741564967695624,101.73455228662509,0.11815859731315341,1.3521952677830913e-07,-0.18931475029036005,1.758305179916533,0.1002410748108194,-0.18931475029036005,1.7583051799165237,861.0,861,0.9947057685038729,0.7996971257892658,0.00022675423571465948
ISU_ILCC,ISU-ILCC_G13C3.pkl,NMC,742,TRUNCATED_AT_EOL,1,742,0,0.0,0,0.000e+00,137.0,0.18463611859838275,137.656783919598,0.1855212721288383,59.518521794211246,0.08021364123209063,1.1912600870316294e-07,-0.06199460916442048,1.439985849463483,0.06558649185564905,-0.06199460916442048,1.439985849463471,742.0,742,0.9932607778249396,0.7985301476528482,0.00026279437270187767,137.0,0.18463611859838275,137.656783919598,0.1855212721288383,59.518521794211246,0.08021364123209063,1.1912600870316294e-07,-0.06199460916442048,1.439985849463483,0.06558649185564905,-0.06199460916442048,1.439985849463471,742.0,742,0.9932607778249396,0.7985301476528482,0.00026279437270187767
ISU_ILCC,ISU-ILCC_G13C4.pkl,NMC,617,TRUNCATED_AT_EOL,1,617,0,0.0,0,0.000e+00,40.0,0.06482982171799027,151.7497487437186,0.24594772892012742,122.2373696335687,0.19811567201550845,3.2955079573313143e-07,-0.02106969205834684,2.050068716899008,0.12545636287685505,-0.02106969205834684,2.050068716899002,617.0,617,0.9846639027717681,0.7999738380035345,0.0002998215337146649,40.0,0.06482982171799027,151.7497487437186,0.24594772892012742,122.2373696335687,0.19811567201550845,3.2955079573313143e-07,-0.02106969205834684,2.050068716899008,0.12545636287685505,-0.02106969205834684,2.050068716899002,617.0,617,0.9846639027717681,0.7999738380035345,0.0002998215337146649
ISU_ILCC,ISU-ILCC_G14C1.pkl,NMC,278,TRUNCATED_AT_EOL,1,278,0,0.0,0,0.000e+00,71.0,0.25539568345323743,,,7.7354463493073915,0.027825346580242414,8.860438342843374e-07,-0.08633093525179857,1.5407356420660179,0.06847701168882712,-0.08633093525179857,1.5407356420660208,278.0,278,1.0034141734528415,0.7996563017872734,0.0007355879843522311,71.0,0.25539568345323743,,,7.7354463493073915,0.027825346580242414,8.860438342843374e-07,-0.08633093525179857,1.5407356420660179,0.06847701168882712,-0.08633093525179857,1.5407356420660208,278.0,278,1.0034141734528415,0.7996563017872734,0.0007355879843522311
ISU_ILCC,ISU-ILCC_G14C2.pkl,NMC,178,TRUNCATED_AT_EOL,1,178,0,0.0,0,0.000e+00,51.0,0.28651685393258425,,,18.383528038481195,0.10327824740719772,2.694092287381101e-06,-0.02247191011235955,1.9234134645632563,0.08535962003338159,-0.02247191011235955,1.923413464563246,178.0,178,0.9847831963558751,0.7961002779895986,0.0010660051885100367,51.0,0.28651685393258425,,,18.383528038481195,0.10327824740719772,2.694092287381101e-06,-0.02247191011235955,1.9234134645632563,0.08535962003338159,-0.02247191011235955,1.923413464563246,178.0,178,0.9847831963558751,0.7961002779895986,0.0010660051885100367
ISU_ILCC,ISU-ILCC_G14C3.pkl,NMC,112,TRUNCATED_AT_EOL,1,112,0,0.0,0,0.000e+00,43.0,0.38392857142857145,14.331155778894473,0.1279567480258435,33.03297113879404,0.29493724231066104,7.347228608709899e-06,-0.14285714285714285,1.641299541908043,0.09216363566765826,-0.14285714285714285,1.6412995419080454,112.0,112,0.9785014691051084,0.7997859757470245,0.0016100494897124675,43.0,0.38392857142857145,14.331155778894473,0.1279567480258435,33.03297113879404,0.29493724231066104,7.347228608709899e-06,-0.14285714285714285,1.641299541908043,0.09216363566765826,-0.14285714285714285,1.6412995419080454,112.0,112,0.9785014691051084,0.7997859757470245,0.0016100494897124675
ISU_ILCC,ISU-ILCC_G14C4.pkl,NMC,127,TRUNCATED_AT_EOL,1,127,0,0.0,0,0.000e+00,49.0,0.3858267716535433,14.613065326633167,0.11506350650892258,17.86390413654363,0.14066066249246953,7.2353416062994934e-06,-0.023622047244094488,2.188202619350483,0.11669882476800542,-0.023622047244094488,2.188202619350483,127.0,127,0.983207035209486,0.7990652173632259,0.0014614429987798425,49.0,0.3858267716535433,14.613065326633167,0.11506350650892258,17.86390413654363,0.14066066249246953,7.2353416062994934e-06,-0.023622047244094488,2.188202619350483,0.11669882476800542,-0.023622047244094488,2.188202619350483,127.0,127,0.983207035209486,0.7990652173632259,0.0014614429987798425
ISU_ILCC,ISU-ILCC_G16C1.pkl,NMC,504,TRUNCATED_AT_EOL,1,504,0,0.0,0,0.000e+00,53.0,0.10515873015873016,221.15728643216082,0.43880413974635085,211.95987963125995,0.4205553167286904,-5.538668389903306e-07,0.23809523809523808,0.6157078490957069,-0.14069103897296573,0.23809523809523808,0.6157078490957084,504.0,504,1.091942888888889,0.7981872222222222,0.0005840072895957589,53.0,0.10515873015873016,221.15728643216082,0.43880413974635085,211.95987963125995,0.4205553167286904,-5.538668389903306e-07,0.23809523809523808,0.6157078490957069,-0.14069103897296573,0.23809523809523808,0.6157078490957084,504.0,504,1.091942888888889,0.7981872222222222,0.0005840072895957589
ISU_ILCC,ISU-ILCC_G16C2.pkl,NMC,544,TRUNCATED_AT_EOL,1,544,0,0.0,0,0.000e+00,156.0,0.2867647058823529,,,329.4221071206069,0.6055553439717039,-4.7075774970898484e-07,0.29411764705882354,0.6172973950232767,-0.13931416541787922,0.29411764705882354,0.6172973950232731,544.0,544,1.117421111111111,0.796659,0.000590722119909965,156.0,0.2867647058823529,,,329.4221071206069,0.6055553439717039,-4.7075774970898484e-07,0.29411764705882354,0.6172973950232767,-0.13931416541787922,0.29411764705882354,0.6172973950232731,544.0,544,1.117421111111111,0.796659,0.000590722119909965
ISU_ILCC,ISU-ILCC_G16C3.pkl,NMC,545,TRUNCATED_AT_EOL,1,545,0,0.0,0,0.000e+00,492.0,0.9027522935779817,184.42914572864322,0.3384021022543912,185.38616947625823,0.34015810913074906,-3.0596702241253763e-07,0.20733944954128442,0.7250526441290813,-0.09087985483208509,0.20733944954128442,0.7250526441290793,545.0,545,1.115062888888889,0.7990474444444444,0.0005809107434640524,492.0,0.9027522935779817,184.42914572864322,0.3384021022543912,185.38616947625823,0.34015810913074906,-3.0596702241253763e-07,0.20733944954128442,0.7250526441290813,-0.09087985483208509,0.20733944954128442,0.7250526441290793,545.0,545,1.115062888888889,0.7990474444444444,0.0005809107434640524
ISU_ILCC,ISU-ILCC_G16C4.pkl,NMC,531,TRUNCATED_AT_EOL,1,531,0,0.0,0,0.000e+00,477.0,0.8983050847457628,316.070351758794,0.5952360673423616,281.2126169903269,0.5295906158009923,-5.854503150695498e-07,0.17890772128060264,0.5637827311607375,-0.16507415628732297,0.17890772128060264,0.5637827311607336,531.0,531,1.114078888888889,0.7992318888888889,0.0005940509433962269,477.0,0.8983050847457628,316.070351758794,0.5952360673423616,281.2126169903269,0.5295906158009923,-5.854503150695498e-07,0.17890772128060264,0.5637827311607375,-0.16507415628732297,0.17890772128060264,0.5637827311607336,531.0,531,1.114078888888889,0.7992318888888889,0.0005940509433962269
ISU_ILCC,ISU-ILCC_G17C1.pkl,NMC,937,TRUNCATED_AT_EOL,1,937,0,0.0,0,0.000e+00,200.0,0.21344717182497333,335.4201005025126,0.3579723591275481,430.0541406079922,0.45896920022197674,5.991513520468027e-08,0.026680896478121666,1.392350331842588,0.05260363134051719,0.026680896478121666,1.3923503318425898,937.0,937,0.9988091594128411,0.7984123213572198,0.0002140991859568603,200.0,0.21344717182497333,335.4201005025126,0.3579723591275481,430.0541406079922,0.45896920022197674,5.991513520468027e-08,0.026680896478121666,1.392350331842588,0.05260363134051719,0.026680896478121666,1.3923503318425898,937.0,937,0.9988091594128411,0.7984123213572198,0.0002140991859568603
ISU_ILCC,ISU-ILCC_G17C2.pkl,NMC,689,TRUNCATED_AT_EOL,1,689,0,0.0,0,0.000e+00,289.0,0.41944847605224966,172.1356783919598,0.24983407604058025,52.2072286655825,0.0757724654072315,1.1665543111950488e-07,-0.062409288824383166,1.4571512324977487,0.055378782916479935,-0.062409288824383166,1.4571512324977434,689.0,689,0.9931789838838232,0.7980672466243416,0.0002835926413655256,289.0,0.41944847605224966,172.1356783919598,0.24983407604058025,52.2072286655825,0.0757724654072315,1.1665543111950488e-07,-0.062409288824383166,1.4571512324977487,0.055378782916479935,-0.062409288824383166,1.4571512324977434,689.0,689,0.9931789838838232,0.7980672466243416,0.0002835926413655256
ISU_ILCC,ISU-ILCC_G17C3.pkl,NMC,918,TRUNCATED_AT_EOL,1,918,0,0.0,0,0.000e+00,749.0,0.8159041394335512,671.4698492462312,0.7314486375231277,525.9590545632034,0.5729401465830102,1.1382326853517954e-07,-0.04357298474945534,1.702758722873359,0.09592160015304095,-0.04357298474945534,1.702758722873377,918.0,918,0.9934644490990429,0.7992329188042404,0.00021181191962355773,749.0,0.8159041394335512,671.4698492462312,0.7314486375231277,525.9590545632034,0.5729401465830102,1.1382326853517954e-07,-0.04357298474945534,1.702758722873359,0.09592160015304095,-0.04357298474945534,1.702758722873377,918.0,918,0.9934644490990429,0.7992329188042404,0.00021181191962355773
ISU_ILCC,ISU-ILCC_G17C4.pkl,NMC,674,TRUNCATED_AT_EOL,1,674,0,0.0,0,0.000e+00,279.0,0.413946587537092,,,,,5.938495141114957e-08,-0.05637982195845697,1.2132699477872195,0.02697715818725028,-0.05637982195845697,1.213269947787233,674.0,674,1.0051222942009561,0.7959370659277605,0.00031082500486358933,279.0,0.413946587537092,,,,,5.938495141114957e-08,-0.05637982195845697,1.2132699477872195,0.02697715818725028,-0.05637982195845697,1.213269947787233,674.0,674,1.0051222942009561,0.7959370659277605,0.00031082500486358933
ISU_ILCC,ISU-ILCC_G18C1.pkl,NMC,3483,TRUNCATED_AT_EOL,1,3483,0,0.0,0,0.000e+00,2087.0,0.5991960953201263,3092.806030150754,0.8879718719927516,2084.311954434448,0.598424333745176,5.874619932893791e-11,-0.06976744186046512,1.216864297460954,0.0007126671217151058,-0.06976744186046512,1.216864297460962,3483.0,3483,0.998285134186148,0.7989633305318862,5.724348180765703e-05,2087.0,0.5991960953201263,3092.806030150754,0.8879718719927516,2084.311954434448,0.598424333745176,5.874619932893791e-11,-0.06976744186046512,1.216864297460954,0.0007126671217151058,-0.06976744186046512,1.216864297460962,3483.0,3483,0.998285134186148,0.7989633305318862,5.724348180765703e-05
ISU_ILCC,ISU-ILCC_G18C2.pkl,NMC,1705,TRUNCATED_AT_EOL,1,1705,0,0.0,0,0.000e+00,700.0,0.41055718475073316,,,984.9809528869329,0.5777014386433624,-3.6969564873263135e-08,0.017008797653958945,0.43783594848822815,-0.10747144932569695,0.017008797653958945,0.4378359484882281,1705.0,1705,0.9924562624651322,0.7970731131543273,0.00011466147260023762,700.0,0.41055718475073316,,,984.9809528869329,0.5777014386433624,-3.6969564873263135e-08,0.017008797653958945,0.43783594848822815,-0.10747144932569695,0.017008797653958945,0.4378359484882281,1705.0,1705,0.9924562624651322,0.7970731131543273,0.00011466147260023762
ISU_ILCC,ISU-ILCC_G18C3.pkl,NMC,1682,TRUNCATED_AT_EOL,1,1682,0,0.0,0,0.000e+00,1543.0,0.917360285374554,,,1009.9102735385885,0.6004222791549277,-3.672749134226439e-08,0.04875148632580262,0.47540349060217,-0.10390662721619091,0.04875148632580262,0.47540349060217246,1682.0,1682,0.9786660740378892,0.7992901945024685,0.00010670784029471783,1543.0,0.917360285374554,,,1009.9102735385885,0.6004222791549277,-3.672749134226439e-08,0.04875148632580262,0.47540349060217,-0.10390662721619091,0.04875148632580262,0.47540349060217246,1682.0,1682,0.9786660740378892,0.7992901945024685,0.00010670784029471783
ISU_ILCC,ISU-ILCC_G18C4.pkl,NMC,1577,TRUNCATED_AT_EOL,1,1577,0,0.0,0,0.000e+00,526.0,0.33354470513633483,,,390.7955391912051,0.2478094731713412,-1.1711075976527116e-08,-0.16423589093214966,0.8634536737119743,-0.02912461446722984,-0.16423589093214966,0.863453673711976,1577.0,1577,0.9846955733494482,0.7996195525278467,0.00011743402336396038,526.0,0.33354470513633483,,,390.7955391912051,0.2478094731713412,-1.1711075976527116e-08,-0.16423589093214966,0.8634536737119743,-0.02912461446722984,-0.16423589093214966,0.863453673711976,1577.0,1577,0.9846955733494482,0.7996195525278467,0.00011743402336396038
ISU_ILCC,ISU-ILCC_G19C1.pkl,NMC,410,TRUNCATED_AT_EOL,1,410,0,0.0,0,0.000e+00,284.0,0.6926829268292682,,,88.66879384251472,0.21626535083540174,2.1525207953973908e-07,-0.2048780487804878,1.2140091969095756,0.036183874570629826,-0.2048780487804878,1.2140091969095672,410.0,410,0.9773464168952634,0.7987135331688355,0.00043675521693503134,284.0,0.6926829268292682,,,88.66879384251472,0.21626535083540174,2.1525207953973908e-07,-0.2048780487804878,1.2140091969095756,0.036183874570629826,-0.2048780487804878,1.2140091969095672,410.0,410,0.9773464168952634,0.7987135331688355,0.00043675521693503134
ISU_ILCC,ISU-ILCC_G19C2.pkl,NMC,346,TRUNCATED_AT_EOL,1,346,0,0.0,0,0.000e+00,299.0,0.8641618497109826,,,,,6.016797404242239e-07,-0.26011560693641617,1.7099844689579957,0.0720306918046217,-0.26011560693641617,1.7099844689579922,346.0,346,0.9812106379890054,0.7977834834619068,0.0005316729116727498,299.0,0.8641618497109826,,,,,6.016797404242239e-07,-0.26011560693641617,1.7099844689579957,0.0720306918046217,-0.26011560693641617,1.7099844689579922,346.0,346,0.9812106379890054,0.7977834834619068,0.0005316729116727498
ISU_ILCC,ISU-ILCC_G19C3.pkl,NMC,503,TRUNCATED_AT_EOL,1,503,0,0.0,0,0.000e+00,337.0,0.6699801192842942,,,99.6492919885977,0.19810992443061173,2.535940561383905e-07,-0.1172962226640159,1.5899758102032737,0.0641615785495206,-0.1172962226640159,1.5899758102032904,503.0,503,0.9771384421914123,0.7987691419851338,0.0003553173310882042,337.0,0.6699801192842942,,,99.6492919885977,0.19810992443061173,2.535940561383905e-07,-0.1172962226640159,1.5899758102032737,0.0641615785495206,-0.1172962226640159,1.5899758102032904,503.0,503,0.9771384421914123,0.7987691419851338,0.0003553173310882042
ISU_ILCC,ISU-ILCC_G19C4.pkl,NMC,248,TRUNCATED_AT_EOL,1,248,0,0.0,0,0.000e+00,94.0,0.3790322580645161,,,40.225735409777776,0.16220054600716846,9.243735664345297e-07,-0.03225806451612903,1.3162957615281627,0.056852671829989425,-0.03225806451612903,1.3162957615281592,248.0,248,0.9927417379319453,0.7987205485835834,0.0007855108880500481,94.0,0.3790322580645161,,,40.225735409777776,0.16220054600716846,9.243735664345297e-07,-0.03225806451612903,1.3162957615281627,0.056852671829989425,-0.03225806451612903,1.3162957615281592,248.0,248,0.9927417379319453,0.7987205485835834,0.0007855108880500481
ISU_ILCC,ISU-ILCC_G1C1.pkl,NMC,3324,TRUNCATED_AT_EOL,1,3324,0,0.0,0,0.000e+00,298.0,0.08965102286401926,400.09396984924626,0.1203652135527215,781.0520983942824,0.23497355547361085,-3.752576114638293e-09,0.05956678700361011,0.6182488841225346,-0.04146212342881501,0.05956678700361011,0.6182488841225284,3324.0,3324,0.9967493395978667,0.79242058190079,6.14892439654158e-05,298.0,0.08965102286401926,400.09396984924626,0.1203652135527215,781.0520983942824,0.23497355547361085,-3.752576114638293e-09,0.05956678700361011,0.6182488841225346,-0.04146212342881501,0.05956678700361011,0.6182488841225284,3324.0,3324,0.9967493395978667,0.79242058190079,6.14892439654158e-05
ISU_ILCC,ISU-ILCC_G1C2.pkl,NMC,3204,TRUNCATED_AT_EOL,1,3204,0,0.0,0,0.000e+00,284.0,0.08863920099875156,,,,,-6.300265639884503e-10,-0.05742821473158552,0.9581789539798494,-0.006467610775703763,-0.05742821473158552,0.9581789539798524,3204.0,3204,1.005097888130977,0.7963603116390711,6.516939634464746e-05,284.0,0.08863920099875156,,,,,-6.300265639884503e-10,-0.05742821473158552,0.9581789539798494,-0.006467610775703763,-0.05742821473158552,0.9581789539798524,3204.0,3204,1.005097888130977,0.7963603116390711,6.516939634464746e-05
ISU_ILCC,ISU-ILCC_G1C3.pkl,NMC,3210,TRUNCATED_AT_EOL,1,3210,0,0.0,0,0.000e+00,1201.0,0.37414330218068537,,,,,5.093925455128379e-10,-0.0940809968847352,1.1174842698633267,0.005248831728219833,-0.0940809968847352,1.11748426986331,3210.0,3210,0.9797645064054256,0.7842305953278069,6.093297322456174e-05,1201.0,0.37414330218068537,,,,,5.093925455128379e-10,-0.0940809968847352,1.1174842698633267,0.005248831728219833,-0.0940809968847352,1.11748426986331,3210.0,3210,0.9797645064054256,0.7842305953278069,6.093297322456174e-05
ISU_ILCC,ISU-ILCC_G1C4.pkl,NMC,2485,TRUNCATED_AT_EOL,1,2485,0,0.0,0,0.000e+00,1740.0,0.7002012072434608,489.06231155778903,0.1968057591781847,1166.9037441636306,0.46957897149441874,-1.3570666198742832e-08,0.03340040241448692,0.49106680805803204,-0.08380191717713509,0.03340040241448692,0.4910668080580215,2485.0,2485,0.9782948830554717,0.7998086130584616,7.185437600523757e-05,1740.0,0.7002012072434608,489.06231155778903,0.1968057591781847,1166.9037441636306,0.46957897149441874,-1.3570666198742832e-08,0.03340040241448692,0.49106680805803204,-0.08380191717713509,0.03340040241448692,0.4910668080580215,2485.0,2485,0.9782948830554717,0.7998086130584616,7.185437600523757e-05
ISU_ILCC,ISU-ILCC_G20C1.pkl,NMC,325,TRUNCATED_AT_EOL,1,325,0,0.0,0,0.000e+00,39.0,0.12,270.45728643216086,0.8321762659451103,233.14817282944668,0.7173789933213744,-2.3638275868232453e-06,0.2246153846153846,0.4039691957075948,-0.24967928885819946,0.2246153846153846,0.40396919570759576,325.0,325,1.110483377777776,0.799155733333332,0.0009608877914951977,39.0,0.12,270.45728643216086,0.8321762659451103,233.14817282944668,0.7173789933213744,-2.3638275868232453e-06,0.2246153846153846,0.4039691957075948,-0.24967928885819946,0.2246153846153846,0.40396919570759576,325.0,325,1.110483377777776,0.799155733333332,0.0009608877914951977
ISU_ILCC,ISU-ILCC_G20C2.pkl,NMC,372,TRUNCATED_AT_EOL,1,372,0,0.0,0,0.000e+00,63.0,0.1693548387096774,315.51105527638197,0.8481479980547902,276.6688838015426,0.7437335586062974,-2.028847980201368e-06,0.23118279569892472,0.3680855246893897,-0.2807600988921859,0.23118279569892472,0.3680855246893896,372.0,372,1.120103822222224,0.798405955555556,0.0008671101527403447,63.0,0.1693548387096774,315.51105527638197,0.8481479980547902,276.6688838015426,0.7437335586062974,-2.028847980201368e-06,0.23118279569892472,0.3680855246893897,-0.2807600988921859,0.23118279569892472,0.3680855246893896,372.0,372,1.120103822222224,0.798405955555556,0.0008671101527403447
ISU_ILCC,ISU-ILCC_G20C3.pkl,NMC,625,TRUNCATED_AT_EOL,1,625,0,0.0,0,0.000e+00,504.0,0.8064,221.4381909547739,0.3543011055276382,200.7121106855788,0.3211393770969261,3.9821390660477575e-07,-0.0848,1.6836350272825416,0.15555230726748964,-0.0848,1.683635027282543,625.0,625,1.103100622222224,0.799817688888888,0.00048603034188034595,504.0,0.8064,221.4381909547739,0.3543011055276382,200.7121106855788,0.3211393770969261,3.9821390660477575e-07,-0.0848,1.6836350272825416,0.15555230726748964,-0.0848,1.683635027282543,625.0,625,1.103100622222224,0.799817688888888,0.00048603034188034595
ISU_ILCC,ISU-ILCC_G20C4.pkl,NMC,639,TRUNCATED_AT_EOL,1,639,0,0.0,0,0.000e+00,579.0,0.9061032863849765,511.07939698492464,0.799811262887206,464.458383352244,0.7268519301287074,-1.5537090504106537e-07,0.054773082942097026,0.8250553166087613,-0.06344120331727467,0.054773082942097026,0.8250553166087615,639.0,639,1.126183022222224,0.797368622222224,0.0005153830721003134,579.0,0.9061032863849765,511.07939698492464,0.799811262887206,464.458383352244,0.7268519301287074,-1.5537090504106537e-07,0.054773082942097026,0.8250553166087613,-0.06344120331727467,0.054773082942097026,0.8250553166087615,639.0,639,1.126183022222224,0.797368622222224,0.0005153830721003134
ISU_ILCC,ISU-ILCC_G21C1.pkl,NMC,472,TRUNCATED_AT_EOL,1,472,0,0.0,0,0.000e+00,278.0,0.5889830508474576,404.07185929648244,0.8560844476620391,407.73828588156334,0.8638523005965325,-6.649773367670465e-07,0.13559322033898305,0.606083598954919,-0.14814631099430906,0.13559322033898305,0.6060835989549217,472.0,472,1.123504533333332,0.796912711111112,0.0006934008964378345,278.0,0.5889830508474576,404.07185929648244,0.8560844476620391,407.73828588156334,0.8638523005965325,-6.649773367670465e-07,0.13559322033898305,0.606083598954919,-0.14814631099430906,0.13559322033898305,0.6060835989549217,472.0,472,1.123504533333332,0.796912711111112,0.0006934008964378345
ISU_ILCC,ISU-ILCC_G21C2.pkl,NMC,745,TRUNCATED_AT_EOL,1,745,0,0.0,0,0.000e+00,700.0,0.9395973154362416,616.7628140703517,0.8278695490877205,576.4035839971489,0.7736960859022133,-9.885164979903953e-08,0.09261744966442953,0.8400883146892875,-0.05486513692971347,0.09261744966442953,0.8400883146892865,745.0,745,1.120742666666668,0.799993244444444,0.00043111481481481725,700.0,0.9395973154362416,616.7628140703517,0.8278695490877205,576.4035839971489,0.7736960859022133,-9.885164979903953e-08,0.09261744966442953,0.8400883146892875,-0.05486513692971347,0.09261744966442953,0.8400883146892865,745.0,745,1.120742666666668,0.799993244444444,0.00043111481481481725
ISU_ILCC,ISU-ILCC_G21C3.pkl,NMC,449,TRUNCATED_AT_EOL,1,449,0,0.0,0,0.000e+00,425.0,0.9465478841870824,,,370.2736387191371,0.8246628924702386,-3.45429213028102e-07,0.22939866369710468,0.7626708303410801,-0.06963887477567889,0.22939866369710468,0.762670830341084,449.0,449,1.125248533333332,0.0,0.002511715476190473,425.0,0.9465478841870824,,,370.2736387191371,0.8246628924702386,-3.45429213028102e-07,0.22939866369710468,0.7626708303410801,-0.06963887477567889,0.22939866369710468,0.762670830341084,449.0,449,1.125248533333332,0.0,0.002511715476190473
ISU_ILCC,ISU-ILCC_G21C4.pkl,NMC,536,TRUNCATED_AT_EOL,1,536,0,0.0,0,0.000e+00,51.0,0.09514925373134328,465.29396984924625,0.8680857646441161,424.90268641460773,0.7927288925645667,-5.155934402270985e-07,0.15671641791044777,0.6010939989584603,-0.1481279330034848,0.15671641791044777,0.6010939989584542,536.0,536,1.118445155555556,0.797334133333332,0.000600207518172381,51.0,0.09514925373134328,465.29396984924625,0.8680857646441161,424.90268641460773,0.7927288925645667,-5.155934402270985e-07,0.15671641791044777,0.6010939989584603,-0.1481279330034848,0.15671641791044777,0.6010939989584542,536.0,536,1.118445155555556,0.797334133333332,0.000600207518172381
ISU_ILCC,ISU-ILCC_G22C1.pkl,NMC,492,TRUNCATED_AT_EOL,1,492,0,0.0,0,0.000e+00,50.0,0.1016260162601626,,,393.38573182579955,0.7995644955808934,-8.258575842213438e-07,0.18292682926829268,0.4851520125808649,-0.19991039026695406,0.18292682926829268,0.48515201258086604,492.0,492,1.124429244444444,0.797965244444444,0.0006648961303462319,50.0,0.1016260162601626,,,393.38573182579955,0.7995644955808934,-8.258575842213438e-07,0.18292682926829268,0.4851520125808649,-0.19991039026695406,0.18292682926829268,0.48515201258086604,492.0,492,1.124429244444444,0.797965244444444,0.0006648961303462319
ISU_ILCC,ISU-ILCC_G22C2.pkl,NMC,308,TRUNCATED_AT_EOL,1,308,0,0.0,0,0.000e+00,41.0,0.1331168831168831,235.3381909547739,0.7640850355674477,237.2555892489839,0.7703103547044932,-3.938856492298029e-06,0.09740259740259741,0.27663813110165014,-0.37365568228536133,0.09740259740259741,0.27663813110164887,308.0,308,1.123099288888888,0.796732977777776,0.0010630824466160002,41.0,0.1331168831168831,235.3381909547739,0.7640850355674477,237.2555892489839,0.7703103547044932,-3.938856492298029e-06,0.09740259740259741,0.27663813110165014,-0.37365568228536133,0.09740259740259741,0.27663813110164887,308.0,308,1.123099288888888,0.796732977777776,0.0010630824466160002
ISU_ILCC,ISU-ILCC_G22C3.pkl,NMC,514,TRUNCATED_AT_EOL,1,514,0,0.0,0,0.000e+00,51.0,0.09922178988326848,355.4597989949749,0.6915560291731029,399.76605925038433,0.7777549790863508,-7.429226274120699e-07,0.0038910505836575876,0.5012452911628414,-0.1962771864717612,0.0038910505836575876,0.5012452911628432,514.0,514,1.109485777777776,0.798750666666668,0.0006057214641542065,51.0,0.09922178988326848,355.4597989949749,0.6915560291731029,399.76605925038433,0.7777549790863508,-7.429226274120699e-07,0.0038910505836575876,0.5012452911628414,-0.1962771864717612,0.0038910505836575876,0.5012452911628432,514.0,514,1.109485777777776,0.798750666666668,0.0006057214641542065
ISU_ILCC,ISU-ILCC_G22C4.pkl,NMC,428,TRUNCATED_AT_EOL,1,428,0,0.0,0,0.000e+00,72.0,0.16822429906542055,333.8025125628141,0.7799124125299395,325.5049658825205,0.7605256212208422,-1.9842779053413683e-06,0.11682242990654206,0.30154506224277566,-0.36348796381205606,0.11682242990654206,0.30154506224277455,428.0,428,1.143553155555556,0.797671911111112,0.0008100263335935457,72.0,0.16822429906542055,333.8025125628141,0.7799124125299395,325.5049658825205,0.7605256212208422,-1.9842779053413683e-06,0.11682242990654206,0.30154506224277566,-0.36348796381205606,0.11682242990654206,0.30154506224277455,428.0,428,1.143553155555556,0.797671911111112,0.0008100263335935457
ISU_ILCC,ISU-ILCC_G23C1.pkl,NMC,499,TRUNCATED_AT_EOL,1,499,0,0.0,0,0.000e+00,51.0,0.10220440881763528,397.1477386934674,0.7958872518907162,486.1614574252707,0.9742714577660736,-4.627002439462743e-07,0.002004008016032064,0.6821792853899413,-0.11521282344286567,0.002004008016032064,0.6821792853899411,499.0,499,1.112509511111112,0.791480444444444,0.0006446366800535503,51.0,0.10220440881763528,397.1477386934674,0.7958872518907162,486.1614574252707,0.9742714577660736,-4.627002439462743e-07,0.002004008016032064,0.6821792853899413,-0.11521282344286567,0.002004008016032064,0.6821792853899411,499.0,499,1.112509511111112,0.791480444444444,0.0006446366800535503
ISU_ILCC,ISU-ILCC_G23C2.pkl,NMC,569,TRUNCATED_AT_EOL,1,569,0,0.0,0,0.000e+00,83.0,0.14586994727592267,450.54773869346735,0.7918237938373767,,,-4.1364987727775966e-07,0.012302284710017574,0.6085215162676026,-0.13392369791732428,0.012302284710017574,0.6085215162676028,569.0,569,1.100038222222224,0.7997744,0.0005286334898278592,83.0,0.14586994727592267,450.54773869346735,0.7918237938373767,,,-4.1364987727775966e-07,0.012302284710017574,0.6085215162676026,-0.13392369791732428,0.012302284710017574,0.6085215162676028,569.0,569,1.100038222222224,0.7997744,0.0005286334898278592
ISU_ILCC,ISU-ILCC_G23C3.pkl,NMC,466,TRUNCATED_AT_EOL,1,466,0,0.0,0,0.000e+00,77.0,0.16523605150214593,374.6356783919598,0.8039392240170811,,,-4.5954135484974153e-07,-0.07296137339055794,0.7277777435475185,-0.09979216245375092,-0.07296137339055794,0.72777774354752,466.0,466,1.106001866666668,0.799672977777776,0.0006587718040621333,77.0,0.16523605150214593,374.6356783919598,0.8039392240170811,,,-4.5954135484974153e-07,-0.07296137339055794,0.7277777435475185,-0.09979216245375092,-0.07296137339055794,0.72777774354752,466.0,466,1.106001866666668,0.799672977777776,0.0006587718040621333
ISU_ILCC,ISU-ILCC_G23C4.pkl,NMC,547,TRUNCATED_AT_EOL,1,547,0,0.0,0,0.000e+00,81.0,0.1480804387568556,356.3115577889447,0.6513922445867362,405.53698566064475,0.7413838860340854,-8.951372102453863e-07,0.05301645338208409,0.3339980674384259,-0.2678331095403126,0.05301645338208409,0.33399806743842414,547.0,547,1.109107733333332,0.796910133333332,0.0005717904761904759,81.0,0.1480804387568556,356.3115577889447,0.6513922445867362,405.53698566064475,0.7413838860340854,-8.951372102453863e-07,0.05301645338208409,0.3339980674384259,-0.2678331095403126,0.05301645338208409,0.33399806743842414,547.0,547,1.109107733333332,0.796910133333332,0.0005717904761904759
ISU_ILCC,ISU-ILCC_G24C1.pkl,NMC,507,TRUNCATED_AT_EOL,1,507,0,0.0,0,0.000e+00,53.0,0.10453648915187377,358.7597989949749,0.7076130157691813,,,-7.914892950074867e-07,0.013806706114398421,0.4092916064120795,-0.20345153179238123,0.013806706114398421,0.40929160641207857,507.0,507,1.095423644444444,0.799598844444444,0.0005846339920948619,53.0,0.10453648915187377,358.7597989949749,0.7076130157691813,,,-7.914892950074867e-07,0.013806706114398421,0.4092916064120795,-0.20345153179238123,0.013806706114398421,0.40929160641207857,507.0,507,1.095423644444444,0.799598844444444,0.0005846339920948619
ISU_ILCC,ISU-ILCC_G24C2.pkl,NMC,603,TRUNCATED_AT_EOL,1,603,0,0.0,0,0.000e+00,86.0,0.14262023217247097,511.3386934673367,0.8479911997799946,,,-2.3828672615972893e-07,0.011608623548922056,0.7227886849691285,-0.08664319821221063,0.011608623548922056,0.7227886849691271,603.0,603,1.102937866666668,0.799176355555556,0.0005045872277593224,86.0,0.14262023217247097,511.3386934673367,0.8479911997799946,,,-2.3828672615972893e-07,0.011608623548922056,0.7227886849691285,-0.08664319821221063,0.011608623548922056,0.7227886849691271,603.0,603,1.102937866666668,0.799176355555556,0.0005045872277593224
ISU_ILCC,ISU-ILCC_G24C3.pkl,NMC,420,TRUNCATED_AT_EOL,1,420,0,0.0,0,0.000e+00,48.0,0.11428571428571428,292.19447236180906,0.695701124670974,317.2174873722515,0.7552797318386941,-1.963976720281245e-06,0.08095238095238096,0.22799827729480354,-0.34644549345761133,0.08095238095238096,0.2279982772948075,420.0,420,1.103856,0.798693422222224,0.0007283116414744058,48.0,0.11428571428571428,292.19447236180906,0.695701124670974,317.2174873722515,0.7552797318386941,-1.963976720281245e-06,0.08095238095238096,0.22799827729480354,-0.34644549345761133,0.08095238095238096,0.2279982772948075,420.0,420,1.103856,0.798693422222224,0.0007283116414744058
ISU_ILCC,ISU-ILCC_G24C4.pkl,NMC,444,TRUNCATED_AT_EOL,1,444,0,0.0,0,0.000e+00,418.0,0.9414414414414415,307.0929648241206,0.6916508216759473,,,-7.838010769118947e-07,-0.04954954954954955,0.5463118584221022,-0.15451540909810688,-0.04954954954954955,0.5463118584221028,444.0,444,1.100689333333332,0.799233511111112,0.0006804871833458693,418.0,0.9414414414414415,307.0929648241206,0.6916508216759473,,,-7.838010769118947e-07,-0.04954954954954955,0.5463118584221022,-0.15451540909810688,-0.04954954954954955,0.5463118584221028,444.0,444,1.100689333333332,0.799233511111112,0.0006804871833458693
ISU_ILCC,ISU-ILCC_G25C1.pkl,NMC,728,TRUNCATED_AT_EOL,1,728,0,0.0,0,0.000e+00,611.0,0.8392857142857143,158.45577889447236,0.21765903694295655,,,5.074998139670726e-08,-0.1978021978021978,1.1733784301508958,0.026896678140552393,-0.1978021978021978,1.1733784301508958,728.0,728,1.0033604785886279,0.7995858207914817,0.00028029526519552435,611.0,0.8392857142857143,158.45577889447236,0.21765903694295655,,,5.074998139670726e-08,-0.1978021978021978,1.1733784301508958,0.026896678140552393,-0.1978021978021978,1.1733784301508958,728.0,728,1.0033604785886279,0.7995858207914817,0.00028029526519552435
ISU_ILCC,ISU-ILCC_G25C2.pkl,NMC,824,TRUNCATED_AT_EOL,1,824,0,0.0,0,0.000e+00,201.0,0.24393203883495146,,,,,1.9808206067345803e-08,-0.1941747572815534,1.1050860107209353,0.013449296522785243,-0.1941747572815534,1.1050860107209333,824.0,824,0.9992108827944925,0.7995707400038692,0.0002425761151769421,201.0,0.24393203883495146,,,,,1.9808206067345803e-08,-0.1941747572815534,1.1050860107209353,0.013449296522785243,-0.1941747572815534,1.1050860107209333,824.0,824,0.9992108827944925,0.7995707400038692,0.0002425761151769421
ISU_ILCC,ISU-ILCC_G25C3.pkl,NMC,937,TRUNCATED_AT_EOL,1,937,0,0.0,0,0.000e+00,822.0,0.8772678762006404,260.1638190954774,0.27765615698556817,251.36477133512324,0.26826549768956587,1.139725479924233e-07,-0.11632870864461047,1.7701098104100075,0.10006436398835668,-0.11632870864461047,1.770109810410004,937.0,937,1.0006134097325718,0.7994510299947425,0.0002149170723694758,822.0,0.8772678762006404,260.1638190954774,0.27765615698556817,251.36477133512324,0.26826549768956587,1.139725479924233e-07,-0.11632870864461047,1.7701098104100075,0.10006436398835668,-0.11632870864461047,1.770109810410004,937.0,937,1.0006134097325718,0.7994510299947425,0.0002149170723694758
ISU_ILCC,ISU-ILCC_G27C1.pkl,NMC,781,TRUNCATED_AT_EOL,1,781,0,0.0,0,0.000e+00,430.0,0.5505761843790012,568.1658291457286,0.7274850565246205,373.8384247412159,0.4786663569029653,1.1693659367695873e-07,-0.026888604353393086,1.2815637897554728,0.07132676161579621,-0.026888604353393086,1.2815637897554666,781.0,781,1.0239723156601583,0.7997764822197669,0.0002874305556928095,430.0,0.5505761843790012,568.1658291457286,0.7274850565246205,373.8384247412159,0.4786663569029653,1.1693659367695873e-07,-0.026888604353393086,1.2815637897554728,0.07132676161579621,-0.026888604353393086,1.2815637897554666,781.0,781,1.0239723156601583,0.7997764822197669,0.0002874305556928095
ISU_ILCC,ISU-ILCC_G27C2.pkl,NMC,636,TRUNCATED_AT_EOL,1,636,0,0.0,0,0.000e+00,87.0,0.13679245283018868,202.3492462311558,0.3181591921873519,232.26603038814997,0.36519816098765717,1.9250070435979093e-07,-0.11635220125786164,1.4647072726827501,0.07786576491071992,-0.11635220125786164,1.464707272682751,636.0,636,1.0228007355921984,0.799951456144465,0.000350943747161785,87.0,0.13679245283018868,202.3492462311558,0.3181591921873519,232.26603038814997,0.36519816098765717,1.9250070435979093e-07,-0.11635220125786164,1.4647072726827501,0.07786576491071992,-0.11635220125786164,1.464707272682751,636.0,636,1.0228007355921984,0.799951456144465,0.000350943747161785
ISU_ILCC,ISU-ILCC_G27C3.pkl,NMC,500,TRUNCATED_AT_EOL,1,500,0,0.0,0,0.000e+00,38.0,0.076,,,,,1.9896948067559208e-08,-0.296,1.0120824348745134,0.0049742370168927505,-0.296,1.0120824348745237,500.0,500,1.0193811553404966,0.7982594995638211,0.00044312957069474033,38.0,0.076,,,,,1.9896948067559208e-08,-0.296,1.0120824348745134,0.0049742370168927505,-0.296,1.0120824348745237,500.0,500,1.0193811553404966,0.7982594995638211,0.00044312957069474033
ISU_ILCC,ISU-ILCC_G27C4.pkl,NMC,746,TRUNCATED_AT_EOL,1,746,0,0.0,0,0.000e+00,201.0,0.26943699731903487,276.16331658291455,0.370192113381923,293.9371211473176,0.39401758866932657,1.266299597520547e-07,-0.10187667560321716,1.3680581519519646,0.07047159868137282,-0.10187667560321716,1.368058151951975,746.0,746,1.0276129655725392,0.7994276573492727,0.0003062890043265323,201.0,0.26943699731903487,276.16331658291455,0.370192113381923,293.9371211473176,0.39401758866932657,1.266299597520547e-07,-0.10187667560321716,1.3680581519519646,0.07047159868137282,-0.10187667560321716,1.368058151951975,746.0,746,1.0276129655725392,0.7994276573492727,0.0003062890043265323
ISU_ILCC,ISU-ILCC_G28C1.pkl,NMC,562,TRUNCATED_AT_EOL,1,562,0,0.0,0,0.000e+00,308.0,0.5480427046263345,,,,,1.4393958254765817e-07,-0.1494661921708185,1.4374315251147256,0.04546245351018475,-0.1494661921708185,1.4374315251147267,562.0,562,0.9866067916169358,0.7997840836694856,0.00033301730471916246,308.0,0.5480427046263345,,,,,1.4393958254765817e-07,-0.1494661921708185,1.4374315251147256,0.04546245351018475,-0.1494661921708185,1.4374315251147267,562.0,562,0.9866067916169358,0.7997840836694856,0.00033301730471916246
ISU_ILCC,ISU-ILCC_G28C2.pkl,NMC,421,TRUNCATED_AT_EOL,1,421,0,0.0,0,0.000e+00,117.0,0.27790973871733965,270.9396984924623,0.6435622291982478,,,-4.110639619396743e-07,0.040380047505938245,0.5871913265684219,-0.0728573876781508,0.040380047505938245,0.5871913265684193,421.0,421,0.9848915243603522,0.7999136195128265,0.0004404235829702994,117.0,0.27790973871733965,270.9396984924623,0.6435622291982478,,,-4.110639619396743e-07,0.040380047505938245,0.5871913265684219,-0.0728573876781508,0.040380047505938245,0.5871913265684193,421.0,421,0.9848915243603522,0.7999136195128265,0.0004404235829702994
ISU_ILCC,ISU-ILCC_G28C3.pkl,NMC,597,TRUNCATED_AT_EOL,1,597,0,0.0,0,0.000e+00,519.0,0.8693467336683417,,,64.6334381850592,0.10826371555286299,7.975273842337116e-08,-0.17922948073701842,1.1989853863918367,0.0284245937487364,-0.17922948073701842,1.1989853863918367,597.0,597,0.9871328680383517,0.799983541177255,0.0003140089376864038,519.0,0.8693467336683417,,,64.6334381850592,0.10826371555286299,7.975273842337116e-08,-0.17922948073701842,1.1989853863918367,0.0284245937487364,-0.17922948073701842,1.1989853863918367,597.0,597,0.9871328680383517,0.799983541177255,0.0003140089376864038
ISU_ILCC,ISU-ILCC_G28C4.pkl,NMC,381,TRUNCATED_AT_EOL,1,381,0,0.0,0,0.000e+00,162.0,0.4251968503937008,,,,,3.16039887698548e-07,-0.18635170603674542,1.385606442093875,0.045876666138207484,-0.18635170603674542,1.3856064420938674,381.0,381,0.9889745394143198,0.7997801917095081,0.0004978798623810834,162.0,0.4251968503937008,,,,,3.16039887698548e-07,-0.18635170603674542,1.385606442093875,0.045876666138207484,-0.18635170603674542,1.3856064420938674,381.0,381,0.9889745394143198,0.7997801917095081,0.0004978798623810834
ISU_ILCC,ISU-ILCC_G29C1.pkl,NMC,1178,TRUNCATED_AT_EOL,1,1178,0,0.0,0,0.000e+00,145.0,0.1230899830220713,1041.3733668341708,0.884018138229347,,,-1.950257527516862e-08,-0.04923599320882852,0.919773885904178,-0.0270634116681499,-0.04923599320882852,0.919773885904174,1178.0,1178,1.021842104769176,0.7996361157984186,0.0001887901350643647,145.0,0.1230899830220713,1041.3733668341708,0.884018138229347,,,-1.950257527516862e-08,-0.04923599320882852,0.919773885904178,-0.0270634116681499,-0.04923599320882852,0.919773885904174,1178.0,1178,1.021842104769176,0.7996361157984186,0.0001887901350643647
ISU_ILCC,ISU-ILCC_G29C2.pkl,NMC,1152,TRUNCATED_AT_EOL,1,1152,0,0.0,0,0.000e+00,318.0,0.2760416666666667,328.9482412060302,0.2855453482691235,371.34269361994853,0.32234608821176086,1.2705220598129711e-07,-0.10069444444444445,2.2145334416833675,0.168611490766606,-0.10069444444444445,2.214533441683362,1152.0,1152,1.0252149783897608,0.7994277026418648,0.00019616618223101305,318.0,0.2760416666666667,328.9482412060302,0.2855453482691235,371.34269361994853,0.32234608821176086,1.2705220598129711e-07,-0.10069444444444445,2.2145334416833675,0.168611490766606,-0.10069444444444445,2.214533441683362,1152.0,1152,1.0252149783897608,0.7994277026418648,0.00019616618223101305
ISU_ILCC,ISU-ILCC_G29C3.pkl,NMC,1409,TRUNCATED_AT_EOL,1,1409,0,0.0,0,0.000e+00,159.0,0.11284599006387509,436.1356783919599,0.3095356127693115,,,5.61278101137985e-08,0.0688431511710433,1.79924679756724,0.11142947499053443,0.0688431511710433,1.7992467975672435,1409.0,1409,1.0214810001155088,0.7996784961335454,0.00015753018748718994,159.0,0.11284599006387509,436.1356783919599,0.3095356127693115,,,5.61278101137985e-08,0.0688431511710433,1.79924679756724,0.11142947499053443,0.0688431511710433,1.7992467975672435,1409.0,1409,1.0214810001155088,0.7996784961335454,0.00015753018748718994
ISU_ILCC,ISU-ILCC_G29C4.pkl,NMC,1312,TRUNCATED_AT_EOL,1,1312,0,0.0,0,0.000e+00,154.0,0.1173780487804878,311.291959798995,0.2372652132614291,320.16756791630695,0.24403015847279494,4.530466075788817e-08,-0.19664634146341464,1.4258489741676619,0.0779849059676259,-0.19664634146341464,1.425848974167676,1312.0,1312,1.0242102622576672,0.7998227916492924,0.0001711574909293477,154.0,0.1173780487804878,311.291959798995,0.2372652132614291,320.16756791630695,0.24403015847279494,4.530466075788817e-08,-0.19664634146341464,1.4258489741676619,0.0779849059676259,-0.19664634146341464,1.425848974167676,1312.0,1312,1.0242102622576672,0.7998227916492924,0.0001711574909293477
ISU_ILCC,ISU-ILCC_G2C1.pkl,NMC,1110,TRUNCATED_AT_EOL,1,1110,0,0.0,0,0.000e+00,350.0,0.3153153153153153,214.440703517588,0.193189822988818,146.5524978182253,0.1320292773137165,3.3506393662781905e-08,-0.055855855855855854,1.2754137770163798,0.04128322763191432,-0.055855855855855854,1.2754137770163847,1110.0,1110,0.9996049844495398,0.7999681016203722,0.00018001522347084543,350.0,0.3153153153153153,214.440703517588,0.193189822988818,146.5524978182253,0.1320292773137165,3.3506393662781905e-08,-0.055855855855855854,1.2754137770163798,0.04128322763191432,-0.055855855855855854,1.2754137770163847,1110.0,1110,0.9996049844495398,0.7999681016203722,0.00018001522347084543
ISU_ILCC,ISU-ILCC_G2C2.pkl,NMC,741,TRUNCATED_AT_EOL,1,741,0,0.0,0,0.000e+00,415.0,0.5600539811066126,333.8140703517588,0.45049132301182027,130.78255474944774,0.17649467577523312,1.3163919829421727e-07,-0.09851551956815115,1.5745865813950746,0.0722805826385844,-0.09851551956815115,1.5745865813950901,741.0,741,0.9918820853658095,0.7946539562299373,0.0002665244988322597,415.0,0.5600539811066126,333.8140703517588,0.45049132301182027,130.78255474944774,0.17649467577523312,1.3163919829421727e-07,-0.09851551956815115,1.5745865813950746,0.0722805826385844,-0.09851551956815115,1.5745865813950901,741.0,741,0.9918820853658095,0.7946539562299373,0.0002665244988322597
ISU_ILCC,ISU-ILCC_G2C3.pkl,NMC,954,TRUNCATED_AT_EOL,1,954,0,0.0,0,0.000e+00,511.0,0.5356394129979035,257.20854271356785,0.26961063177522837,,,9.589040694820906e-08,-0.03773584905660377,1.6091658013565922,0.08727139361007688,-0.03773584905660377,1.6091658013565941,954.0,954,0.9978934943906521,0.7993835203116001,0.00020830007773247852,511.0,0.5356394129979035,257.20854271356785,0.26961063177522837,,,9.589040694820906e-08,-0.03773584905660377,1.6091658013565922,0.08727139361007688,-0.03773584905660377,1.6091658013565941,954.0,954,0.9978934943906521,0.7993835203116001,0.00020830007773247852
ISU_ILCC,ISU-ILCC_G2C4.pkl,NMC,890,TRUNCATED_AT_EOL,1,890,0,0.0,0,0.000e+00,388.0,0.43595505617977526,243.57638190954773,0.2736813279882559,265.43949463193434,0.29824662318194867,1.3866714213964015e-07,-0.0696629213483146,1.9065450027131414,0.10983824328880862,-0.0696629213483146,1.9065450027131514,890.0,890,0.9819566964125782,0.798254865768091,0.00020663872963384386,388.0,0.43595505617977526,243.57638190954773,0.2736813279882559,265.43949463193434,0.29824662318194867,1.3866714213964015e-07,-0.0696629213483146,1.9065450027131414,0.10983824328880862,-0.0696629213483146,1.9065450027131514,890.0,890,0.9819566964125782,0.798254865768091,0.00020663872963384386
ISU_ILCC,ISU-ILCC_G30C1.pkl,NMC,435,TRUNCATED_AT_EOL,1,435,0,0.0,0,0.000e+00,53.0,0.12183908045977011,347.9819095477387,0.7999584127534224,381.33555898277467,0.8766334689259188,-1.6273475208780082e-07,0.011494252873563218,0.8582447115410644,-0.030793483463811347,0.011494252873563218,0.8582447115410679,435.0,435,0.9953829081421858,0.7998153930607886,0.0004506163941967676,53.0,0.12183908045977011,347.9819095477387,0.7999584127534224,381.33555898277467,0.8766334689259188,-1.6273475208780082e-07,0.011494252873563218,0.8582447115410644,-0.030793483463811347,0.011494252873563218,0.8582447115410679,435.0,435,0.9953829081421858,0.7998153930607886,0.0004506163941967676
ISU_ILCC,ISU-ILCC_G30C2.pkl,NMC,649,TRUNCATED_AT_EOL,1,649,0,0.0,0,0.000e+00,111.0,0.17103235747303544,188.23618090452263,0.2900403403767683,217.87624210310886,0.3357106966149597,1.4531192888408903e-07,-0.12788906009244994,1.3701388737925797,0.0612055297579082,-0.12788906009244994,1.3701388737925795,649.0,649,0.9967416393332429,0.7999438228666559,0.00030370033405337503,111.0,0.17103235747303544,188.23618090452263,0.2900403403767683,217.87624210310886,0.3357106966149597,1.4531192888408903e-07,-0.12788906009244994,1.3701388737925797,0.0612055297579082,-0.12788906009244994,1.3701388737925795,649.0,649,0.9967416393332429,0.7999438228666559,0.00030370033405337503
ISU_ILCC,ISU-ILCC_G30C3.pkl,NMC,673,TRUNCATED_AT_EOL,1,673,0,0.0,0,0.000e+00,594.0,0.8826151560178306,197.87236180904523,0.29401539644731833,230.50625487509663,0.3425055793092075,1.5930464502551575e-07,-0.17682020802377416,1.4448864005749504,0.07215369356676396,-0.17682020802377416,1.44488640057495,673.0,673,0.9968181695101671,0.7996571034011596,0.00029339444361459454,594.0,0.8826151560178306,197.87236180904523,0.29401539644731833,230.50625487509663,0.3425055793092075,1.5930464502551575e-07,-0.17682020802377416,1.4448864005749504,0.07215369356676396,-0.17682020802377416,1.44488640057495,673.0,673,0.9968181695101671,0.7996571034011596,0.00029339444361459454
ISU_ILCC,ISU-ILCC_G30C4.pkl,NMC,496,TRUNCATED_AT_EOL,1,496,0,0.0,0,0.000e+00,56.0,0.11290322580645161,,,,,3.143076832125037e-08,0.020161290322580645,1.073145769678964,0.007732471899322926,0.020161290322580645,1.0731457696789648,496.0,496,0.996730713836658,0.7997313004042456,0.0003979786129947726,56.0,0.11290322580645161,,,,,3.143076832125037e-08,0.020161290322580645,1.073145769678964,0.007732471899322926,0.020161290322580645,1.0731457696789648,496.0,496,0.996730713836658,0.7997313004042456,0.0003979786129947726
ISU_ILCC,ISU-ILCC_G31C1.pkl,NMC,539,TRUNCATED_AT_EOL,1,539,0,0.0,0,0.000e+00,402.0,0.7458256029684601,141.31256281407036,0.2621754412134886,220.489668798331,0.40907174174087385,1.6806146508719816e-07,-0.07606679035250463,1.251378761126818,0.04882538489860003,-0.07606679035250463,1.2513787611268192,539.0,539,1.0040215856514667,0.7991080692292758,0.000380880142048682,402.0,0.7458256029684601,141.31256281407036,0.2621754412134886,220.489668798331,0.40907174174087385,1.6806146508719816e-07,-0.07606679035250463,1.251378761126818,0.04882538489860003,-0.07606679035250463,1.2513787611268192,539.0,539,1.0040215856514667,0.7991080692292758,0.000380880142048682
ISU_ILCC,ISU-ILCC_G31C2.pkl,NMC,753,TRUNCATED_AT_EOL,1,753,0,0.0,0,0.000e+00,649.0,0.8618857901726428,188.05527638190955,0.24974140289762226,,,6.659530718032157e-08,-0.0703851261620186,1.2279769191618266,0.03776013852900614,-0.0703851261620186,1.2279769191618206,753.0,753,1.0033276064853869,0.7998786537101951,0.00027054382017977635,649.0,0.8618857901726428,188.05527638190955,0.24974140289762226,,,6.659530718032157e-08,-0.0703851261620186,1.2279769191618266,0.03776013852900614,-0.0703851261620186,1.2279769191618206,753.0,753,1.0033276064853869,0.7998786537101951,0.00027054382017977635
ISU_ILCC,ISU-ILCC_G31C3.pkl,NMC,765,TRUNCATED_AT_EOL,1,765,0,0.0,0,0.000e+00,662.0,0.865359477124183,184.89748743718596,0.24169606200939342,176.3417329748521,0.2305120692481727,9.291276342158359e-08,-0.05359477124183006,1.311972161747043,0.054374871973398534,-0.05359477124183006,1.3119721617470432,765.0,765,1.0045668393550655,0.7994127818271815,0.00026852625330874876,662.0,0.865359477124183,184.89748743718596,0.24169606200939342,176.3417329748521,0.2305120692481727,9.291276342158359e-08,-0.05359477124183006,1.311972161747043,0.054374871973398534,-0.05359477124183006,1.3119721617470432,765.0,765,1.0045668393550655,0.7994127818271815,0.00026852625330874876
ISU_ILCC,ISU-ILCC_G31C4.pkl,NMC,720,TRUNCATED_AT_EOL,1,720,0,0.0,0,0.000e+00,492.0,0.6833333333333333,168.2849246231156,0.2337290619765494,,,6.064972752476603e-08,-0.16666666666666666,1.1836721699216914,0.0314408187488345,-0.16666666666666666,1.183672169921697,720.0,720,1.002325715841369,0.7999123834158335,0.00028152062924274754,492.0,0.6833333333333333,168.2849246231156,0.2337290619765494,,,6.064972752476603e-08,-0.16666666666666666,1.1836721699216914,0.0314408187488345,-0.16666666666666666,1.183672169921697,720.0,720,1.002325715841369,0.7999123834158335,0.00028152062924274754
ISU_ILCC,ISU-ILCC_G32C1.pkl,NMC,2012,TRUNCATED_AT_EOL,1,2012,0,0.0,0,0.000e+00,770.0,0.3827037773359841,622.4899497487438,0.3093886430162743,,,1.3377509435564496e-08,-0.15308151093439365,1.3232451203517184,0.05415408455652335,-0.15308151093439365,1.323245120351717,2012.0,2012,1.011658634964474,0.7982008327050587,0.00010614510306286194,770.0,0.3827037773359841,622.4899497487438,0.3093886430162743,,,1.3377509435564496e-08,-0.15308151093439365,1.3232451203517184,0.05415408455652335,-0.15308151093439365,1.323245120351717,2012.0,2012,1.011658634964474,0.7982008327050587,0.00010614510306286194
ISU_ILCC,ISU-ILCC_G32C2.pkl,NMC,1400,TRUNCATED_AT_EOL,1,1400,0,0.0,0,0.000e+00,94.0,0.06714285714285714,444.6025125628141,0.31757322325915294,542.5831084309419,0.38755936316495854,6.510968987576894e-09,-0.23142857142857143,1.0606844685530514,0.012761499215644687,-0.23142857142857143,1.0606844685530525,1400.0,1400,1.0105488183911386,0.7995030327857856,0.00015085474310604218,94.0,0.06714285714285714,444.6025125628141,0.31757322325915294,542.5831084309419,0.38755936316495854,6.510968987576894e-09,-0.23142857142857143,1.0606844685530514,0.012761499215644687,-0.23142857142857143,1.0606844685530525,1400.0,1400,1.0105488183911386,0.7995030327857856,0.00015085474310604218
ISU_ILCC,ISU-ILCC_G32C3.pkl,NMC,1772,TRUNCATED_AT_EOL,1,1772,0,0.0,0,0.000e+00,1506.0,0.8498871331828443,583.9170854271357,0.32952431457513304,,,1.0399041841946024e-08,-0.15575620767494355,1.1804642492160742,0.032652824999044615,-0.15575620767494355,1.1804642492160728,1772.0,1772,1.011935707315461,0.7990048854014882,0.00012023197171878753,1506.0,0.8498871331828443,583.9170854271357,0.32952431457513304,,,1.0399041841946024e-08,-0.15575620767494355,1.1804642492160742,0.032652824999044615,-0.15575620767494355,1.1804642492160728,1772.0,1772,1.011935707315461,0.7990048854014882,0.00012023197171878753
ISU_ILCC,ISU-ILCC_G32C4.pkl,NMC,1680,TRUNCATED_AT_EOL,1,1680,0,0.0,0,0.000e+00,85.0,0.050595238095238096,1363.605527638191,0.8116699569274947,,,1.2379015839410373e-08,-0.1773809523809524,1.185163377926017,0.03493853430515231,-0.1773809523809524,1.185163377926023,1680.0,1680,1.0082375944493578,0.7837861323645169,0.00013368163316547998,85.0,0.050595238095238096,1363.605527638191,0.8116699569274947,,,1.2379015839410373e-08,-0.1773809523809524,1.185163377926017,0.03493853430515231,-0.1773809523809524,1.185163377926023,1680.0,1680,1.0082375944493578,0.7837861323645169,0.00013368163316547998
ISU_ILCC,ISU-ILCC_G33C1.pkl,NMC,1715,TRUNCATED_AT_EOL,1,1715,0,0.0,0,0.000e+00,1092.0,0.636734693877551,454.90854271356784,0.26525279458517076,520.3781744520613,0.30342750696913195,9.846710915153923e-09,-0.20466472303206998,1.1290857412072708,0.02896139231142809,-0.20466472303206998,1.1290857412072686,1715.0,1715,1.0123766605951463,0.7999662936100199,0.0001239267018583001,1092.0,0.636734693877551,454.90854271356784,0.26525279458517076,520.3781744520613,0.30342750696913195,9.846710915153923e-09,-0.20466472303206998,1.1290857412072708,0.02896139231142809,-0.20466472303206998,1.1290857412072686,1715.0,1715,1.0123766605951463,0.7999662936100199,0.0001239267018583001
ISU_ILCC,ISU-ILCC_G33C2.pkl,NMC,1523,TRUNCATED_AT_EOL,1,1523,0,0.0,0,0.000e+00,90.0,0.05909389363099146,312.2834170854272,0.20504492257743084,,,1.3938730360295104e-08,-0.12278397898883782,1.1965625349141462,0.032331289293887434,-0.12278397898883782,1.1965625349141444,1523.0,1523,1.010970786509001,0.7998567811286236,0.0001387082821158853,90.0,0.05909389363099146,312.2834170854272,0.20504492257743084,,,1.3938730360295104e-08,-0.12278397898883782,1.1965625349141462,0.032331289293887434,-0.12278397898883782,1.1965625349141444,1523.0,1523,1.010970786509001,0.7998567811286236,0.0001387082821158853
ISU_ILCC,ISU-ILCC_G33C3.pkl,NMC,2656,TRUNCATED_AT_EOL,1,2656,0,0.0,0,0.000e+00,1705.0,0.6419427710843374,1312.4899497487438,0.49416037264636437,,,-8.212093239741794e-09,-0.10015060240963855,0.7215040344468969,-0.05793086497646784,-0.10015060240963855,0.7215040344468935,2656.0,2656,1.0047033130356249,0.7987431880594573,7.757443501927215e-05,1705.0,0.6419427710843374,1312.4899497487438,0.49416037264636437,,,-8.212093239741794e-09,-0.10015060240963855,0.7215040344468969,-0.05793086497646784,-0.10015060240963855,0.7215040344468935,2656.0,2656,1.0047033130356249,0.7987431880594573,7.757443501927215e-05
ISU_ILCC,ISU-ILCC_G33C4.pkl,NMC,1485,TRUNCATED_AT_EOL,1,1485,0,0.0,0,0.000e+00,158.0,0.1063973063973064,310.4773869346734,0.2090756814374905,,,1.5122153291873158e-09,-0.1892255892255892,1.0267628773218356,0.003334775049307823,-0.1892255892255892,1.026762877321829,1485.0,1485,1.0071076634369853,0.7999365453854651,0.00013960317928000016,158.0,0.1063973063973064,310.4773869346734,0.2090756814374905,,,1.5122153291873158e-09,-0.1892255892255892,1.0267628773218356,0.003334775049307823,-0.1892255892255892,1.026762877321829,1485.0,1485,1.0071076634369853,0.7999365453854651,0.00013960317928000016
ISU_ILCC,ISU-ILCC_G34C1.pkl,NMC,2946,TRUNCATED_AT_EOL,1,2946,0,0.0,0,0.000e+00,2448.0,0.8309572301425662,2000.3442211055278,0.6790034694859225,1769.991952704438,0.6008119323504542,-2.1698235312696862e-08,0.09300746775288526,0.40111354274644656,-0.18831716162712847,0.09300746775288526,0.40111354274644806,2946.0,2946,1.0162465802682201,0.7989570988907904,7.378250640999313e-05,2448.0,0.8309572301425662,2000.3442211055278,0.6790034694859225,1769.991952704438,0.6008119323504542,-2.1698235312696862e-08,0.09300746775288526,0.40111354274644656,-0.18831716162712847,0.09300746775288526,0.40111354274644806,2946.0,2946,1.0162465802682201,0.7989570988907904,7.378250640999313e-05
ISU_ILCC,ISU-ILCC_G34C2.pkl,NMC,317,TRUNCATED_AT_EOL,1,317,0,0.0,0,0.000e+00,150.0,0.47318611987381703,65.62914572864322,0.2070320054531332,110.74360687903182,0.34934891759946946,2.8786458484973153e-07,-0.19873817034700317,1.064294772799514,0.028927224266966586,-0.19873817034700317,1.0642947727995145,317.0,317,0.9887365966389562,0.7995088873575227,0.0005988218648146631,150.0,0.47318611987381703,65.62914572864322,0.2070320054531332,110.74360687903182,0.34934891759946946,2.8786458484973153e-07,-0.19873817034700317,1.064294772799514,0.028927224266966586,-0.19873817034700317,1.0642947727995145,317.0,317,0.9887365966389562,0.7995088873575227,0.0005988218648146631
ISU_ILCC,ISU-ILCC_G34C3.pkl,NMC,2279,TRUNCATED_AT_EOL,1,2279,0,0.0,0,0.000e+00,258.0,0.11320754716981132,1474.259296482412,0.6468886777018044,1367.2671745580983,0.5999417176648084,-4.339543523593294e-08,0.12768758227292673,0.3181392720213036,-0.2253889907412319,0.12768758227292673,0.31813927202130066,2279.0,2279,1.0105214534153462,0.7998334447963518,9.248815128138472e-05,258.0,0.11320754716981132,1474.259296482412,0.6468886777018044,1367.2671745580983,0.5999417176648084,-4.339543523593294e-08,0.12768758227292673,0.3181392720213036,-0.2253889907412319,0.12768758227292673,0.31813927202130066,2279.0,2279,1.0105214534153462,0.7998334447963518,9.248815128138472e-05
ISU_ILCC,ISU-ILCC_G34C4.pkl,NMC,2526,TRUNCATED_AT_EOL,1,2526,0,0.0,0,0.000e+00,266.0,0.10530482977038796,1156.9170854271356,0.4580035967645034,1115.9262557663756,0.4417760315781376,-3.072567011451778e-08,0.0997624703087886,0.35349125352316896,-0.19605054588362103,0.0997624703087886,0.3534912535231705,2526.0,2526,1.0142035850864017,0.7993497106531011,8.509064333992104e-05,266.0,0.10530482977038796,1156.9170854271356,0.4580035967645034,1115.9262557663756,0.4417760315781376,-3.072567011451778e-08,0.0997624703087886,0.35349125352316896,-0.19605054588362103,0.0997624703087886,0.3534912535231705,2526.0,2526,1.0142035850864017,0.7993497106531011,8.509064333992104e-05
ISU_ILCC,ISU-ILCC_G35C1.pkl,NMC,647,TRUNCATED_AT_EOL,1,647,0,0.0,0,0.000e+00,236.0,0.36476043276661513,307.1195979899498,0.4746825316691651,203.52720030145835,0.3145706341599047,-6.288533823475679e-07,-0.02936630602782071,0.26788967065435243,-0.2632436855311324,-0.02936630602782071,0.2678896706543558,647.0,647,1.094145222222222,0.797108888888889,0.0004598085655314754,236.0,0.36476043276661513,307.1195979899498,0.4746825316691651,203.52720030145835,0.3145706341599047,-6.288533823475679e-07,-0.02936630602782071,0.26788967065435243,-0.2632436855311324,-0.02936630602782071,0.2678896706543558,647.0,647,1.094145222222222,0.797108888888889,0.0004598085655314754
ISU_ILCC,ISU-ILCC_G35C2.pkl,NMC,358,TRUNCATED_AT_EOL,1,358,0,0.0,0,0.000e+00,45.0,0.12569832402234637,233.31909547738692,0.6517293169759412,302.28509201055147,0.8443717653926018,-1.9319021834591398e-06,0.055865921787709494,0.325058042611229,-0.2476003114408566,0.055865921787709494,0.32505804261122967,358.0,358,1.0977695555555556,0.796962,0.0008425981948334891,45.0,0.12569832402234637,233.31909547738692,0.6517293169759412,302.28509201055147,0.8443717653926018,-1.9319021834591398e-06,0.055865921787709494,0.325058042611229,-0.2476003114408566,0.055865921787709494,0.32505804261122967,358.0,358,1.0977695555555556,0.796962,0.0008425981948334891
ISU_ILCC,ISU-ILCC_G35C3.pkl,NMC,507,TRUNCATED_AT_EOL,1,507,0,0.0,0,0.000e+00,182.0,0.358974358974359,364.8623115577889,0.7196495296997809,451.9462558392926,0.8914127334108335,-1.2482652023460788e-06,0.0650887573964497,0.2562772214621926,-0.32086532199785894,0.0650887573964497,0.25627722146219295,507.0,507,1.1237075555555556,0.7951667777777778,0.0006492900746596399,182.0,0.358974358974359,364.8623115577889,0.7196495296997809,451.9462558392926,0.8914127334108335,-1.2482652023460788e-06,0.0650887573964497,0.2562772214621926,-0.32086532199785894,0.0650887573964497,0.25627722146219295,507.0,507,1.1237075555555556,0.7951667777777778,0.0006492900746596399
ISU_ILCC,ISU-ILCC_G35C4.pkl,NMC,445,TRUNCATED_AT_EOL,1,445,0,0.0,0,0.000e+00,273.0,0.6134831460674157,281.0100502512563,0.6314832589915872,439.4221540095809,0.9874655146282716,-1.4602735219857691e-06,-0.029213483146067417,0.223773136387171,-0.28917066419123094,-0.029213483146067417,0.22377313638716986,445.0,445,1.1099366666666668,0.799467,0.0006992560060060062,273.0,0.6134831460674157,281.0100502512563,0.6314832589915872,439.4221540095809,0.9874655146282716,-1.4602735219857691e-06,-0.029213483146067417,0.223773136387171,-0.28917066419123094,-0.029213483146067417,0.22377313638716986,445.0,445,1.1099366666666668,0.799467,0.0006992560060060062
ISU_ILCC,ISU-ILCC_G36C1.pkl,NMC,555,TRUNCATED_AT_EOL,1,555,0,0.0,0,0.000e+00,146.0,0.26306306306306304,497.37286432160806,0.8961673231019965,,,-2.124220088096369e-07,0.04864864864864865,0.8180187444068245,-0.06543128926358725,0.04864864864864865,0.8180187444068235,555.0,555,1.112278,0.7992859999999999,0.000564967509025271,146.0,0.26306306306306304,497.37286432160806,0.8961673231019965,,,-2.124220088096369e-07,0.04864864864864865,0.8180187444068245,-0.06543128926358725,0.04864864864864865,0.8180187444068235,555.0,555,1.112278,0.7992859999999999,0.000564967509025271
ISU_ILCC,ISU-ILCC_G36C2.pkl,NMC,609,TRUNCATED_AT_EOL,1,609,0,0.0,0,0.000e+00,327.0,0.5369458128078818,491.98291457286433,0.8078537185104505,,,-4.5673319753394563e-07,0.090311986863711,0.4471434901465392,-0.16939366503458547,0.090311986863711,0.44714349014653787,609.0,609,1.0993633333333332,0.7977117777777778,0.0004961374269005847,327.0,0.5369458128078818,491.98291457286433,0.8078537185104505,,,-4.5673319753394563e-07,0.090311986863711,0.4471434901465392,-0.16939366503458547,0.090311986863711,0.44714349014653787,609.0,609,1.0993633333333332,0.7977117777777778,0.0004961374269005847
ISU_ILCC,ISU-ILCC_G36C3.pkl,NMC,569,TRUNCATED_AT_EOL,1,569,0,0.0,0,0.000e+00,137.0,0.24077328646748683,361.4944723618091,0.6353154171560792,518.8945014691055,0.9119411273622241,-9.270562828030175e-07,0.005272407732864675,0.23653662738639822,-0.3001446691765884,0.005272407732864675,0.23653662738639533,569.0,569,1.1125457777777779,0.7967135555555556,0.0005560426447574336,137.0,0.24077328646748683,361.4944723618091,0.6353154171560792,518.8945014691055,0.9119411273622241,-9.270562828030175e-07,0.005272407732864675,0.23653662738639822,-0.3001446691765884,0.005272407732864675,0.23653662738639533,569.0,569,1.1125457777777779,0.7967135555555556,0.0005560426447574336
ISU_ILCC,ISU-ILCC_G36C4.pkl,NMC,297,TRUNCATED_AT_EOL,1,297,0,0.0,0,0.000e+00,101.0,0.3400673400673401,,,,,-4.927391810802765e-07,0.003367003367003367,0.7479408794502584,-0.04346403042391292,0.003367003367003367,0.7479408794502578,297.0,297,1.0966875555555555,0.7824023333333333,0.0010617743993993993,101.0,0.3400673400673401,,,,,-4.927391810802765e-07,0.003367003367003367,0.7479408794502584,-0.04346403042391292,0.003367003367003367,0.7479408794502578,297.0,297,1.0966875555555555,0.7824023333333333,0.0010617743993993993
ISU_ILCC,ISU-ILCC_G37C1.pkl,NMC,698,TRUNCATED_AT_EOL,1,698,0,0.0,0,0.000e+00,224.0,0.3209169054441261,474.18944723618097,0.6793545089343567,335.5169658641806,0.4806833321836398,-1.6008268586646334e-07,0.0028653295128939827,0.7678487645925813,-0.0779929248848888,0.0028653295128939827,0.7678487645925771,698.0,698,1.0842078888888889,0.799454,0.000408542164833413,224.0,0.3209169054441261,474.18944723618097,0.6793545089343567,335.5169658641806,0.4806833321836398,-1.6008268586646334e-07,0.0028653295128939827,0.7678487645925813,-0.0779929248848888,0.0028653295128939827,0.7678487645925771,698.0,698,1.0842078888888889,0.799454,0.000408542164833413
ISU_ILCC,ISU-ILCC_G37C2.pkl,NMC,653,TRUNCATED_AT_EOL,1,653,0,0.0,0,0.000e+00,40.0,0.06125574272588055,514.4090452261307,0.7877627032559429,478.2163841954811,0.7323374949394811,-3.5726589751949866e-07,0.10260336906584992,0.6148742305269294,-0.15234139409539124,0.10260336906584992,0.6148742305269284,653.0,653,1.114193888888889,0.79306,0.0004925366394001364,40.0,0.06125574272588055,514.4090452261307,0.7877627032559429,478.2163841954811,0.7323374949394811,-3.5726589751949866e-07,0.10260336906584992,0.6148742305269294,-0.15234139409539124,0.10260336906584992,0.6148742305269284,653.0,653,1.114193888888889,0.79306,0.0004925366394001364
ISU_ILCC,ISU-ILCC_G37C3.pkl,NMC,575,TRUNCATED_AT_EOL,1,575,0,0.0,0,0.000e+00,152.0,0.2643478260869565,457.6040201005025,0.7958330784356565,425.5355743306915,0.7400618684012026,-5.077229792976365e-07,0.1373913043478261,0.5393586486944741,-0.16786591003028234,0.1373913043478261,0.5393586486944756,575.0,575,1.1305581111111112,0.7991097777777778,0.0005774361207897793,152.0,0.2643478260869565,457.6040201005025,0.7958330784356565,425.5355743306915,0.7400618684012026,-5.077229792976365e-07,0.1373913043478261,0.5393586486944741,-0.16786591003028234,0.1373913043478261,0.5393586486944756,575.0,575,1.1305581111111112,0.7991097777777778,0.0005774361207897793
ISU_ILCC,ISU-ILCC_G37C4.pkl,NMC,487,TRUNCATED_AT_EOL,1,487,0,0.0,0,0.000e+00,181.0,0.37166324435318276,362.2030150753769,0.7437433574443058,311.8720440457141,0.6403943409562918,-1.333420178989602e-06,0.21149897330595482,0.3521777419770098,-0.3162459304307861,0.21149897330595482,0.3521777419770087,487.0,487,1.1137888888888887,0.7993662222222222,0.0006469602194787377,181.0,0.37166324435318276,362.2030150753769,0.7437433574443058,311.8720440457141,0.6403943409562918,-1.333420178989602e-06,0.21149897330595482,0.3521777419770098,-0.3162459304307861,0.21149897330595482,0.3521777419770087,487.0,487,1.1137888888888887,0.7993662222222222,0.0006469602194787377
ISU_ILCC,ISU-ILCC_G38C1.pkl,NMC,431,TRUNCATED_AT_EOL,1,431,0,0.0,0,0.000e+00,183.0,0.4245939675174014,322.31155778894475,0.7478226398815424,,,-5.708233750611489e-07,-0.002320185614849188,0.5808297942164703,-0.1060367209747334,-0.002320185614849188,0.5808297942164695,431.0,431,1.0840836666666667,0.7977823333333334,0.0006658170542635658,183.0,0.4245939675174014,322.31155778894475,0.7478226398815424,,,-5.708233750611489e-07,-0.002320185614849188,0.5808297942164703,-0.1060367209747334,-0.002320185614849188,0.5808297942164695,431.0,431,1.0840836666666667,0.7977823333333334,0.0006658170542635658
ISU_ILCC,ISU-ILCC_G38C2.pkl,NMC,395,TRUNCATED_AT_EOL,1,395,0,0.0,0,0.000e+00,181.0,0.4582278481012658,236.8060301507538,0.5995089370905159,285.13607138346975,0.7218634718568855,-1.7925870375081377e-06,0.09873417721518987,0.3306225524410075,-0.27968839252720934,0.09873417721518987,0.33062255244100763,395.0,395,1.1091520000000001,0.7993801111111111,0.0007862230682459114,181.0,0.4582278481012658,236.8060301507538,0.5995089370905159,285.13607138346975,0.7218634718568855,-1.7925870375081377e-06,0.09873417721518987,0.3306225524410075,-0.27968839252720934,0.09873417721518987,0.33062255244100763,395.0,395,1.1091520000000001,0.7993801111111111,0.0007862230682459114
ISU_ILCC,ISU-ILCC_G38C3.pkl,NMC,588,TRUNCATED_AT_EOL,1,588,0,0.0,0,0.000e+00,89.0,0.15136054421768708,463.2256281407035,0.7877986873141216,411.74862631512497,0.7002527658420492,-4.974492641105082e-07,0.2619047619047619,0.5429447460639102,-0.1719900983706257,0.2619047619047619,0.5429447460639109,588.0,588,1.1008296666666668,0.7965438888888889,0.0005183744084800304,89.0,0.15136054421768708,463.2256281407035,0.7877986873141216,411.74862631512497,0.7002527658420492,-4.974492641105082e-07,0.2619047619047619,0.5429447460639102,-0.1719900983706257,0.2619047619047619,0.5429447460639109,588.0,588,1.1008296666666668,0.7965438888888889,0.0005183744084800304
ISU_ILCC,ISU-ILCC_G38C4.pkl,NMC,561,TRUNCATED_AT_EOL,1,561,0,0.0,0,0.000e+00,267.0,0.47593582887700536,367.67336683417085,0.6553892456937092,532.0821034905549,0.9484529473984936,-6.22015389444892e-07,0.0374331550802139,0.3825536767043452,-0.19576130538148553,0.0374331550802139,0.3825536767043447,561.0,561,1.066747111111111,0.7999661111111112,0.00047639464285714273,267.0,0.47593582887700536,367.67336683417085,0.6553892456937092,532.0821034905549,0.9484529473984936,-6.22015389444892e-07,0.0374331550802139,0.3825536767043452,-0.19576130538148553,0.0374331550802139,0.3825536767043447,561.0,561,1.066747111111111,0.7999661111111112,0.00047639464285714273
ISU_ILCC,ISU-ILCC_G39C1.pkl,NMC,490,TRUNCATED_AT_EOL,1,490,0,0.0,0,0.000e+00,241.0,0.49183673469387756,344.7743718592965,0.7036211670597887,357.23383875368256,0.7290486505177195,-1.0512138949709094e-06,0.0326530612244898,0.36732957557524953,-0.25239645618251655,0.0326530612244898,0.36732957557525037,490.0,490,1.0778485555555555,0.7991302222222222,0.0005699761417859577,241.0,0.49183673469387756,344.7743718592965,0.7036211670597887,357.23383875368256,0.7290486505177195,-1.0512138949709094e-06,0.0326530612244898,0.36732957557524953,-0.25239645618251655,0.0326530612244898,0.36732957557525037,490.0,490,1.0778485555555555,0.7991302222222222,0.0005699761417859577
ISU_ILCC,ISU-ILCC_G39C2.pkl,NMC,507,TRUNCATED_AT_EOL,1,507,0,0.0,0,0.000e+00,94.0,0.1854043392504931,381.13567839195986,0.7517469001813804,401.4919087428696,0.7918972559030959,-1.0455629853404518e-06,0.05325443786982249,0.3967401428609287,-0.2687609198187782,0.05325443786982249,0.39674014286092896,507.0,507,1.1124290000000001,0.79957,0.0006182984189723322,94.0,0.1854043392504931,381.13567839195986,0.7517469001813804,401.4919087428696,0.7918972559030959,-1.0455629853404518e-06,0.05325443786982249,0.3967401428609287,-0.2687609198187782,0.05325443786982249,0.39674014286092896,507.0,507,1.1124290000000001,0.79957,0.0006182984189723322
ISU_ILCC,ISU-ILCC_G39C3.pkl,NMC,477,TRUNCATED_AT_EOL,1,477,0,0.0,0,0.000e+00,178.0,0.3731656184486373,416.00502512562815,0.8721279352738536,399.5298348924913,0.83758875239516,-8.610905780926057e-07,0.19916142557651992,0.4829743137721519,-0.19592307814283508,0.19916142557651992,0.4829743137721508,477.0,477,1.1319186666666667,0.795179,0.0007074362745098042,178.0,0.3731656184486373,416.00502512562815,0.8721279352738536,399.5298348924913,0.83758875239516,-8.610905780926057e-07,0.19916142557651992,0.4829743137721519,-0.19592307814283508,0.19916142557651992,0.4829743137721508,477.0,477,1.1319186666666667,0.795179,0.0007074362745098042
ISU_ILCC,ISU-ILCC_G39C4.pkl,NMC,553,TRUNCATED_AT_EOL,1,553,0,0.0,0,0.000e+00,38.0,0.06871609403254973,395.72160804020103,0.7155906112842695,470.8841715064322,0.8515084475704018,-6.52762473895021e-07,0.0379746835443038,0.4747552048470521,-0.19962063937936234,0.0379746835443038,0.47475520484704903,553.0,553,1.104957888888889,0.7985376666666667,0.0005551090982286634,38.0,0.06871609403254973,395.72160804020103,0.7155906112842695,470.8841715064322,0.8515084475704018,-6.52762473895021e-07,0.0379746835443038,0.4747552048470521,-0.19962063937936234,0.0379746835443038,0.47475520484704903,553.0,553,1.104957888888889,0.7985376666666667,0.0005551090982286634
ISU_ILCC,ISU-ILCC_G3C1.pkl,NMC,919,TRUNCATED_AT_EOL,1,919,0,0.0,0,0.000e+00,442.0,0.4809575625680087,236.7276381909548,0.2575926422099617,412.2783478391745,0.4486162653309842,9.761323823759072e-08,-0.11425462459194777,1.4259919747570966,0.08244033409917963,-0.11425462459194777,1.4259919747570906,919.0,919,1.0050733940032195,0.7980715678599979,0.0002254921853412,442.0,0.4809575625680087,236.7276381909548,0.2575926422099617,412.2783478391745,0.4486162653309842,9.761323823759072e-08,-0.11425462459194777,1.4259919747570966,0.08244033409917963,-0.11425462459194777,1.4259919747570906,919.0,919,1.0050733940032195,0.7980715678599979,0.0002254921853412
ISU_ILCC,ISU-ILCC_G3C2.pkl,NMC,456,TRUNCATED_AT_EOL,1,456,0,0.0,0,0.000e+00,374.0,0.8201754385964912,70.27889447236183,0.15412038261482858,185.09974096293848,0.4059204845678476,1.1557269932833613e-08,-0.09210526315789473,0.979290025683206,0.0024031724807513704,-0.09210526315789473,0.9792900256831947,456.0,456,0.9792467091787975,0.7993023681823359,0.00039548206812409144,374.0,0.8201754385964912,70.27889447236183,0.15412038261482858,185.09974096293848,0.4059204845678476,1.1557269932833613e-08,-0.09210526315789473,0.979290025683206,0.0024031724807513704,-0.09210526315789473,0.9792900256831947,456.0,456,0.9792467091787975,0.7993023681823359,0.00039548206812409144
ISU_ILCC,ISU-ILCC_G3C3.pkl,NMC,707,TRUNCATED_AT_EOL,1,707,0,0.0,0,0.000e+00,531.0,0.751060820367751,156.74572864321607,0.22170541533693927,,,6.32243496038965e-08,-0.04384724186704385,1.1892611495203467,0.03160262792515728,-0.04384724186704385,1.1892611495203504,707.0,707,0.988017389015574,0.7969692790326768,0.00027060638807775814,531.0,0.751060820367751,156.74572864321607,0.22170541533693927,,,6.32243496038965e-08,-0.04384724186704385,1.1892611495203467,0.03160262792515728,-0.04384724186704385,1.1892611495203504,707.0,707,0.988017389015574,0.7969692790326768,0.00027060638807775814
ISU_ILCC,ISU-ILCC_G3C4.pkl,NMC,530,TRUNCATED_AT_EOL,1,530,0,0.0,0,0.000e+00,90.0,0.16981132075471697,379.2748743718593,0.7156129705129421,322.22068825474594,0.6079635627448037,-1.4488009405977616e-07,-0.0037735849056603774,0.8150294959025973,-0.04069681842139054,-0.0037735849056603774,0.8150294959026024,530.0,530,0.9902885072755875,0.79846811629681,0.00036260943474249044,90.0,0.16981132075471697,379.2748743718593,0.7156129705129421,322.22068825474594,0.6079635627448037,-1.4488009405977616e-07,-0.0037735849056603774,0.8150294959025973,-0.04069681842139054,-0.0037735849056603774,0.8150294959026024,530.0,530,0.9902885072755875,0.79846811629681,0.00036260943474249044
ISU_ILCC,ISU-ILCC_G40C1.pkl,NMC,2953,TRUNCATED_AT_EOL,1,2953,0,0.0,0,0.000e+00,1420.0,0.4808669150016932,2254.3105527638195,0.7633967330727461,2053.6362508711313,0.6954406538676368,-7.936455822820355e-09,-0.043684388757196074,0.7701496846844416,-0.0692075534942616,-0.043684388757196074,0.7701496846844432,2953.0,2953,0.9954477894202258,0.792433755677315,6.877169164732751e-05,1420.0,0.4808669150016932,2254.3105527638195,0.7633967330727461,2053.6362508711313,0.6954406538676368,-7.936455822820355e-09,-0.043684388757196074,0.7701496846844416,-0.0692075534942616,-0.043684388757196074,0.7701496846844432,2953.0,2953,0.9954477894202258,0.792433755677315,6.877169164732751e-05
ISU_ILCC,ISU-ILCC_G40C2.pkl,NMC,2862,TRUNCATED_AT_EOL,1,2862,0,0.0,0,0.000e+00,2129.0,0.743885394828791,2242.356281407035,0.7834927607991038,,,-6.919568705031024e-09,-0.0286512928022362,0.802856699371281,-0.056678491723934174,-0.0286512928022362,0.8028566993712788,2862.0,2862,1.0042778990383328,0.7991223739130223,7.170762849538987e-05,2129.0,0.743885394828791,2242.356281407035,0.7834927607991038,,,-6.919568705031024e-09,-0.0286512928022362,0.802856699371281,-0.056678491723934174,-0.0286512928022362,0.8028566993712788,2862.0,2862,1.0042778990383328,0.7991223739130223,7.170762849538987e-05
ISU_ILCC,ISU-ILCC_G40C4.pkl,NMC,2678,TRUNCATED_AT_EOL,1,2678,0,0.0,0,0.000e+00,1518.0,0.566840926064227,1969.0658291457287,0.7352747681649472,1640.3277780806093,0.6125197080211386,-1.4186777480531715e-08,-0.027632561613144136,0.6486538997477703,-0.10174308506868768,-0.027632561613144136,0.6486538997477728,2678.0,2678,1.0015901746260891,0.7992897817099249,7.556981431309832e-05,1518.0,0.566840926064227,1969.0658291457287,0.7352747681649472,1640.3277780806093,0.6125197080211386,-1.4186777480531715e-08,-0.027632561613144136,0.6486538997477703,-0.10174308506868768,-0.027632561613144136,0.6486538997477728,2678.0,2678,1.0015901746260891,0.7992897817099249,7.556981431309832e-05
ISU_ILCC,ISU-ILCC_G41C1.pkl,NMC,739,TRUNCATED_AT_EOL,1,739,0,0.0,0,0.000e+00,56.0,0.07577807848443843,,,,,1.4497794181185434e-09,-0.15561569688768606,1.012961772692751,0.0007917549856024361,-0.15561569688768606,1.0129617726927462,739.0,739,1.012905357233962,0.797897621371007,0.00029133839547825874,56.0,0.07577807848443843,,,,,1.4497794181185434e-09,-0.15561569688768606,1.012961772692751,0.0007917549856024361,-0.15561569688768606,1.0129617726927462,739.0,739,1.012905357233962,0.797897621371007,0.00029133839547825874
ISU_ILCC,ISU-ILCC_G41C2.pkl,NMC,724,TRUNCATED_AT_EOL,1,724,0,0.0,0,0.000e+00,434.0,0.5994475138121547,90.7391959798995,0.1253303811877065,,,7.05045635607168e-08,-0.1270718232044199,1.262322126369119,0.03695680010900255,-0.1270718232044199,1.2623221263691162,724.0,724,0.9981470621191858,0.7999087573979995,0.0002741885265853199,434.0,0.5994475138121547,90.7391959798995,0.1253303811877065,,,7.05045635607168e-08,-0.1270718232044199,1.262322126369119,0.03695680010900255,-0.1270718232044199,1.2623221263691162,724.0,724,0.9981470621191858,0.7999087573979995,0.0002741885265853199
ISU_ILCC,ISU-ILCC_G41C3.pkl,NMC,808,TRUNCATED_AT_EOL,1,808,0,0.0,0,0.000e+00,381.0,0.4715346534653465,,,,,2.9543197036084237e-09,-0.0049504950495049506,0.9808602098082467,0.0019287689789745952,-0.0049504950495049506,0.9808602098082495,808.0,808,1.0077853762708808,0.7997458602274894,0.0002577937001776846,381.0,0.4715346534653465,,,,,2.9543197036084237e-09,-0.0049504950495049506,0.9808602098082467,0.0019287689789745952,-0.0049504950495049506,0.9808602098082495,808.0,808,1.0077853762708808,0.7997458602274894,0.0002577937001776846
ISU_ILCC,ISU-ILCC_G41C4.pkl,NMC,821,TRUNCATED_AT_EOL,1,821,0,0.0,0,0.000e+00,541.0,0.658952496954933,,,,,7.366362390563083e-09,-0.04506699147381242,1.0246836064881288,0.004965230272094314,-0.04506699147381242,1.0246836064881224,821.0,821,1.0088962300924667,0.7993756711880011,0.00025551287671276283,541.0,0.658952496954933,,,,,7.366362390563083e-09,-0.04506699147381242,1.0246836064881288,0.004965230272094314,-0.04506699147381242,1.0246836064881224,821.0,821,1.0088962300924667,0.7993756711880011,0.00025551287671276283
ISU_ILCC,ISU-ILCC_G42C1.pkl,NMC,1803,TRUNCATED_AT_EOL,1,1803,0,0.0,0,0.000e+00,1010.0,0.5601774819744869,557.8994974874373,0.30942845118548934,,,1.905496595973601e-08,-0.03826955074875208,1.3456670776408852,0.06194405483660078,-0.03826955074875208,1.3456670776408761,1803.0,1803,1.03350723966747,0.7988884682414683,0.00013019909624084448,1010.0,0.5601774819744869,557.8994974874373,0.30942845118548934,,,1.905496595973601e-08,-0.03826955074875208,1.3456670776408852,0.06194405483660078,-0.03826955074875208,1.3456670776408761,1803.0,1803,1.03350723966747,0.7988884682414683,0.00013019909624084448
ISU_ILCC,ISU-ILCC_G42C2.pkl,NMC,1869,TRUNCATED_AT_EOL,1,1869,0,0.0,0,0.000e+00,175.0,0.09363295880149813,285.4241206030151,0.15271488528786256,347.4005684927533,0.18587510352742284,8.635022425557945e-09,-0.07758159443552702,1.06785182926277,0.030163523571085878,-0.07758159443552702,1.0678518292627728,1869.0,1869,1.0579822217494899,0.7998744224799571,0.00013817334008004966,175.0,0.09363295880149813,285.4241206030151,0.15271488528786256,347.4005684927533,0.18587510352742284,8.635022425557945e-09,-0.07758159443552702,1.06785182926277,0.030163523571085878,-0.07758159443552702,1.0678518292627728,1869.0,1869,1.0579822217494899,0.7998744224799571,0.00013817334008004966
ISU_ILCC,ISU-ILCC_G42C3.pkl,NMC,1369,TRUNCATED_AT_EOL,1,1369,0,0.0,0,0.000e+00,69.0,0.050401753104455806,698.748743718593,0.5104081400427999,664.8585726585507,0.48565271925387193,6.689552256710966e-08,-0.03287070854638422,1.7735240453237222,0.12537297946989803,-0.03287070854638422,1.7735240453237275,1369.0,1369,1.0345569494112208,0.7990966281504152,0.00017212011788070587,69.0,0.050401753104455806,698.748743718593,0.5104081400427999,664.8585726585507,0.48565271925387193,6.689552256710966e-08,-0.03287070854638422,1.7735240453237222,0.12537297946989803,-0.03287070854638422,1.7735240453237275,1369.0,1369,1.0345569494112208,0.7990966281504152,0.00017212011788070587
ISU_ILCC,ISU-ILCC_G43C1.pkl,NMC,2383,TRUNCATED_AT_EOL,1,2383,0,0.0,0,0.000e+00,232.0,0.09735627360469996,1685.1577889447237,0.7071581153775592,1568.176736577524,0.6580682906326161,-1.5134031330741714e-08,-0.013008812421317666,0.6979340459019122,-0.08594145724354017,-0.013008812421317666,0.6979340459019108,2383.0,2383,1.0255842691454453,0.7986444200310795,9.52728165887346e-05,232.0,0.09735627360469996,1685.1577889447237,0.7071581153775592,1568.176736577524,0.6580682906326161,-1.5134031330741714e-08,-0.013008812421317666,0.6979340459019122,-0.08594145724354017,-0.013008812421317666,0.6979340459019108,2383.0,2383,1.0255842691454453,0.7986444200310795,9.52728165887346e-05
ISU_ILCC,ISU-ILCC_G43C2.pkl,NMC,2051,TRUNCATED_AT_EOL,1,2051,0,0.0,0,0.000e+00,217.0,0.10580204778156997,230.72361809045228,0.11249323163844577,708.2836490202336,0.34533576256471654,-2.287682296817607e-08,0.04436860068259386,0.7157284902777241,-0.09623366637474992,0.04436860068259386,0.7157284902777277,2051.0,2051,1.0034217773218972,0.799647655499174,9.94020106452308e-05,217.0,0.10580204778156997,230.72361809045228,0.11249323163844577,708.2836490202336,0.34533576256471654,-2.287682296817607e-08,0.04436860068259386,0.7157284902777241,-0.09623366637474992,0.04436860068259386,0.7157284902777277,2051.0,2051,1.0034217773218972,0.799647655499174,9.94020106452308e-05
ISU_ILCC,ISU-ILCC_G43C3.pkl,NMC,994,TRUNCATED_AT_EOL,1,994,0,0.0,0,0.000e+00,943.0,0.9486921529175051,224.05075376884423,0.22540317280567831,317.13662726696003,0.3190509328641449,-7.692379962750543e-08,0.0,-0.11456145612813132,-0.07600348328875775,0.0,-0.1145614561281269,994.0,994,1.01327045857804,0.0,0.0010204133520423364,943.0,0.9486921529175051,224.05075376884423,0.22540317280567831,317.13662726696003,0.3190509328641449,-7.692379962750543e-08,0.0,-0.11456145612813132,-0.07600348328875775,0.0,-0.1145614561281269,994.0,994,1.01327045857804,0.0,0.0010204133520423364
ISU_ILCC,ISU-ILCC_G43C4.pkl,NMC,2100,TRUNCATED_AT_EOL,1,2100,0,0.0,0,0.000e+00,109.0,0.051904761904761905,1375.370351758794,0.6549382627422828,1229.5674281825495,0.5855082991345474,-3.025433825317216e-08,0.06857142857142857,0.522064247162593,-0.13342163169649052,0.06857142857142857,0.5220642471625982,2100.0,2100,1.0135058045082674,0.799719822864313,0.00010185134904428512,109.0,0.051904761904761905,1375.370351758794,0.6549382627422828,1229.5674281825495,0.5855082991345474,-3.025433825317216e-08,0.06857142857142857,0.522064247162593,-0.13342163169649052,0.06857142857142857,0.5220642471625982,2100.0,2100,1.0135058045082674,0.799719822864313,0.00010185134904428512
ISU_ILCC,ISU-ILCC_G44C1.pkl,NMC,1401,TRUNCATED_AT_EOL,1,1401,0,0.0,0,0.000e+00,148.0,0.10563882940756603,337.9849246231156,0.2412454850985836,360.38185195711554,0.2572318714897327,-3.9387416220318664e-08,-0.20628122769450394,0.6858614927651677,-0.07730965994465717,-0.20628122769450394,0.6858614927651734,1401.0,1401,0.9973379754034956,0.7982756729964552,0.0001421873588621717,148.0,0.10563882940756603,337.9849246231156,0.2412454850985836,360.38185195711554,0.2572318714897327,-3.9387416220318664e-08,-0.20628122769450394,0.6858614927651677,-0.07730965994465717,-0.20628122769450394,0.6858614927651734,1401.0,1401,0.9973379754034956,0.7982756729964552,0.0001421873588621717
ISU_ILCC,ISU-ILCC_G44C2.pkl,NMC,1978,TRUNCATED_AT_EOL,1,1978,0,0.0,0,0.000e+00,695.0,0.35136501516683516,1732.613567839196,0.8759421475425663,1844.1896919962603,0.932350703739262,-4.983247529843393e-09,-0.09201213346814964,0.944234363908271,-0.01949687622855133,-0.09201213346814964,0.9442343639082628,1978.0,1978,0.99616367305643,0.7997104770626955,9.936934546976963e-05,695.0,0.35136501516683516,1732.613567839196,0.8759421475425663,1844.1896919962603,0.932350703739262,-4.983247529843393e-09,-0.09201213346814964,0.944234363908271,-0.01949687622855133,-0.09201213346814964,0.9442343639082628,1978.0,1978,0.99616367305643,0.7997104770626955,9.936934546976963e-05
ISU_ILCC,ISU-ILCC_G44C3.pkl,NMC,2142,TRUNCATED_AT_EOL,1,2142,0,0.0,0,0.000e+00,1304.0,0.6087768440709617,533.5603015075377,0.24909444514824355,,,3.2166193535758474e-09,-0.1484593837535014,1.0807918559057328,0.014758377119782595,-0.1484593837535014,1.0807918559057277,2142.0,2142,0.9989457564578056,0.7996299201049829,9.309473907184619e-05,1304.0,0.6087768440709617,533.5603015075377,0.24909444514824355,,,3.2166193535758474e-09,-0.1484593837535014,1.0807918559057328,0.014758377119782595,-0.1484593837535014,1.0807918559057277,2142.0,2142,0.9989457564578056,0.7996299201049829,9.309473907184619e-05
ISU_ILCC,ISU-ILCC_G44C4.pkl,NMC,1700,TRUNCATED_AT_EOL,1,1700,0,0.0,0,0.000e+00,1359.0,0.7994117647058824,1393.4969849246231,0.8197041087791901,927.8288938282728,0.5457817022519252,-2.9642970209678298e-08,0.12705882352941175,0.6812317130594379,-0.08566818390597271,0.12705882352941175,0.6812317130594382,1700.0,1700,0.9832999904355096,0.7978006992211604,0.00010918145451109433,1359.0,0.7994117647058824,1393.4969849246231,0.8197041087791901,927.8288938282728,0.5457817022519252,-2.9642970209678298e-08,0.12705882352941175,0.6812317130594379,-0.08566818390597271,0.12705882352941175,0.6812317130594382,1700.0,1700,0.9832999904355096,0.7978006992211604,0.00010918145451109433
ISU_ILCC,ISU-ILCC_G45C1.pkl,NMC,493,TRUNCATED_AT_EOL,1,493,0,0.0,0,0.000e+00,34.0,0.06896551724137931,240.0773869346734,0.4869723872914268,88.1782890310531,0.1788606268378359,1.1159941611603353e-07,-0.05070993914807302,1.187495929682594,0.02712412648758683,-0.05070993914807302,1.1874959296825967,493.0,493,0.9987516571731825,0.7998285748700057,0.0004043152079332862,34.0,0.06896551724137931,240.0773869346734,0.4869723872914268,88.1782890310531,0.1788606268378359,1.1159941611603353e-07,-0.05070993914807302,1.187495929682594,0.02712412648758683,-0.05070993914807302,1.1874959296825967,493.0,493,0.9987516571731825,0.7998285748700057,0.0004043152079332862
ISU_ILCC,ISU-ILCC_G45C2.pkl,NMC,498,TRUNCATED_AT_EOL,1,498,0,0.0,0,0.000e+00,38.0,0.07630522088353414,426.32211055276383,0.8560684950858711,460.5652100567665,0.9248297390698123,5.16444229906396e-09,-0.07228915662650602,1.0269205894575633,0.0012808023479365107,-0.07228915662650602,1.0269205894575695,498.0,498,0.996159531568931,0.7993008670110694,0.0003960938924705465,38.0,0.07630522088353414,426.32211055276383,0.8560684950858711,460.5652100567665,0.9248297390698123,5.16444229906396e-09,-0.07228915662650602,1.0269205894575633,0.0012808023479365107,-0.07228915662650602,1.0269205894575695,498.0,498,0.996159531568931,0.7993008670110694,0.0003960938924705465
ISU_ILCC,ISU-ILCC_G45C3.pkl,NMC,514,TRUNCATED_AT_EOL,1,514,0,0.0,0,0.000e+00,32.0,0.0622568093385214,423.51608040201006,0.8239612459183075,429.166766627651,0.8349547988864805,-9.313883294119324e-08,-0.05058365758754864,0.8993277536349896,-0.02460690710773251,-0.05058365758754864,0.8993277536349943,514.0,514,0.9974876879866732,0.7994431233312502,0.0003860517829540409,32.0,0.0622568093385214,423.51608040201006,0.8239612459183075,429.166766627651,0.8349547988864805,-9.313883294119324e-08,-0.05058365758754864,0.8993277536349896,-0.02460690710773251,-0.05058365758754864,0.8993277536349943,514.0,514,0.9974876879866732,0.7994431233312502,0.0003860517829540409
ISU_ILCC,ISU-ILCC_G45C4.pkl,NMC,545,TRUNCATED_AT_EOL,1,545,0,0.0,0,0.000e+00,495.0,0.908256880733945,180.05527638190958,0.3303766539117607,295.2771019637202,0.5417928476398536,9.67583363939706e-08,-0.24403669724770644,1.1607846127185055,0.028739644867417598,-0.24403669724770644,1.160784612718495,545.0,545,0.9976241199722469,0.7991809797057597,0.00036478518431339545,495.0,0.908256880733945,180.05527638190958,0.3303766539117607,295.2771019637202,0.5417928476398536,9.67583363939706e-08,-0.24403669724770644,1.1607846127185055,0.028739644867417598,-0.24403669724770644,1.160784612718495,545.0,545,0.9976241199722469,0.7991809797057597,0.00036478518431339545
ISU_ILCC,ISU-ILCC_G46C1.pkl,NMC,636,TRUNCATED_AT_EOL,1,636,0,0.0,0,0.000e+00,482.0,0.7578616352201258,210.00753768844223,0.3302005309566702,273.8074214965767,0.43051481367386274,1.2863646570453427e-07,-0.06289308176100629,1.3241147892533662,0.05203293583162129,-0.06289308176100629,1.3241147892533605,636.0,636,0.9984190004012924,0.7991571655885574,0.0003137981650594251,482.0,0.7578616352201258,210.00753768844223,0.3302005309566702,273.8074214965767,0.43051481367386274,1.2863646570453427e-07,-0.06289308176100629,1.3241147892533662,0.05203293583162129,-0.06289308176100629,1.3241147892533605,636.0,636,0.9984190004012924,0.7991571655885574,0.0003137981650594251
ISU_ILCC,ISU-ILCC_G46C2.pkl,NMC,647,TRUNCATED_AT_EOL,1,647,0,0.0,0,0.000e+00,612.0,0.9459041731066461,262.9708542713568,0.40644645173316357,252.67341647211094,0.39053078280078973,1.8509058424374895e-07,-0.11901081916537867,1.5392286960144839,0.0774805843796918,-0.11901081916537867,1.5392286960145016,647.0,647,0.9969738247815031,0.7993627303663292,0.0003058995269584735,612.0,0.9459041731066461,262.9708542713568,0.40644645173316357,252.67341647211094,0.39053078280078973,1.8509058424374895e-07,-0.11901081916537867,1.5392286960144839,0.0774805843796918,-0.11901081916537867,1.5392286960145016,647.0,647,0.9969738247815031,0.7993627303663292,0.0003058995269584735
ISU_ILCC,ISU-ILCC_G46C3.pkl,NMC,499,TRUNCATED_AT_EOL,1,499,0,0.0,0,0.000e+00,31.0,0.06212424849699399,395.1457286432161,0.7918752077018358,316.4129540698526,0.63409409633237,7.773862147542071e-10,-0.24248496993987975,1.0305804891459547,0.00019356994486124593,-0.24248496993987975,1.030580489145955,499.0,499,0.9958959012689335,0.7988237171196116,0.00039572727740827676,31.0,0.06212424849699399,395.1457286432161,0.7918752077018358,316.4129540698526,0.63409409633237,7.773862147542071e-10,-0.24248496993987975,1.0305804891459547,0.00019356994486124593,-0.24248496993987975,1.030580489145955,499.0,499,0.9958959012689335,0.7988237171196116,0.00039572727740827676
ISU_ILCC,ISU-ILCC_G46C4.pkl,NMC,522,TRUNCATED_AT_EOL,1,522,0,0.0,0,0.000e+00,463.0,0.8869731800766284,285.586432160804,0.5471004447524981,394.1108857364589,0.7550016968131397,1.431689018187131e-07,-0.2567049808429119,1.2320047970836205,0.03901123504317128,-0.2567049808429119,1.232004797083629,522.0,522,1.001714595510897,0.799847236058709,0.00038746134251859505,463.0,0.8869731800766284,285.586432160804,0.5471004447524981,394.1108857364589,0.7550016968131397,1.431689018187131e-07,-0.2567049808429119,1.2320047970836205,0.03901123504317128,-0.2567049808429119,1.232004797083629,522.0,522,1.001714595510897,0.799847236058709,0.00038746134251859505
ISU_ILCC,ISU-ILCC_G47C1.pkl,NMC,998,TRUNCATED_AT_EOL,1,998,0,0.0,0,0.000e+00,69.0,0.06913827655310621,850.2035175879398,0.8519073322524447,644.9000229353218,0.6461924077508234,-3.004041923368271e-08,0.03206412825651302,0.8558161426368713,-0.0299203777184274,0.03206412825651302,0.8558161426368704,998.0,998,1.0269060264112388,0.7995101458828462,0.00022808012089106585,69.0,0.06913827655310621,850.2035175879398,0.8519073322524447,644.9000229353218,0.6461924077508234,-3.004041923368271e-08,0.03206412825651302,0.8558161426368713,-0.0299203777184274,0.03206412825651302,0.8558161426368704,998.0,998,1.0269060264112388,0.7995101458828462,0.00022808012089106585
ISU_ILCC,ISU-ILCC_G47C2.pkl,NMC,1494,TRUNCATED_AT_EOL,1,1494,0,0.0,0,0.000e+00,173.0,0.11579651941097724,318.35628140703517,0.2130898804598629,,,7.974574114017555e-09,-0.10843373493975904,1.090441317339094,0.017799536507154868,-0.10843373493975904,1.0904413173390932,1494.0,1494,1.0291590430307267,0.7999966817846911,0.00015349119976291735,173.0,0.11579651941097724,318.35628140703517,0.2130898804598629,,,7.974574114017555e-09,-0.10843373493975904,1.090441317339094,0.017799536507154868,-0.10843373493975904,1.0904413173390932,1494.0,1494,1.0291590430307267,0.7999966817846911,0.00015349119976291735
ISU_ILCC,ISU-ILCC_G47C3.pkl,NMC,1060,TRUNCATED_AT_EOL,1,1060,0,0.0,0,0.000e+00,960.0,0.9056603773584906,,,585.6100020355361,0.5524622660712605,-3.8471711874837315e-10,-0.2830188679245283,1.0000816610100043,-0.0004322681546261769,-0.2830188679245283,1.0000816610100054,1060.0,1060,1.0299489161131672,0.7996830084366227,0.0002174371177304481,960.0,0.9056603773584906,,,585.6100020355361,0.5524622660712605,-3.8471711874837315e-10,-0.2830188679245283,1.0000816610100043,-0.0004322681546261769,-0.2830188679245283,1.0000816610100054,1060.0,1060,1.0299489161131672,0.7996830084366227,0.0002174371177304481
ISU_ILCC,ISU-ILCC_G47C4.pkl,NMC,971,TRUNCATED_AT_EOL,1,971,0,0.0,0,0.000e+00,767.0,0.7899073120494335,815.5075376884423,0.8398635815534936,621.8081128676635,0.6403791069697873,-6.912435847702645e-08,0.07723995880535531,0.7475552939980955,-0.06517327927083841,0.07723995880535531,0.7475552939980922,971.0,971,1.0296855226183448,0.7998218813037012,0.00023697282609757067,767.0,0.7899073120494335,815.5075376884423,0.8398635815534936,621.8081128676635,0.6403791069697873,-6.912435847702645e-08,0.07723995880535531,0.7475552939980955,-0.06517327927083841,0.07723995880535531,0.7475552939980922,971.0,971,1.0296855226183448,0.7998218813037012,0.00023697282609757067
ISU_ILCC,ISU-ILCC_G48C1.pkl,NMC,725,TRUNCATED_AT_EOL,1,725,0,0.0,0,0.000e+00,112.0,0.15448275862068966,559.462311557789,0.7716721538728124,611.2830695155703,0.8431490614007867,-1.0402134019086039e-07,0.29379310344827586,0.7614780633358715,-0.054676216937821466,0.29379310344827586,0.7614780633358715,725.0,725,1.0239347956771625,0.7996619553952474,0.0003097691164114849,112.0,0.15448275862068966,559.462311557789,0.7716721538728124,611.2830695155703,0.8431490614007867,-1.0402134019086039e-07,0.29379310344827586,0.7614780633358715,-0.054676216937821466,0.29379310344827586,0.7614780633358715,725.0,725,1.0239347956771625,0.7996619553952474,0.0003097691164114849
ISU_ILCC,ISU-ILCC_G48C2.pkl,NMC,620,TRUNCATED_AT_EOL,1,620,0,0.0,0,0.000e+00,520.0,0.8387096774193549,,,51.109920100508134,0.08243535500081957,9.412460670319769e-08,-0.2129032258064516,1.172846032193546,0.03618149881671104,-0.2129032258064516,1.1728460321935503,620.0,620,1.0206915025330823,0.7988748097582439,0.0003583468380853609,520.0,0.8387096774193549,,,51.109920100508134,0.08243535500081957,9.412460670319769e-08,-0.2129032258064516,1.172846032193546,0.03618149881671104,-0.2129032258064516,1.1728460321935503,620.0,620,1.0206915025330823,0.7988748097582439,0.0003583468380853609
ISU_ILCC,ISU-ILCC_G48C3.pkl,NMC,870,TRUNCATED_AT_EOL,1,870,0,0.0,0,0.000e+00,682.0,0.7839080459770115,245.10603015075375,0.2817310691387974,,,5.43067595106056e-08,-0.12413793103448276,1.2509082572200323,0.041104786273577255,-0.12413793103448276,1.2509082572200367,870.0,870,1.0206631657089582,0.799950466585722,0.0002539846940428495,682.0,0.7839080459770115,245.10603015075375,0.2817310691387974,,,5.43067595106056e-08,-0.12413793103448276,1.2509082572200323,0.041104786273577255,-0.12413793103448276,1.2509082572200367,870.0,870,1.0206631657089582,0.799950466585722,0.0002539846940428495
ISU_ILCC,ISU-ILCC_G48C4.pkl,NMC,777,TRUNCATED_AT_EOL,1,777,0,0.0,0,0.000e+00,71.0,0.09137709137709138,,,53.47282500747968,0.06881959460422095,2.086589469310166e-08,-0.055341055341055344,1.042753626738765,0.012597345737170872,-0.055341055341055344,1.042753626738763,777.0,777,1.0202355164491397,0.7994870778387451,0.00028446963738452914,71.0,0.09137709137709138,,,53.47282500747968,0.06881959460422095,2.086589469310166e-08,-0.055341055341055344,1.042753626738765,0.012597345737170872,-0.055341055341055344,1.042753626738763,777.0,777,1.0202355164491397,0.7994870778387451,0.00028446963738452914
ISU_ILCC,ISU-ILCC_G49C1.pkl,NMC,322,TRUNCATED_AT_EOL,1,322,0,0.0,0,0.000e+00,233.0,0.7236024844720497,154.4025125628141,0.47951090858016804,,,-1.6185498659440428e-06,-0.30434782608695654,0.2891440721112265,-0.16781772430054268,-0.30434782608695654,0.2891440721112195,322.0,322,0.9841736489189352,0.7969242535776717,0.000583331449661257,233.0,0.7236024844720497,154.4025125628141,0.47951090858016804,,,-1.6185498659440428e-06,-0.30434782608695654,0.2891440721112265,-0.16781772430054268,-0.30434782608695654,0.2891440721112195,322.0,322,0.9841736489189352,0.7969242535776717,0.000583331449661257
ISU_ILCC,ISU-ILCC_G49C2.pkl,NMC,2037,TRUNCATED_AT_EOL,1,2037,0,0.0,0,0.000e+00,110.0,0.054000981836033385,572.921608040201,0.28125753953863575,298.72864765291365,0.14665127523461643,7.805178913285422e-09,-0.15856651939126165,1.2908975776848688,0.03238656742223867,-0.15856651939126165,1.2908975776848641,2037.0,2037,0.9845315755885681,0.7828225919564575,9.907121003541776e-05,110.0,0.054000981836033385,572.921608040201,0.28125753953863575,298.72864765291365,0.14665127523461643,7.805178913285422e-09,-0.15856651939126165,1.2908975776848688,0.03238656742223867,-0.15856651939126165,1.2908975776848641,2037.0,2037,0.9845315755885681,0.7828225919564575,9.907121003541776e-05
ISU_ILCC,ISU-ILCC_G49C3.pkl,NMC,3795,TRUNCATED_AT_EOL,1,3795,0,0.0,0,0.000e+00,943.0,0.24848484848484848,1310.7879396984924,0.345398666587218,1312.3047694409413,0.3457983582189569,-2.6273131696359122e-08,0.09565217391304348,-0.33347375236064714,-0.37838629951925584,0.09565217391304348,-0.33347375236064464,3795.0,3795,0.9663774350179568,0.7997199799249219,4.392658278677777e-05,943.0,0.24848484848484848,1310.7879396984924,0.345398666587218,1312.3047694409413,0.3457983582189569,-2.6273131696359122e-08,0.09565217391304348,-0.33347375236064714,-0.37838629951925584,0.09565217391304348,-0.33347375236064464,3795.0,3795,0.9663774350179568,0.7997199799249219,4.392658278677777e-05
ISU_ILCC,ISU-ILCC_G49C4.pkl,NMC,3558,TRUNCATED_AT_EOL,1,3558,0,0.0,0,0.000e+00,1005.0,0.2824620573355818,2530.2236180904524,0.7111364862536403,2113.356118588343,0.5939730518798042,-1.1666423134269637e-08,0.06127037661607645,0.3799398369606276,-0.14768949703474182,0.06127037661607645,0.379939836960618,3558.0,3558,0.9811691962189791,0.7994548970109272,5.10863928051875e-05,1005.0,0.2824620573355818,2530.2236180904524,0.7111364862536403,2113.356118588343,0.5939730518798042,-1.1666423134269637e-08,0.06127037661607645,0.3799398369606276,-0.14768949703474182,0.06127037661607645,0.379939836960618,3558.0,3558,0.9811691962189791,0.7994548970109272,5.10863928051875e-05
ISU_ILCC,ISU-ILCC_G4C1.pkl,NMC,1269,TRUNCATED_AT_EOL,1,1269,0,0.0,0,0.000e+00,954.0,0.75177304964539,428.5517587939699,0.3377082417604176,387.9670321137371,0.305726581649911,8.003540833969519e-08,-0.05279747832939322,2.1514353527844023,0.12888590020932186,-0.05279747832939322,2.1514353527843926,1269.0,1269,0.9981915362718272,0.7997040083120261,0.0001565359053310734,954.0,0.75177304964539,428.5517587939699,0.3377082417604176,387.9670321137371,0.305726581649911,8.003540833969519e-08,-0.05279747832939322,2.1514353527844023,0.12888590020932186,-0.05279747832939322,2.1514353527843926,1269.0,1269,0.9981915362718272,0.7997040083120261,0.0001565359053310734
ISU_ILCC,ISU-ILCC_G4C2.pkl,NMC,1552,TRUNCATED_AT_EOL,1,1552,0,0.0,0,0.000e+00,1346.0,0.8672680412371134,436.6829145728643,0.2813678573278765,528.4884068097703,0.34052088067639835,4.7066370293960215e-08,-0.0979381443298969,1.7978057832247007,0.11336895439254352,-0.0979381443298969,1.7978057832246954,1552.0,1552,1.001769659604615,0.7997741802172593,0.00013023564112659943,1346.0,0.8672680412371134,436.6829145728643,0.2813678573278765,528.4884068097703,0.34052088067639835,4.7066370293960215e-08,-0.0979381443298969,1.7978057832247007,0.11336895439254352,-0.0979381443298969,1.7978057832246954,1552.0,1552,1.001769659604615,0.7997741802172593,0.00013023564112659943
ISU_ILCC,ISU-ILCC_G4C3.pkl,NMC,1567,TRUNCATED_AT_EOL,1,1567,0,0.0,0,0.000e+00,1213.0,0.7740906190172304,522.7376884422112,0.3335913774359995,551.6952662210684,0.3520710058845363,5.6518863241417516e-08,-0.06700701978302488,2.108889797342211,0.13878144698180614,-0.06700701978302488,2.108889797342225,1567.0,1567,1.004768400014463,0.7931085429729532,0.00013515955111207523,1213.0,0.7740906190172304,522.7376884422112,0.3335913774359995,551.6952662210684,0.3520710058845363,5.6518863241417516e-08,-0.06700701978302488,2.108889797342211,0.13878144698180614,-0.06700701978302488,2.108889797342225,1567.0,1567,1.004768400014463,0.7931085429729532,0.00013515955111207523
ISU_ILCC,ISU-ILCC_G4C4.pkl,NMC,1123,TRUNCATED_AT_EOL,1,1123,0,0.0,0,0.000e+00,318.0,0.2831700801424755,289.11155778894476,0.2574457326704762,376.68496148579385,0.33542739224024387,8.909263000971577e-08,-0.0917186108637578,1.826576657793663,0.11235729939152242,-0.0917186108637578,1.826576657793669,1123.0,1123,1.0033970142406654,0.7992562497652944,0.00018194364035238055,318.0,0.2831700801424755,289.11155778894476,0.2574457326704762,376.68496148579385,0.33542739224024387,8.909263000971577e-08,-0.0917186108637578,1.826576657793663,0.11235729939152242,-0.0917186108637578,1.826576657793669,1123.0,1123,1.0033970142406654,0.7992562497652944,0.00018194364035238055
ISU_ILCC,ISU-ILCC_G50C1.pkl,NMC,3158,TRUNCATED_AT_EOL,1,3158,0,0.0,0,0.000e+00,2999.0,0.9496516782773907,1370.0909547738695,0.4338476740892557,1122.5770370619439,0.3554708793736364,-1.9009012859549314e-08,0.08993033565547814,0.32863715790731163,-0.18957620092382527,0.08993033565547814,0.32863715790730813,3158.0,3158,0.9913222075031964,0.685573317206186,9.684792217200205e-05,2999.0,0.9496516782773907,1370.0909547738695,0.4338476740892557,1122.5770370619439,0.3554708793736364,-1.9009012859549314e-08,0.08993033565547814,0.32863715790731163,-0.18957620092382527,0.08993033565547814,0.32863715790730813,3158.0,3158,0.9913222075031964,0.685573317206186,9.684792217200205e-05
ISU_ILCC,ISU-ILCC_G50C2.pkl,NMC,2557,TRUNCATED_AT_EOL,1,2557,0,0.0,0,0.000e+00,296.0,0.11576065701994524,749.8180904522613,0.29324133377092737,1165.2587883593487,0.45571325317143085,-3.435265360639966e-08,0.20297223308564724,0.29033663965979317,-0.22460620308939017,0.20297223308564724,0.2903366396597962,2557.0,2557,0.9985057758592989,0.7999159935709154,7.769553297667588e-05,296.0,0.11576065701994524,749.8180904522613,0.29324133377092737,1165.2587883593487,0.45571325317143085,-3.435265360639966e-08,0.20297223308564724,0.29033663965979317,-0.22460620308939017,0.20297223308564724,0.2903366396597962,2557.0,2557,0.9985057758592989,0.7999159935709154,7.769553297667588e-05
ISU_ILCC,ISU-ILCC_G50C3.pkl,NMC,3344,TRUNCATED_AT_EOL,1,3344,0,0.0,0,0.000e+00,346.0,0.1034688995215311,375.6175879396985,0.11232583371402467,646.4726272858561,0.19332315409266032,-6.133028816234144e-09,-0.1471291866028708,0.6399434134028197,-0.06858158892081398,-0.1471291866028708,0.639943413402814,3344.0,3344,1.0005891708246601,0.7126154439173874,8.61423053865608e-05,346.0,0.1034688995215311,375.6175879396985,0.11232583371402467,646.4726272858561,0.19332315409266032,-6.133028816234144e-09,-0.1471291866028708,0.6399434134028197,-0.06858158892081398,-0.1471291866028708,0.639943413402814,3344.0,3344,1.0005891708246601,0.7126154439173874,8.61423053865608e-05
ISU_ILCC,ISU-ILCC_G50C4.pkl,NMC,3152,TRUNCATED_AT_EOL,1,3152,0,0.0,0,0.000e+00,2993.0,0.9495558375634517,1734.8417085427136,0.5503939430655818,1531.0086165276878,0.4857260839237588,-1.5744470985420075e-08,-0.037436548223350255,0.2751657196772781,-0.1564229566651285,-0.037436548223350255,0.2751657196772802,3152.0,3152,1.0015518576905273,0.6379156788687133,0.00011540342076223868,2993.0,0.9495558375634517,1734.8417085427136,0.5503939430655818,1531.0086165276878,0.4857260839237588,-1.5744470985420075e-08,-0.037436548223350255,0.2751657196772781,-0.1564229566651285,-0.037436548223350255,0.2751657196772802,3152.0,3152,1.0015518576905273,0.6379156788687133,0.00011540342076223868
ISU_ILCC,ISU-ILCC_G51C1.pkl,NMC,549,TRUNCATED_AT_EOL,1,549,0,0.0,0,0.000e+00,112.0,0.2040072859744991,185.7778894472362,0.3383932412517963,199.4521793295733,0.363300873095762,5.484422517009079e-07,-0.1766848816029144,2.14053054396418,0.1653010431049017,-0.1766848816029144,2.1405305439641955,549.0,549,1.0213769462399913,0.7987652428308296,0.0004062257361481053,112.0,0.2040072859744991,185.7778894472362,0.3383932412517963,199.4521793295733,0.363300873095762,5.484422517009079e-07,-0.1766848816029144,2.14053054396418,0.1653010431049017,-0.1766848816029144,2.1405305439641955,549.0,549,1.0213769462399913,0.7987652428308296,0.0004062257361481053
ISU_ILCC,ISU-ILCC_G51C2.pkl,NMC,1075,TRUNCATED_AT_EOL,1,1075,0,0.0,0,0.000e+00,54.0,0.05023255813953489,492.6653266331658,0.4582933271006194,661.4847393512458,0.6153346412569729,6.458116076314074e-08,-0.14046511627906977,1.5477763197923413,0.07463160390690406,-0.14046511627906977,1.5477763197923389,1075.0,1075,1.0154362608288854,0.7996456309079406,0.00020092237422806775,54.0,0.05023255813953489,492.6653266331658,0.4582933271006194,661.4847393512458,0.6153346412569729,6.458116076314074e-08,-0.14046511627906977,1.5477763197923413,0.07463160390690406,-0.14046511627906977,1.5477763197923389,1075.0,1075,1.0154362608288854,0.7996456309079406,0.00020092237422806775
ISU_ILCC,ISU-ILCC_G51C3.pkl,NMC,832,TRUNCATED_AT_EOL,1,832,0,0.0,0,0.000e+00,653.0,0.7848557692307693,718.8336683417086,0.863982774449169,,,-3.4273354829681026e-08,0.0985576923076923,0.8947623578573172,-0.02372483877362134,0.0985576923076923,0.8947623578573102,832.0,832,1.0256254905460915,0.7994069527913996,0.00027222447383236094,653.0,0.7848557692307693,718.8336683417086,0.863982774449169,,,-3.4273354829681026e-08,0.0985576923076923,0.8947623578573172,-0.02372483877362134,0.0985576923076923,0.8947623578573102,832.0,832,1.0256254905460915,0.7994069527913996,0.00027222447383236094
ISU_ILCC,ISU-ILCC_G51C4.pkl,NMC,1046,TRUNCATED_AT_EOL,1,1046,0,0.0,0,0.000e+00,818.0,0.7820267686424475,290.34422110552765,0.2775757371945771,,,3.987311463363037e-08,-0.21032504780114722,1.2409401436485243,0.04362581269048781,-0.21032504780114722,1.2409401436485248,1046.0,1046,1.0249963519403087,0.799929751966152,0.0002153747368173748,818.0,0.7820267686424475,290.34422110552765,0.2775757371945771,,,3.987311463363037e-08,-0.21032504780114722,1.2409401436485243,0.04362581269048781,-0.21032504780114722,1.2409401436485248,1046.0,1046,1.0249963519403087,0.799929751966152,0.0002153747368173748
ISU_ILCC,ISU-ILCC_G52C1.pkl,NMC,611,TRUNCATED_AT_EOL,1,611,0,0.0,0,0.000e+00,49.0,0.08019639934533551,400.41206030150755,0.6553388875638422,542.4512381836406,0.8878089004642236,-9.147345069114059e-08,-0.04091653027823241,0.8213193396831938,-0.03414896008546584,-0.04091653027823241,0.8213193396831928,611.0,611,0.9868657768977739,0.7992536279482378,0.0003075608999172722,49.0,0.08019639934533551,400.41206030150755,0.6553388875638422,542.4512381836406,0.8878089004642236,-9.147345069114059e-08,-0.04091653027823241,0.8213193396831938,-0.03414896008546584,-0.04091653027823241,0.8213193396831928,611.0,611,0.9868657768977739,0.7992536279482378,0.0003075608999172722
ISU_ILCC,ISU-ILCC_G52C2.pkl,NMC,509,TRUNCATED_AT_EOL,1,509,0,0.0,0,0.000e+00,78.0,0.15324165029469547,315.2452261306533,0.6193422910228945,466.6805077481926,0.91685757907307,-2.6738988668827983e-07,0.009823182711198428,0.6551674956194863,-0.0692756392330868,0.009823182711198428,0.6551674956194922,509.0,509,0.9920448975719338,0.7989244165369587,0.00038015842723420305,78.0,0.15324165029469547,315.2452261306533,0.6193422910228945,466.6805077481926,0.91685757907307,-2.6738988668827983e-07,0.009823182711198428,0.6551674956194863,-0.0692756392330868,0.009823182711198428,0.6551674956194922,509.0,509,0.9920448975719338,0.7989244165369587,0.00038015842723420305
ISU_ILCC,ISU-ILCC_G52C3.pkl,NMC,661,TRUNCATED_AT_EOL,1,661,0,0.0,0,0.000e+00,627.0,0.9485627836611196,90.87939698492464,0.1374877412782521,67.57678628951166,0.10223416987823246,7.561832618868223e-08,-0.08925869894099848,1.2020752020701697,0.033039234696684766,-0.08925869894099848,1.2020752020701742,661.0,661,0.9963499154748888,0.7907559844610589,0.0003115059560815605,627.0,0.9485627836611196,90.87939698492464,0.1374877412782521,67.57678628951166,0.10223416987823246,7.561832618868223e-08,-0.08925869894099848,1.2020752020701697,0.033039234696684766,-0.08925869894099848,1.2020752020701742,661.0,661,0.9963499154748888,0.7907559844610589,0.0003115059560815605
ISU_ILCC,ISU-ILCC_G52C4.pkl,NMC,712,TRUNCATED_AT_EOL,1,712,0,0.0,0,0.000e+00,408.0,0.5730337078651685,100.68291457286433,0.14140858788323643,,,6.799644342290369e-08,-0.06741573033707865,1.2320638251582048,0.03447038901457581,-0.06741573033707865,1.2320638251582114,712.0,712,0.9905849207578825,0.798397869494241,0.000270305276038877,408.0,0.5730337078651685,100.68291457286433,0.14140858788323643,,,6.799644342290369e-08,-0.06741573033707865,1.2320638251582048,0.03447038901457581,-0.06741573033707865,1.2320638251582114,712.0,712,0.9905849207578825,0.798397869494241,0.000270305276038877
ISU_ILCC,ISU-ILCC_G53C1.pkl,NMC,229,TRUNCATED_AT_EOL,1,229,0,0.0,0,0.000e+00,76.0,0.3318777292576419,,,,,-2.0067440183903035e-07,-0.12663755458515283,0.8637496667931353,-0.010523566306839816,-0.12663755458515283,0.8637496667931329,229.0,229,1.047576111111111,0.7968632222222223,0.0010996179337231964,76.0,0.3318777292576419,,,,,-2.0067440183903035e-07,-0.12663755458515283,0.8637496667931353,-0.010523566306839816,-0.12663755458515283,0.8637496667931329,229.0,229,1.047576111111111,0.7968632222222223,0.0010996179337231964
ISU_ILCC,ISU-ILCC_G53C2.pkl,NMC,262,TRUNCATED_AT_EOL,1,262,0,0.0,0,0.000e+00,235.0,0.8969465648854962,,,,,3.8582842256404183e-07,0.0,1.1213963522916321,0.02648480623848569,0.0,1.1213963522916317,262.0,262,1.0480129999999999,0.7993495555555555,0.0009527335036185607,235.0,0.8969465648854962,,,,,3.8582842256404183e-07,0.0,1.1213963522916321,0.02648480623848569,0.0,1.1213963522916317,262.0,262,1.0480129999999999,0.7993495555555555,0.0009527335036185607
ISU_ILCC,ISU-ILCC_G53C3.pkl,NMC,250,TRUNCATED_AT_EOL,1,250,0,0.0,0,0.000e+00,237.0,0.948,,,,,1.304289181171597e-07,-0.072,0.9766338759526387,0.008151807382320913,-0.072,0.976633875952639,250.0,250,1.0618146666666666,0.7994328888888889,0.0010537420794288262,237.0,0.948,,,,,1.304289181171597e-07,-0.072,0.9766338759526387,0.008151807382320913,-0.072,0.976633875952639,250.0,250,1.0618146666666666,0.7994328888888889,0.0010537420794288262
ISU_ILCC,ISU-ILCC_G53C4.pkl,NMC,562,TRUNCATED_AT_EOL,1,562,0,0.0,0,0.000e+00,64.0,0.11387900355871886,402.1572864321608,0.7155823601995743,,,-5.466223778046407e-07,0.12099644128113879,0.40723639184621285,-0.17264739829532855,0.12099644128113879,0.4072363918462079,562.0,562,1.074041888888889,0.7990839999999999,0.0004901210140621908,64.0,0.11387900355871886,402.1572864321608,0.7155823601995743,,,-5.466223778046407e-07,0.12099644128113879,0.40723639184621285,-0.17264739829532855,0.12099644128113879,0.4072363918462079,562.0,562,1.074041888888889,0.7990839999999999,0.0004901210140621908
ISU_ILCC,ISU-ILCC_G54C1.pkl,NMC,3139,TRUNCATED_AT_EOL,1,3139,0,0.0,0,0.000e+00,2215.0,0.7056387384517362,2295.3668341708544,0.7312414253491094,1894.0861750011868,0.6034043246260551,-2.266030940473547e-08,0.06913029627269832,0.3113090239128083,-0.2232793025241762,0.06913029627269832,0.31130902391280946,3139.0,3139,0.9973631887934788,0.7962898083207185,6.407692175677513e-05,2215.0,0.7056387384517362,2295.3668341708544,0.7312414253491094,1894.0861750011868,0.6034043246260551,-2.266030940473547e-08,0.06913029627269832,0.3113090239128083,-0.2232793025241762,0.06913029627269832,0.31130902391280946,3139.0,3139,0.9973631887934788,0.7962898083207185,6.407692175677513e-05
ISU_ILCC,ISU-ILCC_G54C2.pkl,NMC,3284,TRUNCATED_AT_EOL,1,3284,0,0.0,0,0.000e+00,791.0,0.24086479902557856,2704.9381909547737,0.8236717999253269,2053.3494201934536,0.6252586541392977,-2.079206142150953e-08,0.1431181485992692,0.31007114131943503,-0.22423522996185058,0.1431181485992692,0.3100711413194303,3284.0,3284,0.9829789942853826,0.7996794066417028,5.583295389694786e-05,791.0,0.24086479902557856,2704.9381909547737,0.8236717999253269,2053.3494201934536,0.6252586541392977,-2.079206142150953e-08,0.1431181485992692,0.31007114131943503,-0.22423522996185058,0.1431181485992692,0.3100711413194303,3284.0,3284,0.9829789942853826,0.7996794066417028,5.583295389694786e-05
ISU_ILCC,ISU-ILCC_G54C3.pkl,NMC,3058,TRUNCATED_AT_EOL,1,3058,0,0.0,0,0.000e+00,2273.0,0.7432962720732504,2543.379396984925,0.8317133410676667,1910.3104959379118,0.6246927717259358,-1.7444452154193165e-08,0.015696533682145193,0.44455951548622574,-0.16312942187444507,0.015696533682145193,0.44455951548623185,3058.0,3058,0.9818903628786736,0.7980590611326447,6.01345442414226e-05,2273.0,0.7432962720732504,2543.379396984925,0.8317133410676667,1910.3104959379118,0.6246927717259358,-1.7444452154193165e-08,0.015696533682145193,0.44455951548622574,-0.16312942187444507,0.015696533682145193,0.44455951548623185,3058.0,3058,0.9818903628786736,0.7980590611326447,6.01345442414226e-05
ISU_ILCC,ISU-ILCC_G54C4.pkl,NMC,2998,TRUNCATED_AT_EOL,1,2998,0,0.0,0,0.000e+00,2307.0,0.7695130086724483,2662.1552763819095,0.8879770768452,1695.6262130475386,0.565585794879099,-1.1552438888566815e-08,-0.07605070046697798,0.6036900190087056,-0.10383336694019336,-0.07605070046697798,0.603690019008706,2998.0,2998,0.9933501983719378,0.7989867856771697,6.485265688847784e-05,2307.0,0.7695130086724483,2662.1552763819095,0.8879770768452,1695.6262130475386,0.565585794879099,-1.1552438888566815e-08,-0.07605070046697798,0.6036900190087056,-0.10383336694019336,-0.07605070046697798,0.603690019008706,2998.0,2998,0.9933501983719378,0.7989867856771697,6.485265688847784e-05
ISU_ILCC,ISU-ILCC_G55C1.pkl,NMC,933,TRUNCATED_AT_EOL,1,933,0,0.0,0,0.000e+00,823.0,0.8821007502679529,375.2050251256282,0.4021490087091406,,,7.186464402009654e-08,-0.028938906752411574,1.3970022846825911,0.06255738210841193,-0.028938906752411574,1.3970022846825982,933.0,933,1.0217666796435663,0.7995128663219134,0.0002384697567828893,823.0,0.8821007502679529,375.2050251256282,0.4021490087091406,,,7.186464402009654e-08,-0.028938906752411574,1.3970022846825911,0.06255738210841193,-0.028938906752411574,1.3970022846825982,933.0,933,1.0217666796435663,0.7995128663219134,0.0002384697567828893
ISU_ILCC,ISU-ILCC_G55C2.pkl,NMC,968,TRUNCATED_AT_EOL,1,968,0,0.0,0,0.000e+00,117.0,0.12086776859504132,544.7552763819097,0.5627637152705678,332.2735832888956,0.34325783397613185,6.72172054156819e-08,0.03305785123966942,1.417251276144708,0.06298413468742628,0.03305785123966942,1.4172512761447125,968.0,968,1.0256111807950565,0.7995745371718107,0.00023375040705609702,117.0,0.12086776859504132,544.7552763819097,0.5627637152705678,332.2735832888956,0.34325783397613185,6.72172054156819e-08,0.03305785123966942,1.417251276144708,0.06298413468742628,0.03305785123966942,1.4172512761447125,968.0,968,1.0256111807950565,0.7995745371718107,0.00023375040705609702
ISU_ILCC,ISU-ILCC_G55C3.pkl,NMC,757,TRUNCATED_AT_EOL,1,757,0,0.0,0,0.000e+00,46.0,0.0607661822985469,486.89145728643217,0.6431855446320108,54.23150138371981,0.07164002824797862,4.3477088324150325e-08,-0.05680317040951123,1.1649313032770756,0.02491450198706241,-0.05680317040951123,1.1649313032770756,757.0,757,1.0047846395798201,0.799391675651868,0.0002716838147195134,46.0,0.0607661822985469,486.89145728643217,0.6431855446320108,54.23150138371981,0.07164002824797862,4.3477088324150325e-08,-0.05680317040951123,1.1649313032770756,0.02491450198706241,-0.05680317040951123,1.1649313032770756,757.0,757,1.0047846395798201,0.799391675651868,0.0002716838147195134
ISU_ILCC,ISU-ILCC_G55C4.pkl,NMC,825,TRUNCATED_AT_EOL,1,825,0,0.0,0,0.000e+00,82.0,0.0993939393939394,321.9045226130654,0.390187300137049,,,8.362257518604895e-08,0.006060606060606061,1.3494842656775807,0.056915615236007924,0.006060606060606061,1.3494842656775714,825.0,825,1.0120058294387302,0.7986974938609672,0.00025886933929340165,82.0,0.0993939393939394,321.9045226130654,0.390187300137049,,,8.362257518604895e-08,0.006060606060606061,1.3494842656775807,0.056915615236007924,0.006060606060606061,1.3494842656775714,825.0,825,1.0120058294387302,0.7986974938609672,0.00025886933929340165
ISU_ILCC,ISU-ILCC_G56C1.pkl,NMC,1210,TRUNCATED_AT_EOL,1,1210,0,0.0,0,0.000e+00,771.0,0.6371900826446281,223.96633165829147,0.1850961418663566,232.04279814818747,0.1917709075604855,3.931120603439991e-08,-0.12231404958677686,1.3402862194271508,0.0575555367549675,-0.12231404958677686,1.340286219427155,1210.0,1210,0.9979762074271741,0.7984557378494745,0.00016502933794681517,771.0,0.6371900826446281,223.96633165829147,0.1850961418663566,232.04279814818747,0.1917709075604855,3.931120603439991e-08,-0.12231404958677686,1.3402862194271508,0.0575555367549675,-0.12231404958677686,1.340286219427155,1210.0,1210,0.9979762074271741,0.7984557378494745,0.00016502933794681517
ISU_ILCC,ISU-ILCC_G56C2.pkl,NMC,1045,TRUNCATED_AT_EOL,1,1045,0,0.0,0,0.000e+00,404.0,0.3866028708133971,227.11256281407034,0.2173325959943257,48.70476555202858,0.04660743115026659,4.929709490925504e-08,-0.03923444976076555,1.3048511576572346,0.053833660068280276,-0.03923444976076555,1.3048511576572197,1045.0,1045,1.0060907106543389,0.7997122320078155,0.00019768053510203388,404.0,0.3866028708133971,227.11256281407034,0.2173325959943257,48.70476555202858,0.04660743115026659,4.929709490925504e-08,-0.03923444976076555,1.3048511576572346,0.053833660068280276,-0.03923444976076555,1.3048511576572197,1045.0,1045,1.0060907106543389,0.7997122320078155,0.00019768053510203388
ISU_ILCC,ISU-ILCC_G56C3.pkl,NMC,1035,TRUNCATED_AT_EOL,1,1035,0,0.0,0,0.000e+00,79.0,0.07632850241545894,229.1035175879397,0.22135605564052147,306.76865090136045,0.29639483178875403,3.64650668274566e-08,-0.2289855072463768,1.2149387887216803,0.039062291212244075,-0.2289855072463768,1.214938788721682,1035.0,1035,1.0053824026083207,0.799753094091072,0.00019886780320817088,79.0,0.07632850241545894,229.1035175879397,0.22135605564052147,306.76865090136045,0.29639483178875403,3.64650668274566e-08,-0.2289855072463768,1.2149387887216803,0.039062291212244075,-0.2289855072463768,1.214938788721682,1035.0,1035,1.0053824026083207,0.799753094091072,0.00019886780320817088
ISU_ILCC,ISU-ILCC_G56C4.pkl,NMC,1010,TRUNCATED_AT_EOL,1,1010,0,0.0,0,0.000e+00,960.0,0.9504950495049505,231.70100502512565,0.22940693566844125,182.72542240068182,0.18091625980265527,7.318074035833015e-08,0.047524752475247525,1.4370821164114906,0.07465167323953038,0.047524752475247525,1.4370821164114835,1010.0,1010,1.017000139213856,0.7991571403458549,0.00021589989977007033,960.0,0.9504950495049505,231.70100502512565,0.22940693566844125,182.72542240068182,0.18091625980265527,7.318074035833015e-08,0.047524752475247525,1.4370821164114906,0.07465167323953038,0.047524752475247525,1.4370821164114835,1010.0,1010,1.017000139213856,0.7991571403458549,0.00021589989977007033
ISU_ILCC,ISU-ILCC_G57C1.pkl,NMC,4896,TRUNCATED_AT_EOL,1,4896,0,0.0,0,0.000e+00,1861.0,0.3801062091503268,,,,,8.784967784683464e-11,-0.1744281045751634,1.0452974726715634,0.0021058284633241964,-0.1744281045751634,1.0452974726715554,4896.0,4896,0.9819626021248677,0.7999561723509411,3.71821102704651e-05,1861.0,0.3801062091503268,,,,,8.784967784683464e-11,-0.1744281045751634,1.0452974726715634,0.0021058284633241964,-0.1744281045751634,1.0452974726715554,4896.0,4896,0.9819626021248677,0.7999561723509411,3.71821102704651e-05
ISU_ILCC,ISU-ILCC_G57C2.pkl,NMC,4887,TRUNCATED_AT_EOL,1,4887,0,0.0,0,0.000e+00,4511.0,0.9230611827296911,3926.986934673367,0.8035577930577792,2552.536061040199,0.5223114510006546,-5.981486396065019e-10,-0.17249846531614488,0.9781918473559491,-0.014285445787388407,-0.17249846531614488,0.9781918473559506,4887.0,4887,0.9968349203102999,0.7998067431747483,4.0325046487014234e-05,4511.0,0.9230611827296911,3926.986934673367,0.8035577930577792,2552.536061040199,0.5223114510006546,-5.981486396065019e-10,-0.17249846531614488,0.9781918473559491,-0.014285445787388407,-0.17249846531614488,0.9781918473559506,4887.0,4887,0.9968349203102999,0.7998067431747483,4.0325046487014234e-05
ISU_ILCC,ISU-ILCC_G57C3.pkl,NMC,4830,TRUNCATED_AT_EOL,1,4830,0,0.0,0,0.000e+00,4400.0,0.9109730848861284,1629.270854271357,0.33732315823423537,1276.2545670550603,0.26423490001139965,-9.040300350940505e-09,-0.009523809523809525,0.2860615226977592,-0.2109002628570534,-0.009523809523809525,0.2860615226977637,4830.0,4830,0.9842010122921183,0.7982937805549257,3.84980807076398e-05,4400.0,0.9109730848861284,1629.270854271357,0.33732315823423537,1276.2545670550603,0.26423490001139965,-9.040300350940505e-09,-0.009523809523809525,0.2860615226977592,-0.2109002628570534,-0.009523809523809525,0.2860615226977637,4830.0,4830,0.9842010122921183,0.7982937805549257,3.84980807076398e-05
ISU_ILCC,ISU-ILCC_G57C4.pkl,NMC,4904,TRUNCATED_AT_EOL,1,4904,0,0.0,0,0.000e+00,4577.0,0.9333197389885808,1043.1954773869347,0.21272338445899974,654.7138732438175,0.13350609160763,-7.0736441263616986e-09,-0.020391517128874388,0.39736717374091357,-0.17011559550200153,-0.020391517128874388,0.39736717374091446,4904.0,4904,0.9859694340375736,0.7988266190117657,3.816904242827004e-05,4577.0,0.9333197389885808,1043.1954773869347,0.21272338445899974,654.7138732438175,0.13350609160763,-7.0736441263616986e-09,-0.020391517128874388,0.39736717374091357,-0.17011559550200153,-0.020391517128874388,0.39736717374091446,4904.0,4904,0.9859694340375736,0.7988266190117657,3.816904242827004e-05
ISU_ILCC,ISU-ILCC_G58C1.pkl,NMC,1509,TRUNCATED_AT_EOL,1,1509,0,0.0,0,0.000e+00,1352.0,0.8959575878064944,473.1025125628142,0.3135205517314872,387.6023710424291,0.2568604181858377,4.8555190666212524e-08,-0.008614976805831677,1.8374487253423835,0.11056410211740784,-0.008614976805831677,1.8374487253423875,1509.0,1509,0.9974291247797515,0.7988878486805298,0.0001316586711533301,1352.0,0.8959575878064944,473.1025125628142,0.3135205517314872,387.6023710424291,0.2568604181858377,4.8555190666212524e-08,-0.008614976805831677,1.8374487253423835,0.11056410211740784,-0.008614976805831677,1.8374487253423875,1509.0,1509,0.9974291247797515,0.7988878486805298,0.0001316586711533301
ISU_ILCC,ISU-ILCC_G58C2.pkl,NMC,909,TRUNCATED_AT_EOL,1,909,0,0.0,0,0.000e+00,509.0,0.55995599559956,343.6673366834171,0.37807187753951277,252.7371410072529,0.2780386589738756,5.3497317160320174e-08,-0.020902090209020903,1.2873738308648808,0.04420381672054891,-0.020902090209020903,1.287373830864879,909.0,909,0.9983360452908545,0.799733227182893,0.00021872557060348188,509.0,0.55995599559956,343.6673366834171,0.37807187753951277,252.7371410072529,0.2780386589738756,5.3497317160320174e-08,-0.020902090209020903,1.2873738308648808,0.04420381672054891,-0.020902090209020903,1.287373830864879,909.0,909,0.9983360452908545,0.799733227182893,0.00021872557060348188
ISU_ILCC,ISU-ILCC_G58C3.pkl,NMC,1111,TRUNCATED_AT_EOL,1,1111,0,0.0,0,0.000e+00,393.0,0.35373537353735374,156.62311557788945,0.14097490151025152,525.6596698478846,0.47314101696479266,1.2581236444230252e-08,-0.004500450045004501,1.0412433180197043,0.015529284349080867,-0.004500450045004501,1.0412433180196994,1111.0,1111,0.9885633762708647,0.7984391968169197,0.0001712830445531036,393.0,0.35373537353735374,156.62311557788945,0.14097490151025152,525.6596698478846,0.47314101696479266,1.2581236444230252e-08,-0.004500450045004501,1.0412433180197043,0.015529284349080867,-0.004500450045004501,1.0412433180196994,1111.0,1111,0.9885633762708647,0.7984391968169197,0.0001712830445531036
ISU_ILCC,ISU-ILCC_G58C4.pkl,NMC,1161,TRUNCATED_AT_EOL,1,1161,0,0.0,0,0.000e+00,545.0,0.4694229112833764,205.60301507537687,0.17709131358774924,98.89602823274275,0.08518176419702218,3.310643730929684e-08,-0.024978466838931956,1.2386423135039124,0.04462486208438561,-0.024978466838931956,1.238642313503906,1161.0,1161,0.9874552269363381,0.7999706494560711,0.0001616246357588509,545.0,0.4694229112833764,205.60301507537687,0.17709131358774924,98.89602823274275,0.08518176419702218,3.310643730929684e-08,-0.024978466838931956,1.2386423135039124,0.04462486208438561,-0.024978466838931956,1.238642313503906,1161.0,1161,0.9874552269363381,0.7999706494560711,0.0001616246357588509
ISU_ILCC,ISU-ILCC_G59C1.pkl,NMC,3121,TRUNCATED_AT_EOL,1,3121,0,0.0,0,0.000e+00,2869.0,0.9192566485100929,1780.4974874371862,0.5704894224406236,1384.539532906211,0.4436204847504681,-1.60107236782403e-08,0.02531239987183595,0.5118614092665289,-0.1559547114999388,0.02531239987183595,0.5118614092665268,3121.0,3121,1.013720337242019,0.7990586919432323,6.880180939063674e-05,2869.0,0.9192566485100929,1780.4974874371862,0.5704894224406236,1384.539532906211,0.4436204847504681,-1.60107236782403e-08,0.02531239987183595,0.5118614092665289,-0.1559547114999388,0.02531239987183595,0.5118614092665268,3121.0,3121,1.013720337242019,0.7990586919432323,6.880180939063674e-05
ISU_ILCC,ISU-ILCC_G59C2.pkl,NMC,3269,TRUNCATED_AT_EOL,1,3269,0,0.0,0,0.000e+00,3007.0,0.9198531661058428,2206.489447236181,0.6749738290719428,1677.4847345886812,0.5131491999353568,-1.8740648542950623e-08,-0.026613643315998775,0.5053125079572335,-0.200269335704094,-0.026613643315998775,0.505312507957229,3269.0,3269,1.01729167480835,0.7999966592834731,6.649174281666981e-05,3007.0,0.9198531661058428,2206.489447236181,0.6749738290719428,1677.4847345886812,0.5131491999353568,-1.8740648542950623e-08,-0.026613643315998775,0.5053125079572335,-0.200269335704094,-0.026613643315998775,0.505312507957229,3269.0,3269,1.01729167480835,0.7999966592834731,6.649174281666981e-05
ISU_ILCC,ISU-ILCC_G59C3.pkl,NMC,2850,TRUNCATED_AT_EOL,1,2850,0,0.0,0,0.000e+00,261.0,0.09157894736842105,2278.7683417085427,0.79956783919598,2158.849603977726,0.7574910891149916,-1.0126933808834526e-08,-0.030175438596491227,0.7614189371259763,-0.08225601986226029,-0.030175438596491227,0.7614189371259694,2850.0,2850,1.0234759496859984,0.7987211758980165,7.888900448858615e-05,261.0,0.09157894736842105,2278.7683417085427,0.79956783919598,2158.849603977726,0.7574910891149916,-1.0126933808834526e-08,-0.030175438596491227,0.7614189371259763,-0.08225601986226029,-0.030175438596491227,0.7614189371259694,2850.0,2850,1.0234759496859984,0.7987211758980165,7.888900448858615e-05
ISU_ILCC,ISU-ILCC_G59C4.pkl,NMC,2528,TRUNCATED_AT_EOL,1,2528,0,0.0,0,0.000e+00,244.0,0.09651898734177215,2194.0296482412064,0.8678914747789582,1455.8972227831987,0.5759087115439868,-1.9496230356744623e-08,0.00949367088607595,0.6042529979079628,-0.12459619702419383,0.00949367088607595,0.6042529979079668,2528.0,2528,1.0181118265944273,0.7789638609769692,9.463710550750221e-05,244.0,0.09651898734177215,2194.0296482412064,0.8678914747789582,1455.8972227831987,0.5759087115439868,-1.9496230356744623e-08,0.00949367088607595,0.6042529979079628,-0.12459619702419383,0.00949367088607595,0.6042529979079668,2528.0,2528,1.0181118265944273,0.7789638609769692,9.463710550750221e-05
ISU_ILCC,ISU-ILCC_G5C1.pkl,NMC,526,TRUNCATED_AT_EOL,1,526,0,0.0,0,0.000e+00,161.0,0.3060836501901141,408.07286432160805,0.7758039245657947,376.95227883989475,0.7166393133838304,-8.128634298316741e-07,0.1444866920152091,0.4162412683644061,-0.2248998023121068,0.1444866920152091,0.4162412683644075,526.0,526,1.106436,0.7926434444444445,0.0005977001058201058,161.0,0.3060836501901141,408.07286432160805,0.7758039245657947,376.95227883989475,0.7166393133838304,-8.128634298316741e-07,0.1444866920152091,0.4162412683644061,-0.2248998023121068,0.1444866920152091,0.4162412683644075,526.0,526,1.106436,0.7926434444444445,0.0005977001058201058
ISU_ILCC,ISU-ILCC_G5C2.pkl,NMC,553,TRUNCATED_AT_EOL,1,553,0,0.0,0,0.000e+00,130.0,0.23508137432188064,429.00804020100503,0.7757830745045299,398.1025115908986,0.7198960426598527,-5.327060516251864e-07,0.1609403254972875,0.5615535571493093,-0.16290630494144864,0.1609403254972875,0.5615535571493077,553.0,553,1.1013116666666667,0.7946387777777778,0.0005555668276972625,130.0,0.23508137432188064,429.00804020100503,0.7757830745045299,398.1025115908986,0.7198960426598527,-5.327060516251864e-07,0.1609403254972875,0.5615535571493093,-0.16290630494144864,0.1609403254972875,0.5615535571493077,553.0,553,1.1013116666666667,0.7946387777777778,0.0005555668276972625
ISU_ILCC,ISU-ILCC_G5C3.pkl,NMC,705,TRUNCATED_AT_EOL,1,705,0,0.0,0,0.000e+00,376.0,0.5333333333333333,331.7738693467337,0.4706012331159343,328.876314583782,0.4664912263599745,-1.4463222297341652e-07,0.10354609929078014,0.7798839393886224,-0.07188583062336247,0.10354609929078014,0.7798839393886288,705.0,705,1.0984233333333333,0.7998902222222222,0.0004240527146464647,376.0,0.5333333333333333,331.7738693467337,0.4706012331159343,328.876314583782,0.4664912263599745,-1.4463222297341652e-07,0.10354609929078014,0.7798839393886224,-0.07188583062336247,0.10354609929078014,0.7798839393886288,705.0,705,1.0984233333333333,0.7998902222222222,0.0004240527146464647
ISU_ILCC,ISU-ILCC_G5C4.pkl,NMC,334,TRUNCATED_AT_EOL,1,334,0,0.0,0,0.000e+00,26.0,0.07784431137724551,299.3613065326633,0.8962913369241416,255.7983969972392,0.7658634640635904,-2.368854643315948e-06,0.23353293413173654,0.33526034712244457,-0.26425994858975055,0.23353293413173654,0.3352603471224422,334.0,334,1.1217027777777777,0.7877403333333333,0.0010028902235568902,26.0,0.07784431137724551,299.3613065326633,0.8962913369241416,255.7983969972392,0.7658634640635904,-2.368854643315948e-06,0.23353293413173654,0.33526034712244457,-0.26425994858975055,0.23353293413173654,0.3352603471224422,334.0,334,1.1217027777777777,0.7877403333333333,0.0010028902235568902
ISU_ILCC,ISU-ILCC_G60C1.pkl,NMC,502,TRUNCATED_AT_EOL,1,502,0,0.0,0,0.000e+00,60.0,0.11952191235059761,423.7030150753769,0.844029910508719,317.2412073339309,0.6319545962827309,-2.785040517534548e-08,-0.14342629482071714,0.9766865333544159,-0.007018413505805973,-0.14342629482071714,0.9766865333544107,502.0,502,0.995262700290246,0.7987194475233593,0.0003923019017303127,60.0,0.11952191235059761,423.7030150753769,0.844029910508719,317.2412073339309,0.6319545962827309,-2.785040517534548e-08,-0.14342629482071714,0.9766865333544159,-0.007018413505805973,-0.14342629482071714,0.9766865333544107,502.0,502,0.995262700290246,0.7987194475233593,0.0003923019017303127
ISU_ILCC,ISU-ILCC_G60C2.pkl,NMC,316,TRUNCATED_AT_EOL,1,316,0,0.0,0,0.000e+00,58.0,0.18354430379746836,,,54.600635765884554,0.17278682204393847,8.953959923648848e-08,-0.08227848101265822,0.9545879037181623,0.008941066221358568,-0.08227848101265822,0.9545879037181646,316.0,316,0.9934330374177709,0.7991119111874694,0.0006168924642231794,58.0,0.18354430379746836,,,54.600635765884554,0.17278682204393847,8.953959923648848e-08,-0.08227848101265822,0.9545879037181623,0.008941066221358568,-0.08227848101265822,0.9545879037181646,316.0,316,0.9934330374177709,0.7991119111874694,0.0006168924642231794
ISU_ILCC,ISU-ILCC_G60C3.pkl,NMC,401,TRUNCATED_AT_EOL,1,401,0,0.0,0,0.000e+00,22.0,0.05486284289276808,69.94472361809045,0.17442574468351732,165.16272933594678,0.411877130513583,-1.5973075094775428e-07,0.24688279301745636,0.8830578232295071,-0.025684864483151406,0.24688279301745636,0.883057823229508,401.0,401,0.9946427103631535,0.7999449971861183,0.00048674428294258803,22.0,0.05486284289276808,69.94472361809045,0.17442574468351732,165.16272933594678,0.411877130513583,-1.5973075094775428e-07,0.24688279301745636,0.8830578232295071,-0.025684864483151406,0.24688279301745636,0.883057823229508,401.0,401,0.9946427103631535,0.7999449971861183,0.00048674428294258803
ISU_ILCC,ISU-ILCC_G60C4.pkl,NMC,406,TRUNCATED_AT_EOL,1,406,0,0.0,0,0.000e+00,21.0,0.05172413793103448,214.08291457286433,0.527297819144986,177.54037769291202,0.4372915706721971,-1.7192548967174355e-07,0.024630541871921183,0.8648363049822905,-0.028339510015529912,0.024630541871921183,0.8648363049822917,406.0,406,0.9950963549968823,0.7997481259613444,0.00048234130626058754,21.0,0.05172413793103448,214.08291457286433,0.527297819144986,177.54037769291202,0.4372915706721971,-1.7192548967174355e-07,0.024630541871921183,0.8648363049822905,-0.028339510015529912,0.024630541871921183,0.8648363049822917,406.0,406,0.9950963549968823,0.7997481259613444,0.00048234130626058754
ISU_ILCC,ISU-ILCC_G61C2.pkl,NMC,1055,TRUNCATED_AT_EOL,1,1055,0,0.0,0,0.000e+00,715.0,0.6777251184834123,284.36180904522615,0.2695372597585082,357.6889985924836,0.33904170482699864,3.058536274293231e-08,-0.06919431279620854,1.160106993823545,0.03404227336695486,-0.06919431279620854,1.1601069938235464,1055.0,1055,1.0345634277807325,0.7996073623558563,0.00022291846814504387,715.0,0.6777251184834123,284.36180904522615,0.2695372597585082,357.6889985924836,0.33904170482699864,3.058536274293231e-08,-0.06919431279620854,1.160106993823545,0.03404227336695486,-0.06919431279620854,1.1601069938235464,1055.0,1055,1.0345634277807325,0.7996073623558563,0.00022291846814504387
ISU_ILCC,ISU-ILCC_G61C3.pkl,NMC,585,TRUNCATED_AT_EOL,1,585,0,0.0,0,0.000e+00,320.0,0.5470085470085471,418.6040201005025,0.7155624275222265,,,-7.987972147151332e-08,-0.022222222222222223,0.8794634132323458,-0.0273368376805875,-0.022222222222222223,0.8794634132323538,585.0,585,1.008656548277675,0.7968987113059028,0.0003625990359105688,320.0,0.5470085470085471,418.6040201005025,0.7155624275222265,,,-7.987972147151332e-08,-0.022222222222222223,0.8794634132323458,-0.0273368376805875,-0.022222222222222223,0.8794634132323538,585.0,585,1.008656548277675,0.7968987113059028,0.0003625990359105688
ISU_ILCC,ISU-ILCC_G61C4.pkl,NMC,1227,TRUNCATED_AT_EOL,1,1227,0,0.0,0,0.000e+00,884.0,0.7204563977180114,971.3266331658292,0.7916272478939114,,,-1.1213593120104595e-08,-0.020374898125509373,0.9389907986372293,-0.0168823896365189,-0.020374898125509373,0.9389907986372329,1227.0,1227,1.0284851934209,0.7989761781497324,0.00018720148064532433,884.0,0.7204563977180114,971.3266331658292,0.7916272478939114,,,-1.1213593120104595e-08,-0.020374898125509373,0.9389907986372293,-0.0168823896365189,-0.020374898125509373,0.9389907986372329,1227.0,1227,1.0284851934209,0.7989761781497324,0.00018720148064532433
ISU_ILCC,ISU-ILCC_G62C1.pkl,NMC,603,TRUNCATED_AT_EOL,1,603,0,0.0,0,0.000e+00,91.0,0.15091210613598674,,,276.7294449572938,0.45892113591591016,9.951038941224958e-08,-0.15091210613598674,1.2180534268785168,0.03618287318380094,-0.15091210613598674,1.2180534268785173,603.0,603,1.009676793638883,0.7989802986844955,0.00034999417766509564,91.0,0.15091210613598674,,,276.7294449572938,0.45892113591591016,9.951038941224958e-08,-0.15091210613598674,1.2180534268785168,0.03618287318380094,-0.15091210613598674,1.2180534268785173,603.0,603,1.009676793638883,0.7989802986844955,0.00034999417766509564
ISU_ILCC,ISU-ILCC_G62C2.pkl,NMC,876,TRUNCATED_AT_EOL,1,876,0,0.0,0,0.000e+00,45.0,0.05136986301369863,,,739.5078422466411,0.844187034528129,-7.273379759563905e-09,0.02511415525114155,0.9958009510046285,-0.005581417066374234,0.02511415525114155,0.9958009510046205,876.0,876,1.0130703611294307,0.799481926618057,0.0002441010680129986,45.0,0.05136986301369863,,,739.5078422466411,0.844187034528129,-7.273379759563905e-09,0.02511415525114155,0.9958009510046285,-0.005581417066374234,0.02511415525114155,0.9958009510046205,876.0,876,1.0130703611294307,0.799481926618057,0.0002441010680129986
ISU_ILCC,ISU-ILCC_G62C3.pkl,NMC,714,TRUNCATED_AT_EOL,1,714,0,0.0,0,0.000e+00,89.0,0.12464985994397759,,,302.16292704177783,0.42319737680921266,-8.887948859309934e-09,-0.10084033613445378,0.9818578173955844,-0.004531040776682179,-0.10084033613445378,0.981857817395585,714.0,714,0.9984343701327241,0.7997070344907526,0.00027871996583726707,89.0,0.12464985994397759,,,302.16292704177783,0.42319737680921266,-8.887948859309934e-09,-0.10084033613445378,0.9818578173955844,-0.004531040776682179,-0.10084033613445378,0.981857817395585,714.0,714,0.9984343701327241,0.7997070344907526,0.00027871996583726707
ISU_ILCC,ISU-ILCC_G62C4.pkl,NMC,505,TRUNCATED_AT_EOL,1,505,0,0.0,0,0.000e+00,59.0,0.11683168316831684,,,444.4133074126789,0.8800263513122354,-6.191127563725375e-08,-0.13267326732673268,0.932533726695071,-0.01578892306939183,-0.13267326732673268,0.9325337266950696,505.0,505,1.0010445985591476,0.7988559926125484,0.0004011678689416652,59.0,0.11683168316831684,,,444.4133074126789,0.8800263513122354,-6.191127563725375e-08,-0.13267326732673268,0.932533726695071,-0.01578892306939183,-0.13267326732673268,0.9325337266950696,505.0,505,1.0010445985591476,0.7988559926125484,0.0004011678689416652
ISU_ILCC,ISU-ILCC_G63C1.pkl,NMC,404,TRUNCATED_AT_EOL,1,404,0,0.0,0,0.000e+00,237.0,0.5866336633663366,,,,,-3.21310499308599e-08,-0.1782178217821782,0.9428045487274448,-0.005244301445514883,-0.1782178217821782,0.9428045487274394,404.0,404,0.9923531549195479,0.7969754278663018,0.0004848082557152508,237.0,0.5866336633663366,,,,,-3.21310499308599e-08,-0.1782178217821782,0.9428045487274448,-0.005244301445514883,-0.1782178217821782,0.9428045487274394,404.0,404,0.9923531549195479,0.7969754278663018,0.0004848082557152508
ISU_ILCC,ISU-ILCC_G63C2.pkl,NMC,311,TRUNCATED_AT_EOL,1,311,0,0.0,0,0.000e+00,236.0,0.7588424437299035,,,,,-1.2115924262163598e-07,0.022508038585209004,0.9160567855370938,-0.011718643105609,0.022508038585209004,0.9160567855370931,311.0,311,0.9940365518717459,0.7999505179523764,0.000626083980385063,236.0,0.7588424437299035,,,,,-1.2115924262163598e-07,0.022508038585209004,0.9160567855370938,-0.011718643105609,0.022508038585209004,0.9160567855370931,311.0,311,0.9940365518717459,0.7999505179523764,0.000626083980385063
ISU_ILCC,ISU-ILCC_G63C3.pkl,NMC,539,TRUNCATED_AT_EOL,1,539,0,0.0,0,0.000e+00,149.0,0.2764378478664193,,,,,2.167966324956889e-08,-0.12430426716141002,0.9878779423105106,0.006298397446928874,-0.12430426716141002,0.9878779423105064,539.0,539,0.9913094246167564,0.797743306395866,0.00035978832383065136,149.0,0.2764378478664193,,,,,2.167966324956889e-08,-0.12430426716141002,0.9878779423105106,0.006298397446928874,-0.12430426716141002,0.9878779423105064,539.0,539,0.9913094246167564,0.797743306395866,0.00035978832383065136
ISU_ILCC,ISU-ILCC_G63C4.pkl,NMC,576,TRUNCATED_AT_EOL,1,576,0,0.0,0,0.000e+00,215.0,0.3732638888888889,,,,,-5.179193539687856e-08,0.017361111111111112,0.857287071882455,-0.017183321158236238,0.017361111111111112,0.8572870718824505,576.0,576,0.9910725214180034,0.7984806083769941,0.0003349424574626249,215.0,0.3732638888888889,,,,,-5.179193539687856e-08,0.017361111111111112,0.857287071882455,-0.017183321158236238,0.017361111111111112,0.8572870718824505,576.0,576,0.9910725214180034,0.7984806083769941,0.0003349424574626249
ISU_ILCC,ISU-ILCC_G64C1.pkl,NMC,509,TRUNCATED_AT_EOL,1,509,0,0.0,0,0.000e+00,70.0,0.137524557956778,435.7356783919598,0.8560622365264436,338.1220138668462,0.6642868641784798,-3.1366459825208354e-07,0.3280943025540275,0.6858746613879169,-0.08126453777974871,0.3280943025540275,0.685874661387925,509.0,509,1.030731888888889,0.7998581111111112,0.0004544759405074367,70.0,0.137524557956778,435.7356783919598,0.8560622365264436,338.1220138668462,0.6642868641784798,-3.1366459825208354e-07,0.3280943025540275,0.6858746613879169,-0.08126453777974871,0.3280943025540275,0.685874661387925,509.0,509,1.030731888888889,0.7998581111111112,0.0004544759405074367
ISU_ILCC,ISU-ILCC_G64C2.pkl,NMC,419,TRUNCATED_AT_EOL,1,419,0,0.0,0,0.000e+00,79.0,0.18854415274463007,360.3959798994975,0.860133603578753,311.3311526258635,0.7430337771500323,-6.433730013279706e-07,0.2315035799522673,0.5824709748024532,-0.11295120748613946,0.2315035799522673,0.5824709748024582,419.0,419,1.0357308888888888,0.7980328888888889,0.0005686555023923441,79.0,0.18854415274463007,360.3959798994975,0.860133603578753,311.3311526258635,0.7430337771500323,-6.433730013279706e-07,0.2315035799522673,0.5824709748024532,-0.11295120748613946,0.2315035799522673,0.5824709748024582,419.0,419,1.0357308888888888,0.7980328888888889,0.0005686555023923441
ISU_ILCC,ISU-ILCC_G64C3.pkl,NMC,584,TRUNCATED_AT_EOL,1,584,0,0.0,0,0.000e+00,73.0,0.125,305.39045226130656,0.5229288566118263,208.33132311810877,0.3567317176679945,1.1153814799129203e-07,0.1232876712328767,1.2422099230897692,0.03804075460131702,0.1232876712328767,1.2422099230897743,584.0,584,1.0321218888888888,0.7971444444444444,0.00040304878978463866,73.0,0.125,305.39045226130656,0.5229288566118263,208.33132311810877,0.3567317176679945,1.1153814799129203e-07,0.1232876712328767,1.2422099230897692,0.03804075460131702,0.1232876712328767,1.2422099230897743,584.0,584,1.0321218888888888,0.7971444444444444,0.00040304878978463866
ISU_ILCC,ISU-ILCC_G64C4.pkl,NMC,597,TRUNCATED_AT_EOL,1,597,0,0.0,0,0.000e+00,72.0,0.12060301507537688,134.87537688442214,0.2259219043290153,,,2.3246141424347265e-08,-0.1490787269681742,1.0439286028373262,0.00828513401890898,-0.1490787269681742,1.04392860283732,597.0,597,1.031047111111111,0.7997956666666667,0.0003880057792692019,72.0,0.12060301507537688,134.87537688442214,0.2259219043290153,,,2.3246141424347265e-08,-0.1490787269681742,1.0439286028373262,0.00828513401890898,-0.1490787269681742,1.04392860283732,597.0,597,1.031047111111111,0.7997956666666667,0.0003880057792692019
ISU_ILCC,ISU-ILCC_G6C1.pkl,NMC,2729,TRUNCATED_AT_EOL,1,2729,0,0.0,0,0.000e+00,1080.0,0.395749358739465,,,1645.305323494572,0.6028967839848193,-1.0507973266450916e-08,-0.04287284719677537,0.5457100786785178,-0.07825751093146963,-0.04287284719677537,0.5457100786785205,2729.0,2729,0.9762504404710483,0.7981743895923796,6.52771447502451e-05,1080.0,0.395749358739465,,,1645.305323494572,0.6028967839848193,-1.0507973266450916e-08,-0.04287284719677537,0.5457100786785178,-0.07825751093146963,-0.04287284719677537,0.5457100786785205,2729.0,2729,0.9762504404710483,0.7981743895923796,6.52771447502451e-05
ISU_ILCC,ISU-ILCC_G6C2.pkl,NMC,3978,TRUNCATED_AT_EOL,1,3978,0,0.0,0,0.000e+00,674.0,0.16943187531422826,846.362311557789,0.21276076208089215,1788.0844391833639,0.44949332307274104,-5.971312850517149e-09,0.01809954751131222,0.5594624784971757,-0.09449294466200187,0.01809954751131222,0.559462478497182,3978.0,3978,0.9907675066140179,0.7969183678667445,4.8742554374471556e-05,674.0,0.16943187531422826,846.362311557789,0.21276076208089215,1788.0844391833639,0.44949332307274104,-5.971312850517149e-09,0.01809954751131222,0.5594624784971757,-0.09449294466200187,0.01809954751131222,0.559462478497182,3978.0,3978,0.9907675066140179,0.7969183678667445,4.8742554374471556e-05
ISU_ILCC,ISU-ILCC_G6C3.pkl,NMC,3792,TRUNCATED_AT_EOL,1,3792,0,0.0,0,0.000e+00,335.0,0.08834388185654009,2574.6889447236185,0.6789791520895618,845.5594773029479,0.22298509422546095,2.0281127151957967e-09,-0.09124472573839662,1.2713010859220333,0.029162768153556836,-0.09124472573839662,1.2713010859220382,3792.0,3792,0.9959674185869063,0.7430281633668698,6.672098528621378e-05,335.0,0.08834388185654009,2574.6889447236185,0.6789791520895618,845.5594773029479,0.22298509422546095,2.0281127151957967e-09,-0.09124472573839662,1.2713010859220333,0.029162768153556836,-0.09124472573839662,1.2713010859220382,3792.0,3792,0.9959674185869063,0.7430281633668698,6.672098528621378e-05
ISU_ILCC,ISU-ILCC_G6C4.pkl,NMC,3315,TRUNCATED_AT_EOL,1,3315,0,0.0,0,0.000e+00,3006.0,0.9067873303167421,918.5949748743718,0.2771025565231891,,,-1.0386108537574606e-08,0.031070889894419307,0.4933411612078952,-0.11413528359382878,0.031070889894419307,0.49334116120789734,3315.0,3315,0.9760332854805865,0.7902140436684139,5.607098425231523e-05,3006.0,0.9067873303167421,918.5949748743718,0.2771025565231891,,,-1.0386108537574606e-08,0.031070889894419307,0.4933411612078952,-0.11413528359382878,0.031070889894419307,0.49334116120789734,3315.0,3315,0.9760332854805865,0.7902140436684139,5.607098425231523e-05
ISU_ILCC,ISU-ILCC_G7C1.pkl,NMC,944,TRUNCATED_AT_EOL,1,944,0,0.0,0,0.000e+00,618.0,0.6546610169491526,474.3954773869347,0.502537581977685,173.2781342846501,0.18355734564051918,8.356742293280702e-08,-0.11228813559322035,1.6024331980457358,0.07446993900265293,-0.11228813559322035,1.602433198045748,944.0,944,0.9963407731493522,0.798594440789977,0.00020969918595904052,618.0,0.6546610169491526,474.3954773869347,0.502537581977685,173.2781342846501,0.18355734564051918,8.356742293280702e-08,-0.11228813559322035,1.6024331980457358,0.07446993900265293,-0.11228813559322035,1.602433198045748,944.0,944,0.9963407731493522,0.798594440789977,0.00020969918595904052
ISU_ILCC,ISU-ILCC_G7C2.pkl,NMC,1155,TRUNCATED_AT_EOL,1,1155,0,0.0,0,0.000e+00,286.0,0.24761904761904763,445.7829145728644,0.3859592333964194,368.33004504856655,0.31890047190352083,8.96109433857729e-08,-0.07012987012987013,2.0274021178704813,0.11954323875020396,-0.07012987012987013,2.027402117870479,1155.0,1155,0.9942389899123344,0.7968129508770447,0.00017107975652971375,286.0,0.24761904761904763,445.7829145728644,0.3859592333964194,368.33004504856655,0.31890047190352083,8.96109433857729e-08,-0.07012987012987013,2.0274021178704813,0.11954323875020396,-0.07012987012987013,2.027402117870479,1155.0,1155,0.9942389899123344,0.7968129508770447,0.00017107975652971375
ISU_ILCC,ISU-ILCC_G7C3.pkl,NMC,1387,TRUNCATED_AT_EOL,1,1387,0,0.0,0,0.000e+00,959.0,0.6914203316510454,501.77085427135677,0.3617670182201563,518.6339565404603,0.37392498669103125,6.96236036437856e-08,-0.09300648882480173,2.2870645772287164,0.13393973035819895,-0.09300648882480173,2.2870645772287155,1387.0,1387,0.9855172857372568,0.7974748351825053,0.000135672763748017,959.0,0.6914203316510454,501.77085427135677,0.3617670182201563,518.6339565404603,0.37392498669103125,6.96236036437856e-08,-0.09300648882480173,2.2870645772287164,0.13393973035819895,-0.09300648882480173,2.2870645772287155,1387.0,1387,0.9855172857372568,0.7974748351825053,0.000135672763748017
ISU_ILCC,ISU-ILCC_G7C4.pkl,NMC,1260,TRUNCATED_AT_EOL,1,1260,0,0.0,0,0.000e+00,687.0,0.5452380952380952,582.4175879396985,0.4622361809045226,491.34577772854846,0.38995696645122896,8.29572565457454e-08,-0.07936507936507936,2.285536326644187,0.13170294049202147,-0.07936507936507936,2.2855363266441846,1260.0,1260,0.9967838687752574,0.7998862206072476,0.0001563920954471881,687.0,0.5452380952380952,582.4175879396985,0.4622361809045226,491.34577772854846,0.38995696645122896,8.29572565457454e-08,-0.07936507936507936,2.285536326644187,0.13170294049202147,-0.07936507936507936,2.2855363266441846,1260.0,1260,0.9967838687752574,0.7998862206072476,0.0001563920954471881
ISU_ILCC,ISU-ILCC_G8C1.pkl,NMC,565,TRUNCATED_AT_EOL,1,565,0,0.0,0,0.000e+00,311.0,0.5504424778761062,,,,,4.1316561983067273e-08,-0.1256637168141593,1.0401554384397242,0.013189279499042672,-0.1256637168141593,1.0401554384397238,565.0,565,1.0046929090383903,0.7992422270486836,0.00036427425884699754,311.0,0.5504424778761062,,,,,4.1316561983067273e-08,-0.1256637168141593,1.0401554384397242,0.013189279499042672,-0.1256637168141593,1.0401554384397238,565.0,565,1.0046929090383903,0.7992422270486836,0.00036427425884699754
ISU_ILCC,ISU-ILCC_G8C2.pkl,NMC,603,TRUNCATED_AT_EOL,1,603,0,0.0,0,0.000e+00,268.0,0.4444444444444444,131.38291457286434,0.2178821137195097,10.602315493992272,0.017582612759522838,1.8758061548000097e-07,-0.008291873963515755,1.494077471163612,0.06820600001406758,-0.008291873963515755,1.4940774711636167,603.0,603,0.994623520438585,0.7975958976391093,0.0003272884099659065,268.0,0.4444444444444444,131.38291457286434,0.2178821137195097,10.602315493992272,0.017582612759522838,1.8758061548000097e-07,-0.008291873963515755,1.494077471163612,0.06820600001406758,-0.008291873963515755,1.4940774711636167,603.0,603,0.994623520438585,0.7975958976391093,0.0003272884099659065
ISU_ILCC,ISU-ILCC_G8C3.pkl,NMC,708,TRUNCATED_AT_EOL,1,708,0,0.0,0,0.000e+00,382.0,0.53954802259887,105.80653266331659,0.14944425517417598,,,3.126011005645995e-08,0.01977401129943503,1.060465894675362,0.015669567807337862,0.01977401129943503,1.0604658946753514,708.0,708,0.9843651490966913,0.7993595743588978,0.00026167690910578985,382.0,0.53954802259887,105.80653266331659,0.14944425517417598,,,3.126011005645995e-08,0.01977401129943503,1.060465894675362,0.015669567807337862,0.01977401129943503,1.0604658946753514,708.0,708,0.9843651490966913,0.7993595743588978,0.00026167690910578985
ISU_ILCC,ISU-ILCC_G8C4.pkl,NMC,762,TRUNCATED_AT_EOL,1,762,0,0.0,0,0.000e+00,199.0,0.26115485564304464,,,,,3.379153273706985e-08,-0.10236220472440945,1.081623873014736,0.01962085073458617,-0.10236220472440945,1.0816238730147316,762.0,762,0.9980002815662771,0.7998643129547961,0.0002603626394369001,199.0,0.26115485564304464,,,,,3.379153273706985e-08,-0.10236220472440945,1.081623873014736,0.01962085073458617,-0.10236220472440945,1.0816238730147316,762.0,762,0.9980002815662771,0.7998643129547961,0.0002603626394369001
ISU_ILCC,ISU-ILCC_G9C1.pkl,NMC,331,TRUNCATED_AT_EOL,1,331,0,0.0,0,0.000e+00,304.0,0.918429003021148,242.28140703517587,0.7319679970851235,,,-1.0202115161552989e-06,-0.0634441087613293,0.6347139020456775,-0.11177539392149283,-0.0634441087613293,0.6347139020456788,331.0,331,1.0889472222222223,0.7987255555555555,0.0008794595959595964,304.0,0.918429003021148,242.28140703517587,0.7319679970851235,,,-1.0202115161552989e-06,-0.0634441087613293,0.6347139020456775,-0.11177539392149283,-0.0634441087613293,0.6347139020456788,331.0,331,1.0889472222222223,0.7987255555555555,0.0008794595959595964
ISU_ILCC,ISU-ILCC_G9C2.pkl,NMC,312,TRUNCATED_AT_EOL,1,312,0,0.0,0,0.000e+00,124.0,0.3974358974358974,240.891959798995,0.7720896147403686,,,-1.7460864301501125e-06,0.0641025641025641,0.5187829095090807,-0.16997103745653275,0.0641025641025641,0.5187829095090788,312.0,312,1.1035614444444446,0.7984792222222222,0.0009809717756341556,124.0,0.3974358974358974,240.891959798995,0.7720896147403686,,,-1.7460864301501125e-06,0.0641025641025641,0.5187829095090807,-0.16997103745653275,0.0641025641025641,0.5187829095090788,312.0,312,1.1035614444444446,0.7984792222222222,0.0009809717756341556
ISU_ILCC,ISU-ILCC_G9C3.pkl,NMC,382,TRUNCATED_AT_EOL,1,382,0,0.0,0,0.000e+00,108.0,0.28272251308900526,267.3170854271357,0.6997829461443342,379.98658221494867,0.9947292728140017,-1.7853958365560615e-06,0.041884816753926704,0.38877417796489633,-0.2605321020536078,0.041884816753926704,0.38877417796489566,382.0,382,1.1263889999999999,0.7985768888888889,0.0008603992417614461,108.0,0.28272251308900526,267.3170854271357,0.6997829461443342,379.98658221494867,0.9947292728140017,-1.7853958365560615e-06,0.041884816753926704,0.38877417796489633,-0.2605321020536078,0.041884816753926704,0.38877417796489566,382.0,382,1.1263889999999999,0.7985768888888889,0.0008603992417614461
MATR,MATR_b1c0.pkl,LFP,1849,EXTRAPOLATED,1,1864,15,0.008047,0,0.000e+00,612.0,0.33098972417522987,1218.4512562814073,0.6589785052901067,1213.744836974172,0.6564331189692655,-6.240418498169745e-08,0.03839913466738778,0.2602954250009288,-0.21334749001961045,0.03839913466738778,0.26029542500092845,1849.0,1849,0.973353818181818,0.8025529181818181,9.242472943722939e-05,517.0,0.27736051502145925,1220.8437185929647,0.6549590764983716,1223.1486911831748,0.6561956497763813,-6.347381302271282e-08,0.03862660944206009,0.25442660326808375,-0.22053950945216008,0.03862660944206009,0.254426603268079,1864.0,1864,0.973353818181818,0.8,9.305089542770689e-05
MATR,MATR_b1c1.pkl,LFP,2158,EXTRAPOLATED_CANDIDATE,1,2158,0,0.0,0,0.000e+00,1285.0,0.5954587581093606,1621.459798994975,0.7513715472636585,1506.583409014855,0.6981387437510913,-4.384070249275712e-08,0.16126042632066728,0.2728335643385365,-0.20416457324347684,0.16126042632066728,0.2728335643385383,2158.0,2158,0.9775465454545453,0.8000021090909091,8.231081889830147e-05,1285.0,0.5954587581093606,1621.459798994975,0.7513715472636585,1506.583409014855,0.6981387437510913,-4.384070249275712e-08,0.16126042632066728,0.2728335643385365,-0.20416457324347684,0.16126042632066728,0.2728335643385383,2158.0,2158,0.9775465454545453,0.8000021090909091,8.231081889830147e-05
MATR,MATR_b1c11.pkl,LFP,786,EXTRAPOLATED,1,787,1,0.001271,0,0.000e+00,51.0,0.0648854961832061,590.7361809045227,0.7515727492423953,561.764501240556,0.7147131059040153,-4.288968692186555e-07,0.15267175572519084,0.09488866831457904,-0.2649707702158058,0.15267175572519084,0.09488866831457665,786.0,786,0.9579805454545454,0.8004941727272727,0.00020061958309206703,51.0,0.06480304955527319,591.4874371859297,0.7515723471231636,562.1145443381412,0.7142497386761641,-4.3076479549800974e-07,0.15120711562897077,0.09451334698311102,-0.26680236062280793,0.15120711562897077,0.0945133469831062,787.0,787,0.9579805454545454,0.8,0.00020099306037473958
MATR,MATR_b1c14.pkl,LFP,878,EXTRAPOLATED_CANDIDATE,1,878,0,0.0,0,0.000e+00,55.0,0.06264236902050115,652.8005025125628,0.743508545002919,618.7888122365312,0.704770856761425,-3.749545214821783e-07,0.13895216400911162,0.10385675837192478,-0.2890464413382656,0.13895216400911162,0.10385675837192346,878.0,878,0.9736055454545453,0.800059,0.0001978865968694929,55.0,0.06264236902050115,652.8005025125628,0.743508545002919,618.7888122365312,0.704770856761425,-3.749545214821783e-07,0.13895216400911162,0.10385675837192478,-0.2890464413382656,0.13895216400911162,0.10385675837192346,878.0,878,0.9736055454545453,0.800059,0.0001978865968694929
MATR,MATR_b1c15.pkl,LFP,717,EXTRAPOLATED,1,720,3,0.004167,0,0.000e+00,47.0,0.06555090655509066,550.4130653266332,0.7676611789771731,517.4159269438097,0.721640065472538,-5.457790581614333e-07,0.15481171548117154,0.08173494800742284,-0.280579010231152,0.15481171548117154,0.08173494800742138,717.0,717,0.9646578181818181,0.8027170999999999,0.00022617418740477404,48.0,0.06666666666666667,549.824623115578,0.7636453098827473,519.0399462707007,0.7208888142648622,-5.539958138029563e-07,0.15,0.08028407370011702,-0.28719142987545493,0.15,0.08028407370011566,720.0,720,0.9646578181818181,0.8,0.00022900948286761893
MATR,MATR_b1c16.pkl,LFP,860,EXTRAPOLATED,1,861,1,0.001161,0,0.000e+00,55.0,0.06395348837209303,670.5020100502513,0.7796535000584318,629.4586316582762,0.7319286414631119,-4.0309497733381144e-07,0.1558139534883721,0.0918719560659819,-0.2981290452360891,0.1558139534883721,0.09187195606597762,860.0,860,0.9828785454545454,0.8008779727272727,0.00021187493914699972,55.0,0.06387921022067364,671.2814070351759,0.7796532021314471,630.2009825449854,0.7319407462775673,-4.05049203633078e-07,0.15447154471544716,0.09147337637498242,-0.30027148068648035,0.15447154471544716,0.09147337637498046,861.0,861,0.9828785454545454,0.8,0.00021264947145877372
MATR,MATR_b1c17.pkl,LFP,855,EXTRAPOLATED,1,859,4,0.004657,0,0.000e+00,463.0,0.5415204678362573,652.8723618090453,0.7635934056246144,616.1143436808857,0.7206015715565914,-3.9993463900142106e-07,0.15087719298245614,0.08106080817132671,-0.29236221947601454,0.15087719298245614,0.0810608081713237,855.0,855,0.9745927272727272,0.8029517272727271,0.00020098477751756446,463.0,0.5389988358556461,652.4763819095479,0.7595766960530242,618.3719157837536,0.7198741743699111,-4.0637461364144864e-07,0.14551804423748546,0.07979759516485677,-0.29985610628836545,0.14551804423748546,0.07979759516485857,859.0,859,0.9745927272727272,0.8,0.00020348802712439058
MATR,MATR_b1c18.pkl,LFP,688,EXTRAPOLATED_CANDIDATE,1,688,0,0.0,0,0.000e+00,170.0,0.24709302325581395,561.3020100502513,0.8158459448404816,519.7716590993165,0.7554820626443554,-4.0464519426367055e-07,0.13372093023255813,0.28793735740818854,-0.19153637483354274,0.13372093023255813,0.2879373574081839,688.0,688,0.9692459090909089,0.8010400999999999,0.0002448410612676987,170.0,0.24709302325581395,561.3020100502513,0.8158459448404816,519.7716590993165,0.7554820626443554,-4.0464519426367055e-07,0.13372093023255813,0.28793735740818854,-0.19153637483354274,0.13372093023255813,0.2879373574081839,688.0,688,0.9692459090909089,0.8010400999999999,0.0002448410612676987
MATR,MATR_b1c19.pkl,LFP,786,EXTRAPOLATED,1,787,1,0.001271,0,0.000e+00,466.0,0.5928753180661578,574.9572864321608,0.7314978198882452,550.4919716269653,0.7003714651742562,-4.6811741189957135e-07,0.11450381679389313,0.14206600453891075,-0.28920106460190753,0.11450381679389313,0.14206600453891252,786.0,786,0.9864679090909091,0.8008542909090909,0.00023645046902142446,466.0,0.5921219822109276,572.5286432160804,0.7274823929048035,550.7542600895529,0.6998148158698257,-4.697416642552533e-07,0.11308767471410419,0.14162951588022074,-0.29094342484811136,0.11308767471410419,0.14162951588022,787.0,787,0.9864679090909091,0.8,0.00023723652556095298
MATR,MATR_b1c2.pkl,LFP,2235,EXTRAPOLATED,1,2239,4,0.001787,0,0.000e+00,1064.0,0.4760626398210291,1688.2874371859298,0.755385877935539,1537.2410209385039,0.6878035887868026,-3.8037943830931914e-08,0.1704697986577181,0.2949758682587368,-0.19000808797286745,0.1704697986577181,0.2949758682587404,2235.0,2235,0.9817475454545453,0.8006095909090909,8.108234312688203e-05,1064.0,0.47521214828048236,1691.308542713568,0.7553856823195927,1541.5499872380274,0.6884993243582078,-3.8389790125742115e-08,0.17105850826261723,0.29290516377699377,-0.1924526630649529,0.17105850826261723,0.2929051637769977,2239.0,2239,0.9817475454545453,0.8,8.120980583313017e-05
MATR,MATR_b1c20.pkl,LFP,532,EXTRAPOLATED,1,534,2,0.003745,0,0.000e+00,38.0,0.07142857142857142,412.72512562814074,0.7757991083235728,342.93617795299406,0.6446168758514926,-4.1135898872372997e-07,0.2744360902255639,0.5079377540873399,-0.11642446642454464,0.2744360902255639,0.5079377540873476,532.0,532,0.9751181818181817,0.8007135727272727,0.0003284455915083031,38.0,0.07116104868913857,414.275879396985,0.7757975269606461,345.4186819026396,0.6468514642371528,-4.183346805364644e-07,0.27715355805243447,0.5031523143161736,-0.1192906441630533,0.27715355805243447,0.5031523143161803,534.0,534,0.9751181818181817,0.8,0.00032855193586900865
MATR,MATR_b1c21.pkl,LFP,557,EXTRAPOLATED,1,558,1,0.001792,0,0.000e+00,39.0,0.07001795332136446,438.81507537688447,0.7878188067807621,387.0926486282773,0.6949598718640526,-5.744562944214594e-07,0.21723518850987433,0.32600343488885725,-0.17822449088796177,0.21723518850987433,0.3260034348888634,557.0,557,0.9840352727272726,0.800150309090909,0.0003307283518639634,39.0,0.06989247311827956,439.60251256281407,0.7878181228724267,388.0428619955659,0.6954173154042399,-5.804727804054054e-07,0.2222222222222222,0.3232808216857857,-0.18073832679814694,0.2222222222222222,0.32328082168578504,558.0,558,0.9840352727272726,0.8,0.0003304044393667372
MATR,MATR_b1c23.pkl,LFP,1012,EXTRAPOLATED,1,1013,1,0.000987,0,0.000e+00,443.0,0.43774703557312256,768.6487437185931,0.7595343317377402,724.6899980411303,0.716096836009022,-2.6550771818479086e-07,0.1482213438735178,0.11658632408344247,-0.27191813653264646,0.1482213438735178,0.1165863240834455,1012.0,1012,0.9811758181818182,0.8006041181818181,0.00017860702274975283,443.0,0.43731490621915103,769.4080402010051,0.759534096940775,725.5495986966492,0.7162384982197919,-2.665917263038218e-07,0.14906219151036526,0.11617005749188662,-0.27356816518946964,0.14906219151036526,0.11617005749188614,1013.0,1013,0.9811758181818182,0.8,0.0001790274883219547
MATR,MATR_b1c24.pkl,LFP,1015,EXTRAPOLATED,1,1016,1,0.000984,0,0.000e+00,160.0,0.15763546798029557,754.6211055276383,0.743469069485358,715.1210351570616,0.704552743997105,-2.5603595158511293e-07,0.14482758620689656,0.13435038689913806,-0.26377463822177366,0.14482758620689656,0.1343503868991406,1015.0,1015,0.9768504545454545,0.8004236181818181,0.00017399096288327065,160.0,0.15748031496062992,755.3643216080403,0.7434688204803547,715.9130556096583,0.7046388342614747,-2.569723553898167e-07,0.1437007874015748,0.1339256257607938,-0.2652612556852721,0.1437007874015748,0.13392562576079362,1016.0,1016,0.9768504545454545,0.8,0.00017423690103000438
MATR,MATR_b1c25.pkl,LFP,852,EXTRAPOLATED,1,853,1,0.001172,0,0.000e+00,448.0,0.5258215962441315,609.5291457286432,0.715409795456154,589.6565209137407,0.6920851184433576,-3.928244581910841e-07,0.1056338028169014,0.11266450030974916,-0.28515284549874126,0.1056338028169014,0.11266450030974665,852.0,852,0.977485909090909,0.8001817909090909,0.00020834796496100837,448.0,0.5252051582649473,610.2442211055277,0.7154094034062458,590.2460153965874,0.6919648480616499,-3.9413626558757983e-07,0.10433763188745604,0.11232361888729878,-0.28677709406790947,0.10433763188745604,0.11232361888729517,853.0,853,0.977485909090909,0.8,0.00020831679470763968
MATR,MATR_b1c26.pkl,LFP,868,EXTRAPOLATED,1,869,1,0.001151,0,0.000e+00,382.0,0.4400921658986175,648.8537688442212,0.7475273834610844,623.1165581954705,0.7178762191192056,-3.9137831093315445e-07,0.1382488479262673,0.11170391873347263,-0.29487381253649975,0.1382488479262673,0.11170391873347368,868.0,868,0.9887739999999998,0.8009546999999999,0.00021663125720876577,382.0,0.43958573072497126,649.6010050251257,0.7475270483603288,623.8340750092062,0.7178758055341844,-3.9300571599922604e-07,0.13693901035673187,0.11129395544971495,-0.29678258949969116,0.13693901035673187,0.1112939554497169,869.0,869,0.9887739999999998,0.8,0.00021748156682027624
MATR,MATR_b1c27.pkl,LFP,840,EXTRAPOLATED,1,842,2,0.002375,0,0.000e+00,454.0,0.5404761904761904,634.6768844221107,0.7555677195501318,605.4450143603102,0.7207678742384646,-3.928172275548394e-07,0.14523809523809525,0.11113949091902788,-0.2771718357626944,0.14523809523809525,0.11113949091902356,840.0,840,0.9809509999999999,0.8011823363636362,0.0002142653917000759,454.0,0.5391923990498813,636.1874371859298,0.7555670275367337,607.0381513708577,0.7209479232432989,-3.966476306388869e-07,0.14489311163895488,0.1100906684227302,-0.2812088908082683,0.14489311163895488,0.11009066842273042,842.0,842,0.9809509999999999,0.8,0.00021516171224732444
MATR,MATR_b1c28.pkl,LFP,858,EXTRAPOLATED,1,859,1,0.001164,0,0.000e+00,43.0,0.05011655011655012,624.1552763819095,0.7274537020768176,602.424592576076,0.7021265647739813,-4.0078694306741356e-07,0.11888111888111888,0.10917570908406,-0.2950449191562782,0.11888111888111888,0.10917570908405752,858.0,858,0.9797704545454545,0.8005293363636363,0.00020914949612814258,43.0,0.050058207217694994,624.8824120603015,0.7274533318513405,602.6579421391327,0.7015808406741941,-4.020152386390469e-07,0.119906868451688,0.10886361087367863,-0.29663940630221575,0.119906868451688,0.1088636108736796,859.0,859,0.9797704545454545,0.8,0.0002095226742954015
MATR,MATR_b1c29.pkl,LFP,915,EXTRAPOLATED,1,916,1,0.001092,0,0.000e+00,547.0,0.5978142076502733,676.6251256281407,0.7394810116154543,648.2882463058984,0.7085117445966103,-3.357105635219109e-07,0.13224043715846995,0.12872136978017162,-0.2810652765446315,0.13224043715846995,0.12872136978016757,915.0,915,0.9813215454545453,0.8003215909090909,0.0001980305848418538,547.0,0.5971615720524017,677.3643216080402,0.7394807004454588,648.8742005277255,0.7083779481743728,-3.3687177143778013e-07,0.13100436681222707,0.12824009811125942,-0.2826542810554985,0.13100436681222707,0.12824009811125034,916.0,916,0.9813215454545453,0.8,0.00019816562344759044
MATR,MATR_b1c3.pkl,LFP,1432,EXTRAPOLATED_CANDIDATE,1,1432,0,0.0,0,0.000e+00,806.0,0.5628491620111732,1041.5311557788946,0.72732622610258,1005.4396510102808,0.7021226613200285,-1.3991852646021478e-07,0.14106145251396648,0.15257059168230538,-0.2869202884039507,0.14106145251396648,0.1525705916823056,1432.0,1432,0.9815662727272726,0.8001135727272727,0.0001268013277428371,806.0,0.5628491620111732,1041.5311557788946,0.72732622610258,1005.4396510102808,0.7021226613200285,-1.3991852646021478e-07,0.14106145251396648,0.15257059168230538,-0.2869202884039507,0.14106145251396648,0.1525705916823056,1432.0,1432,0.9815662727272726,0.8001135727272727,0.0001268013277428371
MATR,MATR_b1c30.pkl,LFP,707,EXTRAPOLATED,1,708,1,0.001412,0,0.000e+00,468.0,0.6619519094766619,548.41608040201,0.7756945974568742,521.978344205996,0.7383003454115926,-5.721128317873776e-07,0.14285714285714285,0.10958956148285344,-0.2859700268560897,0.14285714285714285,0.10958956148285559,707.0,707,0.9816942727272726,0.8004935181818181,0.00025665829255730097,468.0,0.6610169491525424,549.1914572864322,0.7756941487096499,522.6798090397295,0.7382483178527254,-5.755549860580163e-07,0.14124293785310735,0.1087491236817576,-0.28850499453138695,0.14124293785310735,0.1087491236817563,708.0,708,0.9816942727272726,0.8,0.0002569933136170758
MATR,MATR_b1c31.pkl,LFP,874,EXTRAPOLATED,1,876,2,0.002283,0,0.000e+00,44.0,0.05034324942791762,667.3753768844222,0.7635873877396134,642.175424344676,0.7347544900968833,-3.9097010944001105e-07,0.12814645308924486,0.12213626283795329,-0.29865268331859934,0.12814645308924486,0.12213626283795133,874.0,874,0.9951265454545454,0.8009020272727273,0.0002224794022701238,44.0,0.0502283105022831,668.9020100502513,0.7635867694637573,643.1195625608366,0.7341547517817769,-3.944696231117715e-07,0.12557077625570776,0.12095567867812965,-0.30270652150501987,0.12557077625570776,0.12095567867812894,876.0,876,0.9951265454545454,0.8,0.0002230017662337661
MATR,MATR_b1c32.pkl,LFP,729,EXTRAPOLATED_CANDIDATE,1,729,0,0.0,0,0.000e+00,37.0,0.05075445816186557,544.9879396984925,0.7475829076796879,521.0485289755242,0.7147442098429687,-5.54011009170056e-07,0.1412894375857339,0.10850366347054499,-0.29442416472434546,0.1412894375857339,0.10850366347054449,729.0,729,0.9798514545454544,0.8007355181818181,0.00024603837412587407,37.0,0.05075445816186557,544.9879396984925,0.7475829076796879,521.0485289755242,0.7147442098429687,-5.54011009170056e-07,0.1412894375857339,0.10850366347054499,-0.29442416472434546,0.1412894375857339,0.10850366347054449,729.0,729,0.9798514545454544,0.8007355181818181,0.00024603837412587407
MATR,MATR_b1c33.pkl,LFP,755,EXTRAPOLATED_CANDIDATE,1,755,0,0.0,0,0.000e+00,38.0,0.05033112582781457,555.3226130653267,0.7355266398216247,536.8846357783575,0.7111054778521292,-5.498047135033341e-07,0.14701986754966886,0.11381611680606504,-0.31340243181473626,0.14701986754966886,0.11381611680606411,755.0,755,0.9931734545454545,0.8001020818181818,0.00025606282855075957,38.0,0.05033112582781457,555.3226130653267,0.7355266398216247,536.8846357783575,0.7111054778521292,-5.498047135033341e-07,0.14701986754966886,0.11381611680606504,-0.31340243181473626,0.14701986754966886,0.11381611680606411,755.0,755,0.9931734545454545,0.8001020818181818,0.00025606282855075957
MATR,MATR_b1c34.pkl,LFP,740,EXTRAPOLATED,1,743,3,0.004038,0,0.000e+00,330.0,0.44594594594594594,579.9452261306533,0.7837097650414233,543.8556008015667,0.7349400010831981,-5.18591878332186e-07,0.17297297297297298,0.09533403109606603,-0.28398091257470587,0.17297297297297298,0.0953340310960696,740.0,740,0.9787430909090907,0.8018676818181818,0.00023934426128675092,330.0,0.44414535666218036,579.3125628140704,0.7796938934240516,545.7175039843514,0.7344784710421958,-5.27625952338614e-07,0.17092866756393002,0.09367804974001388,-0.29127537936257697,0.17092866756393002,0.09367804974000955,743.0,743,0.9787430909090907,0.8,0.00024089365351629474
MATR,MATR_b1c35.pkl,LFP,701,EXTRAPOLATED,1,702,1,0.001425,0,0.000e+00,288.0,0.4108416547788873,521.2512562814071,0.7435823912716222,498.96886934278314,0.7117958193192342,-6.04336025331812e-07,0.14407988587731813,0.07895950612589357,-0.2969713271840784,0.14407988587731813,0.07895950612588826,701.0,701,0.973405818181818,0.8002180909090908,0.00024741103896103894,288.0,0.41025641025641024,519.1763819095478,0.7395674955976465,499.2111484539357,0.7111269920996235,-6.070764183476466e-07,0.1452991452991453,0.07856157104197864,-0.299169687267394,0.1452991452991453,0.0785615710419728,702.0,702,0.973405818181818,0.8,0.0002473692128128645
MATR,MATR_b1c36.pkl,LFP,702,EXTRAPOLATED,1,705,3,0.004255,0,0.000e+00,308.0,0.43874643874643876,521.9944723618091,0.7435818694612666,501.5601104770665,0.714473091847673,-6.086839928986801e-07,0.1339031339031339,0.09809447040824766,-0.29996190643644177,0.1339031339031339,0.09809447040824452,702.0,702,0.9798468181818182,0.8021072909090908,0.0002535513941123072,308.0,0.4368794326241135,524.2241206030152,0.7435803129120783,503.237916927822,0.7138126481245702,-6.163841353962309e-07,0.1347517730496454,0.09681941694049954,-0.3063583248953118,0.1347517730496454,0.09681941694050235,705.0,705,0.9798468181818182,0.8,0.00025546423037190076
MATR,MATR_b1c37.pkl,LFP,646,EXTRAPOLATED,1,649,3,0.004622,0,0.000e+00,314.0,0.48606811145510836,482.96733668341716,0.7476274561662805,460.7511981331544,0.7132371488129325,-6.814854395028908e-07,0.13622291021671826,0.10769844211116336,-0.2843947776715872,0.13622291021671826,0.10769844211116154,646.0,646,0.9771085454545454,0.8030574454545454,0.0002698466666666667,314.0,0.48382126348228044,482.60402010050257,0.7436117412950733,462.56287277739773,0.7127316991947577,-6.919242778232368e-07,0.13405238828967642,0.10613359129315585,-0.2914391977434212,0.13405238828967642,0.10613359129315904,649.0,649,0.9771085454545454,0.8,0.0002733156565656564
MATR,MATR_b1c38.pkl,LFP,615,EXTRAPOLATED_CANDIDATE,1,615,0,0.0,0,0.000e+00,202.0,0.3284552845528455,472.1447236180905,0.7677149977529927,445.33873072033913,0.7241280174314457,-7.760237911205483e-07,0.16747967479674797,0.08421046992453064,-0.29351159839656693,0.16747967479674797,0.08421046992453309,615.0,615,0.9754102727272725,0.8010085636363636,0.000284041871483565,202.0,0.3284552845528455,472.1447236180905,0.7677149977529927,445.33873072033913,0.7241280174314457,-7.760237911205483e-07,0.16747967479674797,0.08421046992453064,-0.29351159839656693,0.16747967479674797,0.08421046992453309,615.0,615,0.9754102727272725,0.8010085636363636,0.000284041871483565
MATR,MATR_b1c39.pkl,LFP,623,EXTRAPOLATED_CANDIDATE,1,623,0,0.0,0,0.000e+00,32.0,0.051364365971107544,468.28140703517596,0.7516555490131235,446.8035417025879,0.7171806447874605,-8.16509162409628e-07,0.13964686998394862,0.08238662093576911,-0.31691088469688883,0.13964686998394862,0.08238662093576786,623.0,623,0.983433909090909,0.8001006727272727,0.00029474796843028344,32.0,0.051364365971107544,468.28140703517596,0.7516555490131235,446.8035417025879,0.7171806447874605,-8.16509162409628e-07,0.13964686998394862,0.08238662093576911,-0.31691088469688883,0.13964686998394862,0.08238662093576786,623.0,623,0.983433909090909,0.8001006727272727,0.00029474796843028344
MATR,MATR_b1c4.pkl,LFP,1707,EXTRAPOLATED,1,1712,5,0.002921,0,0.000e+00,1140.0,0.6678383128295254,1275.7849246231158,0.7473842557838991,1190.8975160982616,0.697655252547312,-8.37627009993641e-08,0.17398945518453426,0.20364760477703778,-0.2440718625442947,0.17398945518453426,0.20364760477703653,1707.0,1707,0.9803788181818182,0.8000367363636363,0.00010571048172226371,1140.0,0.6658878504672897,1272.6427135678393,0.7433660710092519,1194.4046880303758,0.6976662897373691,-8.450955705521996e-08,0.17172897196261683,0.20174657842209745,-0.24769277919365754,0.17172897196261683,0.2017465784220908,1712.0,1712,0.9803788181818182,0.8,0.00010542303809574407
MATR,MATR_b1c40.pkl,LFP,964,EXTRAPOLATED,1,965,1,0.001036,0,0.000e+00,435.0,0.4512448132780083,689.6175879396985,0.7153709418461603,671.8511118655858,0.6969409874124335,-3.0482681150171597e-07,0.13485477178423236,0.1164876897366855,-0.2832743366212978,0.13485477178423236,0.11648768973668454,964.0,964,0.9848208181818182,0.8005540999999999,0.0001913465401680356,435.0,0.45077720207253885,690.332663316583,0.7153706355612258,672.6608609126256,0.6970578869560887,-3.0584699418177386e-07,0.13367875647668392,0.11614012375573099,-0.2848123671569236,0.13367875647668392,0.11614012375573095,965.0,965,0.9848208181818182,0.8,0.0001917228404375707
MATR,MATR_b1c41.pkl,LFP,1049,EXTRAPOLATED_CANDIDATE,1,1049,0,0.0,0,0.000e+00,439.0,0.4184938036224976,796.7427135678392,0.7595259423906952,754.3762573668217,0.7191384722276661,-2.4151086548952804e-07,0.1363203050524309,0.14445756705796753,-0.26575879789553936,0.1363203050524309,0.14445756705796103,1049.0,1049,0.980874,0.8009651,0.0001716687977099237,439.0,0.4184938036224976,796.7427135678392,0.7595259423906952,754.3762573668217,0.7191384722276661,-2.4151086548952804e-07,0.1363203050524309,0.14445756705796753,-0.26575879789553936,0.1363203050524309,0.14445756705796103,1049.0,1049,0.980874,0.8009651,0.0001716687977099237
MATR,MATR_b1c42.pkl,LFP,700,EXTRAPOLATED,1,701,1,0.001427,0,0.000e+00,36.0,0.05142857142857143,492.40753768844223,0.7034393395549174,478.66743406314913,0.6838106200902131,-6.483029969316329e-07,0.11142857142857143,0.08827308017011101,-0.3176684684965013,0.11142857142857143,0.08827308017011101,700.0,700,0.9817022727272726,0.8003194727272727,0.00025948898426323314,36.0,0.05135520684736091,493.1105527638191,0.7034387343278447,479.06858910542246,0.6834074024328423,-6.5023670853131e-07,0.11269614835948645,0.08801131817070393,-0.3195269688089945,0.11269614835948645,0.08801131817070162,701.0,701,0.9817022727272726,0.8,0.0002595746753246751
MATR,MATR_b1c43.pkl,LFP,649,EXTRAPOLATED,1,650,1,0.001538,0,0.000e+00,466.0,0.7180277349768875,487.81407035175886,0.751639553700707,469.50668749063357,0.7234309514493583,-6.637238956512565e-07,0.12172573189522343,0.10914229767931372,-0.27956116857220226,0.12172573189522343,0.10914229767931627,649.0,649,0.9711262727272727,0.8004039545454544,0.00026346036756453434,466.0,0.7169230769230769,485.95628140703525,0.7476250483185157,469.9897551622165,0.7230611617880254,-6.670102281067463e-07,0.12307692307692308,0.10849157227866724,-0.2818118213750988,0.12307692307692308,0.10849157227866882,650.0,650,0.9711262727272727,0.8,0.000263676845496568
MATR,MATR_b1c44.pkl,LFP,614,EXTRAPOLATED,1,615,1,0.001626,0,0.000e+00,319.0,0.5195439739413681,427.0195979899498,0.6954716579640876,419.72520102793607,0.6835915326187884,-8.463973291362844e-07,0.11074918566775244,0.0948212703322385,-0.3190884074950655,0.11074918566775244,0.09482127033224053,614.0,614,0.986152909090909,0.8004391727272727,0.0003029587868901082,319.0,0.5186991869918699,427.7145728643216,0.6954708501858888,420.0585594661425,0.6830220479124268,-8.488715312598768e-07,0.10894308943089431,0.09453741719020892,-0.32106443491076475,0.10894308943089431,0.09453741719021251,615.0,615,0.986152909090909,0.8,0.00030318063369854883
MATR,MATR_b1c45.pkl,LFP,597,EXTRAPOLATED,1,598,1,0.001672,0,0.000e+00,322.0,0.5393634840871022,427.1849246231156,0.7155526375596576,414.2102767408456,0.6938195590298921,-9.059576636028751e-07,0.12897822445561138,0.08456045467968619,-0.32289146492703585,0.12897822445561138,0.08456045467968572,597.0,597,0.9854143636363636,0.8009473818181818,0.00030950835875533854,322.0,0.5384615384615384,427.90000000000003,0.715551839464883,414.39566366406774,0.6929693372308825,-9.0936673837166e-07,0.12709030100334448,0.08428493553468505,-0.32519318310865664,0.12709030100334448,0.08428493553468717,598.0,598,0.9854143636363636,0.8,0.00031057682351149675
MATR,MATR_b1c5.pkl,LFP,1072,EXTRAPOLATED,1,1073,1,0.000932,0,0.000e+00,65.0,0.06063432835820896,878.7894472361809,0.8197662754068852,790.019081921403,0.7369580988072789,-2.0317521792615875e-07,0.1958955223880597,0.15367241059162137,-0.2334857096372563,0.1958955223880597,0.15367241059161835,1072.0,1072,0.978296909090909,0.800487509090909,0.00016602184873949581,65.0,0.06057781919850885,879.6090452261307,0.8197661185704852,791.1437204015017,0.7373194039156586,-2.043484807434166e-07,0.19478098788443615,0.15294269256165968,-0.23527233198583733,0.19478098788443615,0.15294269256165344,1073.0,1073,0.978296909090909,0.8,0.00016632174355495243
MATR,MATR_b1c6.pkl,LFP,634,EXTRAPOLATED_CANDIDATE,1,634,0,0.0,0,0.000e+00,43.0,0.06782334384858044,512.1713567839197,0.8078412567569712,465.60539162409333,0.7343933621831125,-6.073708137003222e-07,0.1861198738170347,0.16159756116459784,-0.24413634279172894,0.1861198738170347,0.16159756116459578,634.0,634,0.9780325454545453,0.8000513636363636,0.00028117090334625855,43.0,0.06782334384858044,512.1713567839197,0.8078412567569712,465.60539162409333,0.7343933621831125,-6.073708137003222e-07,0.1861198738170347,0.16159756116459784,-0.24413634279172894,0.1861198738170347,0.16159756116459578,634.0,634,0.9780325454545453,0.8000513636363636,0.00028117090334625855
MATR,MATR_b1c7.pkl,LFP,868,EXTRAPOLATED,1,870,2,0.002299,0,0.000e+00,55.0,0.06336405529953917,641.8829145728644,0.7394964453604428,617.2906381401885,0.7111643296545951,-4.023279679632499e-07,0.14285714285714285,0.11862641942102281,-0.30312354693474736,0.14285714285714285,0.1186264194210235,868.0,868,0.9944221818181816,0.8010054181818181,0.00022308738597043081,55.0,0.06321839080459771,643.3613065326633,0.7394957546352452,618.2710169678169,0.7106563413423183,-4.053575946406716e-07,0.14022988505747128,0.11768518761310252,-0.30681516338352227,0.14022988505747128,0.11768518761310277,870.0,870,0.9944221818181816,0.8,0.00022373093419813763
MATR,MATR_b1c9.pkl,LFP,1052,EXTRAPOLATED,1,1053,1,0.00095,0,0.000e+00,444.0,0.4220532319391635,790.5703517587941,0.7514927298087396,745.5490914552634,0.7086968549954975,-2.482949322211667e-07,0.15019011406844107,0.12330240454141796,-0.2747889946688961,0.15019011406844107,0.12330240454141717,1052.0,1052,0.9845219999999999,0.8008439999999999,0.00017476498572787822,444.0,0.42165242165242167,791.3216080402011,0.7514925052613496,746.4772280156326,0.7089052497774289,-2.493005191193392e-07,0.14909781576448244,0.1228712416716093,-0.2764266593041975,0.14909781576448244,0.12287124167160739,1053.0,1053,0.9845219999999999,0.8,0.00017540114068441052
MATR,MATR_b2c0.pkl,LFP,299,TRUNCATED_AT_EOL,1,299,0,0.0,0,0.000e+00,58.0,0.1939799331103679,154.19296482412062,0.5156955345288315,150.66341684968384,0.5038910262531232,-1.2097036592113056e-06,0.19063545150501673,0.5354862190683998,-0.10814871683714827,0.19063545150501673,0.535486219068404,299.0,299,0.9727764545454544,0.7995263545454544,0.0005813761744966441,58.0,0.1939799331103679,154.19296482412062,0.5156955345288315,150.66341684968384,0.5038910262531232,-1.2097036592113056e-06,0.19063545150501673,0.5354862190683998,-0.10814871683714827,0.19063545150501673,0.535486219068404,299.0,299,0.9727764545454544,0.7995263545454544,0.0005813761744966441
MATR,MATR_b2c1.pkl,LFP,147,TRUNCATED_AT_EOL,1,147,0,0.0,0,0.000e+00,17.0,0.11564625850340136,79.57587939698493,0.5413325129046594,75.59223874482737,0.5142329166314787,-4.697024408489843e-06,0.22448979591836735,0.5663030116669011,-0.10149800044305712,0.22448979591836735,0.5663030116669036,147.0,147,0.9746095454545453,0.7985755,0.001205712640099625,17.0,0.11564625850340136,79.57587939698493,0.5413325129046594,75.59223874482737,0.5142329166314787,-4.697024408489843e-06,0.22448979591836735,0.5663030116669011,-0.10149800044305712,0.22448979591836735,0.5663030116669036,147.0,147,0.9746095454545453,0.7985755,0.001205712640099625
MATR,MATR_b2c10.pkl,LFP,560,TRUNCATED_AT_EOL,1,560,0,0.0,0,0.000e+00,29.0,0.05178571428571429,396.23266331658294,0.707558327351041,364.8037707052159,0.6514353048307427,-6.174190259735041e-07,0.17857142857142858,0.29125984367825763,-0.19362260654528948,0.17857142857142858,0.29125984367826063,560.0,560,0.9718655454545453,0.7997877454545453,0.0003078314847942754,29.0,0.05178571428571429,396.23266331658294,0.707558327351041,364.8037707052159,0.6514353048307427,-6.174190259735041e-07,0.17857142857142858,0.29125984367825763,-0.19362260654528948,0.17857142857142858,0.29125984367826063,560.0,560,0.9718655454545453,0.7997877454545453,0.0003078314847942754
MATR,MATR_b2c11.pkl,LFP,476,TRUNCATED_AT_EOL,1,476,0,0.0,0,0.000e+00,228.0,0.4789915966386555,327.29396984924625,0.6875923736328703,303.66663563075656,0.6379551168713373,-9.803897237082121e-07,0.18067226890756302,0.21172883361352982,-0.2221327820389101,0.18067226890756302,0.2117288336135311,476.0,476,0.9742769999999998,0.7991225090909091,0.0003687462966507174,228.0,0.4789915966386555,327.29396984924625,0.6875923736328703,303.66663563075656,0.6379551168713373,-9.803897237082121e-07,0.18067226890756302,0.21172883361352982,-0.2221327820389101,0.18067226890756302,0.2117288336135311,476.0,476,0.9742769999999998,0.7991225090909091,0.0003687462966507174
MATR,MATR_b2c12.pkl,LFP,456,TRUNCATED_AT_EOL,1,456,0,0.0,0,0.000e+00,274.0,0.6008771929824561,328.1884422110553,0.7197114960768757,287.9956277248391,0.6315693590456998,-6.935046044440213e-07,0.22807017543859648,0.4196554244296972,-0.1442045734296756,0.22807017543859648,0.41965542442969483,456.0,456,0.9738871818181818,0.7997631999999999,0.0003826900699300701,274.0,0.6008771929824561,328.1884422110553,0.7197114960768757,287.9956277248391,0.6315693590456998,-6.935046044440213e-07,0.22807017543859648,0.4196554244296972,-0.1442045734296756,0.22807017543859648,0.41965542442969483,456.0,456,0.9738871818181818,0.7997631999999999,0.0003826900699300701
MATR,MATR_b2c13.pkl,LFP,482,TRUNCATED_AT_EOL,1,482,0,0.0,0,0.000e+00,221.0,0.45850622406639,366.22160804020103,0.7597958673033216,338.3863600470822,0.7020463901391747,-8.709430460823582e-07,0.17012448132780084,0.29983997887011354,-0.20234097223804007,0.17012448132780084,0.29983997887011643,482.0,482,0.9820772727272726,0.7997265727272728,0.0003791074844074841,221.0,0.45850622406639,366.22160804020103,0.7597958673033216,338.3863600470822,0.7020463901391747,-8.709430460823582e-07,0.17012448132780084,0.29983997887011354,-0.20234097223804007,0.17012448132780084,0.29983997887011643,482.0,482,0.9820772727272726,0.7997265727272728,0.0003791074844074841
MATR,MATR_b2c14.pkl,LFP,484,TRUNCATED_AT_EOL,1,484,0,0.0,0,0.000e+00,271.0,0.5599173553719008,369.6819095477387,0.7638055982391295,338.7619297035048,0.6999213423626132,-1.1812879064953853e-06,0.19421487603305784,0.11072244487837786,-0.27672377982398255,0.19421487603305784,0.11072244487837525,484.0,484,0.9800621818181817,0.7986053,0.0003756871259175606,271.0,0.5599173553719008,369.6819095477387,0.7638055982391295,338.7619297035048,0.6999213423626132,-1.1812879064953853e-06,0.19421487603305784,0.11072244487837786,-0.27672377982398255,0.19421487603305784,0.11072244487837525,484.0,484,0.9800621818181817,0.7986053,0.0003756871259175606
MATR,MATR_b2c17.pkl,LFP,493,TRUNCATED_AT_EOL,1,493,0,0.0,0,0.000e+00,91.0,0.1845841784989858,372.59597989949754,0.7557727787008064,350.0050629648384,0.7099494177785768,-1.0669766533819727e-06,0.18864097363083165,0.13753167902192728,-0.2593276086278348,0.18864097363083165,0.13753167902192925,493.0,493,0.968769818181818,0.7989765272727272,0.0003451083148558756,91.0,0.1845841784989858,372.59597989949754,0.7557727787008064,350.0050629648384,0.7099494177785768,-1.0669766533819727e-06,0.18864097363083165,0.13753167902192728,-0.2593276086278348,0.18864097363083165,0.13753167902192925,493.0,493,0.968769818181818,0.7989765272727272,0.0003451083148558756
MATR,MATR_b2c18.pkl,LFP,486,TRUNCATED_AT_EOL,1,486,0,0.0,0,0.000e+00,270.0,0.5555555555555556,375.10804020100505,0.7718272432119445,334.5107790212543,0.6882937839943504,-7.999176853972584e-07,0.2139917695473251,0.2865770678995007,-0.18893735762008887,0.2139917695473251,0.28657706789949794,486.0,486,0.9671254545454545,0.7992291454545454,0.00034617795688847246,270.0,0.5555555555555556,375.10804020100505,0.7718272432119445,334.5107790212543,0.6882937839943504,-7.999176853972584e-07,0.2139917695473251,0.2865770678995007,-0.18893735762008887,0.2139917695473251,0.28657706789949794,486.0,486,0.9671254545454545,0.7992291454545454,0.00034617795688847246
MATR,MATR_b2c19.pkl,LFP,460,TRUNCATED_AT_EOL,1,460,0,0.0,0,0.000e+00,271.0,0.5891304347826087,379.04070351758793,0.8240015293860607,344.01896523590784,0.7478673157302345,-5.375601317252998e-07,0.16956521739130434,0.4471225458264116,-0.11374772387307476,0.16956521739130434,0.4471225458264198,460.0,460,0.9527611818181818,0.7996261636363635,0.0003336274905921967,271.0,0.5891304347826087,379.04070351758793,0.8240015293860607,344.01896523590784,0.7478673157302345,-5.375601317252998e-07,0.16956521739130434,0.4471225458264116,-0.11374772387307476,0.16956521739130434,0.4471225458264198,460.0,460,0.9527611818181818,0.7996261636363635,0.0003336274905921967
MATR,MATR_b2c2.pkl,LFP,437,TRUNCATED_AT_EOL,1,437,0,0.0,0,0.000e+00,268.0,0.6132723112128147,335.55879396984926,0.7678690937525154,301.0992979858936,0.6890144118670334,-1.3342685609016964e-06,0.2128146453089245,0.13759076680547405,-0.25480393280683666,0.2128146453089245,0.13759076680547733,437.0,437,0.9759446363636364,0.7993971181818181,0.0004049255004170143,268.0,0.6132723112128147,335.55879396984926,0.7678690937525154,301.0992979858936,0.6890144118670334,-1.3342685609016964e-06,0.2128146453089245,0.13759076680547405,-0.25480393280683666,0.2128146453089245,0.13759076680547733,437.0,437,0.9759446363636364,0.7993971181818181,0.0004049255004170143
MATR,MATR_b2c20.pkl,LFP,501,TRUNCATED_AT_EOL,1,501,0,0.0,0,0.000e+00,274.0,0.5469061876247505,358.53768844221105,0.7156440887070081,338.39550237596336,0.6754401245029209,-1.1516879710249276e-06,0.16966067864271456,0.12396496617590405,-0.2890748324152277,0.16966067864271456,0.12396496617590472,501.0,501,0.9846402727272726,0.7986941090909091,0.000371892327272727,274.0,0.5469061876247505,358.53768844221105,0.7156440887070081,338.39550237596336,0.6754401245029209,-1.1516879710249276e-06,0.16966067864271456,0.12396496617590405,-0.2890748324152277,0.16966067864271456,0.12396496617590472,501.0,501,0.9846402727272726,0.7986941090909091,0.000371892327272727
MATR,MATR_b2c21.pkl,LFP,488,TRUNCATED_AT_EOL,1,488,0,0.0,0,0.000e+00,272.0,0.5573770491803278,360.98844221105526,0.7397304143669166,329.68100614090264,0.6755758322559481,-9.90224198530209e-07,0.19262295081967212,0.19562453254819184,-0.23581595153478047,0.19262295081967212,0.19562453254819437,488.0,488,0.9789817272727271,0.7994935181818181,0.00036855895090535733,272.0,0.5573770491803278,360.98844221105526,0.7397304143669166,329.68100614090264,0.6755758322559481,-9.90224198530209e-07,0.19262295081967212,0.19562453254819184,-0.23581595153478047,0.19262295081967212,0.19562453254819437,488.0,488,0.9789817272727271,0.7994935181818181,0.00036855895090535733
MATR,MATR_b2c22.pkl,LFP,512,TRUNCATED_AT_EOL,1,512,0,0.0,0,0.000e+00,272.0,0.53125,391.0547738693468,0.7637788552135679,356.70133287917747,0.6966822907796435,-1.0377068362749912e-06,0.19921875,0.1385644348800291,-0.2720286208884713,0.19921875,0.1385644348800291,512.0,512,0.9815663636363635,0.7990711363636362,0.00035713351716776373,272.0,0.53125,391.0547738693468,0.7637788552135679,356.70133287917747,0.6966822907796435,-1.0377068362749912e-06,0.19921875,0.1385644348800291,-0.2720286208884713,0.19921875,0.1385644348800291,512.0,512,0.9815663636363635,0.7990711363636362,0.00035713351716776373
MATR,MATR_b2c23.pkl,LFP,526,TRUNCATED_AT_EOL,1,526,0,0.0,0,0.000e+00,273.0,0.5190114068441065,397.5201005025126,0.7557416359363357,375.30631665035463,0.713510107700294,-8.839104184711392e-07,0.155893536121673,0.187234924092002,-0.24455679894091986,0.155893536121673,0.18723492409200954,526.0,526,0.9768371818181817,0.7993755,0.0003380222510822508,273.0,0.5190114068441065,397.5201005025126,0.7557416359363357,375.30631665035463,0.713510107700294,-8.839104184711392e-07,0.155893536121673,0.187234924092002,-0.24455679894091986,0.155893536121673,0.18723492409200954,526.0,526,0.9768371818181817,0.7993755,0.0003380222510822508
MATR,MATR_b2c24.pkl,LFP,494,TRUNCATED_AT_EOL,1,494,0,0.0,0,0.000e+00,272.0,0.5506072874493927,381.27889447236186,0.7718196244379795,348.2786559614628,0.7050175221891959,-1.102556944630285e-06,0.19433198380566802,0.1060849583116514,-0.2690635865398,0.19433198380566802,0.10608495831165458,494.0,494,0.9708801818181817,0.7998587909090908,0.0003468993730407522,272.0,0.5506072874493927,381.27889447236186,0.7718196244379795,348.2786559614628,0.7050175221891959,-1.102556944630285e-06,0.19433198380566802,0.1060849583116514,-0.2690635865398,0.19433198380566802,0.10608495831165458,494.0,494,0.9708801818181817,0.7998587909090908,0.0003468993730407522
MATR,MATR_b2c25.pkl,LFP,460,TRUNCATED_AT_EOL,1,460,0,0.0,0,0.000e+00,270.0,0.5869565217391305,351.362311557789,0.7638311120821499,315.57665853901045,0.6860362142152401,-1.0893493762599723e-06,0.21739130434782608,0.1808680610449192,-0.23050632801661022,0.21739130434782608,0.18086806104492106,460.0,460,0.9702430909090908,0.799420909090909,0.00037216161616161606,270.0,0.5869565217391305,351.362311557789,0.7638311120821499,315.57665853901045,0.6860362142152401,-1.0893493762599723e-06,0.21739130434782608,0.1808680610449192,-0.23050632801661022,0.21739130434782608,0.18086806104492106,460.0,460,0.9702430909090908,0.799420909090909,0.00037216161616161606
MATR,MATR_b2c26.pkl,LFP,470,TRUNCATED_AT_EOL,1,470,0,0.0,0,0.000e+00,225.0,0.4787234042553192,345.7974874371859,0.735739334972736,315.33137174848946,0.6709178122308287,-1.0925789838837114e-06,0.2,0.18790045317927404,-0.24135069753991298,0.2,0.1879004531792711,470.0,470,0.9787646363636363,0.7994885909090909,0.0003822516960651289,225.0,0.4787234042553192,345.7974874371859,0.735739334972736,315.33137174848946,0.6709178122308287,-1.0925789838837114e-06,0.2,0.18790045317927404,-0.24135069753991298,0.2,0.1879004531792711,470.0,470,0.9787646363636363,0.7994885909090909,0.0003822516960651289
MATR,MATR_b2c27.pkl,LFP,467,TRUNCATED_AT_EOL,1,467,0,0.0,0,0.000e+00,24.0,0.05139186295503212,354.83216080402013,0.7598119075032551,321.82293132453026,0.6891283326007072,-1.1857045642000209e-06,0.20342612419700215,0.12186714117779829,-0.25858912270181855,0.20342612419700215,0.1218671411777984,467.0,467,0.9689463636363636,0.7994269818181818,0.00036377549746390925,24.0,0.05139186295503212,354.83216080402013,0.7598119075032551,321.82293132453026,0.6891283326007072,-1.1857045642000209e-06,0.20342612419700215,0.12186714117779829,-0.25858912270181855,0.20342612419700215,0.1218671411777984,467.0,467,0.9689463636363636,0.7994269818181818,0.00036377549746390925
MATR,MATR_b2c28.pkl,LFP,508,TRUNCATED_AT_EOL,1,508,0,0.0,0,0.000e+00,100.0,0.1968503937007874,381.88693467336685,0.7517459343963915,357.0699937422457,0.7028936884689876,-1.0901302251674593e-06,0.16141732283464566,0.08930704785490227,-0.28132336642761835,0.16141732283464566,0.08930704785490397,508.0,508,0.9741363636363636,0.7995590818181818,0.00034433388918773527,100.0,0.1968503937007874,381.88693467336685,0.7517459343963915,357.0699937422457,0.7028936884689876,-1.0901302251674593e-06,0.16141732283464566,0.08930704785490227,-0.28132336642761835,0.16141732283464566,0.08930704785490397,508.0,508,0.9741363636363636,0.7995590818181818,0.00034433388918773527
MATR,MATR_b2c29.pkl,LFP,497,TRUNCATED_AT_EOL,1,497,0,0.0,0,0.000e+00,269.0,0.5412474849094567,383.59296482412066,0.7718168306320335,355.11803177265557,0.7145232027618824,-1.2358872050462562e-06,0.18309859154929578,0.05329451979819005,-0.30527526263127175,0.18309859154929578,0.05329451979819221,497.0,497,0.9750039090909091,0.7992518454545454,0.0003543388379765396,269.0,0.5412474849094567,383.59296482412066,0.7718168306320335,355.11803177265557,0.7145232027618824,-1.2358872050462562e-06,0.18309859154929578,0.05329451979819005,-0.30527526263127175,0.18309859154929578,0.05329451979819221,497.0,497,0.9750039090909091,0.7992518454545454,0.0003543388379765396
MATR,MATR_b2c3.pkl,LFP,334,TRUNCATED_AT_EOL,1,334,0,0.0,0,0.000e+00,17.0,0.05089820359281437,157.4597989949749,0.4714365239370506,174.46660592632938,0.5223551075638604,-1.119156057940411e-06,0.2754491017964072,0.46610569312631217,-0.12484857319960013,0.2754491017964072,0.4661056931263115,334.0,334,0.9698644545454544,0.7995286272727272,0.0005115190008190007,17.0,0.05089820359281437,157.4597989949749,0.4714365239370506,174.46660592632938,0.5223551075638604,-1.119156057940411e-06,0.2754491017964072,0.46610569312631217,-0.12484857319960013,0.2754491017964072,0.4661056931263115,334.0,334,0.9698644545454544,0.7995286272727272,0.0005115190008190007
MATR,MATR_b2c30.pkl,LFP,480,TRUNCATED_AT_EOL,1,480,0,0.0,0,0.000e+00,224.0,0.4666666666666667,368.55427135678394,0.7678213986599666,333.2769176111037,0.6943269116897994,-1.1257158388676973e-06,0.20416666666666666,0.11768595201620591,-0.25936492927511595,0.20416666666666666,0.11768595201620775,480.0,480,0.9702547272727271,0.7996864181818182,0.000356092503321313,224.0,0.4666666666666667,368.55427135678394,0.7678213986599666,333.2769176111037,0.6943269116897994,-1.1257158388676973e-06,0.20416666666666666,0.11768595201620591,-0.25936492927511595,0.20416666666666666,0.11768595201620775,480.0,480,0.9702547272727271,0.7996864181818182,0.000356092503321313
MATR,MATR_b2c31.pkl,LFP,491,TRUNCATED_AT_EOL,1,491,0,0.0,0,0.000e+00,274.0,0.5580448065173116,369.11557788944725,0.7517628877585484,343.63589613542865,0.6998694422310155,-1.2234820470481106e-06,0.17311608961303462,0.08095029549443424,-0.29495827538440367,0.17311608961303462,0.08095029549443505,491.0,491,0.9757084545454545,0.7998937363636363,0.0003588055473098332,274.0,0.5580448065173116,369.11557788944725,0.7517628877585484,343.63589613542865,0.6998694422310155,-1.2234820470481106e-06,0.17311608961303462,0.08095029549443424,-0.29495827538440367,0.17311608961303462,0.08095029549443505,491.0,491,0.9757084545454545,0.7998937363636363,0.0003588055473098332
MATR,MATR_b2c32.pkl,LFP,518,TRUNCATED_AT_EOL,1,518,0,0.0,0,0.000e+00,274.0,0.528957528957529,399.7914572864322,0.7717981800896374,370.1244380441933,0.7145259421702573,-1.1299848718415338e-06,0.18146718146718147,0.06055054922604375,-0.30320206075200723,0.18146718146718147,0.06055054922604378,518.0,518,0.9766062727272726,0.7986259454545453,0.0003442559521716195,274.0,0.528957528957529,399.7914572864322,0.7717981800896374,370.1244380441933,0.7145259421702573,-1.1299848718415338e-06,0.18146718146718147,0.06055054922604375,-0.30320206075200723,0.18146718146718147,0.06055054922604378,518.0,518,0.9766062727272726,0.7986259454545453,0.0003442559521716195
MATR,MATR_b2c33.pkl,LFP,519,TRUNCATED_AT_EOL,1,519,0,0.0,0,0.000e+00,272.0,0.5240847784200385,398.4804020100503,0.7677849749711951,372.80915174257535,0.7183220650145961,-1.182913669141596e-06,0.1676300578034682,0.0527236916125805,-0.31863080883365014,0.1676300578034682,0.05272369161257802,519.0,519,0.9809563636363635,0.7996910272727272,0.00034993308178308163,272.0,0.5240847784200385,398.4804020100503,0.7677849749711951,372.80915174257535,0.7183220650145961,-1.182913669141596e-06,0.1676300578034682,0.0527236916125805,-0.31863080883365014,0.1676300578034682,0.05272369161257802,519.0,519,0.9809563636363635,0.7996910272727272,0.00034993308178308163
MATR,MATR_b2c34.pkl,LFP,498,TRUNCATED_AT_EOL,1,498,0,0.0,0,0.000e+00,27.0,0.05421686746987952,388.3603015075377,0.7798399628665416,359.2550309226635,0.7213956444230191,-1.1859352770121404e-06,0.18473895582329317,0.05977781881543825,-0.2941166924401189,0.18473895582329317,0.05977781881544124,498.0,498,0.9716826363636363,0.7999327545454545,0.0003455732028534844,27.0,0.05421686746987952,388.3603015075377,0.7798399628665416,359.2550309226635,0.7213956444230191,-1.1859352770121404e-06,0.18473895582329317,0.05977781881543825,-0.2941166924401189,0.18473895582329317,0.05977781881544124,498.0,498,0.9716826363636363,0.7999327545454545,0.0003455732028534844
MATR,MATR_b2c35.pkl,LFP,462,TRUNCATED_AT_EOL,1,462,0,0.0,0,0.000e+00,224.0,0.48484848484848486,362.1552763819096,0.7838858796145229,323.44217910886357,0.700091296772432,-1.1739991401614322e-06,0.21645021645021645,0.13159088332987684,-0.25058307247261674,0.21645021645021645,0.13159088332988025,462.0,462,0.9715651818181817,0.7994645818181818,0.0003733201735357916,224.0,0.48484848484848486,362.1552763819096,0.7838858796145229,323.44217910886357,0.700091296772432,-1.1739991401614322e-06,0.21645021645021645,0.13159088332987684,-0.25058307247261674,0.21645021645021645,0.13159088332988025,462.0,462,0.9715651818181817,0.7994645818181818,0.0003733201735357916
MATR,MATR_b2c36.pkl,LFP,534,TRUNCATED_AT_EOL,1,534,0,0.0,0,0.000e+00,273.0,0.5112359550561798,403.562311557789,0.7557346658385561,375.96320704715066,0.7040509495264994,-1.0845605772930207e-06,0.16853932584269662,0.07346790501898304,-0.3092689559785693,0.16853932584269662,0.07346790501898333,534.0,534,0.9815736363636363,0.7981704,0.0003440961282619818,273.0,0.5112359550561798,403.562311557789,0.7557346658385561,375.96320704715066,0.7040509495264994,-1.0845605772930207e-06,0.16853932584269662,0.07346790501898304,-0.3092689559785693,0.16853932584269662,0.07346790501898333,534.0,534,0.9815736363636363,0.7981704,0.0003440961282619818
MATR,MATR_b2c37.pkl,LFP,477,TRUNCATED_AT_EOL,1,477,0,0.0,0,0.000e+00,269.0,0.5639412997903563,364.3386934673367,0.7638127745646472,340.1172467918489,0.7130340603602703,-1.3840944651965878e-06,0.16981132075471697,0.03664625815697531,-0.3149216295717171,0.16981132075471697,0.03664625815697371,477.0,477,0.9771059999999998,0.7998374909090908,0.00037241283422459866,269.0,0.5639412997903563,364.3386934673367,0.7638127745646472,340.1172467918489,0.7130340603602703,-1.3840944651965878e-06,0.16981132075471697,0.03664625815697531,-0.3149216295717171,0.16981132075471697,0.03664625815697371,477.0,477,0.9771059999999998,0.7998374909090908,0.00037241283422459866
MATR,MATR_b2c38.pkl,LFP,464,TRUNCATED_AT_EOL,1,464,0,0.0,0,0.000e+00,225.0,0.4849137931034483,363.72211055276387,0.7838838589499221,331.04075395263277,0.7134499007599844,-1.303782790116643e-06,0.19827586206896552,0.07046973339832006,-0.2806992195809503,0.19827586206896552,0.07046973339831888,464.0,464,0.9726815454545453,0.7981358909090908,0.0003769884547418025,225.0,0.4849137931034483,363.72211055276387,0.7838838589499221,331.04075395263277,0.7134499007599844,-1.303782790116643e-06,0.19827586206896552,0.07046973339832006,-0.2806992195809503,0.19827586206896552,0.07046973339831888,464.0,464,0.9726815454545453,0.7981358909090908,0.0003769884547418025
MATR,MATR_b2c39.pkl,LFP,458,TRUNCATED_AT_EOL,1,458,0,0.0,0,0.000e+00,269.0,0.5873362445414847,355.34723618090453,0.7758673279059051,327.2153734934192,0.7144440469288629,-1.496985395949853e-06,0.18777292576419213,0.046184169129681145,-0.31401364459602554,0.18777292576419213,0.04618416912968064,458.0,458,0.9804193636363636,0.7980327181818181,0.0003990955042769049,269.0,0.5873362445414847,355.34723618090453,0.7758673279059051,327.2153734934192,0.7144440469288629,-1.496985395949853e-06,0.18777292576419213,0.046184169129681145,-0.31401364459602554,0.18777292576419213,0.04618416912968064,458.0,458,0.9804193636363636,0.7980327181818181,0.0003990955042769049
MATR,MATR_b2c4.pkl,LFP,443,TRUNCATED_AT_EOL,1,443,0,0.0,0,0.000e+00,269.0,0.6072234762979684,324.1708542713568,0.7317626507254104,292.2313628714057,0.6596644760076877,-9.654065626575733e-07,0.2054176072234763,0.29786010924407946,-0.1894600725149841,0.2054176072234763,0.29786010924408524,443.0,443,0.9753611818181817,0.7986681545454545,0.00039975798025503886,269.0,0.6072234762979684,324.1708542713568,0.7317626507254104,292.2313628714057,0.6596644760076877,-9.654065626575733e-07,0.2054176072234763,0.29786010924407946,-0.1894600725149841,0.2054176072234763,0.29786010924408524,443.0,443,0.9753611818181817,0.7986681545454545,0.00039975798025503886
MATR,MATR_b2c40.pkl,LFP,498,TRUNCATED_AT_EOL,1,498,0,0.0,0,0.000e+00,314.0,0.6305220883534136,366.38241206030153,0.7357076547395613,335.7581699886677,0.6742131927483287,-1.0460943785356765e-06,0.20080321285140562,0.15661053098107836,-0.25943559025436425,0.20080321285140562,0.1566105309810787,498.0,498,0.9786835454545453,0.7967725636363636,0.000366018072068776,314.0,0.6305220883534136,366.38241206030153,0.7357076547395613,335.7581699886677,0.6742131927483287,-1.0460943785356765e-06,0.20080321285140562,0.15661053098107836,-0.25943559025436425,0.20080321285140562,0.1566105309810787,498.0,498,0.9786835454545453,0.7967725636363636,0.000366018072068776
MATR,MATR_b2c41.pkl,LFP,428,TRUNCATED_AT_EOL,1,428,0,0.0,0,0.000e+00,271.0,0.633177570093458,325.21959798994976,0.7598588738082939,299.46797542756417,0.6996915313728135,-1.5441906554285695e-06,0.19158878504672897,0.07468475620073121,-0.28287102102402656,0.19158878504672897,0.07468475620072954,428.0,428,0.9710953636363636,0.7996795363636363,0.0004014422184373005,271.0,0.633177570093458,325.21959798994976,0.7598588738082939,299.46797542756417,0.6996915313728135,-1.5441906554285695e-06,0.19158878504672897,0.07468475620073121,-0.28287102102402656,0.19158878504672897,0.07468475620072954,428.0,428,0.9710953636363636,0.7996795363636363,0.0004014422184373005
MATR,MATR_b2c42.pkl,LFP,465,TRUNCATED_AT_EOL,1,465,0,0.0,0,0.000e+00,270.0,0.5806451612903226,349.58291457286435,0.7517912141351921,325.36432991665,0.6997082363798924,-1.4305587873959756e-06,0.1827956989247312,0.07462548312059389,-0.30932257380469647,0.1827956989247312,0.0746254831205925,465.0,465,0.9800217272727272,0.7983959818181817,0.0003914347962382445,270.0,0.5806451612903226,349.58291457286435,0.7517912141351921,325.36432991665,0.6997082363798924,-1.4305587873959756e-06,0.1827956989247312,0.07462548312059389,-0.30932257380469647,0.1827956989247312,0.0746254831205925,465.0,465,0.9800217272727272,0.7983959818181817,0.0003914347962382445
MATR,MATR_b2c43.pkl,LFP,461,TRUNCATED_AT_EOL,1,461,0,0.0,0,0.000e+00,270.0,0.5856832971800434,346.5778894472362,0.751795855633918,320.82628950931013,0.695935552080933,-1.3978868835497718e-06,0.1843817787418655,0.08032897883822943,-0.2970803183788802,0.1843817787418655,0.08032897883823646,461.0,461,0.9759678181818182,0.7985409272727272,0.00038571063241106746,270.0,0.5856832971800434,346.5778894472362,0.751795855633918,320.82628950931013,0.695935552080933,-1.3978868835497718e-06,0.1843817787418655,0.08032897883822943,-0.2970803183788802,0.1843817787418655,0.08032897883823646,461.0,461,0.9759678181818182,0.7985409272727272,0.00038571063241106746
MATR,MATR_b2c44.pkl,LFP,455,TRUNCATED_AT_EOL,1,455,0,0.0,0,0.000e+00,269.0,0.5912087912087912,349.3708542713568,0.7678480313656193,324.2477234854953,0.712632359308781,-1.4578757390706618e-06,0.1824175824175824,0.05067977987720041,-0.3018167248811053,0.1824175824175824,0.05067977987720596,455.0,455,0.9735336363636362,0.7997162818181818,0.0003828576091309569,269.0,0.5912087912087912,349.3708542713568,0.7678480313656193,324.2477234854953,0.712632359308781,-1.4578757390706618e-06,0.1824175824175824,0.05067977987720041,-0.3018167248811053,0.1824175824175824,0.05067977987720596,455.0,455,0.9735336363636362,0.7997162818181818,0.0003828576091309569
MATR,MATR_b2c45.pkl,LFP,486,TRUNCATED_AT_EOL,1,486,0,0.0,0,0.000e+00,272.0,0.5596707818930041,373.15829145728645,0.7678154145211655,340.16056066904173,0.6999188491132546,-1.1169604841840095e-06,0.1934156378600823,0.12044922618299587,-0.2638215985223266,0.1934156378600823,0.12044922618299361,486.0,486,0.973156909090909,0.7947254727272727,0.00036789986879100277,272.0,0.5596707818930041,373.15829145728645,0.7678154145211655,340.16056066904173,0.6999188491132546,-1.1169604841840095e-06,0.1934156378600823,0.12044922618299587,-0.2638215985223266,0.1934156378600823,0.12044922618299361,486.0,486,0.973156909090909,0.7947254727272727,0.00036789986879100277
MATR,MATR_b2c46.pkl,LFP,428,TRUNCATED_AT_EOL,1,428,0,0.0,0,0.000e+00,227.0,0.530373831775701,335.51909547738694,0.7839231202742686,307.6499488100551,0.7188082916122782,-1.632129673257481e-06,0.19158878504672897,0.03695809032361793,-0.2989800420659992,0.19158878504672897,0.036958090323618346,428.0,428,0.9751034545454546,0.7980858181818181,0.0004145612092825209,227.0,0.530373831775701,335.51909547738694,0.7839231202742686,307.6499488100551,0.7188082916122782,-1.632129673257481e-06,0.19158878504672897,0.03695809032361793,-0.2989800420659992,0.19158878504672897,0.036958090323618346,428.0,428,0.9751034545454546,0.7980858181818181,0.0004145612092825209
MATR,MATR_b2c47.pkl,LFP,712,TRUNCATED_AT_EOL,1,712,0,0.0,0,0.000e+00,292.0,0.4101123595505618,549.4346733668342,0.7716779120320705,486.94841666039906,0.6839163155342683,-3.370518209209607e-07,0.20224719101123595,0.26717104411263753,-0.17086639830495876,0.20224719101123595,0.26717104411264053,712.0,712,0.9473977272727271,0.7988816999999999,0.00020888330136811136,292.0,0.4101123595505618,549.4346733668342,0.7716779120320705,486.94841666039906,0.6839163155342683,-3.370518209209607e-07,0.20224719101123595,0.26717104411263753,-0.17086639830495876,0.20224719101123595,0.26717104411264053,712.0,712,0.9473977272727271,0.7988816999999999,0.00020888330136811136
MATR,MATR_b2c5.pkl,LFP,479,TRUNCATED_AT_EOL,1,479,0,0.0,0,0.000e+00,271.0,0.5657620041753654,365.86532663316586,0.7638107027832273,334.30195403164953,0.6979163967257819,-1.1582633709533082e-06,0.1941544885177453,0.11208054778150002,-0.26575310609489594,0.1941544885177453,0.11208054778149451,479.0,479,0.9709229999999999,0.7991190909090908,0.00035942240395587664,271.0,0.5657620041753654,365.86532663316586,0.7638107027832273,334.30195403164953,0.6979163967257819,-1.1582633709533082e-06,0.1941544885177453,0.11208054778150002,-0.26575310609489594,0.1941544885177453,0.11208054778149451,479.0,479,0.9709229999999999,0.7991190909090908,0.00035942240395587664
MATR,MATR_b2c6.pkl,LFP,510,TRUNCATED_AT_EOL,1,510,0,0.0,0,0.000e+00,26.0,0.050980392156862744,403.85175879396985,0.7918661937136664,332.8948536650296,0.6527350071863325,-2.659321708424298e-07,0.33725490196078434,0.6986428661924718,-0.06916895763611355,0.33725490196078434,0.6986428661924777,510.0,510,0.9715809999999999,0.7998852818181817,0.00033731968208608676,26.0,0.050980392156862744,403.85175879396985,0.7918661937136664,332.8948536650296,0.6527350071863325,-2.659321708424298e-07,0.33725490196078434,0.6986428661924718,-0.06916895763611355,0.33725490196078434,0.6986428661924777,510.0,510,0.9715809999999999,0.7998852818181817,0.00033731968208608676
MATR,MATR_b3c0.pkl,LFP,1007,EXTRAPOLATED,1,1008,1,0.000992,0,0.000e+00,51.0,0.0506454816285998,841.6924623115578,0.8358415713123712,755.0500363729575,0.7498014263882398,-2.1536665962264498e-07,0.19960278053624628,0.15669291011748113,-0.2183923458236811,0.19960278053624628,0.1566929101174818,1007.0,1007,0.9704137272727272,0.8003935454545453,0.00016900614494849096,51.0,0.050595238095238096,838.4798994974875,0.8318252971205233,756.1602226818721,0.7501589510732859,-2.1692463939380283e-07,0.1984126984126984,0.15559653934949105,-0.22040931680102793,0.1984126984126984,0.15559653934948378,1008.0,1008,0.9704137272727272,0.8,0.00016922912340886512
MATR,MATR_b3c1.pkl,LFP,1061,EXTRAPOLATED,1,1062,1,0.000942,0,0.000e+00,54.0,0.05089538171536286,865.5125628140704,0.8157517085900757,801.5025674741728,0.7554218355081742,-2.0235943351907116e-07,0.17247879359095195,0.16516419123720485,-0.22780026386052088,0.17247879359095195,0.16516419123720982,1061.0,1061,0.9682366363636363,0.8002485454545454,0.00015847933104631221,54.0,0.05084745762711865,866.3281407035176,0.8157515449185665,801.8533233338906,0.7550407940997086,-2.0347551577193024e-07,0.17325800376647835,0.16417631745426528,-0.22948863961027557,0.17325800376647835,0.1641763174542647,1062.0,1062,0.9682366363636363,0.8,0.00015856421900436974
MATR,MATR_b3c10.pkl,LFP,1076,EXTRAPOLATED,1,1077,1,0.000929,0,0.000e+00,371.0,0.3447955390334573,873.4246231155779,0.8117329211111319,805.8330597031136,0.7489154829954587,-2.0745266951847606e-07,0.1821561338289963,0.1402834989099952,-0.24018372190442694,0.1821561338289963,0.14028349890999456,1076.0,1076,0.9652496363636361,0.8005825999999999,0.00015317863847780114,371.0,0.34447539461467036,874.2361809045226,0.811732758500021,806.6389248837193,0.7489683610805192,-2.0841074584785073e-07,0.1829155060352832,0.13973512630229523,-0.24174166802055336,0.1829155060352832,0.1397351263022992,1077.0,1077,0.9652496363636361,0.8,0.0001535777289624871
MATR,MATR_b3c11.pkl,LFP,815,EXTRAPOLATED,1,816,1,0.001225,0,0.000e+00,41.0,0.05030674846625767,641.9738693467337,0.7876979991984463,589.7262322533006,0.7235904690224547,-3.5220897260526564e-07,0.1901840490797546,0.151761574320726,-0.23394600482873207,0.1901840490797546,0.15176157432072815,815.0,815,0.9709708181818181,0.8010306181818182,0.00020877174447174433,41.0,0.05024509803921569,642.7613065326633,0.7876976795743422,590.7628254123414,0.7239740507504183,-3.5435054274137215e-07,0.18872549019607843,0.15086403271966095,-0.2359464349875991,0.18872549019607843,0.15086403271966092,816.0,816,0.9709708181818181,0.8,0.00020978014500836568
MATR,MATR_b3c12.pkl,LFP,930,EXTRAPOLATED,1,931,1,0.001074,0,0.000e+00,47.0,0.05053763440860215,751.202512562814,0.8077446371643162,686.7682060382592,0.7384604366002787,-2.999696699547604e-07,0.1935483870967742,0.09703176936957958,-0.25944376754387377,0.1935483870967742,0.09703176936957723,930.0,930,0.976513909090909,0.8007344363636363,0.00018921364125648298,47.0,0.050483351235230935,752.0100502512563,0.8077444148778263,687.2054108996717,0.7381368538127516,-3.0179572994885884e-07,0.19441460794844254,0.0965174802144016,-0.2615847686862032,0.19441460794844254,0.09651748021439384,931.0,931,0.976513909090909,0.8,0.00018979990224828915
MATR,MATR_b3c13.pkl,LFP,814,EXTRAPOLATED,1,815,1,0.001227,0,0.000e+00,41.0,0.05036855036855037,628.1130653266332,0.7716376723914413,580.7693284864419,0.7134758335214273,-3.458266927395762e-07,0.18181818181818182,0.15804226114130943,-0.22914338330247544,0.18181818181818182,0.15804226114131034,814.0,814,0.9686890909090908,0.8002233545454545,0.0002072149278765515,41.0,0.05030674846625767,628.8844221105528,0.7716373277430095,581.8525715465589,0.7139295356399495,-3.4790499523718955e-07,0.17791411042944785,0.1572652249664046,-0.23108719546142045,0.17791411042944785,0.15726522496640305,815.0,815,0.9686890909090908,0.8,0.00020723475541657344
MATR,MATR_b3c14.pkl,LFP,856,EXTRAPOLATED,1,857,1,0.001167,0,0.000e+00,45.0,0.052570093457943924,667.3844221105528,0.7796546987272813,617.238000561675,0.7210724305627044,-3.50689391071677e-07,0.17990654205607476,0.10698948015764335,-0.2569627416562963,0.17990654205607476,0.10698948015763844,856.0,856,0.975186909090909,0.8005967999999999,0.00020419895800106327,45.0,0.052508751458576426,668.1638190954774,0.7796543980110587,618.3426897641237,0.7215200580678224,-3.528469179874813e-07,0.1808634772462077,0.10642422667352591,-0.25914806606898805,0.1808634772462077,0.10642422667352582,857.0,857,0.975186909090909,0.8,0.00020465760407816465
MATR,MATR_b3c15.pkl,LFP,874,EXTRAPOLATED,1,875,1,0.001143,0,0.000e+00,52.0,0.059496567505720827,670.8849246231157,0.7676028885848005,622.3483659183687,0.7120690685564859,-3.106694332078485e-07,0.18306636155606407,0.1443979808859367,-0.23731292396108195,0.18306636155606407,0.14439798088594047,874.0,874,0.9712897272727272,0.800527709090909,0.00019560368634801632,52.0,0.05942857142857143,671.6522613065328,0.7676025843503231,622.8973983815581,0.7118827410074949,-3.123529364094522e-07,0.18171428571428572,0.14374582700563882,-0.23914521693848736,0.18171428571428572,0.14374582700564004,875.0,875,0.9712897272727272,0.8,0.00019598366964842926
MATR,MATR_b3c16.pkl,LFP,1636,EXTRAPOLATED_CANDIDATE,1,1636,0,0.0,0,0.000e+00,167.0,0.10207823960880195,1295.032663316583,0.7915847575284737,1219.1834526405771,0.7452221593157562,-7.751090538067403e-08,0.14792176039119803,0.22621364898660792,-0.20745762820775185,0.14792176039119803,0.22621364898660767,1636.0,1636,0.9645536363636363,0.8001352454545454,0.00010056170697803727,167.0,0.10207823960880195,1295.032663316583,0.7915847575284737,1219.1834526405771,0.7452221593157562,-7.751090538067403e-08,0.14792176039119803,0.22621364898660792,-0.20745762820775185,0.14792176039119803,0.22621364898660767,1636.0,1636,0.9645536363636363,0.8001352454545454,0.00010056170697803727
MATR,MATR_b3c17.pkl,LFP,1313,EXTRAPOLATED,1,1314,1,0.000761,0,0.000e+00,80.0,0.06092916984006093,1023.5688442211056,0.7795649994067826,970.1931095119438,0.7389132593388757,-1.3360021115414046e-07,0.14394516374714394,0.18757995024289206,-0.23032262242319052,0.14394516374714394,0.18757995024289678,1313.0,1313,0.9695012727272727,0.8003942,0.00012889258592017742,80.0,0.060882800608828,1024.3482412060303,0.7795648715418799,970.8330953958234,0.7388379721429402,-1.3403521729918195e-07,0.1430745814307458,0.1868581758966266,-0.23142467004789985,0.1430745814307458,0.18685817589662415,1314.0,1314,0.9695012727272727,0.8,0.00012909464792633106
MATR,MATR_b3c18.pkl,LFP,1144,EXTRAPOLATED_CANDIDATE,1,1144,0,0.0,0,0.000e+00,58.0,0.050699300699300696,905.6356783919598,0.7916395790139509,853.4197767075285,0.7459963083107767,-1.7957894544849e-07,0.15384615384615385,0.1829103163135035,-0.235021430750481,0.15384615384615385,0.18291031631350196,1144.0,1144,0.9709306363636362,0.8000354909090909,0.0001495145629523581,58.0,0.050699300699300696,905.6356783919598,0.7916395790139509,853.4197767075285,0.7459963083107767,-1.7957894544849e-07,0.15384615384615385,0.1829103163135035,-0.235021430750481,0.15384615384615385,0.18291031631350196,1144.0,1144,0.9709306363636362,0.8000354909090909,0.0001495145629523581
MATR,MATR_b3c19.pkl,LFP,1153,EXTRAPOLATED_CANDIDATE,1,1153,0,0.0,0,0.000e+00,58.0,0.05030355594102342,903.4964824120603,0.7836049283712578,860.3251099697441,0.7461622809798301,-1.8184696706231797e-07,0.1448395490026019,0.18183094338573347,-0.24174899463535093,0.1448395490026019,0.18183094338573705,1153.0,1153,0.9744770909090907,0.8000670272727272,0.00015139762468434337,58.0,0.05030355594102342,903.4964824120603,0.7836049283712578,860.3251099697441,0.7461622809798301,-1.8184696706231797e-07,0.1448395490026019,0.18183094338573347,-0.24174899463535093,0.1448395490026019,0.18183094338573705,1153.0,1153,0.9744770909090907,0.8000670272727272,0.00015139762468434337
MATR,MATR_b3c20.pkl,LFP,811,EXTRAPOLATED,1,812,1,0.001232,0,0.000e+00,41.0,0.05055487053020962,674.6432160804021,0.831865864464121,609.4777461103224,0.7515138669671053,-3.511130910619335e-07,0.2059186189889026,0.12414619966069813,-0.23093445336634694,0.2059186189889026,0.12414619966069877,811.0,811,0.9682274545454544,0.800538009090909,0.00020702400673400673,41.0,0.050492610837438424,675.4748743718594,0.8318656088323392,610.527807012486,0.7518815357296627,-3.540414572349783e-07,0.2019704433497537,0.12310059358975152,-0.2334351105791391,0.2019704433497537,0.1231005935897491,812.0,812,0.9682274545454544,0.8,0.00020743212644322366
MATR,MATR_b3c21.pkl,LFP,770,EXTRAPOLATED,1,771,1,0.001297,0,0.000e+00,368.0,0.4779220779220779,597.2648241206031,0.7756686027540299,600.0147436233013,0.7792399267835083,-1.8075008242261664e-07,0.06233766233766234,0.5055513699556033,-0.10716672386836869,0.06233766233766234,0.5055513699556088,770.0,770,0.9707784545454545,0.8001802727272727,0.00022184418962052258,368.0,0.4773022049286641,598.0402010050252,0.7756682243904348,600.3221393784474,0.7786279369370265,-1.8246708645635847e-07,0.06355382619974059,0.5034453577836832,-0.10846591734020203,0.06355382619974059,0.5034453577836847,771.0,771,0.9707784545454545,0.8,0.00022179020070838245
MATR,MATR_b3c22.pkl,LFP,1000,EXTRAPOLATED,1,1001,1,0.000999,0,0.000e+00,410.0,0.41,867.9713567839196,0.8679713567839197,762.3259865134572,0.7623259865134572,-1.8201213477902873e-07,0.22,0.16092169580811136,-0.18201213477902828,0.22,0.1609216958081137,1000.0,1000,0.9602402727272726,0.8008551636363636,0.00015954465374465372,410.0,0.4095904095904096,868.8391959798996,0.8679712247551444,763.6647503957629,0.7629018485472157,-1.8385384109224107e-07,0.22077922077922077,0.15964356521049577,-0.18422173262826613,0.22077922077922077,0.15964356521049403,1001.0,1001,0.9602402727272726,0.8,0.0001602402727272726
MATR,MATR_b3c24.pkl,LFP,823,EXTRAPOLATED,1,824,1,0.001214,0,0.000e+00,336.0,0.4082624544349939,681.3185929648241,0.8278476220714752,600.5732859488941,0.7297366779451933,-2.9045903858364464e-07,0.2174969623329283,0.1511951439796591,-0.1967363301448208,0.2174969623329283,0.15119514397966127,823.0,823,0.9511574545454544,0.8001938727272727,0.00018365399247953978,336.0,0.4077669902912621,682.1462311557789,0.8278473679074987,601.8902889106569,0.7304493797459428,-2.929323946824989e-07,0.21844660194174756,0.14995720871218085,-0.19889406561194203,0.21844660194174756,0.14995720871218035,824.0,824,0.9511574545454544,0.8,0.00018366640892521796
MATR,MATR_b3c25.pkl,LFP,987,EXTRAPOLATED,1,989,2,0.002022,0,0.000e+00,50.0,0.05065856129685917,821.0150753768845,0.8318288504325071,740.2365918112303,0.7499864152089466,-2.2115076273166338e-07,0.21175278622087132,0.14865498162782448,-0.2154382173795449,0.21175278622087132,0.14865498162782612,987.0,987,0.9646638181818181,0.8015183454545454,0.00016546193988567216,50.0,0.05055611729019211,822.6783919597991,0.8318285055205249,742.4058987741568,0.7506631939071352,-2.243440438571077e-07,0.20930232558139536,0.14675431980658962,-0.21943562052156004,0.20930232558139536,0.14675431980659145,989.0,989,0.9646638181818181,0.8,0.00016666378358483612
MATR,MATR_b3c26.pkl,LFP,1026,EXTRAPOLATED_CANDIDATE,1,1026,0,0.0,0,0.000e+00,52.0,0.050682261208576995,795.7613065326634,0.7755958153339799,748.4409974249818,0.7294746563596314,-2.468512286340301e-07,0.15789473684210525,0.1363466520646175,-0.25985436395355477,0.15789473684210525,0.13634665206461366,1026.0,1026,0.9745623636363636,0.8002141909090909,0.00017009577827051,52.0,0.050682261208576995,795.7613065326634,0.7755958153339799,748.4409974249818,0.7294746563596314,-2.468512286340301e-07,0.15789473684210525,0.1363466520646175,-0.25985436395355477,0.15789473684210525,0.13634665206461366,1026.0,1026,0.9745623636363636,0.8002141909090909,0.00017009577827051
MATR,MATR_b3c27.pkl,LFP,848,EXTRAPOLATED_CANDIDATE,1,848,0,0.0,0,0.000e+00,43.0,0.05070754716981132,674.7693467336684,0.7957185692614014,623.4703175839502,0.7352244311131488,-3.251773355527582e-07,0.17452830188679244,0.13807751845262317,-0.23383632270532992,0.17452830188679244,0.1380775184526245,848.0,848,0.9640155454545454,0.800022809090909,0.0001936159815391221,43.0,0.05070754716981132,674.7693467336684,0.7957185692614014,623.4703175839502,0.7352244311131488,-3.251773355527582e-07,0.17452830188679244,0.13807751845262317,-0.23383632270532992,0.17452830188679244,0.1380775184526245,848.0,848,0.9640155454545454,0.800022809090909,0.0001936159815391221
MATR,MATR_b3c28.pkl,LFP,539,EXTRAPOLATED,1,540,1,0.001852,0,0.000e+00,88.0,0.16326530612244897,377.0592964824121,0.6995534257558665,365.1289079153171,0.677419124147156,-3.049336461078676e-07,0.10946196660482375,0.5602763510342424,-0.08858962780090217,0.10946196660482375,0.5602763510342458,539.0,539,0.9562425454545453,0.8000996454545454,0.00029022843866171,87.0,0.16111111111111112,377.7582914572865,0.6995523915875675,366.23347377411784,0.6782101366187367,-3.0704443316830933e-07,0.1111111111111111,0.5577121912586318,-0.08953415671188322,0.1111111111111111,0.5577121912586424,540.0,540,0.9562425454545453,0.8,0.0002898748524203067
MATR,MATR_b3c29.pkl,LFP,856,EXTRAPOLATED_CANDIDATE,1,856,0,0.0,0,0.000e+00,43.0,0.05023364485981308,663.9472361809046,0.7756392946038605,614.2719230834565,0.7176073867797389,-3.2396052538183985e-07,0.17990654205607476,0.1479015391800815,-0.23737753952618948,0.17990654205607476,0.14790153918008064,856.0,856,0.9694261818181817,0.8000664272727273,0.00019808158426368945,43.0,0.05023364485981308,663.9472361809046,0.7756392946038605,614.2719230834565,0.7176073867797389,-3.2396052538183985e-07,0.17990654205607476,0.1479015391800815,-0.23737753952618948,0.17990654205607476,0.14790153918008064,856.0,856,0.9694261818181817,0.8000664272727273,0.00019808158426368945
MATR,MATR_b3c3.pkl,LFP,1113,EXTRAPOLATED,1,1114,1,0.000898,0,0.000e+00,56.0,0.050314465408805034,903.4522613065327,0.8117270991073968,834.7235944310808,0.7499762753199288,-1.8256616522297675e-07,0.16801437556154536,0.1627101281174141,-0.22615730592710465,0.16801437556154536,0.1627101281174183,1113.0,1113,0.9662629090909091,0.8005309636363636,0.00014903951929365602,56.0,0.05026929982046679,904.2638190954774,0.8117269471234088,835.5898394892348,0.7500806458610725,-1.8347401319361443e-07,0.1687612208258528,0.1618161706138204,-0.22769051647722066,0.1687612208258528,0.161816170613812,1114.0,1114,0.9662629090909091,0.8,0.00014938266764681851
MATR,MATR_b3c30.pkl,LFP,933,EXTRAPOLATED,1,934,1,0.001071,0,0.000e+00,47.0,0.05037513397642015,761.1185929648242,0.8157755551605833,697.1648968887396,0.7472292571154765,-2.716549559466809e-07,0.17470525187566988,0.12316776293244036,-0.2364726509470693,0.17470525187566988,0.12316776293244196,933.0,933,0.9715811818181818,0.8002256818181818,0.00018385783261802574,47.0,0.05032119914346895,761.9341708542713,0.815775343527057,697.6710458997136,0.7469711412202501,-2.735929558073231e-07,0.17558886509635974,0.12223200072315041,-0.2386704565562544,0.17558886509635974,0.12223200072315042,934.0,934,0.9715811818181818,0.8,0.00018390266004092358
MATR,MATR_b3c31.pkl,LFP,729,EXTRAPOLATED,1,730,1,0.00137,0,0.000e+00,37.0,0.05075445816186557,594.7407035175879,0.8158308690227544,542.4667706560078,0.7441245139314236,-4.638150201102994e-07,0.18792866941015088,0.1059949624053453,-0.24649031810243616,0.18792866941015088,0.10599496240534528,729.0,729,0.971073818181818,0.8002851727272727,0.0002345997877122875,37.0,0.050684931506849315,595.5562814070352,0.8158305224753907,543.5092347581357,0.744533198298816,-4.6769542369953535e-07,0.1863013698630137,0.10513277255391412,-0.2492348912894819,0.1863013698630137,0.10513277255390456,730.0,730,0.971073818181818,0.8,0.00023466916074323457
MATR,MATR_b3c33.pkl,LFP,1282,EXTRAPOLATED,1,1283,1,0.000779,0,0.000e+00,65.0,0.05070202808112324,1086.9532663316584,0.847857462037175,984.1972857757576,0.7677045910887345,-1.13244360061994e-07,0.19656786271450857,0.22529520562738,-0.18611982362653187,0.19656786271450857,0.2252952056273801,1282.0,1282,0.9638836363636364,0.8007250090909089,0.00012736817117308934,65.0,0.05066250974279034,1087.8010050251257,0.8478573694661931,984.6245208630169,0.7674392212494285,-1.1395196547271251e-07,0.1956352299298519,0.22424665301877816,-0.18757507689301084,0.1956352299298519,0.22424665301877642,1283.0,1283,0.9638836363636364,0.8,0.00012783434973762586
MATR,MATR_b3c34.pkl,LFP,1156,EXTRAPOLATED,1,1157,1,0.000864,0,0.000e+00,58.0,0.050173010380622836,919.7763819095478,0.7956543096103355,869.5617484346064,0.752216045358656,-1.6501306487768428e-07,0.15570934256055363,0.1937967490352904,-0.22051289906638386,0.15570934256055363,0.19379674903529212,1156.0,1156,0.965031818181818,0.8001562181818181,0.00014274943722943716,58.0,0.05012964563526361,920.5718592964824,0.7956541566953176,870.2439153548115,0.7521555016031215,-1.6569063358741162e-07,0.1547104580812446,0.19316365795942678,-0.22180160096115362,0.1547104580812446,0.19316365795942583,1157.0,1157,0.965031818181818,0.8,0.00014276108839257612
MATR,MATR_b3c35.pkl,LFP,1091,EXTRAPOLATED,1,1092,1,0.000916,0,0.000e+00,410.0,0.3758020164986251,850.5427135678392,0.7795991875048939,795.4484171366481,0.7291002906843704,-1.9594701686031565e-07,0.1695692025664528,0.16980119365626917,-0.2332320111755136,0.1695692025664528,0.16980119365627327,1091.0,1091,0.9667094545454544,0.8001066909090908,0.00015284657214345286,410.0,0.37545787545787546,851.3221105527639,0.7795990023376959,796.1895821439714,0.7291113389596807,-1.966727177753332e-07,0.1684981684981685,0.16907824757418352,-0.2345251357292447,0.1684981684981685,0.16907824757418588,1092.0,1092,0.9667094545454544,0.8,0.0001528042663111406
MATR,MATR_b3c36.pkl,LFP,921,EXTRAPOLATED,1,922,1,0.001085,0,0.000e+00,47.0,0.051031487513572206,795.713567839196,0.863966957480126,697.3012115461574,0.7571131504301384,-2.041728594207496e-07,0.2182410423452769,0.20642235684093657,-0.17318779044791577,0.2182410423452769,0.20642235684093377,921.0,921,0.9613897272727272,0.8005476545454545,0.00017482833992094857,47.0,0.0509761388286334,796.5773869346734,0.8639667971091902,698.6713963130431,0.7577780871074221,-2.0635803769224498e-07,0.21908893709327548,0.20443611117578536,-0.17542166611357718,0.21908893709327548,0.20443611117578828,922.0,922,0.9613897272727272,0.8,0.00017523314579014892
MATR,MATR_b3c38.pkl,LFP,1933,EXTRAPOLATED_CANDIDATE,1,1933,0,0.0,0,0.000e+00,97.0,0.05018106570098293,1522.3286432160805,0.7875471511723128,1427.197916609319,0.7383331177492597,-5.2663808336548384e-08,0.15054319710294878,0.257471287947307,-0.19677774054762434,0.15054319710294878,0.25747128794731045,1933.0,1933,0.9728611818181817,0.8000041636363636,8.947050630528887e-05,97.0,0.05018106570098293,1522.3286432160805,0.7875471511723128,1427.197916609319,0.7383331177492597,-5.2663808336548384e-08,0.15054319710294878,0.257471287947307,-0.19677774054762434,0.15054319710294878,0.25747128794731045,1933.0,1933,0.9728611818181817,0.8000041636363636,8.947050630528887e-05
MATR,MATR_b3c39.pkl,LFP,1154,EXTRAPOLATED,1,1155,1,0.000866,0,0.000e+00,58.0,0.05025996533795494,1001.6185929648242,0.8679537200735045,878.0988030754568,0.7609175069977961,-1.2089372377772434e-07,0.22357019064124783,0.23308487854071033,-0.16099610625437794,0.22357019064124783,0.23308487854071097,1154.0,1154,0.9521850909090909,0.8003929545454546,0.0001316497279823385,58.0,0.050216450216450215,1002.486432160804,0.8679536209184451,878.7470000947122,0.7608199135019154,-1.2190740141518387e-07,0.22251082251082252,0.23166090618899032,-0.16262752117289106,0.22251082251082252,0.23166090618899526,1155.0,1155,0.9521850909090909,0.8,0.00013187616196628322
MATR,MATR_b3c4.pkl,LFP,1046,EXTRAPOLATED_CANDIDATE,1,1046,0,0.0,0,0.000e+00,53.0,0.05066921606118547,815.4698492462312,0.7796078864686723,761.248047944874,0.7277706003297074,-2.3378003273619625e-07,0.16061185468451242,0.14281397848141428,-0.25578247429719403,0.16061185468451242,0.1428139784814155,1046.0,1046,0.9749786363636364,0.8000133272727271,0.00016743091779034377,53.0,0.05066921606118547,815.4698492462312,0.7796078864686723,761.248047944874,0.7277706003297074,-2.3378003273619625e-07,0.16061185468451242,0.14281397848141428,-0.25578247429719403,0.16061185468451242,0.1428139784814155,1046.0,1046,0.9749786363636364,0.8000133272727271,0.00016743091779034377
MATR,MATR_b3c40.pkl,LFP,794,EXTRAPOLATED,1,795,1,0.001258,0,0.000e+00,40.0,0.05037783375314862,619.0618090452261,0.7796748224750959,571.4484347796915,0.7197083561457072,-3.6097701854258954e-07,0.181360201511335,0.14667944200016897,-0.22757290766191787,0.181360201511335,0.14667944200016886,794.0,794,0.9630213636363636,0.8006429636363636,0.0002047646910466583,40.0,0.050314465408805034,619.8412060301508,0.7796744729939005,571.9967867296807,0.7194928134964537,-3.632504312620542e-07,0.18238993710691823,0.14591291403699336,-0.22958335381839948,0.18238993710691823,0.14591291403699355,795.0,795,0.9630213636363636,0.8,0.00020531657888710775
MATR,MATR_b3c41.pkl,LFP,784,EXTRAPOLATED,1,785,1,0.001274,0,0.000e+00,40.0,0.05102040816326531,601.824623115578,0.7676334478515026,561.6110215016284,0.7163405886500362,-3.9479200668580147e-07,0.1683673469387755,0.09701194029393957,-0.24266127566146542,0.1683673469387755,0.09701194029394065,784.0,784,0.955019909090909,0.8005666181818182,0.00019725835365145693,40.0,0.050955414012738856,602.591959798995,0.767633069807637,562.5270906656212,0.7165950199562054,-3.970101155429911e-07,0.16687898089171974,0.0965277894851315,-0.2446475584504811,0.16687898089171974,0.09652778948513915,785.0,785,0.955019909090909,0.8,0.00019772947588126135
MATR,MATR_b3c44.pkl,LFP,938,EXTRAPOLATED,1,939,1,0.001065,0,0.000e+00,47.0,0.050106609808102345,784.0306532663318,0.8358535749108015,700.4864012821208,0.7467872081898943,-2.634938090787709e-07,0.2068230277185501,0.10664233813436254,-0.23183344695510222,0.2068230277185501,0.10664233813436609,938.0,938,0.9724727272727272,0.8004216181818181,0.00018361911322402246,47.0,0.05005324813631523,784.8663316582915,0.8358533883474883,701.1143239203716,0.7466606218534309,-2.65677941567794e-07,0.20766773162939298,0.10589713832733581,-0.23425382031709846,0.20766773162939298,0.10589713832733237,939.0,939,0.9724727272727272,0.8,0.00018387284357433594
MATR,MATR_b3c45.pkl,LFP,1799,EXTRAPOLATED,1,1800,1,0.000556,0,0.000e+00,368.0,0.2045580878265703,1424.0402010050252,0.7915732078960673,1311.548166867815,0.729042894312293,-6.649018849511264e-08,0.17398554752640355,0.21671694807507905,-0.21518891253577097,0.17398554752640355,0.21671694807507422,1799.0,1799,0.9723168181818181,0.8004295818181817,9.559913034685008e-05,126.0,0.07,1424.8316582914574,0.7915731434952541,1312.4174361925677,0.7291207978847598,-6.666437132015457e-08,0.17333333333333334,0.21612939310868423,-0.21599256307730366,0.17333333333333334,0.2161293931086775,1800.0,1800,0.9723168181818181,0.8,9.578477942291167e-05
MATR,MATR_b3c5.pkl,LFP,826,EXTRAPOLATED,1,827,1,0.001209,0,0.000e+00,42.0,0.05084745762711865,680.4849246231156,0.8238316278730213,602.6070677053698,0.7295485081178811,-2.8515806609878116e-07,0.21307506053268765,0.18288355410188206,-0.19455650470561528,0.21307506053268765,0.18288355410188828,826.0,826,0.9558641818181817,0.8006083454545454,0.00018818889256198336,42.0,0.05078597339782346,681.3085427135678,0.823831369665741,603.2958280474826,0.7294991874818411,-2.8735453605342266e-07,0.2140266021765417,0.1817813124499956,-0.19653010048847913,0.2140266021765417,0.18178131245000934,827.0,827,0.9558641818181817,0.8,0.0001886975566806073
MATR,MATR_b3c6.pkl,LFP,665,EXTRAPOLATED,1,666,1,0.001502,0,0.000e+00,583.0,0.8766917293233083,465.1326633165829,0.6994476140098991,462.81395330917843,0.6959608320438774,-1.7452373006201513e-07,0.058646616541353384,0.6238555283076519,-0.07717875652667373,0.058646616541353384,0.6238555283076467,665.0,665,0.9660112727272726,0.8004779727272726,0.00024929713855421687,583.0,0.8753753753753754,463.15829145728645,0.6954328700559856,463.69856309940536,0.6962440887378459,-1.7556923939798187e-07,0.057057057057057055,0.6216439716283856,-0.07787478955041145,0.057057057057057055,0.6216439716283851,666.0,666,0.9660112727272726,0.8,0.00024964101161995873
MATR,MATR_b3c7.pkl,LFP,1834,EXTRAPOLATED,1,1835,1,0.000545,0,0.000e+00,298.0,0.1624863685932388,1422.2658291457287,0.7754993615843668,1324.7636138431392,0.7223356673081457,-6.563542065198587e-08,0.1559432933478735,0.2042411020588171,-0.22076841294651256,0.1559432933478735,0.20424110205881957,1834.0,1834,0.9704743636363635,0.8003305272727272,9.282260576303125e-05,298.0,0.16239782016348775,1423.0412060301508,0.7754992948393192,1325.1763330823906,0.7221669390094771,-6.580066623547206e-08,0.1564032697547684,0.2038363690914167,-0.22156564836473558,0.1564032697547684,0.2038363690914157,1835.0,1835,0.9704743636363635,0.8,9.2952215723208e-05
MATR,MATR_b3c8.pkl,LFP,826,EXTRAPOLATED,1,827,1,0.001209,0,0.000e+00,42.0,0.05084745762711865,683.8015075376884,0.8278468614257729,616.0603904777093,0.7458358238228927,-3.281235701930459e-07,0.2033898305084746,0.13287668402193148,-0.22387083697703214,0.2033898305084746,0.13287668402194164,826.0,826,0.967942,0.8008554272727273,0.00020252917906336083,42.0,0.05078597339782346,684.6291457286433,0.827846609103559,616.5965057532239,0.7455822318660507,-3.309162001088906e-07,0.20193470374848851,0.1319424220597946,-0.22632318582427297,0.20193470374848851,0.13194242205980053,827.0,827,0.967942,0.8,0.00020331961259079895
MATR,MATR_b3c9.pkl,LFP,1037,EXTRAPOLATED_CANDIDATE,1,1037,0,0.0,0,0.000e+00,52.0,0.05014464802314368,845.9386934673367,0.8157557314053392,768.4220975700804,0.7410049156895664,-2.3505425341781462e-07,0.19575699132111862,0.10259906657445855,-0.25277005744366066,0.19575699132111862,0.10259906657445876,1037.0,1037,0.972256909090909,0.8001012727272726,0.0001661733941733942,52.0,0.05014464802314368,845.9386934673367,0.8157557314053392,768.4220975700804,0.7410049156895664,-2.3505425341781462e-07,0.19575699132111862,0.10259906657445855,-0.25277005744366066,0.19575699132111862,0.10259906657445876,1037.0,1037,0.972256909090909,0.8001012727272726,0.0001661733941733942
MATR,MATR_b4c0.pkl,LFP,856,TRUNCATED_AT_EOL,1,856,0,0.0,0,0.000e+00,43.0,0.05023364485981308,605.5150753768844,0.7073774245057061,581.4669238259789,0.6792837895163305,-2.6478596560646146e-07,0.1588785046728972,0.165429648965051,-0.19401820929461955,0.1588785046728972,0.16542964896504717,856.0,856,0.9462618181818181,0.7995905636363636,0.00017154532695374793,43.0,0.05023364485981308,605.5150753768844,0.7073774245057061,581.4669238259789,0.6792837895163305,-2.6478596560646146e-07,0.1588785046728972,0.165429648965051,-0.19401820929461955,0.1588785046728972,0.16542964896504717,856.0,856,0.9462618181818181,0.7995905636363636,0.00017154532695374793
MATR,MATR_b4c1.pkl,LFP,760,TRUNCATED_AT_EOL,1,760,0,0.0,0,0.000e+00,169.0,0.22236842105263158,534.5884422110553,0.7034058450145464,515.2093083956181,0.6779069847310765,-3.402140780184112e-07,0.14210526315789473,0.1954519771431508,-0.19650765146343502,0.14210526315789473,0.19545197714314647,760.0,760,0.9532603636363636,0.7996621454545454,0.00020236919391543898,169.0,0.22236842105263158,534.5884422110553,0.7034058450145464,515.2093083956181,0.6779069847310765,-3.402140780184112e-07,0.14210526315789473,0.1954519771431508,-0.19650765146343502,0.14210526315789473,0.19545197714314647,760.0,760,0.9532603636363636,0.7996621454545454,0.00020236919391543898
MATR,MATR_b4c10.pkl,LFP,872,TRUNCATED_AT_EOL,1,872,0,0.0,0,0.000e+00,74.0,0.08486238532110092,728.875879396985,0.8358668341708544,653.7647336131805,0.7497301990976841,-2.956660422548867e-07,0.19495412844036697,0.11869413821381888,-0.22481972787393856,0.19495412844036697,0.11869413821381784,872.0,872,0.965720090909091,0.7997752363636363,0.00019052222106251962,74.0,0.08486238532110092,728.875879396985,0.8358668341708544,653.7647336131805,0.7497301990976841,-2.956660422548867e-07,0.19495412844036697,0.11869413821381888,-0.22481972787393856,0.19495412844036697,0.11869413821381784,872.0,872,0.965720090909091,0.7997752363636363,0.00019052222106251962
MATR,MATR_b4c11.pkl,LFP,863,TRUNCATED_AT_EOL,1,863,0,0.0,0,0.000e+00,44.0,0.05098493626882966,728.2854271356784,0.8438996838188626,641.4378602427937,0.7432651914748478,-2.89024359809581e-07,0.22827346465816917,0.12157169398360668,-0.21525638343102008,0.22827346465816917,0.12157169398360687,863.0,863,0.9632215454545454,0.7996716818181817,0.0001897330204598187,44.0,0.05098493626882966,728.2854271356784,0.8438996838188626,641.4378602427937,0.7432651914748478,-2.89024359809581e-07,0.22827346465816917,0.12157169398360668,-0.21525638343102008,0.22827346465816917,0.12157169398360687,863.0,863,0.9632215454545454,0.7996716818181817,0.0001897330204598187
MATR,MATR_b4c12.pkl,LFP,818,TRUNCATED_AT_EOL,1,818,0,0.0,0,0.000e+00,41.0,0.05012224938875306,687.0336683417087,0.8398944600754384,609.3115977584869,0.7448797038612309,-3.253958344263204e-07,0.21271393643031786,0.1106225627064257,-0.21773016231468012,0.21271393643031786,0.11062256270642526,818.0,818,0.9620765454545452,0.7997349727272727,0.00019870449538221855,41.0,0.05012224938875306,687.0336683417087,0.8398944600754384,609.3115977584869,0.7448797038612309,-3.253958344263204e-07,0.21271393643031786,0.1106225627064257,-0.21773016231468012,0.21271393643031786,0.11062256270642526,818.0,818,0.9620765454545452,0.7997349727272727,0.00019870449538221855
MATR,MATR_b4c13.pkl,LFP,771,TRUNCATED_AT_EOL,1,771,0,0.0,0,0.000e+00,87.0,0.11284046692607004,641.3768844221106,0.8318766334917128,568.3906352246024,0.7372122376453988,-3.9775862447967404e-07,0.21141374837872892,0.09501270385578274,-0.23644403449432227,0.21141374837872892,0.09501270385578035,771.0,771,0.9692220909090907,0.7997131363636363,0.0002201414994096811,87.0,0.11284046692607004,641.3768844221106,0.8318766334917128,568.3906352246024,0.7372122376453988,-3.9775862447967404e-07,0.21141374837872892,0.09501270385578274,-0.23644403449432227,0.21141374837872892,0.09501270385578035,771.0,771,0.9692220909090907,0.7997131363636363,0.0002201414994096811
MATR,MATR_b4c14.pkl,LFP,607,TRUNCATED_AT_EOL,1,607,0,0.0,0,0.000e+00,382.0,0.6293245469522241,487.9316582914573,0.8038412821935047,448.8575243575272,0.7394687386450202,-7.037378932767276e-07,0.17627677100494235,0.0608022001563534,-0.2592915230399156,0.17627677100494235,0.060802200156353396,607.0,607,0.9644428181818181,0.7998518545454545,0.00027160225022502247,382.0,0.6293245469522241,487.9316582914573,0.8038412821935047,448.8575243575272,0.7394687386450202,-7.037378932767276e-07,0.17627677100494235,0.0608022001563534,-0.2592915230399156,0.17627677100494235,0.060802200156353396,607.0,607,0.9644428181818181,0.7998518545454545,0.00027160225022502247
MATR,MATR_b4c15.pkl,LFP,675,TRUNCATED_AT_EOL,1,675,0,0.0,0,0.000e+00,83.0,0.12296296296296297,547.9899497487437,0.8118369625907315,497.8705873250189,0.7375860552963243,-5.478567912997345e-07,0.19111111111111112,0.08560114615873476,-0.24961725053593853,0.19111111111111112,0.0856011461587327,675.0,675,0.9653680909090908,0.799575609090909,0.0002459829107094686,83.0,0.12296296296296297,547.9899497487437,0.8118369625907315,497.8705873250189,0.7375860552963243,-5.478567912997345e-07,0.19111111111111112,0.08560114615873476,-0.24961725053593853,0.19111111111111112,0.0856011461587327,675.0,675,0.9653680909090908,0.799575609090909,0.0002459829107094686
MATR,MATR_b4c16.pkl,LFP,909,TRUNCATED_AT_EOL,1,909,0,0.0,0,0.000e+00,46.0,0.050605060506050605,759.7959798994975,0.8358591638058278,684.5275334111536,0.7530555923115001,-2.521465785383627e-07,0.19691969196919692,0.14994592473344165,-0.20834392706125685,0.19691969196919692,0.1499459247334417,909.0,909,0.9608135454545454,0.7996275727272727,0.00017751759110933122,46.0,0.050605060506050605,759.7959798994975,0.8358591638058278,684.5275334111536,0.7530555923115001,-2.521465785383627e-07,0.19691969196919692,0.14994592473344165,-0.20834392706125685,0.19691969196919692,0.1499459247334417,909.0,909,0.9608135454545454,0.7996275727272727,0.00017751759110933122
MATR,MATR_b4c17.pkl,LFP,827,TRUNCATED_AT_EOL,1,827,0,0.0,0,0.000e+00,80.0,0.09673518742442563,704.5527638190955,0.8519380457304662,616.6650187937813,0.7456650771387924,-2.5275134233708987e-07,0.23821039903264812,0.18387846077880693,-0.17286397281326477,0.23821039903264812,0.18387846077881861,827.0,827,0.9454133636363635,0.7999790272727272,0.00017607062513757426,80.0,0.09673518742442563,704.5527638190955,0.8519380457304662,616.6650187937813,0.7456650771387924,-2.5275134233708987e-07,0.23821039903264812,0.18387846077880693,-0.17286397281326477,0.23821039903264812,0.18387846077881861,827.0,827,0.9454133636363635,0.7999790272727272,0.00017607062513757426
MATR,MATR_b4c18.pkl,LFP,906,TRUNCATED_AT_EOL,1,906,0,0.0,0,0.000e+00,46.0,0.05077262693156733,764.5653266331659,0.8438910889990794,683.4834465724955,0.7543967401462423,-2.3645089692802213e-07,0.2052980132450331,0.16166042296703842,-0.19408740843081193,0.2052980132450331,0.16166042296703842,906.0,906,0.9554094545454546,0.7992877727272727,0.00017251014565544957,46.0,0.05077262693156733,764.5653266331659,0.8438910889990794,683.4834465724955,0.7543967401462423,-2.3645089692802213e-07,0.2052980132450331,0.16166042296703842,-0.19408740843081193,0.2052980132450331,0.16166042296703842,906.0,906,0.9554094545454546,0.7992877727272727,0.00017251014565544957
MATR,MATR_b4c19.pkl,LFP,991,TRUNCATED_AT_EOL,1,991,0,0.0,0,0.000e+00,50.0,0.050454086781029264,816.3819095477387,0.8237960742156798,742.1230587868077,0.7488628242046496,-2.0209564998388773e-07,0.18668012108980828,0.16047415943740045,-0.1984742980318238,0.18668012108980828,0.16047415943740392,991.0,991,0.9547239999999998,0.7997377363636363,0.0001565517814508722,50.0,0.050454086781029264,816.3819095477387,0.8237960742156798,742.1230587868077,0.7488628242046496,-2.0209564998388773e-07,0.18668012108980828,0.16047415943740045,-0.1984742980318238,0.18668012108980828,0.16047415943740392,991.0,991,0.9547239999999998,0.7997377363636363,0.0001565517814508722
MATR,MATR_b4c2.pkl,LFP,742,TRUNCATED_AT_EOL,1,742,0,0.0,0,0.000e+00,441.0,0.5943396226415094,581.5120603015076,0.7837089761475844,538.2317447279263,0.7253797098759115,-3.8504775807973893e-07,0.15902964959568733,0.15265102639151226,-0.21199343387941466,0.15902964959568733,0.15265102639151146,742.0,742,0.9571735454545454,0.7994836545454544,0.0002128068703226598,441.0,0.5943396226415094,581.5120603015076,0.7837089761475844,538.2317447279263,0.7253797098759115,-3.8504775807973893e-07,0.15902964959568733,0.15265102639151226,-0.21199343387941466,0.15902964959568733,0.15265102639151146,742.0,742,0.9571735454545454,0.7994836545454544,0.0002128068703226598
MATR,MATR_b4c20.pkl,LFP,747,TRUNCATED_AT_EOL,1,747,0,0.0,0,0.000e+00,201.0,0.26907630522088355,576.4321608040201,0.7716628658688355,538.212551126033,0.7204987297537255,-3.458807807214646e-07,0.1646586345381526,0.17769908074253166,-0.19300458856960567,0.1646586345381526,0.1776990807425285,747.0,747,0.9499221818181817,0.7998141363636363,0.00020121721910796965,201.0,0.26907630522088355,576.4321608040201,0.7716628658688355,538.212551126033,0.7204987297537255,-3.458807807214646e-07,0.1646586345381526,0.17769908074253166,-0.19300458856960567,0.1646586345381526,0.1776990807425285,747.0,747,0.9499221818181817,0.7998141363636363,0.00020121721910796965
MATR,MATR_b4c21.pkl,LFP,773,TRUNCATED_AT_EOL,1,773,0,0.0,0,0.000e+00,39.0,0.050452781371280724,643.0402010050252,0.8318760685705371,570.4150841105792,0.7379237828079938,-3.6814451889382034e-07,0.2108667529107374,0.10277963215944759,-0.2199770262301083,0.2108667529107374,0.10277963215945402,773.0,773,0.9593945454545454,0.7995928454545453,0.00020699702072538866,39.0,0.050452781371280724,643.0402010050252,0.8318760685705371,570.4150841105792,0.7379237828079938,-3.6814451889382034e-07,0.2108667529107374,0.10277963215944759,-0.2199770262301083,0.2108667529107374,0.10277963215945402,773.0,773,0.9593945454545454,0.7995928454545453,0.00020699702072538866
MATR,MATR_b4c22.pkl,LFP,671,TRUNCATED_AT_EOL,1,671,0,0.0,0,0.000e+00,160.0,0.23845007451564829,571.678391959799,0.8519797197612504,511.1060432045867,0.761707963047074,-4.430740057388099e-07,0.20715350223546944,0.12394721133973909,-0.1994900834178458,0.20715350223546944,0.12394721133974193,671.0,671,0.9550688181818181,0.7986932454545455,0.00023339637720488454,160.0,0.23845007451564829,571.678391959799,0.8519797197612504,511.1060432045867,0.761707963047074,-4.430740057388099e-07,0.20715350223546944,0.12394721133973909,-0.1994900834178458,0.20715350223546944,0.12394721133974193,671.0,671,0.9550688181818181,0.7986932454545455,0.00023339637720488454
MATR,MATR_b4c23.pkl,LFP,1038,TRUNCATED_AT_EOL,1,1038,0,0.0,0,0.000e+00,52.0,0.05009633911368015,875.9361809045228,0.8438691530872088,783.7392589110037,0.7550474555982695,-1.7840458009838137e-07,0.21579961464354527,0.15547982345025443,-0.192220944399524,0.21579961464354527,0.1554798234502561,1038.0,1038,0.9530948181818182,0.7997156818181818,0.00014790659244323667,52.0,0.05009633911368015,875.9361809045228,0.8438691530872088,783.7392589110037,0.7550474555982695,-1.7840458009838137e-07,0.21579961464354527,0.15547982345025443,-0.192220944399524,0.21579961464354527,0.1554798234502561,1038.0,1038,0.9530948181818182,0.7997156818181818,0.00014790659244323667
MATR,MATR_b4c24.pkl,LFP,988,TRUNCATED_AT_EOL,1,988,0,0.0,0,0.000e+00,74.0,0.07489878542510121,817.8788944723618,0.8278126462270868,734.262564578966,0.7431807333795203,-1.889108640637886e-07,0.19838056680161945,0.16339812899730505,-0.1844042064906809,0.19838056680161945,0.163398128997301,988.0,988,0.9506609999999999,0.799090209090909,0.00015356716404163207,74.0,0.07489878542510121,817.8788944723618,0.8278126462270868,734.262564578966,0.7431807333795203,-1.889108640637886e-07,0.19838056680161945,0.16339812899730505,-0.1844042064906809,0.19838056680161945,0.163398128997301,988.0,988,0.9506609999999999,0.799090209090909,0.00015356716404163207
MATR,MATR_b4c25.pkl,LFP,453,TRUNCATED_AT_EOL,1,453,0,0.0,0,0.000e+00,59.0,0.13024282560706402,380.54371859296486,0.8400523589248673,330.45931335003536,0.729490757947098,-9.527914160019718e-07,0.24061810154525387,0.07289212674060591,-0.19552137368635158,0.24061810154525387,0.07289212674061124,453.0,453,0.9392684545454545,0.7998732545454544,0.00030839646017699125,59.0,0.13024282560706402,380.54371859296486,0.8400523589248673,330.45931335003536,0.729490757947098,-9.527914160019718e-07,0.24061810154525387,0.07289212674060591,-0.19552137368635158,0.24061810154525387,0.07289212674061124,453.0,453,0.9392684545454545,0.7998732545454544,0.00030839646017699125
MATR,MATR_b4c26.pkl,LFP,476,TRUNCATED_AT_EOL,1,476,0,0.0,0,0.000e+00,25.0,0.052521008403361345,394.1281407035176,0.8280002955956253,357.9675630155975,0.7520326954109191,-9.284946617302324e-07,0.18907563025210083,0.07003219916997507,-0.210374606476191,0.18907563025210083,0.07003219916997444,476.0,476,0.9423678181818181,0.7975922909090909,0.00030479058373205736,25.0,0.052521008403361345,394.1281407035176,0.8280002955956253,357.9675630155975,0.7520326954109191,-9.284946617302324e-07,0.18907563025210083,0.07003219916997507,-0.210374606476191,0.18907563025210083,0.07003219916997444,476.0,476,0.9423678181818181,0.7975922909090909,0.00030479058373205736
MATR,MATR_b4c27.pkl,LFP,500,TRUNCATED_AT_EOL,1,500,0,0.0,0,0.000e+00,26.0,0.052,422.0155778894473,0.8440311557788945,373.29368157268505,0.7465873631453701,-7.986731275307956e-07,0.216,0.08841280328581985,-0.19966828188269653,0.216,0.08841280328582446,500.0,500,0.9425263636363634,0.798450109090909,0.00028872996902896687,26.0,0.052,422.0155778894473,0.8440311557788945,373.29368157268505,0.7465873631453701,-7.986731275307956e-07,0.216,0.08841280328581985,-0.19966828188269653,0.216,0.08841280328582446,500.0,500,0.9425263636363634,0.798450109090909,0.00028872996902896687
MATR,MATR_b4c28.pkl,LFP,828,TRUNCATED_AT_EOL,1,828,0,0.0,0,0.000e+00,270.0,0.32608695652173914,702.0798994974875,0.8479225839341636,620.7935417952642,0.7497506543421065,-3.205350748828564e-07,0.21980676328502416,0.1141191638706819,-0.2197537187784856,0.21980676328502416,0.114119163870684,828.0,828,0.9678836363636364,0.7989252181818182,0.00020430280312190837,270.0,0.32608695652173914,702.0798994974875,0.8479225839341636,620.7935417952642,0.7497506543421065,-3.205350748828564e-07,0.21980676328502416,0.1141191638706819,-0.2197537187784856,0.21980676328502416,0.114119163870684,828.0,828,0.9678836363636364,0.7989252181818182,0.00020430280312190837
MATR,MATR_b4c29.pkl,LFP,887,TRUNCATED_AT_EOL,1,887,0,0.0,0,0.000e+00,93.0,0.10484780157835401,712.9165829145729,0.8037391013693043,667.0648462594534,0.7520460498979181,-3.0894550334453337e-07,0.161217587373168,0.11973319316038475,-0.2430687447208769,0.161217587373168,0.11973319316038737,887.0,887,0.9690307272727272,0.7993645545454545,0.00019149680894726037,93.0,0.10484780157835401,712.9165829145729,0.8037391013693043,667.0648462594534,0.7520460498979181,-3.0894550334453337e-07,0.161217587373168,0.11973319316038475,-0.2430687447208769,0.161217587373168,0.11973319316038737,887.0,887,0.9690307272727272,0.7993645545454545,0.00019149680894726037
MATR,MATR_b4c3.pkl,LFP,777,TRUNCATED_AT_EOL,1,777,0,0.0,0,0.000e+00,39.0,0.05019305019305019,624.529648241206,0.8037704610568932,572.7354195780837,0.7371112221082158,-3.679467197052841e-07,0.18146718146718147,0.127143042454444,-0.22214010514094992,0.18146718146718147,0.12714304245444186,777.0,777,0.9520013636363635,0.7986519,0.00019761528819119004,39.0,0.05019305019305019,624.529648241206,0.8037704610568932,572.7354195780837,0.7371112221082158,-3.679467197052841e-07,0.18146718146718147,0.127143042454444,-0.22214010514094992,0.18146718146718147,0.12714304245444186,777.0,777,0.9520013636363635,0.7986519,0.00019761528819119004
MATR,MATR_b4c30.pkl,LFP,615,TRUNCATED_AT_EOL,1,615,0,0.0,0,0.000e+00,77.0,0.12520325203252033,444.99296482412063,0.7235657964619848,420.160902130909,0.6831884587494456,-6.047543497104644e-07,0.16747967479674797,0.12457854041002993,-0.22873321391923965,0.16747967479674797,0.12457854041003402,615.0,615,0.9541032727272727,0.7993322636363636,0.00025207004737933084,77.0,0.12520325203252033,444.99296482412063,0.7235657964619848,420.160902130909,0.6831884587494456,-6.047543497104644e-07,0.16747967479674797,0.12457854041002993,-0.22873321391923965,0.16747967479674797,0.12457854041003402,615.0,615,0.9541032727272727,0.7993322636363636,0.00025207004737933084
MATR,MATR_b4c31.pkl,LFP,559,TRUNCATED_AT_EOL,1,559,0,0.0,0,0.000e+00,28.0,0.05008944543828265,474.03819095477394,0.8480110750532629,420.8114553632587,0.7527933011865093,-6.89315655669523e-07,0.21645796064400716,0.088670084158736,-0.21539804539927027,0.21645796064400716,0.08867008415874672,559.0,559,0.9560879999999999,0.7982993636363636,0.00028277533398501144,28.0,0.05008944543828265,474.03819095477394,0.8480110750532629,420.8114553632587,0.7527933011865093,-6.89315655669523e-07,0.21645796064400716,0.088670084158736,-0.21539804539927027,0.21645796064400716,0.08867008415874672,559.0,559,0.9560879999999999,0.7982993636363636,0.00028277533398501144
MATR,MATR_b4c32.pkl,LFP,754,TRUNCATED_AT_EOL,1,754,0,0.0,0,0.000e+00,38.0,0.050397877984084884,630.2658291457287,0.8358963251269612,562.3617653921615,0.7458378851354927,-3.824872290975236e-07,0.20159151193633953,0.1011941954432022,-0.21745010953760846,0.20159151193633953,0.10119419544320411,754.0,754,0.9589476363636363,0.7986154909090909,0.00021292449595557164,38.0,0.050397877984084884,630.2658291457287,0.8358963251269612,562.3617653921615,0.7458378851354927,-3.824872290975236e-07,0.20159151193633953,0.1011941954432022,-0.21745010953760846,0.20159151193633953,0.10119419544320411,754.0,754,0.9589476363636363,0.7986154909090909,0.00021292449595557164
MATR,MATR_b4c33.pkl,LFP,505,TRUNCATED_AT_EOL,1,505,0,0.0,0,0.000e+00,26.0,0.05148514851485148,420.1557788944724,0.8319916413751929,379.44263264492804,0.7513715497919368,-9.507804459290685e-07,0.19603960396039605,0.07156270281374641,-0.24247278322306084,0.19603960396039605,0.07156270281374763,505.0,505,0.9673793636363635,0.7992042727272727,0.00033368073593073567,26.0,0.05148514851485148,420.1557788944724,0.8319916413751929,379.44263264492804,0.7513715497919368,-9.507804459290685e-07,0.19603960396039605,0.07156270281374641,-0.24247278322306084,0.19603960396039605,0.07156270281374763,505.0,505,0.9673793636363635,0.7992042727272727,0.00033368073593073567
MATR,MATR_b4c34.pkl,LFP,891,TRUNCATED_AT_EOL,1,891,0,0.0,0,0.000e+00,45.0,0.050505050505050504,741.175879396985,0.83184722715711,662.4414668635766,0.7434808831241039,-2.4970250469543215e-07,0.20987654320987653,0.1715226039726535,-0.19823407413011496,0.20987654320987653,0.17152260397265215,891.0,891,0.9547636363636364,0.7991609818181817,0.00017483444330949958,45.0,0.050505050505050504,741.175879396985,0.83184722715711,662.4414668635766,0.7434808831241039,-2.4970250469543215e-07,0.20987654320987653,0.1715226039726535,-0.19823407413011496,0.20987654320987653,0.17152260397265215,891.0,891,0.9547636363636364,0.7991609818181817,0.00017483444330949958
MATR,MATR_b4c35.pkl,LFP,1081,TRUNCATED_AT_EOL,1,1081,0,0.0,0,0.000e+00,55.0,0.05087881591119334,907.8743718592966,0.8398467824785353,803.1742384532591,0.7429918949613868,-1.5075337019460843e-07,0.211840888066605,0.1967942065035693,-0.17616450902798286,0.211840888066605,0.1967942065035722,1081.0,1081,0.958001,0.7986716272727272,0.000147527196969697,55.0,0.05087881591119334,907.8743718592966,0.8398467824785353,803.1742384532591,0.7429918949613868,-1.5075337019460843e-07,0.211840888066605,0.1967942065035693,-0.17616450902798286,0.211840888066605,0.1967942065035722,1081.0,1081,0.958001,0.7986716272727272,0.000147527196969697
MATR,MATR_b4c36.pkl,LFP,599,TRUNCATED_AT_EOL,1,599,0,0.0,0,0.000e+00,30.0,0.05008347245409015,517.5638190954775,0.8640464425634015,457.83878649629196,0.7643385417300367,-5.681756007960592e-07,0.20868113522537562,0.10569260730352024,-0.2038619737412233,0.20868113522537562,0.10569260730352717,599.0,599,0.9629059090909091,0.799713409090909,0.0002728971571906356,30.0,0.05008347245409015,517.5638190954775,0.8640464425634015,457.83878649629196,0.7643385417300367,-5.681756007960592e-07,0.20868113522537562,0.10569260730352024,-0.2038619737412233,0.20868113522537562,0.10569260730352717,599.0,599,0.9629059090909091,0.799713409090909,0.0002728971571906356
MATR,MATR_b4c37.pkl,LFP,863,TRUNCATED_AT_EOL,1,863,0,0.0,0,0.000e+00,44.0,0.05098493626882966,728.2854271356784,0.8438996838188626,640.3015208772186,0.7419484598809023,-2.3738649100406625e-07,0.23059096176129779,0.18788970664830676,-0.17679809951860656,0.23059096176129779,0.18788970664830704,863.0,863,0.9483651818181817,0.7996486545454545,0.00017252497363425432,44.0,0.05098493626882966,728.2854271356784,0.8438996838188626,640.3015208772186,0.7419484598809023,-2.3738649100406625e-07,0.23059096176129779,0.18788970664830676,-0.17679809951860656,0.23059096176129779,0.18788970664830704,863.0,863,0.9483651818181817,0.7996486545454545,0.00017252497363425432
MATR,MATR_b4c38.pkl,LFP,1165,TRUNCATED_AT_EOL,1,1165,0,0.0,0,0.000e+00,59.0,0.050643776824034335,955.0120603015075,0.8197528414605215,872.4561456757352,0.7488893954298157,-1.5928112183820734e-07,0.2017167381974249,0.1830828263020379,-0.2161803205868624,0.2017167381974249,0.18308282630202913,1165.0,1165,0.9613796363636362,0.799877809090909,0.00013874727428928455,59.0,0.050643776824034335,955.0120603015075,0.8197528414605215,872.4561456757352,0.7488893954298157,-1.5928112183820734e-07,0.2017167381974249,0.1830828263020379,-0.2161803205868624,0.2017167381974249,0.18308282630202913,1165.0,1165,0.9613796363636362,0.799877809090909,0.00013874727428928455
MATR,MATR_b4c39.pkl,LFP,738,TRUNCATED_AT_EOL,1,738,0,0.0,0,0.000e+00,39.0,0.052845528455284556,599.1180904522613,0.811813130694121,549.6261505304778,0.7447508814776123,-3.9570305897647785e-07,0.17615176151761516,0.09501120365505358,-0.21551729685318613,0.17615176151761516,0.09501120365505535,738.0,738,0.9533142727272726,0.7995977181818181,0.00020857063031947697,39.0,0.052845528455284556,599.1180904522613,0.811813130694121,549.6261505304778,0.7447508814776123,-3.9570305897647785e-07,0.17615176151761516,0.09501120365505358,-0.21551729685318613,0.17615176151761516,0.09501120365505535,738.0,738,0.9533142727272726,0.7995977181818181,0.00020857063031947697
MATR,MATR_b4c4.pkl,LFP,656,TRUNCATED_AT_EOL,1,656,0,0.0,0,0.000e+00,35.0,0.053353658536585365,561.535175879397,0.855998743718593,496.30956690810484,0.7565694617501598,-4.1895592487837234e-07,0.20121951219512196,0.11473260249285121,-0.180291816888459,0.20121951219512196,0.11473260249285444,656.0,656,0.9457486363636363,0.7997784272727272,0.00022285528105482302,35.0,0.053353658536585365,561.535175879397,0.855998743718593,496.30956690810484,0.7565694617501598,-4.1895592487837234e-07,0.20121951219512196,0.11473260249285121,-0.180291816888459,0.20121951219512196,0.11473260249285444,656.0,656,0.9457486363636363,0.7997784272727272,0.00022285528105482302
MATR,MATR_b4c40.pkl,LFP,1088,TRUNCATED_AT_EOL,1,1088,0,0.0,0,0.000e+00,817.0,0.7509191176470589,891.9030150753769,0.8197638006207508,817.2169977575011,0.7511185641153503,-1.728117066439725e-07,0.1801470588235294,0.17139488354869464,-0.20456482086956368,0.1801470588235294,0.17139488354868723,1088.0,1088,0.9623634545454546,0.7999611454545453,0.0001494041481977086,817.0,0.7509191176470589,891.9030150753769,0.8197638006207508,817.2169977575011,0.7511185641153503,-1.728117066439725e-07,0.1801470588235294,0.17139488354869464,-0.20456482086956368,0.1801470588235294,0.17139488354868723,1088.0,1088,0.9623634545454546,0.7999611454545453,0.0001494041481977086
MATR,MATR_b4c41.pkl,LFP,836,TRUNCATED_AT_EOL,1,836,0,0.0,0,0.000e+00,42.0,0.050239234449760764,692.0778894472362,0.8278443653675074,622.5558356288083,0.7446840139100578,-3.230410758289642e-07,0.1937799043062201,0.09726219089944559,-0.22577211573256134,0.1937799043062201,0.0972621908994465,836.0,836,0.9603334545454544,0.7988744999999999,0.00019336401741970594,42.0,0.050239234449760764,692.0778894472362,0.8278443653675074,622.5558356288083,0.7446840139100578,-3.230410758289642e-07,0.1937799043062201,0.09726219089944559,-0.22577211573256134,0.1937799043062201,0.0972621908994465,836.0,836,0.9603334545454544,0.7988744999999999,0.00019336401741970594
MATR,MATR_b4c42.pkl,LFP,774,TRUNCATED_AT_EOL,1,774,0,0.0,0,0.000e+00,39.0,0.050387596899224806,634.5492462311557,0.8198310674821133,564.556045084257,0.7294005750442597,-3.5946539501967255e-07,0.20671834625322996,0.10090232412982016,-0.2153470909868045,0.20671834625322996,0.1009023241298219,774.0,774,0.9542047272727271,0.7993865545454545,0.00020028224156180157,39.0,0.050387596899224806,634.5492462311557,0.8198310674821133,564.556045084257,0.7294005750442597,-3.5946539501967255e-07,0.20671834625322996,0.10090232412982016,-0.2153470909868045,0.20671834625322996,0.1009023241298219,774.0,774,0.9542047272727271,0.7993865545454545,0.00020028224156180157
MATR,MATR_b4c43.pkl,LFP,750,TRUNCATED_AT_EOL,1,750,0,0.0,0,0.000e+00,38.0,0.050666666666666665,596.8125628140704,0.7957500837520938,544.1078211573741,0.7254770948764988,-3.8688022448702504e-07,0.18666666666666668,0.09391339603910619,-0.21762012627394992,0.18666666666666668,0.09391339603909694,750.0,750,0.9468091818181819,0.7995569181818182,0.0001965984828255857,38.0,0.050666666666666665,596.8125628140704,0.7957500837520938,544.1078211573741,0.7254770948764988,-3.8688022448702504e-07,0.18666666666666668,0.09391339603910619,-0.21762012627394992,0.18666666666666668,0.09391339603909694,750.0,750,0.9468091818181819,0.7995569181818182,0.0001965984828255857
MATR,MATR_b4c44.pkl,LFP,942,TRUNCATED_AT_EOL,1,942,0,0.0,0,0.000e+00,48.0,0.050955414012738856,776.0246231155779,0.8238053323944564,699.4945278282181,0.7425631930235861,-2.2517344879220017e-07,0.18683651804670912,0.12238961947925588,-0.19981081221404207,0.18683651804670912,0.12238961947925527,942.0,942,0.949113,0.7998000999999999,0.00015867470775770466,48.0,0.050955414012738856,776.0246231155779,0.8238053323944564,699.4945278282181,0.7425631930235861,-2.2517344879220017e-07,0.18683651804670912,0.12238961947925588,-0.19981081221404207,0.18683651804670912,0.12238961947925527,942.0,942,0.949113,0.7998000999999999,0.00015867470775770466
MATR,MATR_b4c5.pkl,LFP,913,TRUNCATED_AT_EOL,1,913,0,0.0,0,0.000e+00,46.0,0.050383351588170866,770.4713567839196,0.8438897664665056,691.2988621644985,0.7571729048899216,-2.1448776806730014e-07,0.19605695509309967,0.16589904193120641,-0.1787903543400913,0.19605695509309967,0.16589904193120822,913.0,913,0.9429119090909089,0.7991379454545454,0.000157646889952153,46.0,0.050383351588170866,770.4713567839196,0.8438897664665056,691.2988621644985,0.7571729048899216,-2.1448776806730014e-07,0.19605695509309967,0.16589904193120641,-0.1787903543400913,0.19605695509309967,0.16589904193120822,913.0,913,0.9429119090909089,0.7991379454545454,0.000157646889952153
MATR,MATR_b4c6.pkl,LFP,706,TRUNCATED_AT_EOL,1,706,0,0.0,0,0.000e+00,38.0,0.053824362606232294,570.3140703517588,0.8078102979486669,520.8020232613355,0.7376799196336198,-3.9703021029972496e-07,0.17563739376770537,0.12368309872793964,-0.19789414990095316,0.17563739376770537,0.12368309872793957,706.0,706,0.9422953636363637,0.7994554818181818,0.00020260976144422958,38.0,0.053824362606232294,570.3140703517588,0.8078102979486669,520.8020232613355,0.7376799196336198,-3.9703021029972496e-07,0.17563739376770537,0.12368309872793964,-0.19789414990095316,0.17563739376770537,0.12368309872793957,706.0,706,0.9422953636363637,0.7994554818181818,0.00020260976144422958
MATR,MATR_b4c7.pkl,LFP,529,TRUNCATED_AT_EOL,1,529,0,0.0,0,0.000e+00,27.0,0.05103969754253308,448.60603015075384,0.8480265220241093,398.5929787461482,0.7534838917696564,-7.801545632208557e-07,0.2060491493383743,0.05575423899568185,-0.21831923312628404,0.2060491493383743,0.055754238995680404,529.0,529,0.956401,0.7997148727272727,0.00029675402892561975,27.0,0.05103969754253308,448.60603015075384,0.8480265220241093,398.5929787461482,0.7534838917696564,-7.801545632208557e-07,0.2060491493383743,0.05575423899568185,-0.21831923312628404,0.2060491493383743,0.055754238995680404,529.0,529,0.956401,0.7997148727272727,0.00029675402892561975
MATR,MATR_b4c8.pkl,LFP,677,TRUNCATED_AT_EOL,1,677,0,0.0,0,0.000e+00,253.0,0.37370753323485967,525.1547738693467,0.7757086763210439,482.92255493880896,0.7133272598800723,-5.142024314145851e-07,0.18168389955686853,0.09584734761719733,-0.2356738861878138,0.18168389955686853,0.09584734761720629,677.0,677,0.9539308181818181,0.7989978818181818,0.00022919073426573425,253.0,0.37370753323485967,525.1547738693467,0.7757086763210439,482.92255493880896,0.7133272598800723,-5.142024314145851e-07,0.18168389955686853,0.09584734761719733,-0.2356738861878138,0.18168389955686853,0.09584734761720629,677.0,677,0.9539308181818181,0.7989978818181818,0.00022919073426573425
MATR,MATR_b4c9.pkl,LFP,442,TRUNCATED_AT_EOL,1,442,0,0.0,0,0.000e+00,23.0,0.05203619909502263,362.4427135678392,0.8200061392937538,329.50566398389606,0.7454879275653757,-1.3121367871892441e-06,0.19004524886877827,0.06363623925018429,-0.2563442912924379,0.19004524886877827,0.06363623925018726,442.0,442,0.9619180909090909,0.7988478909090909,0.00036977369614512456,23.0,0.05203619909502263,362.4427135678392,0.8200061392937538,329.50566398389606,0.7454879275653757,-1.3121367871892441e-06,0.19004524886877827,0.06363623925018429,-0.2563442912924379,0.19004524886877827,0.06363623925018726,442.0,442,0.9619180909090909,0.7988478909090909,0.00036977369614512456
NA-ion,NA-ion_270040-1-1-64.pkl,미상,1,TRUNCATED_AT_EOL,1,1,0,0.0,0,0.000e+00,,,,,,,,,,,,,,,,,,,,,,,,,,,,,,1.0,1,0.7902409,0.7902409,
NA-ion,NA-ion_270040-1-2-63.pkl,미상,177,TRUNCATED_AT_EOL,1,177,0,0.0,0,0.000e+00,11.0,0.062146892655367235,114.1175879396985,0.6447321352525339,,,1.8012736538135507e-07,0.1751412429378531,1.0636568540489009,0.005643210230030786,0.1751412429378531,1.0636568540489049,177.0,177,0.8965244,0.7996836,0.0005502318181818179,11.0,0.062146892655367235,114.1175879396985,0.6447321352525339,,,1.8012736538135507e-07,0.1751412429378531,1.0636568540489009,0.005643210230030786,0.1751412429378531,1.0636568540489049,177.0,177,0.8965244,0.7996836,0.0005502318181818179
NA-ion,NA-ion_270040-1-3-62.pkl,미상,175,EXTRAPOLATED,1,225,50,0.222222,0,0.000e+00,11.0,0.06285714285714286,75.75879396984925,0.43290739411342427,82.00102977630797,0.4685773130074741,6.576172746098985e-07,-0.12,1.3961811776537618,0.02013952903492743,-0.12,1.3961811776538053,175.0,175,0.8806634,0.8249114,0.0003204137931034484,14.0,0.06222222222222222,90.03718592964826,0.4001652707984367,87.84062212122885,0.39040276498323934,5.184524254780657e-07,-0.15555555555555556,1.4291361314837725,0.02624665403982665,-0.15555555555555556,1.4291361314837914,225.0,225,0.8806634,0.8115548868421051,0.0003085201480263165
NA-ion,NA-ion_270040-1-5-60.pkl,미상,165,TRUNCATED_AT_EOL,1,165,0,0.0,0,0.000e+00,11.0,0.06666666666666667,36.51959798994975,0.22133089690878638,,,-6.476827570338682e-08,0.12727272727272726,0.9744211242993672,-0.0017633163060244018,0.12727272727272726,0.9744211242993664,165.0,165,0.8932927,0.7997518,0.0005703713414634149,11.0,0.06666666666666667,36.51959798994975,0.22133089690878638,,,-6.476827570338682e-08,0.12727272727272726,0.9744211242993672,-0.0017633163060244018,0.12727272727272726,0.9744211242993664,165.0,165,0.8932927,0.7997518,0.0005703713414634149
NA-ion,NA-ion_270040-1-6-59.pkl,미상,201,TRUNCATED_AT_EOL,1,201,0,0.0,0,0.000e+00,13.0,0.06467661691542288,176.17587939698493,0.8764969124228106,,,-1.9907679212366974e-07,0.004975124378109453,0.9410010208729929,-0.008042901478587208,0.004975124378109453,0.9410010208729838,201.0,201,0.904405,0.7998451,0.0005227995000000002,13.0,0.06467661691542288,176.17587939698493,0.8764969124228106,,,-1.9907679212366974e-07,0.004975124378109453,0.9410010208729929,-0.008042901478587208,0.004975124378109453,0.9410010208729838,201.0,201,0.904405,0.7998451,0.0005227995000000002
NA-ion,NA-ion_270040-1-7-58.pkl,미상,214,TRUNCATED_AT_EOL,1,214,0,0.0,0,0.000e+00,12.0,0.056074766355140186,178.9994974874372,0.8364462499412954,,,-2.095652264073597e-08,-0.102803738317757,0.9991931112955653,-0.0009597249108518352,-0.102803738317757,0.9991931112955831,214.0,214,0.8914667,0.799571,0.0004314352112676052,12.0,0.056074766355140186,178.9994974874372,0.8364462499412954,,,-2.095652264073597e-08,-0.102803738317757,0.9991931112955653,-0.0009597249108518352,-0.102803738317757,0.9991931112955831,214.0,214,0.8914667,0.799571,0.0004314352112676052
NA-ion,NA-ion_270040-1-8-57.pkl,미상,240,EXTRAPOLATED,1,290,50,0.172414,0,0.000e+00,15.0,0.0625,42.19447236180905,0.1758103015075377,69.01800650894722,0.28757502712061345,2.9332191779666154e-07,-0.2833333333333333,1.2059425517070448,0.01689534246508551,-0.2833333333333333,1.2059425517070446,240.0,240,0.9049981,0.8210647,0.0003511857740585776,17.0,0.05862068965517241,46.16532663316583,0.1591907814936753,70.12116226050723,0.2417971112431284,2.0480773715971597e-07,-0.25517241379310346,1.1789916834111147,0.01722433069513447,-0.25517241379310346,1.178991683411095,290.0,290,0.9049981,0.8054652231578948,0.00034440441813877234
NA-ion,NA-ion_270040-2-2-12.pkl,미상,128,EXTRAPOLATED,1,159,31,0.194969,0,0.000e+00,80.0,0.625,66.79748743718594,0.5218553706030151,38.41358388335437,0.300106124088706,1.01510741145341e-06,-0.046875,1.4433457190314267,0.01663151982925267,-0.046875,1.4433457190314267,128.0,128,0.8609242,0.8110565,0.00039265905511811077,78.0,0.49056603773584906,59.35678391959799,0.37331310641256593,30.9053900388731,0.19437352225706353,5.630847346016689e-07,0.11949685534591195,1.2816250934329552,0.014235345175464677,0.11949685534591195,1.2816250934329634,159.0,159,0.8609242,0.8,0.00038559620253164547
NA-ion,NA-ion_270040-2-4-12.pkl,미상,62,TRUNCATED_AT_EOL,1,62,0,0.0,0,0.000e+00,54.0,0.8709677419354839,55.164321608040204,0.8897471227103259,61.43141657841705,0.9908292996518879,5.220995914229064e-07,0.06451612903225806,1.0489607452756253,0.0020069508294292483,0.06451612903225806,1.048960745275641,62.0,62,0.8365048,0.7995878,0.0006051967213114768,54.0,0.8709677419354839,55.164321608040204,0.8897471227103259,61.43141657841705,0.9908292996518879,5.220995914229064e-07,0.06451612903225806,1.0489607452756253,0.0020069508294292483,0.06451612903225806,1.048960745275641,62.0,62,0.8365048,0.7995878,0.0006051967213114768
NA-ion,NA-ion_270040-2-5-12.pkl,미상,117,TRUNCATED_AT_EOL,1,117,0,0.0,0,0.000e+00,63.0,0.5384615384615384,84.41507537688443,0.721496370742602,100.95600855535785,0.8628718679945115,-9.027095211283507e-07,0.008547008547008548,0.8212508416015057,-0.012357190634723812,0.008547008547008548,0.8212508416015022,117.0,117,0.8626813,0.7998499,0.0005416499999999999,63.0,0.5384615384615384,84.41507537688443,0.721496370742602,100.95600855535785,0.8628718679945115,-9.027095211283507e-07,0.008547008547008548,0.8212508416015057,-0.012357190634723812,0.008547008547008548,0.8212508416015022,117.0,117,0.8626813,0.7998499,0.0005416499999999999
NA-ion,NA-ion_270040-2-6-12.pkl,미상,65,TRUNCATED_AT_EOL,1,65,0,0.0,0,0.000e+00,4.0,0.06153846153846154,50.366834170854275,0.7748743718592965,47.58210425362655,0.7320323731327161,2.1572527130828707e-06,0.046153846153846156,1.215690516835332,0.009114392712774333,0.046153846153846156,1.2156905168353402,65.0,65,0.8422992,0.7998747,0.0006628828124999996,4.0,0.06153846153846154,50.366834170854275,0.7748743718592965,47.58210425362655,0.7320323731327161,2.1572527130828707e-06,0.046153846153846156,1.215690516835332,0.009114392712774333,0.046153846153846156,1.2156905168353402,65.0,65,0.8422992,0.7998747,0.0006628828124999996
NA-ion,NA-ion_270040-2-7-12.pkl,미상,87,TRUNCATED_AT_EOL,1,87,0,0.0,0,0.000e+00,68.0,0.7816091954022989,25.5035175879397,0.29314388032114597,25.77597268598972,0.29627554811482437,2.3682764441302656e-06,-0.12643678160919541,1.5817898603825884,0.01792548440562404,-0.12643678160919541,1.5817898603825502,87.0,87,0.8388469,0.7999401,0.00045240465116278965,68.0,0.7816091954022989,25.5035175879397,0.29314388032114597,25.77597268598972,0.29627554811482437,2.3682764441302656e-06,-0.12643678160919541,1.5817898603825884,0.01792548440562404,-0.12643678160919541,1.5817898603825502,87.0,87,0.8388469,0.7999401,0.00045240465116278965
NA-ion,NA-ion_270040-3-1-56.pkl,미상,128,TRUNCATED_AT_EOL,1,128,0,0.0,0,0.000e+00,8.0,0.0625,85.17738693467338,0.6654483354271358,98.90519580316332,0.7726968422122135,-8.428491058264531e-07,-0.078125,0.8452083309506947,-0.013809239749860607,-0.078125,0.8452083309506947,128.0,128,0.8812963,0.7995476,0.0006436905511811024,8.0,0.0625,85.17738693467338,0.6654483354271358,98.90519580316332,0.7726968422122135,-8.428491058264531e-07,-0.078125,0.8452083309506947,-0.013809239749860607,-0.078125,0.8452083309506947,128.0,128,0.8812963,0.7995476,0.0006436905511811024
NA-ion,NA-ion_270040-3-2-55.pkl,미상,200,TRUNCATED_AT_EOL,1,200,0,0.0,0,0.000e+00,13.0,0.065,55.3,0.27649999999999997,,,1.3573113917186043e-07,-0.09,1.0939607767446962,0.0054292455668731605,-0.09,1.093960776744701,200.0,200,0.8903989,0.7994316,0.0004571221105527637,13.0,0.065,55.3,0.27649999999999997,,,1.3573113917186043e-07,-0.09,1.0939607767446962,0.0054292455668731605,-0.09,1.093960776744701,200.0,200,0.8903989,0.7994316,0.0004571221105527637
NA-ion,NA-ion_270040-3-3-54.pkl,미상,132,TRUNCATED_AT_EOL,1,132,0,0.0,0,0.000e+00,9.0,0.06818181818181818,76.76934673366836,0.5815859601035481,,,2.93339309869019e-07,0.030303030303030304,1.0704643873749575,0.005111144135156493,0.030303030303030304,1.0704643873749546,132.0,132,0.8875051,0.7998983,0.0006687541984732832,9.0,0.06818181818181818,76.76934673366836,0.5815859601035481,,,2.93339309869019e-07,0.030303030303030304,1.0704643873749575,0.005111144135156493,0.030303030303030304,1.0704643873749546,132.0,132,0.8875051,0.7998983,0.0006687541984732832
NA-ion,NA-ion_270040-3-4-53.pkl,미상,184,TRUNCATED_AT_EOL,1,184,0,0.0,0,0.000e+00,12.0,0.06521739130434782,127.44472361809046,0.692634367489622,122.14129028264573,0.6638113602317702,1.3767059241786916e-07,-0.14130434782608695,1.0494523758195937,0.004660975576900741,-0.14130434782608695,1.0494523758196006,184.0,184,0.8905931,0.7997547,0.0004963846994535518,12.0,0.06521739130434782,127.44472361809046,0.692634367489622,122.14129028264573,0.6638113602317702,1.3767059241786916e-07,-0.14130434782608695,1.0494523758195937,0.004660975576900741,-0.14130434782608695,1.0494523758196006,184.0,184,0.8905931,0.7997547,0.0004963846994535518
NA-ion,NA-ion_270040-3-5-52.pkl,미상,231,TRUNCATED_AT_EOL,1,231,0,0.0,0,0.000e+00,14.0,0.06060606060606061,90.57286432160805,0.392090321738563,105.6330062247017,0.4572857412324749,1.8015072776339527e-07,-0.1341991341991342,1.090208283845562,0.00961302298418805,-0.1341991341991342,1.090208283845567,231.0,231,0.9075121,0.7999846,0.0004675108695652174,14.0,0.06060606060606061,90.57286432160805,0.392090321738563,105.6330062247017,0.4572857412324749,1.8015072776339527e-07,-0.1341991341991342,1.090208283845562,0.00961302298418805,-0.1341991341991342,1.090208283845567,231.0,231,0.9075121,0.7999846,0.0004675108695652174
NA-ion,NA-ion_270040-3-7-50.pkl,미상,108,TRUNCATED_AT_EOL,1,108,0,0.0,0,0.000e+00,87.0,0.8055555555555556,42.240703517587946,0.39111762516285137,33.87654152438858,0.31367168078137575,1.4139387420150004e-06,0.05555555555555555,1.2651638742480658,0.016492181486866056,0.05555555555555555,1.2651638742480613,108.0,108,0.8694217,0.7993921,0.0006544822429906534,87.0,0.8055555555555556,42.240703517587946,0.39111762516285137,33.87654152438858,0.31367168078137575,1.4139387420150004e-06,0.05555555555555555,1.2651638742480658,0.016492181486866056,0.05555555555555555,1.2651638742480613,108.0,108,0.8694217,0.7993921,0.0006544822429906534
NA-ion,NA-ion_270040-3-8-49.pkl,미상,251,TRUNCATED_AT_EOL,1,251,0,0.0,0,0.000e+00,15.0,0.05976095617529881,168.713567839196,0.6721656089210997,227.0352689244736,0.904522983762843,-3.143817516167388e-07,0.099601593625498,0.8094534232891062,-0.019806364733606873,0.099601593625498,0.8094534232891122,251.0,251,0.8943579,0.799672,0.00037874359999999995,15.0,0.05976095617529881,168.713567839196,0.6721656089210997,227.0352689244736,0.904522983762843,-3.143817516167388e-07,0.099601593625498,0.8094534232891062,-0.019806364733606873,0.099601593625498,0.8094534232891122,251.0,251,0.8943579,0.799672,0.00037874359999999995
NA-ion,NA-ion_270040-4-1-48.pkl,미상,235,TRUNCATED_AT_EOL,1,235,0,0.0,0,0.000e+00,187.0,0.7957446808510639,53.561809045226134,0.22792259168181334,,,4.0708134184053066e-08,0.00425531914893617,1.0297881974339573,0.0022481067103157066,0.00425531914893617,1.029788197433959,235.0,235,0.9179171,0.7998691,0.0005044786324786327,187.0,0.7957446808510639,53.561809045226134,0.22792259168181334,,,4.0708134184053066e-08,0.00425531914893617,1.0297881974339573,0.0022481067103157066,0.00425531914893617,1.029788197433959,235.0,235,0.9179171,0.7998691,0.0005044786324786327
NA-ion,NA-ion_270040-4-2-47.pkl,미상,196,TRUNCATED_AT_EOL,1,196,0,0.0,0,0.000e+00,12.0,0.061224489795918366,137.30402010050253,0.7005307147984823,,,1.6431394959606553e-07,0.12244897959183673,1.0865954913707596,0.006312284687682249,0.12244897959183673,1.0865954913707676,196.0,196,0.8875266,0.7993979,0.00045194205128205157,12.0,0.061224489795918366,137.30402010050253,0.7005307147984823,,,1.6431394959606553e-07,0.12244897959183673,1.0865954913707596,0.006312284687682249,0.12244897959183673,1.0865954913707676,196.0,196,0.8875266,0.7993979,0.00045194205128205157
NA-ion,NA-ion_270040-4-3-46.pkl,미상,227,TRUNCATED_AT_EOL,1,227,0,0.0,0,0.000e+00,14.0,0.06167400881057269,166.24120603015075,0.7323401146702676,142.9334688519613,0.6296628583786841,2.482048069810156e-07,-0.21585903083700442,1.119673293502965,0.012789745498921552,-0.21585903083700442,1.1196732935029603,227.0,227,0.902983,0.7996942,0.00045703008849557505,14.0,0.06167400881057269,166.24120603015075,0.7323401146702676,142.9334688519613,0.6296628583786841,2.482048069810156e-07,-0.21585903083700442,1.119673293502965,0.012789745498921552,-0.21585903083700442,1.1196732935029603,227.0,227,0.902983,0.7996942,0.00045703008849557505
NA-ion,NA-ion_270040-4-6-43.pkl,미상,142,TRUNCATED_AT_EOL,1,142,0,0.0,0,0.000e+00,10.0,0.07042253521126761,96.72412060301508,0.6811557788944724,,,4.826448380556858e-07,-0.028169014084507043,1.1344871596123658,0.009732050514557285,-0.028169014084507043,1.1344871596123725,142.0,142,0.8779458,0.7999552,0.0005531248226950356,10.0,0.07042253521126761,96.72412060301508,0.6811557788944724,,,4.826448380556858e-07,-0.028169014084507043,1.1344871596123658,0.009732050514557285,-0.028169014084507043,1.1344871596123725,142.0,142,0.8779458,0.7999552,0.0005531248226950356
NA-ion,NA-ion_270040-4-8-41.pkl,미상,1,TRUNCATED_AT_EOL,1,1,0,0.0,0,0.000e+00,,,,,,,,,,,,,,,,,,,,,,,,,,,,,,1.0,1,0.7080192,0.7080192,
NA-ion,NA-ion_270040-5-1-39.pkl,미상,128,TRUNCATED_AT_EOL,1,128,0,0.0,0,0.000e+00,19.0,0.1484375,20.337185929648246,0.15888426507537692,27.394639273185106,0.21402061932175864,1.0455145728652657e-06,-0.1875,1.1929405342327866,0.017129710761824513,-0.1875,1.1929405342327866,128.0,128,0.8860662,0.7996176,0.0006806976377952754,19.0,0.1484375,20.337185929648246,0.15888426507537692,27.394639273185106,0.21402061932175864,1.0455145728652657e-06,-0.1875,1.1929405342327866,0.017129710761824513,-0.1875,1.1929405342327866,128.0,128,0.8860662,0.7996176,0.0006806976377952754
NA-ion,NA-ion_270040-5-2-38.pkl,미상,120,TRUNCATED_AT_EOL,1,120,0,0.0,0,0.000e+00,8.0,0.06666666666666667,47.344221105527645,0.394535175879397,,,-5.015497184777453e-07,-0.15,0.9143680001751645,-0.007222315946080148,-0.15,0.9143680001751712,120.0,120,0.8878865,0.7996199,0.0007417361344537813,8.0,0.06666666666666667,47.344221105527645,0.394535175879397,,,-5.015497184777453e-07,-0.15,0.9143680001751645,-0.007222315946080148,-0.15,0.9143680001751712,120.0,120,0.8878865,0.7996199,0.0007417361344537813
NA-ion,NA-ion_270040-5-3-37.pkl,미상,211,EXTRAPOLATED,1,256,45,0.175781,0,0.000e+00,13.0,0.061611374407582936,78.56281407035176,0.37233561170782825,51.39684987213931,0.24358696621866974,-3.556397933726742e-07,-0.061611374407582936,0.8061480416821095,-0.015833439240746754,-0.061611374407582936,0.8061480416821153,211.0,211,0.8979647,0.8181846,0.0003799052380952377,15.0,0.05859375,76.73115577889448,0.29973107726130654,76.31198031968154,0.298093673123756,-2.177678180634247e-07,-0.1640625,0.8656820936050095,-0.014271631724604602,-0.1640625,0.8656820936050095,256.0,256,0.8979647,0.8,0.0003841752941176467
NA-ion,NA-ion_270040-5-4-36.pkl,미상,96,TRUNCATED_AT_EOL,1,96,0,0.0,0,0.000e+00,12.0,0.125,,,,,1.69502443673951e-07,-0.08333333333333333,1.0498314123364227,0.0015621345208978803,-0.08333333333333333,1.0498314123364305,96.0,96,0.8441003,0.7996191,0.0004682231578947368,12.0,0.125,,,,,1.69502443673951e-07,-0.08333333333333333,1.0498314123364227,0.0015621345208978803,-0.08333333333333333,1.0498314123364305,96.0,96,0.8441003,0.7996191,0.0004682231578947368
NA-ion,NA-ion_270040-5-5-35.pkl,미상,180,TRUNCATED_AT_EOL,1,180,0,0.0,0,0.000e+00,11.0,0.06111111111111111,121.08291457286434,0.6726828587381353,80.76916224021022,0.4487175680011679,1.1022393048819033e-07,0.07777777777777778,1.036287413850619,0.003571255347813752,0.07777777777777778,1.036287413850604,180.0,180,0.8982961,0.7996444,0.0005511268156424582,11.0,0.06111111111111111,121.08291457286434,0.6726828587381353,80.76916224021022,0.4487175680011679,1.1022393048819033e-07,0.07777777777777778,1.036287413850619,0.003571255347813752,0.07777777777777778,1.036287413850604,180.0,180,0.8982961,0.7996444,0.0005511268156424582
NA-ion,NA-ion_270040-5-6-34.pkl,미상,131,TRUNCATED_AT_EOL,1,131,0,0.0,0,0.000e+00,8.0,0.061068702290076333,107.54773869346734,0.820975104530285,77.64995203668633,0.592747725470888,5.232157146475244e-08,0.08396946564885496,1.0014910901117493,0.0008978904879064597,0.08396946564885496,1.001491090111756,131.0,131,0.8955192,0.7997468,0.000736710769230769,8.0,0.061068702290076333,107.54773869346734,0.820975104530285,77.64995203668633,0.592747725470888,5.232157146475244e-08,0.08396946564885496,1.0014910901117493,0.0008978904879064597,0.08396946564885496,1.001491090111756,131.0,131,0.8955192,0.7997468,0.000736710769230769
NA-ion,NA-ion_270040-5-7-33.pkl,미상,177,TRUNCATED_AT_EOL,1,177,0,0.0,0,0.000e+00,11.0,0.062146892655367235,63.174874371859296,0.35692019419129545,51.742115484036674,0.2923283360680038,-4.3859690662875406e-07,-0.03954802259887006,0.8565782552158125,-0.01374080248777517,-0.03954802259887006,0.8565782552158145,177.0,177,0.8910125,0.7999863,0.0005171943181818179,11.0,0.062146892655367235,63.174874371859296,0.35692019419129545,51.742115484036674,0.2923283360680038,-4.3859690662875406e-07,-0.03954802259887006,0.8565782552158125,-0.01374080248777517,-0.03954802259887006,0.8565782552158145,177.0,177,0.8910125,0.7999863,0.0005171943181818179
NA-ion,NA-ion_270040-5-8-32.pkl,미상,102,TRUNCATED_AT_EOL,1,102,0,0.0,0,0.000e+00,8.0,0.0784313725490196,47.642713567839195,0.46708542713567835,53.643564863391745,0.525917302582272,7.42595999979304e-07,0.11764705882352941,1.1240620182630465,0.007725968783783955,0.11764705882352941,1.124062018263044,102.0,102,0.8691923,0.7994501,0.000690516831683168,8.0,0.0784313725490196,47.642713567839195,0.46708542713567835,53.643564863391745,0.525917302582272,7.42595999979304e-07,0.11764705882352941,1.1240620182630465,0.007725968783783955,0.11764705882352941,1.124062018263044,102.0,102,0.8691923,0.7994501,0.000690516831683168
NA-ion,NA-ion_270040-6-2-30.pkl,미상,154,TRUNCATED_AT_EOL,1,154,0,0.0,0,0.000e+00,10.0,0.06493506493506493,53.81959798994975,0.34947790902564774,59.110598635098455,0.3838350560720679,1.1752341881461097e-06,-0.14285714285714285,1.419532744786144,0.02787185400607283,-0.14285714285714285,1.4195327447861659,154.0,154,0.8716874,0.7995543,0.0004714581699346402,10.0,0.06493506493506493,53.81959798994975,0.34947790902564774,59.110598635098455,0.3838350560720679,1.1752341881461097e-06,-0.14285714285714285,1.419532744786144,0.02787185400607283,-0.14285714285714285,1.4195327447861659,154.0,154,0.8716874,0.7995543,0.0004714581699346402
NA-ion,NA-ion_270040-6-5-27.pkl,미상,1,TRUNCATED_AT_EOL,1,1,0,0.0,0,0.000e+00,,,,,,,,,,,,,,,,,,,,,,,,,,,,,,1.0,1,0.7042946,0.7042946,
NA-ion,NA-ion_270040-6-6-26.pkl,미상,232,TRUNCATED_AT_EOL,1,232,0,0.0,0,0.000e+00,14.0,0.0603448275862069,82.60452261306533,0.356053976780454,94.73902894574826,0.4083578833868459,6.128933581566307e-07,-0.1810344827586207,1.3666033963779545,0.03298837210941909,-0.1810344827586207,1.3666033963779387,232.0,232,0.8971202,0.7995338,0.00042245194805194837,14.0,0.0603448275862069,82.60452261306533,0.356053976780454,94.73902894574826,0.4083578833868459,6.128933581566307e-07,-0.1810344827586207,1.3666033963779545,0.03298837210941909,-0.1810344827586207,1.3666033963779387,232.0,232,0.8971202,0.7995338,0.00042245194805194837
NA-ion,NA-ion_270040-6-8-24.pkl,미상,235,EXTRAPOLATED,1,270,35,0.12963,0,0.000e+00,14.0,0.059574468085106386,202.19296482412062,0.860395594996258,201.1965708648556,0.8561556207015132,-9.295700867128791e-08,-0.02127659574468085,0.9583302800263482,-0.005133550803873029,-0.02127659574468085,0.9583302800263556,235.0,235,0.8993452,0.817447,0.0003499923076923074,16.0,0.05925925925925926,204.16934673366836,0.7561827656802532,211.9662750416084,0.785060277931883,-2.7607983833765017e-07,-0.08888888888888889,0.8375112482570892,-0.020126220214812772,-0.08888888888888889,0.8375112482570969,270.0,270,0.8993452,0.8,0.00036931301115241603
NA-ion,NA-ion_270040-7-1-23.pkl,미상,182,TRUNCATED_AT_EOL,1,182,0,0.0,0,0.000e+00,12.0,0.06593406593406594,143.52613065326634,0.7886051134794854,113.40388785971659,0.6230982849434977,-5.755889037514069e-07,0.23076923076923078,0.8434326336478148,-0.01906580684786285,0.23076923076923078,0.843432633647819,182.0,182,0.8957815,0.7992885,0.0005331104972375693,12.0,0.06593406593406594,143.52613065326634,0.7886051134794854,113.40388785971659,0.6230982849434977,-5.755889037514069e-07,0.23076923076923078,0.8434326336478148,-0.01906580684786285,0.23076923076923078,0.843432633647819,182.0,182,0.8957815,0.7992885,0.0005331104972375693
NA-ion,NA-ion_270040-7-2-22.pkl,미상,81,TRUNCATED_AT_EOL,1,81,0,0.0,0,0.000e+00,5.0,0.06172839506172839,15.432160804020102,0.1905205037533346,18.56391968873169,0.22918419368804557,-1.364986908975137e-06,0.13580246913580246,0.8793483765177748,-0.008955679109785775,0.13580246913580246,0.8793483765177696,81.0,81,0.8628968,0.7994537,0.0007930387499999996,5.0,0.06172839506172839,15.432160804020102,0.1905205037533346,18.56391968873169,0.22918419368804557,-1.364986908975137e-06,0.13580246913580246,0.8793483765177748,-0.008955679109785775,0.13580246913580246,0.8793483765177696,81.0,81,0.8628968,0.7994537,0.0007930387499999996
NA-ion,NA-ion_270040-8-3-18.pkl,미상,1,TRUNCATED_AT_EOL,1,1,0,0.0,0,0.000e+00,,,,,,,,,,,,,,,,,,,,,,,,,,,,,,1.0,1,0.7351736,0.7351736,
NA-ion,NA-ion_270040-8-5-16.pkl,미상,128,EXTRAPOLATED,1,149,21,0.14094,0,0.000e+00,9.0,0.0703125,64.75527638190955,0.5059005967336684,80.4108017535792,0.6282093886998374,1.3115794154419683e-06,-0.09375,1.4404007211114753,0.02148891714260121,-0.09375,1.4404007211114753,128.0,128,0.8611541,0.8073384,0.00042374566929133877,10.0,0.06711409395973154,69.34773869346733,0.46542106505682773,76.74055456420655,0.5150372789544063,1.2082080805922577e-06,-0.10067114093959731,1.4965240419565224,0.026823427597232226,-0.10067114093959731,1.4965240419564991,149.0,149,0.8611541,0.8,0.0004132033783783783
RWTH,RWTH_002.pkl,NMC,741,TRUNCATED_AT_EOL,1,741,0,0.0,1,2.287e-02,587.0,0.7879194630872484,114.28241206030152,0.1533992108191967,230.51533598348442,0.3094165583670932,9.982616952363333e-08,-0.13630229419703105,1.3444747614209054,0.055406019739855074,-0.13630229419703105,1.3444747614209036,745.0,741,0.9667531777856669,0.7999705336758192,0.0002241702205777524,265.0,0.35570469798657717,120.26432160804022,0.16142861960810767,226.94614666982827,0.30462570022795743,1.0329854771138608e-07,-0.12280701754385964,1.3610127060683943,0.057333276443514394,-0.12280701754385964,1.3610127060683819,745.0,741,0.9438871179329554,0.7999937165204853,0.000193405109425363
RWTH,RWTH_003.pkl,NMC,625,TRUNCATED_AT_EOL,1,625,0,0.0,1,1.685e-02,592.0,0.9411764705882353,126.91557788944725,0.2017735737511085,114.08935052230301,0.18138211529777903,2.0280256014540555e-07,0.0912,1.5380150000235093,0.080237007698487,0.0912,1.5380150000235129,629.0,625,0.955769535191433,0.7972810705258633,0.00025237016666492,267.0,0.424483306836248,129.44020100502513,0.2057872829968603,99.41982962630294,0.15806014249014777,2.0114279713427404e-07,0.0688,1.5115781634655034,0.07958033740100012,0.0688,1.511578163465508,629.0,625,0.9531985319998975,0.8003089712791722,0.00024345471452344783
RWTH,RWTH_004.pkl,NMC,633,TRUNCATED_AT_EOL,1,633,0,0.0,1,1.845e-02,599.0,0.9418238993710691,240.64070351758792,0.3783658860339433,73.89486542411142,0.11618689532092989,2.655340711671659e-07,-0.07424960505529225,2.165874888370887,0.1074074696508319,-0.07424960505529225,2.1658748883708974,636.0,633,0.9499452597825191,0.8000763360954598,0.00023601405305048707,312.0,0.49056603773584906,245.74623115577896,0.38639344521348895,57.97560527802852,0.09115661207237188,2.710983991870221e-07,-0.16587677725118483,2.2943993144754726,0.10965821807755266,-0.16587677725118483,2.2943993144754904,636.0,633,0.9314959165336651,0.8000763360954598,0.00020695996919402416
RWTH,RWTH_005.pkl,NMC,744,TRUNCATED_AT_EOL,1,744,0,0.0,1,1.781e-02,592.0,0.7914438502673797,237.8628140703518,0.31799841453255584,275.4881902400692,0.36829971957228497,1.6104356367953528e-07,-0.09408602150537634,1.7857061438907496,0.09010451805295487,-0.09408602150537634,1.7857061438907424,748.0,744,0.9649761394018834,0.7991225822248501,0.00022202618095988396,668.0,0.893048128342246,240.86582914572867,0.322013140569156,261.4238925330417,0.34949718253080436,1.6867834319376577e-07,-0.0456989247311828,1.814227589378747,0.09437620773028693,-0.0456989247311828,1.8142275893787514,748.0,744,0.9708456847498387,0.7991225822248501,0.00022988367138552685
RWTH,RWTH_006.pkl,NMC,724,TRUNCATED_AT_EOL,1,724,0,0.0,1,2.642e-02,625.0,0.8585164835164835,132.15226130653267,0.1815278314650174,261.0012523957491,0.3585182038403147,1.6958894422662714e-07,-0.12430939226519337,1.8300103953151763,0.08987942701700528,-0.12430939226519337,1.8300103953151479,728.0,724,0.954664772754534,0.7997882031892081,0.00021303517134157622,608.0,0.8351648351648352,155.53316582914573,0.21364445855651887,235.81361428529272,0.3239197998424351,1.797651146152559e-07,-0.16298342541436464,1.9088485208237231,0.0952726345042539,-0.16298342541436464,1.9088485208236776,728.0,724,0.9282463968077455,0.7997882031892081,0.00017669627732948748
RWTH,RWTH_007.pkl,NMC,756,TRUNCATED_AT_EOL,1,756,0,0.0,1,1.504e-02,265.0,0.34868421052631576,116.56633165829147,0.15337675218196248,218.3405891999609,0.287290248947317,9.743879017669207e-08,-0.11904761904761904,1.3723519333691783,0.056280645206059694,-0.11904761904761904,1.3723519333691683,760.0,756,0.9646502437451919,0.7998279949179163,0.00021715711307941448,264.0,0.3473684210526316,119.61758793969851,0.15739156307855068,213.3431704689083,0.28071469798540566,9.879931960941239e-08,-0.12433862433862433,1.3805057260720048,0.05706648700639768,-0.12433862433862433,1.3805057260719942,760.0,756,0.9646502437451919,0.8000489331937625,0.00021686602180688992
RWTH,RWTH_008.pkl,NMC,692,TRUNCATED_AT_EOL,1,692,0,0.0,1,1.854e-02,310.0,0.4454022988505747,120.79145728643216,0.1735509443770577,196.23680910116505,0.28194943836374287,1.3612096590899138e-07,-0.05202312138728324,1.4321345477662883,0.0659391738217716,-0.05202312138728324,1.432134547766276,696.0,692,0.9588310089095824,0.8009901169549916,0.00022710919705696522,265.0,0.3807471264367816,123.58542713567839,0.17756526887310112,183.21607085756668,0.2632414811171935,1.3797040777018377e-07,0.057803468208092484,1.4296118152001456,0.06683507305040273,0.057803468208092484,1.4296118152001425,696.0,692,0.9588310089095824,0.8001893254694783,0.0002282614150217325
RWTH,RWTH_009.pkl,NMC,632,TRUNCATED_AT_EOL,1,632,0,0.0,1,1.668e-02,331.0,0.521259842519685,222.42211055276383,0.35027104024057293,77.8738832052327,0.12263603654367354,2.389747212791333e-07,-0.12658227848101267,1.8555645465417399,0.09636058198778116,-0.12658227848101267,1.8555645465417492,635.0,632,0.9594362180860461,0.7990045801878188,0.00025304674747354453,598.0,0.9417322834645669,217.3246231155779,0.342243500969414,142.07545050617577,0.22374086693885947,2.5079915527885124e-07,-0.21835443037974683,1.9434092418338171,0.10112848938731726,-0.21835443037974683,1.943409241833823,635.0,632,0.9562875118828508,0.7990045801878188,0.00024808033390383587
RWTH,RWTH_010.pkl,NMC,700,TRUNCATED_AT_EOL,1,700,0,0.0,1,1.560e-02,294.0,0.41761363636363635,206.95427135678395,0.2939691354499772,209.9112189046804,0.2981693450350574,2.1858613506401095e-07,0.04857142857142857,1.9649500606970474,0.10833478591588482,0.04857142857142857,1.964950060697054,704.0,700,0.9620767198596596,0.8005366414742937,0.00022978674023522885,295.0,0.4190340909090909,156.08391959798996,0.22171011306532665,195.36943931376902,0.27751340811614916,2.196396948284092e-07,0.014285714285714285,1.951271195874877,0.10885694699207735,0.014285714285714285,1.9512711958748732,704.0,700,0.9644718561166822,0.8005366414742937,0.00023319376193796368
RWTH,RWTH_011.pkl,NMC,673,TRUNCATED_AT_EOL,1,673,0,0.0,1,2.427e-02,296.0,0.43722304283604135,144.6924623115578,0.21372594137600856,175.99070865093802,0.25995673360552146,2.2993519559191548e-07,0.007429420505200594,1.9729943989696648,0.10538596826044662,0.007429420505200594,1.9729943989696617,677.0,673,0.956066447295743,0.8010433584902482,0.0002293240958661165,492.0,0.7267355982274741,226.2201005025126,0.33415081314994477,161.03926494875802,0.23787188323302513,2.5015932058175735e-07,-0.1352154531946508,2.134016677719512,0.114655271242916,-0.1352154531946508,2.1340166777195106,677.0,673,0.947171518566877,0.7982548481811115,0.00022029093252332174
RWTH,RWTH_012.pkl,NMC,782,TRUNCATED_AT_EOL,1,782,0,0.0,1,2.583e-02,338.0,0.4300254452926209,136.30402010050253,0.17341478384287853,210.36407070361957,0.2676387667984982,1.2193114116791366e-07,-0.05115089514066496,1.5856097966881182,0.0753285712889739,-0.05115089514066496,1.5856097966881229,786.0,782,0.9656256924491876,0.8012595912272715,0.00020938356843556188,647.0,0.8231552162849872,158.39447236180905,0.20151968493868835,207.85569523483485,0.2644474494081868,1.394432620533471e-07,-0.04092071611253197,1.700723687698007,0.08614748952351103,-0.04092071611253197,1.7007236876980023,786.0,782,0.9635259817499312,0.7980237688565621,0.0002108308444501517
RWTH,RWTH_013.pkl,NMC,704,TRUNCATED_AT_EOL,1,704,0,0.0,1,1.165e-02,296.0,0.4180790960451977,142.75527638190957,0.20163174630213215,198.7085532624066,0.2806617983932297,1.721617304671871e-07,0.05397727272727273,1.714306544285145,0.08629847766090344,0.05397727272727273,1.7143065442851482,708.0,704,0.9588698033264542,0.7997208439087224,0.00022510461020895583,292.0,0.4124293785310734,145.59748743718595,0.20564616869659033,190.23953041014042,0.26869990170923785,1.7083604580263835e-07,0.04261363636363636,1.6954554596976448,0.08563395966321256,0.04261363636363636,1.695455459697643,708.0,704,0.9570791451136472,0.7997208439087224,0.00022257185460385399
RWTH,RWTH_014.pkl,NMC,582,TRUNCATED_AT_EOL,1,582,0,0.0,1,2.414e-02,334.0,0.5709401709401709,209.65527638190954,0.35838508783232403,171.06306381577383,0.2924154937021775,3.5068849490232627e-07,-0.14432989690721648,2.1416745189291744,0.12001437016794798,-0.14432989690721648,2.141674518929174,585.0,582,0.9603914541818531,0.8015759349757852,0.00027194438220217115,473.0,0.8085470085470086,214.3507537688442,0.3664115449040072,186.38503439576596,0.3186068964030187,3.759822489265392e-07,-0.14776632302405499,2.3472312572778544,0.12867052513888544,-0.14776632302405499,2.3472312572778526,585.0,582,0.9620244502533607,0.8007505738726811,0.0002761538979121226
RWTH,RWTH_015.pkl,NMC,763,TRUNCATED_AT_EOL,1,763,0,0.0,1,1.541e-02,293.0,0.3820078226857888,129.9497487437186,0.16942600879233194,194.40189112410016,0.25345748516831834,1.2184500009487615e-07,-0.04849279161205767,1.4571229330739484,0.07168007326081495,-0.04849279161205767,1.4571229330739603,767.0,763,0.9694050884423602,0.7990383192206358,0.00022241092587692472,342.0,0.44589308996088656,133.02914572864321,0.17344086796433275,190.8177480566281,0.24878454766183583,1.2470671022140627e-07,-0.0563564875491481,1.4651931618887264,0.07336358584944143,-0.0563564875491481,1.465193161888719,767.0,763,0.9747108432785363,0.7990383192206358,0.00022933749877010503
RWTH,RWTH_016.pkl,NMC,744,TRUNCATED_AT_EOL,1,744,0,0.0,1,1.503e-02,343.0,0.4585561497326203,135.7603015075377,0.181497729288152,241.8385716178073,0.3233135984195285,1.4724214472428428e-07,-0.09408602150537634,1.5492853298091465,0.08238256894181427,-0.09408602150537634,1.5492853298091478,748.0,744,0.9668953374964006,0.7985550194337834,0.00022535517812934027,343.0,0.4585561497326203,141.76633165829148,0.18952718136135224,235.71937874161281,0.31513285928023105,1.496519664184022e-07,-0.051075268817204304,1.5472575076882786,0.08373087381896262,-0.051075268817204304,1.5472575076882702,748.0,744,0.9752808376832879,0.7985550194337834,0.00023658074732196051
RWTH,RWTH_017.pkl,NMC,630,TRUNCATED_AT_EOL,1,630,0,0.0,1,1.821e-02,297.0,0.46919431279620855,132.79899497487438,0.20979304103455668,55.28403579007513,0.0873365494313983,2.367245365582842e-07,0.06031746031746032,1.6031186251609584,0.09485291782900131,0.06031746031746032,1.6031186251609597,633.0,630,0.9694106525897475,0.8002207188898015,0.00026770559129738283,297.0,0.46919431279620855,135.3396984924623,0.213806790667397,102.77888764920043,0.16236791097819972,2.4278412651672524e-07,0.06031746031746032,1.611889828436192,0.09728092886985897,0.06031746031746032,1.6118898284361918,633.0,630,0.976449469695654,0.7990496791895565,0.0002806958710539518
RWTH,RWTH_018.pkl,NMC,682,TRUNCATED_AT_EOL,1,682,0,0.0,1,3.017e-02,541.0,0.7886297376093294,229.21859296482415,0.3341378906192772,203.77591261820032,0.29704943530349903,2.9035665953528826e-07,-0.03225806451612903,2.556832004804692,0.13664068255066994,-0.03225806451612903,2.556832004804673,686.0,682,0.9598910886539674,0.7985576558675022,0.00023552325954228509,484.0,0.7055393586005831,240.23366834170855,0.35019485181007076,178.04380361273175,0.2595390723217664,3.0265255301855465e-07,-0.13196480938416422,2.6076095656205935,0.14242708084032157,-0.13196480938416422,2.6076095656205895,686.0,682,0.948010713126707,0.7985576558675022,0.00021817964563387575
RWTH,RWTH_019.pkl,NMC,588,TRUNCATED_AT_EOL,1,588,0,0.0,1,2.636e-02,300.0,0.5076142131979695,211.79899497487438,0.35837393396763856,168.56667731813664,0.2852228042608065,3.3994679124639445e-07,-0.10204081632653061,2.061464236347109,0.11873695519332751,-0.10204081632653061,2.0614642363471076,591.0,588,0.9676398430423735,0.7992254073395465,0.0002854481961064864,157.0,0.2656514382402707,218.9145728643216,0.3704138288736406,194.48964708170084,0.3290856972617611,3.6639832504449206e-07,-0.08843537414965986,2.2698739962224908,0.12797597336985966,-0.08843537414965986,2.26987399622248,591.0,588,0.9540747741628088,0.7992254073395465,0.00026245655393773276
RWTH,RWTH_020.pkl,NMC,699,TRUNCATED_AT_EOL,1,699,0,0.0,1,2.788e-02,444.0,0.631578947368421,212.30552763819097,0.3019993280770853,179.20291462319784,0.25491168509700973,2.421132033906977e-07,-0.004291845493562232,2.256774108484426,0.11965452413451531,-0.004291845493562232,2.256774108484424,703.0,699,0.9609506128132439,0.7998769363094487,0.00022944968162933794,627.0,0.8918918918918919,229.2381909547739,0.3260856201348135,161.72294365578912,0.23004686153028325,2.64240979541562e-07,-0.11587982832618025,2.417820293462766,0.13059027025825626,-0.11587982832618025,2.417820293462753,703.0,699,0.9519096546679221,0.7998769363094487,0.00021657082387246926
RWTH,RWTH_021.pkl,NMC,617,TRUNCATED_AT_EOL,1,617,0,0.0,1,2.526e-02,299.0,0.482258064516129,135.06482412060302,0.21784649051710164,111.72532317294343,0.18020213414990877,2.881942803618221e-07,-0.10210696920583469,1.8959537200751637,0.11078188137108674,-0.10210696920583469,1.8959537200751655,620.0,617,0.9668148486890077,0.7985166139158585,0.00027188729365613766,470.0,0.7580645161290323,149.99547738693468,0.24192818933376561,143.6587282860907,0.23170762626788824,3.219458262401837e-07,-0.2025931928687196,2.189852277964343,0.12375597560672591,-0.2025931928687196,2.18985227796435,620.0,617,0.9646630522934858,0.7985166139158585,0.00026841104745981795
RWTH,RWTH_022.pkl,NMC,619,TRUNCATED_AT_EOL,1,619,0,0.0,1,1.731e-02,339.0,0.545016077170418,145.48391959798997,0.23389697684564303,78.8960812241883,0.12684257431541526,2.5419786574224075e-07,0.1050080775444265,1.6797416810531067,0.09834508708982145,0.1050080775444265,1.679741681053109,622.0,619,0.9663171381966233,0.8007305101938192,0.00026664513365991,299.0,0.4807073954983923,147.98040201005026,0.23791061416406795,128.88042182624937,0.20720325052451669,2.6057292050254916e-07,0.09531502423263329,1.689232062219783,0.100811493775711,0.09531502423263329,1.6892320622197898,622.0,619,0.9734409199130115,0.800199985233635,0.0002789709093065644
RWTH,RWTH_023.pkl,NMC,726,TRUNCATED_AT_EOL,1,726,0,0.0,1,2.433e-02,543.0,0.7438356164383562,220.43266331658293,0.30196255248846976,167.5513454462692,0.22952239102228658,1.9289752392665354e-07,0.03856749311294766,2.0573757958078844,0.10279509050051462,0.03856749311294766,2.057375795807867,730.0,726,0.9617231644271544,0.8007517592592612,0.00022081125537433912,353.0,0.48356164383561645,238.0165829145729,0.3260501135816067,163.70073779545186,0.22424758602116693,2.1221525436538528e-07,-0.04132231404958678,2.1996417866145004,0.11308950905131396,-0.04132231404958678,2.1996417866144853,730.0,726,0.9660865059879495,0.8007517592592612,0.0002267966347444284
RWTH,RWTH_024.pkl,NMC,765,TRUNCATED_AT_EOL,1,765,0,0.0,1,1.904e-02,544.0,0.7074122236671001,136.46130653266331,0.17745293437277415,154.02437010083068,0.2002917686616784,1.2682435740367647e-07,0.009150326797385621,1.6702610189531195,0.07499897881859616,0.009150326797385621,1.6702610189531073,769.0,765,0.9567585215213419,0.8003822708187848,0.00020361490976895458,497.0,0.64629388816645,148.81105527638192,0.1935124255869726,164.17313305977535,0.21348911971362206,1.397654511799374e-07,-0.027450980392156862,1.7576826730215938,0.08265183697521851,-0.027450980392156862,1.7576826730215869,769.0,765,0.9531953412091493,0.8003822708187848,0.00019897535207078713
RWTH,RWTH_025.pkl,NMC,710,TRUNCATED_AT_EOL,1,710,0,0.0,1,2.191e-02,492.0,0.6890756302521008,221.34924623115583,0.3100129499035796,236.95643490191424,0.3318717575657062,1.9924840350310508e-07,0.014084507042253521,1.8994018320791808,0.10157603911227027,0.014084507042253521,1.899401832079193,714.0,710,0.9648229201369345,0.7991161546126376,0.00023240780578442758,493.0,0.6904761904761905,227.08190954773872,0.31804189012288336,222.87923135876292,0.31215578621675477,2.145035690108547e-07,-0.08169014084507042,1.982669123564869,0.10935306146745703,-0.08169014084507042,1.9826691235648681,714.0,710,0.9714695305603304,0.8002448675429042,0.00024014679245080802
RWTH,RWTH_026.pkl,NMC,579,TRUNCATED_AT_EOL,1,579,0,0.0,1,1.758e-02,532.0,0.9125214408233276,218.29949748743718,0.37444167665083566,204.19082134077516,0.35024154603906543,3.936781956835297e-07,-0.2504317789291883,2.4211281524784036,0.1338068882526844,-0.2504317789291883,2.4211281524784054,583.0,579,0.9655010602099858,0.7973465873562944,0.00028892521108881693,503.0,0.8627787307032591,220.63919597989948,0.3784548816121775,214.49918641516334,0.3679231327875872,4.018732963021582e-07,-0.3022452504317789,2.49564820725616,0.13659231280684928,-0.3022452504317789,2.4956482072561696,583.0,579,0.957275839207564,0.7973465873562944,0.0002747925289540715
RWTH,RWTH_027.pkl,NMC,585,TRUNCATED_AT_EOL,1,585,0,0.0,1,1.960e-02,533.0,0.9049235993208828,218.17587939698493,0.3704174522869014,210.5702117672594,0.3575046040191161,3.5976115746020227e-07,-0.24444444444444444,2.4033401350750925,0.12480870050725067,-0.24444444444444444,2.4033401350751067,589.0,585,0.9571085374967668,0.7999521954554226,0.00026727269054650375,555.0,0.9422750424448217,151.9889447236181,0.25804574655962326,222.56199598182084,0.37786416974842246,3.6584608983492335e-07,-0.28547008547008546,2.4557243354732203,0.12691969133162131,-0.28547008547008546,2.4557243354732305,589.0,585,0.9571085374967668,0.7999521954554226,0.00026727269054650375
RWTH,RWTH_028.pkl,NMC,611,TRUNCATED_AT_EOL,1,611,0,0.0,1,1.908e-02,192.0,0.3121951219512195,114.23517587939699,0.18574825346243412,70.98209411021143,0.11541803920359583,1.941262437754678e-07,-0.24058919803600654,1.6606438660397391,0.0734233985519786,-0.24058919803600654,1.6606438660397382,615.0,611,0.9564416228018712,0.8004236304340118,0.00025410096476850065,490.0,0.7967479674796748,116.7035175879397,0.18976181721616212,88.47393398901755,0.1438600552666952,1.943619601549447e-07,-0.2733224222585925,1.6530819085383017,0.07351255237960734,-0.2733224222585925,1.6530819085382924,615.0,611,0.9600716745342643,0.7980374888333087,0.0002638993252458561
RWTH,RWTH_029.pkl,NMC,647,TRUNCATED_AT_EOL,1,647,0,0.0,1,1.806e-02,331.0,0.5084485407066052,115.64824120603015,0.17764706790480822,,,1.6545571970244337e-07,-0.16846986089644514,1.5635179695830013,0.07012029946561564,-0.16846986089644514,1.5635179695829995,651.0,647,0.9634821133158711,0.8000681632634478,0.0002514060770037282,496.0,0.7619047619047619,126.10050251256284,0.19370276883650206,,,1.7908052935508394e-07,-0.2117465224111283,1.6419826314706074,0.07589450742121366,-0.2117465224111283,1.6419826314705972,651.0,647,0.9572183994031516,0.7996703376400895,0.00024238163348163388
RWTH,RWTH_030.pkl,NMC,682,TRUNCATED_AT_EOL,1,682,0,0.0,1,2.306e-02,457.0,0.6661807580174927,204.43467336683418,0.29800972793999153,232.0538894909055,0.3382709759342646,2.186161244261428e-07,0.002932551319648094,1.8290970106066673,0.10287987369044477,0.002932551319648094,1.8290970106066673,686.0,682,0.9658935299272786,0.7983323862838592,0.00024461480823856856,617.0,0.8994169096209913,160.3743718592965,0.23378188317681706,213.2482092373202,0.3108574478678137,2.3707638477936985e-07,-0.11143695014662756,1.940331910985957,0.11156719837163193,-0.11143695014662756,1.9403319109859511,686.0,682,0.9654071983319642,0.7983323862838592,0.00024390483510672268
RWTH,RWTH_031.pkl,NMC,718,TRUNCATED_AT_EOL,1,718,0,0.0,1,2.031e-02,410.0,0.5678670360110804,142.6638190954774,0.19759531730675542,207.84494689620118,0.28787388766786864,1.6558367464791662e-07,0.027855153203342618,1.6993555028316267,0.08631612025516304,0.027855153203342618,1.6993555028316052,722.0,718,0.9645888307847726,0.7992275338973522,0.00022934992633484106,350.0,0.48476454293628807,151.35929648241208,0.2096389147955846,191.95967022859534,0.26587211943018746,1.6578186898162666e-07,0.0,1.6846608729968366,0.08641943579021542,0.0,1.6846608729968346,722.0,718,0.9662486459772873,0.7992275338973522,0.00023165202785011802
RWTH,RWTH_032.pkl,NMC,671,TRUNCATED_AT_EOL,1,671,0,0.0,1,2.498e-02,413.0,0.6118518518518519,203.87738693467338,0.30204057323655314,173.4697978397671,0.25699229309595123,2.529342474791909e-07,-0.007451564828614009,1.97328478973987,0.11524316650770505,-0.007451564828614009,1.9732847897398555,675.0,671,0.9662502830414882,0.7975419118606207,0.0002503091560546995,462.0,0.6844444444444444,201.16783919597992,0.29802642843848876,151.46614171749445,0.2243942840259177,2.679617390736985e-07,-0.028315946348733235,2.116714677851981,0.12209006736545129,-0.028315946348733235,2.1167146778519763,675.0,671,0.9685674255097375,0.7975419118606207,0.00025374705289186463
RWTH,RWTH_033.pkl,NMC,736,TRUNCATED_AT_EOL,1,736,0,0.0,1,2.497e-02,409.0,0.5527027027027027,202.6467336683417,0.27384693738965094,247.19023174328044,0.3340408537071357,1.6833723187536035e-07,-0.07880434782608696,1.731650475469602,0.09218146817494816,-0.07880434782608696,1.7316504754695996,740.0,736,0.9681255646983904,0.7992142389248036,0.00022856742323895373,473.0,0.6391891891891892,155.11306532663318,0.2096122504413962,231.43864235699547,0.3127549221040479,1.6821121701770512e-07,-0.13043478260869565,1.6990116869036471,0.09211246243889441,-0.13043478260869565,1.6990116869036178,740.0,736,0.9625790344518484,0.7988161699055513,0.00022160062861474586
RWTH,RWTH_034.pkl,NMC,668,TRUNCATED_AT_EOL,1,668,0,0.0,1,3.053e-02,381.0,0.5661218424962853,149.24522613065326,0.221761108663675,206.4749660408131,0.30679786930284264,2.178353921823157e-07,-0.12574850299401197,1.8155819930563488,0.0986639663457435,-0.12574850299401197,1.8155819930563508,673.0,668,0.9566585462055898,0.7930457912208196,0.00024347136158447936,328.0,0.487369985141159,222.18592964824123,0.33014254033914003,210.29229557055413,0.3124699785595158,2.530709571197971e-07,-0.11377245508982035,2.0985037502803845,0.11462317553731098,-0.11377245508982035,2.098503750280367,673.0,668,0.9540609472245589,0.7930457912208196,0.00023960588691032632
RWTH,RWTH_035.pkl,NMC,674,TRUNCATED_AT_EOL,1,674,0,0.0,1,3.165e-02,295.0,0.43446244477172313,207.80703517587943,0.30604865268907133,220.4550028910759,0.32467599836682753,2.1086191232159488e-07,-0.08011869436201781,1.7860185558477186,0.0972159869186608,-0.08011869436201781,1.786018555847707,679.0,674,0.9623545289610765,0.7962315753612277,0.00024501910560449685,634.0,0.9337260677466863,226.88643216080405,0.3341479118715818,176.7125113162062,0.2602540667396262,2.283539171635868e-07,-0.10089020771513353,1.9203669159430345,0.10528051832301728,-0.10089020771513353,1.9203669159430328,679.0,674,0.9566512549602808,0.7962315753612277,0.0002366071970487509
RWTH,RWTH_036.pkl,NMC,715,TRUNCATED_AT_EOL,1,715,0,0.0,1,3.007e-02,678.0,0.9416666666666667,145.16130653266333,0.20161292573981018,311.62000841759783,0.43280556724666364,1.6782112405774632e-07,-0.22797202797202798,1.6634626920488398,0.08699847071153943,-0.22797202797202798,1.6634626920488367,720.0,715,0.9611459003130167,0.8023848806813665,0.00022080809406349128,623.0,0.8652777777777778,156.72311557788944,0.21767099385817978,296.2327515434536,0.4114343771436856,1.8471516872882254e-07,-0.24475524475524477,1.7571927058753198,0.09575634346902755,-0.24475524475524477,1.757192705875324,720.0,715,0.9596328076624803,0.8023848806813665,0.0002187036536594072
RWTH,RWTH_037.pkl,NMC,681,TRUNCATED_AT_EOL,1,681,0,0.0,1,3.050e-02,380.0,0.5547445255474452,146.3929648241206,0.21371235740747535,202.16964337199644,0.29513816550656413,2.277906697586488e-07,-0.06020558002936858,1.8174015079882564,0.10688507701750397,-0.06020558002936858,1.8174015079882762,685.0,681,0.9678829734649701,0.7978403112424884,0.0002486003833662013,364.0,0.5313868613138686,198.63819095477388,0.28998276051791805,181.82512289073685,0.2654381356069151,2.553238602824488e-07,-0.09544787077826726,1.9937530083367434,0.11980433834103406,-0.09544787077826726,1.9937530083367656,685.0,681,0.9738893161851823,0.7978403112424884,0.000257381586173529
RWTH,RWTH_038.pkl,NMC,514,TRUNCATED_AT_EOL,1,514,0,0.0,1,2.701e-02,458.0,0.8841698841698842,104.65979899497489,0.20204594400574302,,,2.1172557522512375e-07,-0.0311284046692607,1.5284503361857833,0.056811053246703956,-0.0311284046692607,1.528450336185783,518.0,514,0.9637196250234544,0.7989317987831422,0.00031873854205089397,171.0,0.3301158301158301,110.89497487437187,0.21408296307793798,,,2.403537692475316e-07,-0.11284046692607004,1.608045935786277,0.06449268477957083,-0.11284046692607004,1.6080459357862766,518.0,514,0.9667626281119257,0.7989317987831422,0.0003246244281020957
RWTH,RWTH_039.pkl,NMC,542,TRUNCATED_AT_EOL,1,542,0,0.0,1,2.598e-02,457.0,0.836996336996337,110.27386934673368,0.2019667936753364,,,1.7342910789138463e-07,-0.04059040590405904,1.428022844671682,0.05170199192815077,-0.04059040590405904,1.428022844671679,546.0,542,0.9709106539676495,0.7998008170024803,0.00031396300360581514,333.0,0.6098901098901099,116.84673366834171,0.21400500671857456,,,1.9761106155881203e-07,-0.11808118081180811,1.5038078265439294,0.05891101922767047,-0.11808118081180811,1.503807826543934,546.0,542,0.9516387342684711,0.7994657684782988,0.00027921645099114194
RWTH,RWTH_040.pkl,NMC,537,TRUNCATED_AT_EOL,1,537,0,0.0,1,2.113e-02,458.0,0.8465804066543438,83.2211055276382,0.15382829117862884,,,1.2905990161690005e-07,-0.04283054003724395,1.3358270815703912,0.03777338106513598,-0.04283054003724395,1.3358270815703883,541.0,537,0.9630816408811826,0.7994599827702665,0.0003030030705757706,129.0,0.23844731977818853,87.56281407035176,0.16185363044427312,,,1.4706262404625156e-07,-0.08379888268156424,1.3832149259226956,0.043042435868481214,-0.08379888268156424,1.3832149259226971,541.0,537,0.9616989100698379,0.7994599827702665,0.00030044245796216916
RWTH,RWTH_041.pkl,NMC,600,TRUNCATED_AT_EOL,1,600,0,0.0,1,2.306e-02,454.0,0.7516556291390728,70.99648241206032,0.11754384505307999,,,6.748137337263378e-10,-0.18666666666666668,1.0032651337154417,0.0002461828470844181,-0.18666666666666668,1.003265133715441,604.0,600,0.9737645967526714,0.7996335827615731,0.000288774484230677,173.0,0.28642384105960267,78.26884422110552,0.12958417917401577,,,2.2601419133842147e-08,-0.17,1.0624784710831172,0.008245359322731611,-0.17,1.0624784710831083,604.0,600,0.9595162970671521,0.798234646132382,0.0002674654244357713
RWTH,RWTH_042.pkl,NMC,602,TRUNCATED_AT_EOL,1,602,0,0.0,1,2.348e-02,146.0,0.24092409240924093,231.75125628140708,0.3824278156458863,32.673967637879116,0.053917438346335174,3.1286336043766803e-07,-0.08637873754152824,2.1570566625386722,0.11489468903368759,-0.08637873754152824,2.1570566625386705,606.0,602,0.9660433163705489,0.8125962647963831,0.00025363149020523256,466.0,0.768976897689769,229.31909547738692,0.3784143489725857,85.36986374154576,0.14087436260981148,3.246705328421849e-07,-0.14285714285714285,2.21741336272098,0.11923070779883374,-0.14285714285714285,2.21741336272098,606.0,602,0.9595190229700441,0.7991584400436296,0.00026505881475440417
RWTH,RWTH_043.pkl,NMC,662,TRUNCATED_AT_EOL,1,662,0,0.0,1,1.848e-02,148.0,0.2222222222222222,126.3140703517588,0.18966076629393214,207.38831123380547,0.3113938607114196,1.8720369281158478e-07,-0.027190332326283987,1.6670871004235517,0.08303532116873462,-0.027190332326283987,1.6670871004235457,666.0,662,0.9685448297261079,0.7989018167492297,0.00025510227515320035,330.0,0.4954954954954955,131.66080402010053,0.19768889492507588,189.0562337212925,0.2838682188007395,1.9739310819050774e-07,-0.06042296072507553,1.7032408589762342,0.08755489749654734,-0.06042296072507553,1.7032408589762182,666.0,662,0.9725598886917773,0.7977322475048387,0.0002628987085517874
RWTH,RWTH_044.pkl,NMC,655,TRUNCATED_AT_EOL,1,655,0,0.0,1,2.216e-02,419.0,0.6358118361153262,246.6753768844221,0.3743177190962399,167.72617710593343,0.25451620198168956,2.6268201215605985e-07,0.044274809160305344,2.0283317545288604,0.11407780692114428,0.044274809160305344,2.028331754528847,659.0,655,0.9716643512800287,0.7946824668477608,0.0002689694292283707,149.0,0.22610015174506828,251.9658291457287,0.38234571949275975,156.10647792671966,0.23688388152764744,2.782605567618162e-07,-0.01984732824427481,2.116455834424442,0.12084327285107897,-0.01984732824427481,2.116455834424441,659.0,655,0.9631871255572686,0.7954592385459107,0.0002549056033607263
RWTH,RWTH_045.pkl,NMC,640,TRUNCATED_AT_EOL,1,640,0,0.0,1,2.498e-02,419.0,0.6506211180124224,230.735175879397,0.35828443459533693,133.09567650225065,0.20667030512771842,2.8469633346085214e-07,-0.015625,2.0827513688261257,0.11807381855421957,-0.015625,2.082751368826119,644.0,640,0.9743207377037298,0.7995619674270683,0.00027178657896836944,149.0,0.23136645962732919,246.24472361809052,0.38236758325790454,132.8219243277954,0.20624522411148352,3.1021160145578886e-07,-0.084375,2.2913289549329297,0.12865591874136867,-0.084375,2.2913289549329328,644.0,640,0.9793925181415543,0.7999772042165642,0.0002790284819984294
RWTH,RWTH_046.pkl,NMC,579,TRUNCATED_AT_EOL,1,579,0,0.0,1,2.990e-02,139.0,0.23883161512027493,103.47788944723618,0.17779706090590408,145.3871846701801,0.24980615922711355,2.567475271413461e-07,-0.17443868739205526,1.7908570422699195,0.08696654938342227,-0.17443868739205526,1.790857042269939,582.0,579,0.9638938552578445,0.8019049682592432,0.00027881047676179237,316.0,0.5429553264604811,115.1562814070352,0.19786302647256906,165.01530963584293,0.28353145985540024,2.891279984474574e-07,-0.26424870466321243,1.86497245940401,0.09793459214611346,-0.26424870466321243,1.8649724594040167,582.0,579,0.9638938552578445,0.8019049682592432,0.00027881047676179237
RWTH,RWTH_047.pkl,NMC,632,TRUNCATED_AT_EOL,1,632,0,0.0,1,3.009e-02,139.0,0.2188976377952756,107.7286432160804,0.16965140663949668,86.6150790111011,0.13640169923008047,2.1841275424706825e-07,-0.12025316455696203,1.7322398192275565,0.08806948283127318,-0.12025316455696203,1.7322398192275656,635.0,632,0.9656003098734763,0.8005620122657625,0.00026031277225191455,310.0,0.4881889763779528,120.47236180904524,0.18972025481739407,138.98169182557206,0.2188688060245229,2.3393952175138352e-07,-0.23734177215189872,1.7807768634885137,0.09433026365820472,-0.23734177215189872,1.7807768634885208,635.0,632,0.9475205445463986,0.8005620122657625,0.00023179579224075087
RWTH,RWTH_048.pkl,NMC,626,TRUNCATED_AT_EOL,1,626,0,0.0,1,3.062e-02,139.0,0.22098569157392686,109.24321608040201,0.1736776090308458,107.42190172296884,0.17078203771537176,2.354775722068497e-07,-0.10223642172523961,1.8179962587817107,0.09316458214549223,-0.10223642172523961,1.8179962587817085,629.0,626,0.9634753925067071,0.7993983905321395,0.0002612691114244708,173.0,0.27503974562798095,121.86633165829147,0.1937461552596049,172.76103225793867,0.2746598287089645,2.601253232028499e-07,-0.21405750798722045,1.9145617920149165,0.10291624299729828,-0.21405750798722045,1.9145617920149183,629.0,626,0.9590335806756538,0.7986337784732797,0.0002554136977744811
RWTH,RWTH_049.pkl,NMC,675,TRUNCATED_AT_EOL,1,675,0,0.0,1,2.552e-02,177.0,0.26029411764705884,112.57437185929649,0.1655505468519066,235.07417055126237,0.34569730963420936,1.965660006863821e-07,-0.057777777777777775,1.8078078520759817,0.09089211871738255,-0.057777777777777775,1.8078078520759773,680.0,675,0.9708447322520418,0.801099199336588,0.0002499934210831426,619.0,0.9102941176470588,126.22261306532664,0.18562148980195095,217.74440318099167,0.3202123576191054,2.1115362390596423e-07,-0.1348148148148148,1.8692374119409048,0.0976374356941198,-0.1348148148148148,1.8692374119409114,680.0,675,0.9527288046624762,0.801099199336588,0.00022331311535476908
SNL,SNL_18650_LFP_25C_0-100_0.5-3C_a.pkl,LFP,3197,TRUNCATED_AT_EOL,1,3197,0,0.0,1,2.636e-02,161.0,0.050359712230215826,2209.2914572864324,0.6910514411280677,3074.226975622753,0.9615974274703637,-3.0727804062160286e-09,-0.11667187988739443,0.7939110228204842,-0.031406301630875745,-0.11667187988739443,0.7939110228204828,3197.0,3197,0.9418181818181818,0.7999999999999999,4.4373648879280924e-05,162.0,0.05067250547388177,2222.1396984924622,0.6950702841703041,3107.55424238424,0.9720219713432092,-3.093784830936416e-09,-0.09978104472943385,0.7927713137351015,-0.03162098384409841,-0.09978104472943385,0.7927713137351018,3197.0,3197,0.9418181818181818,0.7999999999999999,4.4373648879280924e-05
SNL,SNL_18650_LFP_25C_0-100_0.5-3C_b.pkl,LFP,2902,TRUNCATED_AT_EOL,1,2902,0,0.0,1,2.771e-02,2191.0,0.7549965541006203,1177.43567839196,0.40573248738523776,2653.9366931248105,0.9145198804703,-5.151042381266275e-09,-0.06064782908339077,0.7136001382239131,-0.04338003912224061,-0.06064782908339077,0.7136001382239112,2902.0,2902,0.9527272727272726,0.7999999999999999,5.264642286358935e-05,471.0,0.16230186078566505,1189.0979899497488,0.4097512026015675,2736.760977245314,0.9430602953981095,-5.019700885320779e-09,-0.039283252929014474,0.7178932955524241,-0.042273933054622743,-0.039283252929014474,0.7178932955524191,2902.0,2902,0.9527272727272726,0.7999999999999999,5.264642286358935e-05
SNL,SNL_18650_LFP_25C_0-100_0.5-3C_c.pkl,LFP,2325,TRUNCATED_AT_EOL,1,2325,0,0.0,1,3.727e-02,2162.0,0.9298924731182796,1074.2442211055277,0.4620405252066786,1611.58244631804,0.6931537403518452,-6.937927370745942e-09,-0.15096774193548387,0.6729312833083708,-0.03750383364349039,-0.15096774193548387,0.6729312833083699,2325.0,2325,0.9445454545454544,0.7999999999999999,6.219683930527299e-05,439.0,0.18881720430107526,1083.586934673367,0.46605889663370625,1600.8462120846677,0.6885360051977065,-6.783143013861828e-09,-0.12,0.6790322889829574,-0.0366671274543079,-0.12,0.6790322889829516,2325.0,2325,0.9445454545454544,0.7999999999999999,6.219683930527299e-05
SNL,SNL_18650_LFP_25C_0-100_0.5-3C_d.pkl,LFP,3139,TRUNCATED_AT_EOL,1,3139,0,0.0,1,4.049e-02,2202.0,0.701497292131252,1147.3949748743719,0.3655288228335049,2214.12426731566,0.705359753843791,-4.54997565128584e-09,-0.09716470213443772,0.7428382825036587,-0.04483237063430088,-0.09716470213443772,0.7428382825036544,3139.0,3139,0.9654545454545455,0.7999999999999999,5.2726113911582386e-05,162.0,0.05160879260911118,1172.6251256281407,0.3735664624492325,2321.225003855876,0.7394791347103779,-4.681825843577138e-09,-0.07677604332589996,0.7370270114686102,-0.046131532902860276,-0.07677604332589996,0.737027011468616,3139.0,3139,0.9654545454545455,0.7999999999999999,5.2726113911582386e-05
SNL,SNL_18650_LFP_35C_0-100_0.5-1C_b.pkl,LFP,3162,TRUNCATED_AT_EOL,1,3162,0,0.0,1,2.371e-02,480.0,0.15180265654648956,622.0809045226132,0.19673652894453295,444.9146889029373,0.14070673273337675,7.73958916144457e-09,-0.030360531309297913,1.853702042540779,0.0773823008958765,-0.030360531309297913,1.8537020425407706,3162.0,3162,0.9509090909090908,0.7954545454545454,4.9178913462368045e-05,479.0,0.1514864010120177,622.0809045226132,0.19673652894453295,433.684856774827,0.13715523617167205,7.882852495250256e-09,-0.03795066413662239,1.8689943952027397,0.07881468266351939,-0.03795066413662239,1.8689943952027281,3162.0,3162,0.9509090909090908,0.802363636363636,4.6993183975151806e-05
SNL,SNL_18650_LFP_35C_0-100_0.5-2C_b.pkl,LFP,2651,TRUNCATED_AT_EOL,1,2651,0,0.0,1,1.614e-02,191.0,0.07204828366654092,489.71859296482415,0.18472975970004682,559.1716311200787,0.21092856700116133,6.3659365933499065e-09,0.02980007544322897,1.295830568836682,0.04473853555668031,0.02980007544322897,1.2958305688366858,2651.0,2651,0.9445454545454544,0.7954545454545454,5.626072041166375e-05,191.0,0.07204828366654092,479.0653266331659,0.18071117564434777,567.1140422514341,0.21392457270895288,6.324435257441434e-09,0.06224066390041494,1.2926460359674947,0.04444687242668194,0.06224066390041494,1.292646035967486,2651.0,2651,0.9445454545454544,0.8109090909090909,5.0428816466552244e-05
SNL,SNL_18650_NCA_15C_0-100_0.5-1C_a.pkl,NCA,331,TRUNCATED_AT_EOL,1,331,0,0.0,1,4.903e-02,280.0,0.8459214501510574,170.64321608040203,0.5155384171613354,,,1.7985261620986152e-06,-0.045317220543806644,3.4984088501733384,0.19704832484568172,-0.045317220543806644,3.498408850173343,331.0,331,1.0107638888888888,0.7986111111111109,0.0006428872053872056,250.0,0.7552870090634441,174.62311557788945,0.5275622827126569,130.8858961056225,0.3954256679928172,1.7931261660000518e-06,-0.03927492447129909,3.3524964967325657,0.1964566958731288,-0.03927492447129909,3.3524964967325426,331.0,331,1.0107638888888888,0.7986111111111109,0.0006428872053872056
SNL,SNL_18650_NCA_15C_0-100_0.5-1C_b.pkl,NCA,632,TRUNCATED_AT_EOL,1,632,0,0.0,1,5.042e-02,232.0,0.3670886075949367,213.7643216080402,0.3382346860886712,246.0101154083932,0.38925651172214115,5.309967876481502e-07,-0.22468354430379747,4.438048284813801,0.21209286090956903,-0.22468354430379747,4.438048284813893,632.0,632,0.9864583333333333,0.7999999999999998,0.00029549656629688354,546.0,0.8639240506329114,226.44773869346733,0.35830338400865086,260.0986614460833,0.4115485149463344,5.493127362702099e-07,-0.27531645569620256,4.632032978475035,0.21940869037198885,-0.27531645569620256,4.632032978475102,632.0,632,0.9864583333333333,0.7999999999999998,0.00029549656629688354
SNL,SNL_18650_NCA_15C_0-100_0.5-2C_a.pkl,NCA,226,TRUNCATED_AT_EOL,1,226,0,0.0,1,2.198e-02,17.0,0.0752212389380531,125.71105527638193,0.5562436074176191,,,1.822776900781877e-06,-0.02654867256637168,1.714764934462626,0.09310015298433492,-0.02654867256637168,1.7147649344626184,226.0,226,0.9965277777777777,0.7993055555555555,0.000876543209876543,13.0,0.05752212389380531,122.0929648241206,0.5402343576288522,,,1.9796773412415862e-06,0.02654867256637168,1.761572697871567,0.10111399988125416,0.02654867256637168,1.7615726978715556,226.0,226,0.9965277777777777,0.7993055555555555,0.000876543209876543
SNL,SNL_18650_NCA_15C_0-100_0.5-2C_b.pkl,NCA,250,TRUNCATED_AT_EOL,1,250,0,0.0,1,1.999e-02,17.0,0.068,122.99748743718595,0.4919899497487438,155.57223909367107,0.6222889563746843,2.0331751319286018e-06,0.016,2.021818877665258,0.12707344574553484,0.016,2.02181887766527,250.0,250,1.0072916666666665,0.7979166666666666,0.0008408634538152605,16.0,0.064,123.99849246231157,0.4959939698492463,169.25117067043226,0.6770046826817291,1.9330790294985172e-06,0.04,1.9733172192565431,0.12081743934365688,0.04,1.9733172192565458,250.0,250,1.0072916666666665,0.799751157407408,0.00083349602112152
SNL,SNL_18650_NCA_25C_0-100_0.5-0.5C_a.pkl,NCA,296,TRUNCATED_AT_EOL,1,296,0,0.0,1,2.353e-02,21.0,0.07094594594594594,,,,,3.109482213519135e-08,0.14189189189189189,0.9815456920590944,0.0027244039361953077,0.14189189189189189,0.9815456920591012,296.0,296,0.9878125,0.79875,0.0006408898305084747,105.0,0.3547297297297297,,,,,-5.9576130277343533e-08,0.14189189189189189,0.9367164550544332,-0.005219822230379672,0.14189189189189189,0.9367164550544382,296.0,296,0.9878125,0.8049374999999999,0.0006199152542372885
SNL,SNL_18650_NCA_25C_0-100_0.5-0.5C_b.pkl,NCA,180,TRUNCATED_AT_EOL,1,180,0,0.0,1,1.531e-02,101.0,0.5611111111111111,149.8668341708543,0.8325935231714128,150.01424639792688,0.8334124799884827,-6.474312045279737e-07,0.05555555555555555,0.9582712817967124,-0.02097677102670959,0.05555555555555555,0.9582712817967103,180.0,180,0.986875,0.7971875,0.001059706703910614,100.0,0.5555555555555556,141.2316582914573,0.7846203238414294,146.08203500237454,0.811566861124303,-7.809838023377682e-07,-0.011111111111111112,0.9298126612029194,-0.02530387519574707,-0.011111111111111112,0.9298126612029178,180.0,180,0.986875,0.8014552689841208,0.0010358644190831237
SNL,SNL_18650_NCA_25C_0-100_0.5-1C_a.pkl,NCA,378,TRUNCATED_AT_EOL,1,378,0,0.0,1,4.812e-02,243.0,0.6428571428571429,166.00854271356783,0.43917603892478263,,,5.844222180154769e-07,-0.14285714285714285,2.1538001671036286,0.08350458419892208,-0.14285714285714285,2.153800167103646,378.0,378,0.9540624999999999,0.7996875,0.00040948275862068945,248.0,0.656084656084656,179.648743718593,0.4752612267687646,,,6.414745308580909e-07,-0.13227513227513227,2.307467584111298,0.09165644686712772,-0.13227513227513227,2.3074675841113006,378.0,378,0.9540624999999999,0.7996875,0.00040948275862068945
SNL,SNL_18650_NCA_25C_0-100_0.5-1C_b.pkl,NCA,310,TRUNCATED_AT_EOL,1,310,0,0.0,1,4.765e-02,245.0,0.7903225806451613,228.16934673366833,0.7360301507537689,148.81823004115654,0.48005880658437594,7.738019757253052e-07,-0.17419354838709677,1.6010992082506008,0.07436236986720249,-0.17419354838709677,1.6010992082505942,310.0,310,0.975,0.799375,0.0005683656957928804,251.0,0.8096774193548387,241.83366834170857,0.7801086075538987,171.4715416062029,0.5531340051812996,7.276973508139662e-07,-0.25161290322580643,1.4940614918469861,0.069931715413221,-0.25161290322580643,1.4940614918469703,310.0,310,0.975,0.799375,0.0005683656957928804
SNL,SNL_18650_NCA_25C_0-100_0.5-1C_c.pkl,NCA,333,TRUNCATED_AT_EOL,1,333,0,0.0,1,3.625e-02,245.0,0.7357357357357357,206.37286432160806,0.6197383312961203,,,9.555720378791053e-07,0.08708708708708708,2.1799219810420665,0.1059624277083742,0.08708708708708708,2.1799219810420745,333.0,333,0.9865625,0.7999999999999999,0.0005619352409638557,250.0,0.7507507507507507,214.38090452261306,0.643786500067907,115.96587228826974,0.34824586272753677,9.635714266532673e-07,0.03903903903903904,2.1373945111549086,0.10684947193015266,0.03903903903903904,2.1373945111549046,333.0,333,0.9865625,0.7999999999999999,0.0005619352409638557
SNL,SNL_18650_NCA_25C_0-100_0.5-1C_d.pkl,NCA,382,TRUNCATED_AT_EOL,1,382,0,0.0,1,3.969e-02,242.0,0.6335078534031413,195.32914572864323,0.5113328422215792,,,8.149924908597168e-07,0.1099476439790576,2.8808000354242886,0.11892696423621095,0.1099476439790576,2.8808000354242624,382.0,382,0.9703124999999999,0.7999999999999999,0.000447014435695538,255.0,0.6675392670157068,206.05075376884423,0.539399878976032,,,8.868884056723086e-07,0.041884816753926704,3.1658134223718357,0.12941830370932608,0.041884816753926704,3.16581342237183,382.0,382,0.9703124999999999,0.7999999999999999,0.000447014435695538
SNL,SNL_18650_NCA_25C_0-100_0.5-2C_a.pkl,NCA,335,TRUNCATED_AT_EOL,1,335,0,0.0,1,7.750e-02,241.0,0.7194029850746269,170.01407035175882,0.5075046876171905,,,1.7327319234774657e-06,-0.0029850746268656717,7.760004141758278,0.19445584011225933,-0.0029850746268656717,7.760004141758311,335.0,335,0.97375,0.7999999999999999,0.0005202095808383236,248.0,0.7402985074626866,190.15477386934677,0.5676261906547665,112.17792166113918,0.3348594676451916,1.7291911252506442e-06,-0.020895522388059702,6.709885253036456,0.19405847403125484,-0.020895522388059702,6.709885253036486,335.0,335,0.97375,0.7999999999999999,0.0005202095808383236
SNL,SNL_18650_NCA_25C_0-100_0.5-2C_b.pkl,NCA,320,TRUNCATED_AT_EOL,1,320,0,0.0,1,7.753e-02,277.0,0.865625,135.4929648241206,0.4234155150753769,,,8.360254908640137e-07,-0.25,2.580679046236569,0.08560901026447988,-0.25,2.5806790462366176,320.0,320,0.9165625,0.7996875,0.00036637931034482743,250.0,0.78125,136.77537688442212,0.4274230527638191,128.06832746804122,0.40021352333762883,8.033192553703644e-07,-0.2,2.209615738576754,0.08225989174992594,-0.2,2.2096157385767587,320.0,320,0.9165625,0.7996875,0.00036637931034482743
SNL,SNL_18650_NCA_25C_20-80_0.5-0.5C_a.pkl,NCA,711,TRUNCATED_AT_EOL,1,711,0,0.0,1,3.635e-02,468.0,0.6582278481012658,271.79899497487446,0.38227706747521023,,,7.27564959734605e-08,-0.30520393811533053,1.2404420005798917,0.03677993660100033,-0.30520393811533053,1.2404420005799,711.0,711,1.0510416666666662,0.7999999999999998,0.00035357981220657237,508.0,0.7144866385372715,266.0904522613065,0.37424817476977,,,8.116525339785718e-08,-0.2883263009845288,1.258896960068678,0.04103074006294021,-0.2883263009845288,1.258896960068676,711.0,711,1.0510416666666662,0.7999999999999998,0.00035357981220657237
SNL,SNL_18650_NCA_25C_20-80_0.5-0.5C_b.pkl,NCA,976,TRUNCATED_AT_EOL,1,976,0,0.0,1,4.573e-02,866.0,0.8872950819672131,768.7512562814071,0.787654975698163,602.0538150482056,0.6168584170575877,2.0334939588963105e-08,-0.2581967213114754,1.0413774081538167,0.019370575413897036,-0.2581967213114754,1.0413774081538127,976.0,976,1.0562499999999997,0.7999999999999998,0.0002628205128205127,867.0,0.8883196721311475,768.7512562814071,0.787654975698163,605.7587956072226,0.6206545036959248,1.968372905177153e-08,-0.25614754098360654,1.0379576215616506,0.018750247885221758,-0.25614754098360654,1.0379576215616475,976.0,976,1.0562499999999997,0.7999999999999998,0.0002628205128205127
SNL,SNL_18650_NCA_25C_20-80_0.5-0.5C_c.pkl,NCA,792,TRUNCATED_AT_EOL,1,792,0,0.0,1,3.636e-02,409.0,0.5164141414141414,598.4236180904524,0.7555853763768338,,,-2.6450398556723955e-08,-0.25757575757575757,0.9922676098467446,-0.016591382800283175,-0.25757575757575757,0.9922676098467467,792.0,792,1.0494791666666665,0.7916666666666665,0.0003259323640960809,409.0,0.5164141414141414,595.2437185929649,0.751570351758794,,,-2.443960484206697e-08,-0.19696969696969696,0.9943599868286549,-0.015330084291654342,-0.19696969696969696,0.9943599868286515,792.0,792,1.0494791666666665,0.8098958333333331,0.00030288664138221664
SNL,SNL_18650_NCA_25C_20-80_0.5-0.5C_d.pkl,NCA,841,TRUNCATED_AT_EOL,1,841,0,0.0,1,4.135e-02,798.0,0.9488703923900119,662.4472361809046,0.7876899360058319,,,-9.988530174668706e-09,-0.30083234244946494,1.026576673896477,-0.007064697610470957,-0.30083234244946494,1.0265766738964759,841.0,841,1.0307291666666665,0.7765624999999999,0.00030257936507936494,481.0,0.5719381688466112,659.070351758794,0.783674615646604,,,-7.385681255185295e-09,-0.30083234244946494,1.0337975981238914,-0.005223752023847063,-0.30083234244946494,1.0337975981238916,841.0,841,1.0307291666666665,0.8179166666666665,0.00025334821428571426
SNL,SNL_18650_NCA_35C_0-100_0.5-1C_a.pkl,NCA,395,TRUNCATED_AT_EOL,1,395,0,0.0,1,1.753e-02,244.0,0.6177215189873417,300.16281407035177,0.7599058584059538,,,-1.9486348354087077e-07,-0.24556962025316456,0.8631409376938376,-0.030403575019463766,-0.24556962025316456,0.8631409376938428,395.0,395,0.9959374999999999,0.7890624999999999,0.0005250634517766498,241.0,0.610126582278481,304.91457286432166,0.7719356275046118,,,-1.8266598023626339e-07,-0.20506329113924052,0.8698529226129286,-0.028500459566361446,-0.20506329113924052,0.8698529226129262,395.0,395,0.9959374999999999,0.7989999999999992,0.0004998413705583776
SNL,SNL_18650_NCA_35C_0-100_0.5-1C_b.pkl,NCA,338,TRUNCATED_AT_EOL,1,338,0,0.0,1,7.875e-02,279.0,0.8254437869822485,262.3020100502513,0.7760414498528144,247.29213419949693,0.7316335331346063,-2.429246666583729e-07,-0.10650887573964497,0.8446388072010592,-0.027752685617724378,-0.10650887573964497,0.8446388072010623,338.0,338,0.9853124999999999,0.7446875,0.0007140207715133531,22.0,0.0650887573964497,178.30603015075377,0.5275326335821118,143.9127902229689,0.42577748586677194,-1.6218593085466858e-07,0.0,0.8699026347204497,-0.01852876948456466,0.0,0.8699026347204465,338.0,338,0.9853124999999999,0.8234374999999999,0.00048034124629080114
SNL,SNL_18650_NCA_35C_0-100_0.5-1C_c.pkl,NCA,406,TRUNCATED_AT_EOL,1,406,0,0.0,1,2.563e-02,242.0,0.5960591133004927,313.3994974874372,0.771919944550338,,,-2.692288254515964e-07,-0.04926108374384237,0.8036159065160032,-0.04437860267213785,-0.04926108374384237,0.8036159065160041,406.0,406,0.9965625,0.7999999999999999,0.0004853395061728397,247.0,0.6083743842364532,316.6557788944724,0.7799403421046118,,,-2.3725638763666977e-07,-0.024630541871921183,0.8233304900315419,-0.03910839391247609,-0.024630541871921183,0.8233304900315357,406.0,406,0.9965625,0.7999999999999999,0.0004853395061728397
SNL,SNL_18650_NCA_35C_0-100_0.5-1C_d.pkl,NCA,444,TRUNCATED_AT_EOL,1,444,0,0.0,1,5.531e-02,372.0,0.8378378378378378,200.23869346733667,0.4509880483498574,309.59068517288205,0.6972763179569416,3.3908881647287985e-07,0.07657657657657657,1.4510345692389865,0.06684661292419505,0.07657657657657657,1.451034569238976,444.0,444,1.0015625,0.7999999999999999,0.0004549943566591422,378.0,0.8513513513513513,209.14321608040206,0.471043279460365,316.4350662027851,0.7126915905468133,3.396285969012633e-07,0.036036036036036036,1.455509244244595,0.06695302307872285,0.036036036036036036,1.4555092442445945,444.0,444,1.0015625,0.7999999999999999,0.0004549943566591422
SNL,SNL_18650_NCA_35C_0-100_0.5-2C_a.pkl,NCA,264,TRUNCATED_AT_EOL,1,253,-11,-0.043478,1,5.073e-02,243.0,0.9204545454545454,,,184.49717043941334,0.6988529183311112,1.7090625079167348e-06,-0.19696969696969696,1.9557294300064054,0.11911482055176513,-0.19696969696969696,1.9557294300064183,264.0,264,0.986875,0.775625,0.0008032319391634979,143.0,0.5652173913043478,180.1859296482412,0.7121973503883051,,,-3.769958132135532e-08,-0.003952569169960474,1.0126163875053895,-0.002413112500801291,-0.003952569169960474,1.0126163875053946,253.0,253,0.986875,0.8028124999999999,0.0007304067460317461
SNL,SNL_18650_NCA_35C_0-100_0.5-2C_b.pkl,NCA,229,TRUNCATED_AT_EOL,1,229,0,0.0,1,3.370e-02,14.0,0.0611353711790393,121.87437185929649,0.5322024972021681,,,1.4274519743043696e-06,0.2925764192139738,1.926025158560051,0.07485700898449887,0.2925764192139738,1.9260251585600403,229.0,229,0.970625,0.7984375,0.0007552083333333331,217.0,0.9475982532751092,148.45527638190956,0.6482763160782077,112.02055222382458,0.48917271713460514,3.6025441207587703e-07,0.24017467248908297,1.1272897891353026,0.018892101623671075,0.24017467248908297,1.127289789135299,229.0,229,0.970625,0.7984375,0.0007552083333333331
SNL,SNL_18650_NMC_15C_0-100_0.5-1C_a.pkl,NMC,147,TRUNCATED_AT_EOL,1,147,0,0.0,1,4.995e-03,11.0,0.07482993197278912,,,63.447661469933706,0.4316167446934266,2.095944005274056e-06,-0.4013605442176871,1.2417302230665013,0.04529125400996737,-0.4013605442176871,1.2417302230665037,147.0,147,0.9988888888888888,0.7996296296296295,0.0013647894469812284,10.0,0.06802721088435375,,,63.92573790119101,0.4348689653142246,2.075928961815889e-06,-0.4013605442176871,1.2396149373820406,0.044858748935880315,-0.4013605442176871,1.2396149373820373,147.0,147,0.9988888888888888,0.7996296296296295,0.0013647894469812284
SNL,SNL_18650_NMC_15C_0-100_0.5-1C_b.pkl,NMC,143,TRUNCATED_AT_EOL,1,143,0,0.0,1,2.565e-03,14.0,0.0979020979020979,22.621105527638196,0.15818954914432304,2.704702213619917,0.018914001493845575,-2.158392364510463e-06,-0.09090909090909091,0.783831745270089,-0.04413696546187325,-0.09090909090909091,0.7838317452700869,143.0,143,0.9392592592592592,0.7996296296296295,0.0009833072509128856,23.0,0.16083916083916083,22.621105527638196,0.15818954914432304,2.4763684326380804,0.017317261766699864,-2.133329001916577e-06,-0.09090909090909091,0.7868205512255523,-0.043624444760190034,-0.09090909090909091,0.7868205512255544,143.0,143,0.9392592592592592,0.7996296296296295,0.0009833072509128856
SNL,SNL_18650_NMC_15C_0-100_0.5-2C_a.pkl,NMC,152,TRUNCATED_AT_EOL,1,152,0,0.0,1,1.249e-02,11.0,0.07236842105263158,24.59849246231156,0.16183218725204976,52.59956206377494,0.346049750419572,2.668604435975699e-06,-0.3026315789473684,1.3256494823541962,0.06165543688878255,-0.3026315789473684,1.3256494823541964,152.0,152,1.008888888888889,0.8,0.0013833701250919794,110.0,0.7236842105263158,30.66884422110553,0.20176871198095744,55.707044609616055,0.36649371453694773,2.461807718484526e-06,-0.32894736842105265,1.302871156308622,0.05687760552786832,-0.32894736842105265,1.3028711563086264,152.0,152,1.008888888888889,0.8,0.0013833701250919794
SNL,SNL_18650_NMC_15C_0-100_0.5-2C_b.pkl,NMC,143,TRUNCATED_AT_EOL,1,143,0,0.0,1,1.864e-03,102.0,0.7132867132867133,39.746733668341705,0.27794918649190004,58.27066390262,0.4074871601581818,2.0415722023263705e-06,-0.3146853146853147,1.2263664286133988,0.04174810996537055,-0.3146853146853147,1.2263664286134,143.0,143,0.9888888888888888,0.7996296296296295,0.0013328116849243615,12.0,0.08391608391608392,39.746733668341705,0.27794918649190004,58.27066390262,0.4074871601581818,2.0478011985773e-06,-0.32867132867132864,1.2270786496857804,0.041875486709707886,-0.32867132867132864,1.2270786496857795,143.0,143,0.9888888888888888,0.7996296296296295,0.0013328116849243615
SNL,SNL_18650_NMC_25C_0-100_0.5-0.5C_b.pkl,NMC,506,TRUNCATED_AT_EOL,1,506,0,0.0,1,8.766e-03,304.0,0.6007905138339921,67.74120603015075,0.13387590124535723,121.85600935808972,0.24082215288160025,5.548181052245628e-07,-0.2727272727272727,2.5429542224486186,0.14205340838927302,-0.2727272727272727,2.5429542224486026,506.0,506,0.9966666666666667,0.7996666666666666,0.0003900990099009902,304.0,0.6007905138339921,67.74120603015075,0.13387590124535723,118.4878847160056,0.2341657800711573,5.513669628207629e-07,-0.2766798418972332,2.544528786477487,0.141169791692776,-0.2766798418972332,2.544528786477482,506.0,506,0.9966666666666667,0.7996666666666666,0.0003900990099009902
SNL,SNL_18650_NMC_25C_0-100_0.5-1C_a.pkl,NMC,406,TRUNCATED_AT_EOL,1,406,0,0.0,1,1.131e-02,371.0,0.9137931034482759,77.31909547738694,0.19044112186548506,97.51799423379931,0.24019210402413624,5.852732842470303e-07,-0.07881773399014778,1.9374324100115927,0.09647410708214638,-0.07881773399014778,1.9374324100115867,406.0,406,0.9463333333333334,0.7999999999999999,0.0003613168724279838,287.0,0.7068965517241379,77.31909547738694,0.19044112186548506,90.73478333994609,0.22348468802942387,5.87240520327633e-07,-0.15763546798029557,1.9460209728569917,0.0967983784087269,-0.15763546798029557,1.9460209728569808,406.0,406,0.9463333333333334,0.8063333333333333,0.00034567901234567905
SNL,SNL_18650_NMC_25C_0-100_0.5-1C_b.pkl,NMC,468,TRUNCATED_AT_EOL,1,468,0,0.0,1,7.440e-03,238.0,0.5085470085470085,105.89899497487438,0.22627990379246662,142.33305154216606,0.30413045201317535,5.102959302747393e-07,-0.2692307692307692,2.4706041443188047,0.11176705583249522,-0.2692307692307692,2.4706041443188043,468.0,468,0.9226666666666666,0.7999999999999999,0.0002626695217701642,399.0,0.8525641025641025,105.89899497487438,0.22627990379246662,145.63985666254584,0.31119627491996976,5.148218488396229e-07,-0.28205128205128205,2.511166690540442,0.11275834062025278,-0.28205128205128205,2.5111666905404464,468.0,468,0.9226666666666666,0.7999999999999999,0.0002626695217701642
SNL,SNL_18650_NMC_25C_0-100_0.5-1C_c.pkl,NMC,333,TRUNCATED_AT_EOL,1,333,0,0.0,1,9.872e-03,121.0,0.3633633633633634,44.87738693467337,0.13476692773175186,12.67722620204471,0.03806974835448862,6.97644829435459e-07,0.05105105105105105,1.6176165887466292,0.07736113749127059,0.05105105105105105,1.6176165887466296,333.0,333,0.977,0.7999999999999999,0.0005331325301204821,124.0,0.37237237237237236,46.21206030150754,0.13877495586038302,22.670183503633666,0.06807862914004104,6.971675639319118e-07,0.057057057057057055,1.6145815801507828,0.07730821399684258,0.057057057057057055,1.614581580150783,333.0,333,0.977,0.7999999999999999,0.0005331325301204821
SNL,SNL_18650_NMC_25C_0-100_0.5-1C_d.pkl,NMC,391,TRUNCATED_AT_EOL,1,391,0,0.0,1,5.406e-03,118.0,0.30179028132992325,74.49246231155779,0.19051780642342145,65.97395322284258,0.1687313381658378,5.689139204783383e-07,-0.03836317135549872,1.8349561432793107,0.086976129076652,-0.03836317135549872,1.834956143279311,391.0,391,0.9396666666666667,0.7999999999999999,0.0003581196581196582,315.0,0.8056265984654731,76.0603015075377,0.1945276253389711,66.0031142790174,0.16880591887216725,5.815722760408834e-07,-0.03324808184143223,1.855227548420795,0.0889113511334103,-0.03324808184143223,1.85522754842079,391.0,391,0.9396666666666667,0.7999999999999999,0.0003581196581196582
SNL,SNL_18650_NMC_25C_0-100_0.5-2C_a.pkl,NMC,333,TRUNCATED_AT_EOL,1,333,0,0.0,1,2.117e-02,249.0,0.7477477477477478,47.546733668341716,0.14278298398901415,112.56389382199986,0.33802971117717673,1.0260638265097297e-06,-0.2552552552552553,2.113016258569154,0.11377919165783593,-0.2552552552552553,2.1130162585691465,333.0,333,0.9763333333333333,0.7999999999999999,0.0005311244979919679,271.0,0.8138138138138138,48.88140703517588,0.14679101211764528,124.53529711555863,0.3739798712178938,1.0528688524265918e-06,-0.30930930930930933,2.1260958588013845,0.11675157417673086,-0.30930930930930933,2.1260958588013885,333.0,333,0.9763333333333333,0.7999999999999999,0.0005311244979919679
SNL,SNL_18650_NMC_25C_0-100_0.5-2C_b.pkl,NMC,492,TRUNCATED_AT_EOL,1,492,0,0.0,1,4.895e-02,157.0,0.31910569105691056,162.6105527638191,0.33050925358499816,204.1439258183548,0.4149266784925911,8.912200438585835e-07,0.0,6.4282094636969385,0.21573228869658573,0.0,6.428209463697048,492.0,492,0.9336666666666668,0.7933333333333333,0.0002858112695179907,152.0,0.3089430894308943,160.63668341708544,0.3264973240184663,204.95411618426968,0.4165734068785969,9.041358997957699e-07,-0.032520325203252036,6.868682032365403,0.2188587524481648,-0.032520325203252036,6.868682032365436,492.0,492,0.9336666666666668,0.7999999999999997,0.0002722335369993219
SNL,SNL_18650_NMC_25C_0-100_0.5-3C_a.pkl,NMC,422,TRUNCATED_AT_EOL,1,422,0,0.0,1,1.433e-02,400.0,0.9478672985781991,66.79447236180906,0.15828074019386032,119.6147985893867,0.28344739002224334,8.103174264557238e-07,-0.25118483412322273,2.8741186748958003,0.14430456857294097,-0.25118483412322273,2.8741186748957888,422.0,422,0.9583333333333334,0.7996666666666666,0.0003768804433887571,197.0,0.466824644549763,66.79447236180906,0.15828074019386032,117.94695426497755,0.27949515228667665,8.044437444651568e-07,-0.24644549763033174,2.8412205201726906,0.1432585597893311,-0.24644549763033174,2.8412205201726737,422.0,422,0.9583333333333334,0.8140000000000001,0.0003428345209817893
SNL,SNL_18650_NMC_25C_0-100_0.5-3C_b.pkl,NMC,428,TRUNCATED_AT_EOL,1,428,0,0.0,1,2.398e-02,402.0,0.9392523364485982,102.06381909547738,0.2384668670455079,117.81124929150023,0.27525992825116874,5.9677193894451e-07,-0.20093457943925233,2.574134492661159,0.10931907086360956,-0.20093457943925233,2.574134492661151,428.0,428,0.9303333333333333,0.7999999999999999,0.0003052302888368464,404.0,0.9439252336448598,98.63065326633166,0.23044545155684967,85.81407594066698,0.20050017743146492,5.596115115724629e-07,-0.20093457943925233,2.392204524983385,0.10251187513589033,-0.20093457943925233,2.392204524983383,428.0,428,0.9303333333333333,0.7999999999999999,0.0003052302888368464
SNL,SNL_18650_NMC_25C_0-100_0.5-3C_c.pkl,NMC,602,TRUNCATED_AT_EOL,1,602,0,0.0,1,1.317e-02,240.0,0.39867109634551495,126.33417085427136,0.20985742666822485,163.93183564173876,0.27231201933843646,3.6529655962117043e-07,-0.16611295681063123,3.011708211238335,0.13238493439294885,-0.16611295681063123,3.0117082112383597,602.0,602,0.9303333333333333,0.7999999999999999,0.00021686078757626192,199.0,0.33056478405315615,126.33417085427136,0.20985742666822485,158.35330828411398,0.263045362598196,3.629956315974499e-07,-0.17940199335548174,2.9549994800355845,0.13155106887344173,-0.17940199335548174,2.954999480035604,602.0,602,0.9303333333333333,0.7999999999999999,0.00021686078757626192
SNL,SNL_18650_NMC_25C_0-100_0.5-3C_d.pkl,NMC,600,TRUNCATED_AT_EOL,1,600,0,0.0,1,9.527e-03,450.0,0.75,128.3251256281407,0.21387520938023452,160.227809296884,0.26704634882814,3.422608878721359e-07,-0.15,2.6999451719962018,0.12321391963396958,-0.15,2.6999451719961898,600.0,600,0.9306666666666666,0.7999999999999999,0.00021814134668892606,451.0,0.7516666666666667,125.91708542713569,0.20986180904522614,159.49586085218718,0.2658264347536453,3.43235032379111e-07,-0.16,2.7109870913627727,0.12356461165648032,-0.16,2.710987091362734,600.0,600,0.9306666666666666,0.7999999999999999,0.00021814134668892606
SNL,SNL_18650_NMC_35C_0-100_0.5-1C_a.pkl,NMC,500,TRUNCATED_AT_EOL,1,500,0,0.0,1,1.700e-02,365.0,0.73,99.04472361809047,0.19808944723618094,155.97506298179457,0.3119501259635891,4.866790109890846e-07,-0.184,2.9768702312647926,0.12166975274727135,-0.184,2.9768702312647948,500.0,500,0.9403333333333334,0.7949999999999999,0.00029124916499666015,406.0,0.812,101.05075376884423,0.20210150753768846,166.32381369304758,0.33264762738609516,4.980402690341312e-07,-0.2,3.1502515860056794,0.12451006725853575,-0.2,3.150251586005694,500.0,500,0.9403333333333334,0.8119999999999999,0.00025718102872411504
SNL,SNL_18650_NMC_35C_0-100_0.5-1C_b.pkl,NMC,524,TRUNCATED_AT_EOL,1,524,0,0.0,1,3.467e-02,426.0,0.8129770992366412,107.96532663316584,0.2060406996816142,160.62747323624652,0.30654097945848574,4.509598208335086e-07,-0.061068702290076333,2.5615874358387587,0.12382274376518115,-0.061068702290076333,2.5615874358387645,524.0,524,0.9406666666666667,0.7733333333333333,0.00031994901210962394,426.0,0.8129770992366412,107.96532663316584,0.2060406996816142,163.8423533239697,0.3126762468014689,4.564645129437353e-07,-0.05725190839694656,2.6396145003717666,0.12533420010603868,-0.05725190839694656,2.639614500371761,524.0,524,0.9406666666666667,0.8079999999999999,0.00025366475462077767
SNL,SNL_18650_NMC_35C_0-100_0.5-1C_c.pkl,NMC,637,TRUNCATED_AT_EOL,1,637,0,0.0,1,3.116e-03,293.0,0.4599686028257457,131.07638190954776,0.2057714001719745,169.82342585368696,0.2665987846996655,3.132562917988768e-07,-0.152276295133438,2.8479680324599936,0.12710969226693675,-0.152276295133438,2.8479680324600003,637.0,637,0.9353333333333333,0.7999999999999999,0.00021278825995807142,362.0,0.5682888540031397,131.07638190954776,0.2057714001719745,169.55472540359224,0.2661769629569737,3.137562739358634e-07,-0.152276295133438,2.8604497695360473,0.1273125695186784,-0.152276295133438,2.8604497695360456,637.0,637,0.9353333333333333,0.7999999999999999,0.00021278825995807142
SNL,SNL_18650_NMC_35C_0-100_0.5-1C_d.pkl,NMC,592,TRUNCATED_AT_EOL,1,592,0,0.0,1,1.424e-02,229.0,0.38682432432432434,131.37638190954775,0.22191956403639823,103.91544045687803,0.17553283860959126,2.8456501645817737e-07,-0.10135135135135136,2.212477437713061,0.09972979392799936,-0.10135135135135136,2.2124774377130634,592.0,592,0.9359999999999999,0.7999999999999999,0.00023011844331641287,49.0,0.08277027027027027,133.7522613065327,0.22593287382860253,104.25168523929429,0.17610081966097008,2.8778324750512876e-07,-0.11486486486486487,2.225561237383329,0.10085766805364062,-0.11486486486486487,2.2255612373833165,592.0,592,0.9359999999999999,0.7999999999999999,0.00023011844331641287
SNL,SNL_18650_NMC_35C_0-100_0.5-2C_a.pkl,NMC,639,TRUNCATED_AT_EOL,1,639,0,0.0,1,1.857e-02,139.0,0.21752738654147105,103.27236180904524,0.16161558968551681,152.73078996052323,0.23901532075199253,3.319008862166163e-07,-0.12050078247261346,2.6002115703182946,0.135522101760854,-0.12050078247261346,2.600211570318253,639.0,639,0.9646666666666667,0.7946666666666666,0.00026645768025078376,200.0,0.3129890453834116,116.09648241206031,0.18168463601261395,144.17807031710035,0.22563078296885813,3.450226627998599e-07,-0.11737089201877934,2.676110906503673,0.1408799986971005,-0.11737089201877934,2.676110906503659,639.0,639,0.9646666666666667,0.8028666666666665,0.00025360501567398144
SNL,SNL_18650_NMC_35C_0-100_0.5-2C_b.pkl,NMC,566,TRUNCATED_AT_EOL,1,566,0,0.0,1,1.357e-02,287.0,0.5070671378091873,107.46984924623116,0.18987605873892432,174.95690557678626,0.3091111405950287,3.3018370858333604e-07,-0.2756183745583039,2.399103309717686,0.1057763321469242,-0.2756183745583039,2.3991033097176904,566.0,566,0.9256666666666667,0.7999999999999999,0.00022241887905604746,434.0,0.7667844522968198,109.74120603015078,0.1938890565903724,173.00347620091006,0.3056598519450708,3.29725495466731e-07,-0.28975265017667845,2.384699069696305,0.10562954082573811,-0.28975265017667845,2.3846990696963135,566.0,566,0.9256666666666667,0.7999999999999999,0.00022241887905604746
Stanford,Stanford_Nova_Regular_191.pkl,NMC,665,TRUNCATED_AT_EOL,1,665,0,0.0,0,0.000e+00,286.0,0.43007518796992483,577.2452261306534,0.8680379340310577,498.4361975590709,0.7495281166301818,-5.405971164822451e-07,0.22706766917293233,0.22188556642490814,-0.23906555983636135,0.22706766917293233,0.22188556642491272,665.0,665,1.0163461168607077,0.7955164338151615,0.00033257482386377454,286.0,0.43007518796992483,577.2452261306534,0.8680379340310577,498.4361975590709,0.7495281166301818,-5.405971164822451e-07,0.22706766917293233,0.22188556642490814,-0.23906555983636135,0.22706766917293233,0.22188556642491272,665.0,665,1.0163461168607077,0.7955164338151615,0.00033257482386377454
Stanford,Stanford_Nova_Regular_192.pkl,NMC,621,TRUNCATED_AT_EOL,1,621,0,0.0,0,0.000e+00,493.0,0.7938808373590982,421.91457286432166,0.679411550506154,436.4057766873153,0.7027468223628266,-7.100910379424984e-07,0.1497584541062802,0.19580919971403074,-0.27384021796318275,0.1497584541062802,0.19580919971402827,621.0,621,1.0174382477998734,0.7961127286156019,0.00035697664384559913,493.0,0.7938808373590982,421.91457286432166,0.679411550506154,436.4057766873153,0.7027468223628266,-7.100910379424984e-07,0.1497584541062802,0.19580919971403074,-0.27384021796318275,0.1497584541062802,0.19580919971402827,621.0,621,1.0174382477998734,0.7961127286156019,0.00035697664384559913
Stanford,Stanford_Nova_Regular_193.pkl,NMC,612,TRUNCATED_AT_EOL,1,612,0,0.0,0,0.000e+00,505.0,0.8251633986928104,511.59949748743725,0.8359468913193419,449.76267669594216,0.7349063344704937,-7.075905395472695e-07,0.19934640522875818,0.2220974955062702,-0.26502379104419327,0.19934640522875818,0.22209749550626762,612.0,612,1.0247878109415374,0.799783505499363,0.0003682558190542953,505.0,0.8251633986928104,511.59949748743725,0.8359468913193419,449.76267669594216,0.7349063344704937,-7.075905395472695e-07,0.19934640522875818,0.2220974955062702,-0.26502379104419327,0.19934640522875818,0.22209749550626762,612.0,612,1.0247878109415374,0.799783505499363,0.0003682558190542953
Stanford,Stanford_Nova_Regular_194.pkl,NMC,621,TRUNCATED_AT_EOL,1,621,0,0.0,0,0.000e+00,490.0,0.789049919484702,499.1809045226131,0.8038339847385074,442.02382743026345,0.7117936029472841,-7.431457905066325e-07,0.18840579710144928,0.20747555529186515,-0.28658748579676974,0.18840579710144928,0.2074755552918647,621.0,621,1.032522941629092,0.797538086771965,0.00037900783041472087,490.0,0.789049919484702,499.1809045226131,0.8038339847385074,442.02382743026345,0.7117936029472841,-7.431457905066325e-07,0.18840579710144928,0.20747555529186515,-0.28658748579676974,0.18840579710144928,0.2074755552918647,621.0,621,1.032522941629092,0.797538086771965,0.00037900783041472087
Stanford,Stanford_Nova_Regular_195.pkl,NMC,603,TRUNCATED_AT_EOL,1,603,0,0.0,0,0.000e+00,289.0,0.4792703150912106,470.19698492462317,0.7797628274040185,444.29703074837505,0.7368109962659619,-8.464302543124366e-07,0.15422885572139303,0.19555645481109996,-0.3077696583402894,0.15422885572139303,0.19555645481110015,603.0,603,1.024263290067514,0.7989939302206039,0.000374201594430083,289.0,0.4792703150912106,470.19698492462317,0.7797628274040185,444.29703074837505,0.7368109962659619,-8.464302543124366e-07,0.15422885572139303,0.19555645481109996,-0.3077696583402894,0.15422885572139303,0.19555645481110015,603.0,603,1.024263290067514,0.7989939302206039,0.000374201594430083
Stanford,Stanford_Nova_Regular_196.pkl,NMC,647,TRUNCATED_AT_EOL,1,647,0,0.0,0,0.000e+00,529.0,0.8176197836166924,551.2361809045227,0.8519879148447028,481.85375833910416,0.7447507856864052,-5.247514375199693e-07,0.20865533230293662,0.25952279289352115,-0.2196656745087948,0.20865533230293662,0.25952279289352825,647.0,647,1.0143318523963294,0.7987096284826597,0.0003337805323741017,529.0,0.8176197836166924,551.2361809045227,0.8519879148447028,481.85375833910416,0.7447507856864052,-5.247514375199693e-07,0.20865533230293662,0.25952279289352115,-0.2196656745087948,0.20865533230293662,0.25952279289352825,647.0,647,1.0143318523963294,0.7987096284826597,0.0003337805323741017
Stanford,Stanford_Nova_Regular_198.pkl,NMC,556,TRUNCATED_AT_EOL,1,556,0,0.0,0,0.000e+00,147.0,0.2643884892086331,442.48994974874375,0.79584523336105,421.90548591970907,0.7588228164023544,-9.860242788009043e-07,0.1510791366906475,0.16751869067394234,-0.3048156014513949,0.1510791366906475,0.16751869067394687,556.0,556,1.0218254600962005,0.7996315136551857,0.00040034945304687344,147.0,0.2643884892086331,442.48994974874375,0.79584523336105,421.90548591970907,0.7588228164023544,-9.860242788009043e-07,0.1510791366906475,0.16751869067394234,-0.3048156014513949,0.1510791366906475,0.16751869067394687,556.0,556,1.0218254600962005,0.7996315136551857,0.00040034945304687344
Stanford,Stanford_Nova_Regular_199.pkl,NMC,606,TRUNCATED_AT_EOL,1,606,0,0.0,0,0.000e+00,289.0,0.4768976897689769,474.9673366834171,0.7837744829759358,460.2827327479472,0.759542463280441,-8.200388954560436e-07,0.11551155115511551,0.18630751661702297,-0.30114780381169987,0.11551155115511551,0.18630751661701936,606.0,606,1.025619668265184,0.7991277302304904,0.0003743668397267661,289.0,0.4768976897689769,474.9673366834171,0.7837744829759358,460.2827327479472,0.759542463280441,-8.200388954560436e-07,0.11551155115511551,0.18630751661702297,-0.30114780381169987,0.11551155115511551,0.18630751661701936,606.0,606,1.025619668265184,0.7991277302304904,0.0003743668397267661
Stanford,Stanford_Nova_Regular_200.pkl,NMC,572,TRUNCATED_AT_EOL,1,572,0,0.0,0,0.000e+00,491.0,0.8583916083916084,496.53618090452267,0.868070246336578,438.60646463748134,0.7667945185969953,-7.037510072731212e-07,0.23426573426573427,0.2380446702731722,-0.2302560695636489,0.23426573426573427,0.2380446702731718,572.0,572,1.0190203785896301,0.7998674487074217,0.0003838054814049185,491.0,0.8583916083916084,496.53618090452267,0.868070246336578,438.60646463748134,0.7667945185969953,-7.037510072731212e-07,0.23426573426573427,0.2380446702731722,-0.2302560695636489,0.23426573426573427,0.2380446702731718,572.0,572,1.0190203785896301,0.7998674487074217,0.0003838054814049185
Stanford,Stanford_Nova_Regular_201.pkl,NMC,669,TRUNCATED_AT_EOL,1,669,0,0.0,0,0.000e+00,186.0,0.27802690582959644,556.5477386934674,0.8319099233086209,503.54311626138383,0.7526802933652972,-5.509245242606611e-07,0.14798206278026907,0.2162051147748859,-0.2465723310026233,0.14798206278026907,0.21620511477488588,669.0,669,1.0222608223557472,0.7983376582463583,0.0003352143175290254,186.0,0.27802690582959644,556.5477386934674,0.8319099233086209,503.54311626138383,0.7526802933652972,-5.509245242606611e-07,0.14798206278026907,0.2162051147748859,-0.2465723310026233,0.14798206278026907,0.21620511477488588,669.0,669,1.0222608223557472,0.7983376582463583,0.0003352143175290254
Stanford,Stanford_Nova_Regular_202.pkl,NMC,613,TRUNCATED_AT_EOL,1,613,0,0.0,0,0.000e+00,289.0,0.47145187601957583,524.7366834170855,0.8560141654438589,464.13914493724985,0.7571601059335235,-6.261843187145404e-07,0.17128874388254486,0.2457789606846193,-0.2353006552590443,0.17128874388254486,0.24577896068461946,613.0,613,1.0232803722222648,0.7998840883374214,0.0003650266076549728,289.0,0.47145187601957583,524.7366834170855,0.8560141654438589,464.13914493724985,0.7571601059335235,-6.261843187145404e-07,0.17128874388254486,0.2457789606846193,-0.2353006552590443,0.17128874388254486,0.24577896068461946,613.0,613,1.0232803722222648,0.7998840883374214,0.0003650266076549728
Stanford,Stanford_Nova_Regular_203.pkl,NMC,642,TRUNCATED_AT_EOL,1,642,0,0.0,0,0.000e+00,487.0,0.7585669781931464,523.7854271356784,0.8158651513016798,475.86547242255415,0.7412234772936981,-6.747628378344316e-07,0.16822429906542055,0.18477472166047126,-0.27811295029319333,0.16822429906542055,0.18477472166047207,642.0,642,1.037945660452048,0.7999705150723457,0.00037125607703541704,487.0,0.7585669781931464,523.7854271356784,0.8158651513016798,475.86547242255415,0.7412234772936981,-6.747628378344316e-07,0.16822429906542055,0.18477472166047126,-0.27811295029319333,0.16822429906542055,0.18477472166047207,642.0,642,1.037945660452048,0.7999705150723457,0.00037125607703541704
Stanford,Stanford_Nova_Regular_204.pkl,NMC,587,TRUNCATED_AT_EOL,1,587,0,0.0,0,0.000e+00,290.0,0.4940374787052811,497.77487437185937,0.8479980824052119,437.653985284877,0.7455774877084788,-7.148833692465352e-07,0.21976149914821125,0.21497025972743056,-0.24632664765790743,0.21976149914821125,0.2149702597274326,587.0,587,1.0206845899422965,0.7969651992122333,0.000381773704317514,290.0,0.4940374787052811,497.77487437185937,0.8479980824052119,437.653985284877,0.7455774877084788,-7.148833692465352e-07,0.21976149914821125,0.21497025972743056,-0.24632664765790743,0.21976149914821125,0.2149702597274326,587.0,587,1.0206845899422965,0.7969651992122333,0.000381773704317514
Stanford,Stanford_Nova_Regular_205.pkl,NMC,714,TRUNCATED_AT_EOL,1,714,0,0.0,0,0.000e+00,384.0,0.5378151260504201,545.2447236180905,0.7636480722942444,508.3630556223445,0.7119930751013228,-6.091907510046525e-07,0.19887955182072828,0.18492095223441787,-0.3105630080991723,0.19887955182072828,0.18492095223441926,714.0,714,1.0463895897070568,0.7979173213243484,0.0003484884549547101,384.0,0.5378151260504201,545.2447236180905,0.7636480722942444,508.3630556223445,0.7119930751013228,-6.091907510046525e-07,0.19887955182072828,0.18492095223441787,-0.3105630080991723,0.19887955182072828,0.18492095223441926,714.0,714,1.0463895897070568,0.7979173213243484,0.0003484884549547101
Stanford,Stanford_Nova_Regular_206.pkl,NMC,718,TRUNCATED_AT_EOL,1,718,0,0.0,0,0.000e+00,484.0,0.6740947075208914,574.2396984924624,0.7997767388474406,519.9907614929483,0.7242211162854433,-4.7649628483392546e-07,0.181058495821727,0.24697459347858947,-0.24564527074272513,0.181058495821727,0.24697459347859313,718.0,718,1.0222403953472774,0.799352303147316,0.00031086205327749154,484.0,0.6740947075208914,574.2396984924624,0.7997767388474406,519.9907614929483,0.7242211162854433,-4.7649628483392546e-07,0.181058495821727,0.24697459347858947,-0.24564527074272513,0.181058495821727,0.24697459347859313,718.0,718,1.0222403953472774,0.799352303147316,0.00031086205327749154
Stanford,Stanford_Nova_Regular_207.pkl,NMC,682,TRUNCATED_AT_EOL,1,682,0,0.0,0,0.000e+00,512.0,0.750733137829912,520.8185929648241,0.7636636260481292,492.92931705654155,0.7227702596136973,-5.330820566610776e-07,0.12316715542521994,0.2583569720762416,-0.24794925852242605,0.12316715542521994,0.25835697207624375,682.0,682,1.025706467529138,0.7997673004865646,0.0003317755756865983,512.0,0.750733137829912,520.8185929648241,0.7636636260481292,492.92931705654155,0.7227702596136973,-5.330820566610776e-07,0.12316715542521994,0.2583569720762416,-0.24794925852242605,0.12316715542521994,0.25835697207624375,682.0,682,1.025706467529138,0.7997673004865646,0.0003317755756865983
Stanford,Stanford_Nova_Regular_208.pkl,NMC,629,TRUNCATED_AT_EOL,1,629,0,0.0,0,0.000e+00,496.0,0.7885532591414944,538.4291457286432,0.8560081808086538,439.604897799943,0.6988949090619125,-6.8284664772927e-07,0.246422893481717,0.18675305129923753,-0.27016213055425475,0.246422893481717,0.18675305129923797,629.0,629,1.0255917285879455,0.7971779132882755,0.00036371626640074834,496.0,0.7885532591414944,538.4291457286432,0.8560081808086538,439.604897799943,0.6988949090619125,-6.8284664772927e-07,0.246422893481717,0.18675305129923753,-0.27016213055425475,0.246422893481717,0.18675305129923797,629.0,629,1.0255917285879455,0.7971779132882755,0.00036371626640074834
Stanford,Stanford_Nova_Regular_209.pkl,NMC,618,TRUNCATED_AT_EOL,1,618,0,0.0,0,0.000e+00,50.0,0.08090614886731391,452.12311557788945,0.73159080190597,429.9231991699922,0.6956686070711847,-9.038904301185791e-07,0.1423948220064725,0.1522527900981966,-0.3452174486326099,0.1423948220064725,0.1522527900981996,618.0,618,1.0325390845537186,0.7990435386697452,0.0003784368652900703,50.0,0.08090614886731391,452.12311557788945,0.73159080190597,429.9231991699922,0.6956686070711847,-9.038904301185791e-07,0.1423948220064725,0.1522527900981966,-0.3452174486326099,0.1423948220064725,0.1522527900981996,618.0,618,1.0325390845537186,0.7990435386697452,0.0003784368652900703
Stanford,Stanford_Nova_Regular_210.pkl,NMC,631,TRUNCATED_AT_EOL,1,631,0,0.0,0,0.000e+00,67.0,0.10618066561014262,522.4120603015075,0.8279113475459706,461.51834524084325,0.7314078371487215,-6.665215983090241e-07,0.21394611727416799,0.17966210769748975,-0.26538290610432047,0.21394611727416799,0.17966210769749327,631.0,631,1.0079059128959975,0.7982262720664343,0.00033282482671359245,67.0,0.10618066561014262,522.4120603015075,0.8279113475459706,461.51834524084325,0.7314078371487215,-6.665215983090241e-07,0.21394611727416799,0.17966210769748975,-0.26538290610432047,0.21394611727416799,0.17966210769749327,631.0,631,1.0079059128959975,0.7982262720664343,0.00033282482671359245
Stanford,Stanford_Nova_Regular_211.pkl,NMC,722,TRUNCATED_AT_EOL,1,722,0,0.0,0,0.000e+00,383.0,0.5304709141274239,620.9150753768845,0.8599931791923607,526.1480898218894,0.7287369665123121,-4.358617936202652e-07,0.1883656509695291,0.25948606610016567,-0.2272077792255423,0.1883656509695291,0.25948606610016317,722.0,722,1.0332406808932624,0.799575075507164,0.00032408544436352064,383.0,0.5304709141274239,620.9150753768845,0.8599931791923607,526.1480898218894,0.7287369665123121,-4.358617936202652e-07,0.1883656509695291,0.25948606610016567,-0.2272077792255423,0.1883656509695291,0.25948606610016317,722.0,722,1.0332406808932624,0.799575075507164,0.00032408544436352064
Stanford,Stanford_Nova_Regular_212.pkl,NMC,672,TRUNCATED_AT_EOL,1,672,0,0.0,0,0.000e+00,386.0,0.5744047619047619,540.1603015075377,0.8038099724814549,487.92347984651303,0.726076606914454,-5.150302666427589e-07,0.17857142857142858,0.22896643297983016,-0.23257942793160086,0.17857142857142858,0.22896643297982794,672.0,672,1.0184151430924735,0.797508346537749,0.000329220263121795,386.0,0.5744047619047619,540.1603015075377,0.8038099724814549,487.92347984651303,0.726076606914454,-5.150302666427589e-07,0.17857142857142858,0.22896643297983016,-0.23257942793160086,0.17857142857142858,0.22896643297982794,672.0,672,1.0184151430924735,0.797508346537749,0.000329220263121795
Stanford,Stanford_Nova_Regular_213.pkl,NMC,613,TRUNCATED_AT_EOL,1,613,0,0.0,0,0.000e+00,289.0,0.47145187601957583,495.21306532663317,0.8078516563240346,450.18817853510393,0.7344015963052266,-7.133667741998692e-07,0.18433931484502447,0.21519684885200646,-0.26806111937431054,0.18433931484502447,0.2151968488520083,613.0,613,1.024460606276989,0.7993874450524648,0.000367766603308046,289.0,0.47145187601957583,495.21306532663317,0.8078516563240346,450.18817853510393,0.7344015963052266,-7.133667741998692e-07,0.18433931484502447,0.21519684885200646,-0.26806111937431054,0.18433931484502447,0.2151968488520083,613.0,613,1.024460606276989,0.7993874450524648,0.000367766603308046
Stanford,Stanford_Nova_Regular_214.pkl,NMC,885,TRUNCATED_AT_EOL,1,885,0,0.0,0,0.000e+00,64.0,0.07231638418079096,633.1266331658292,0.7153973256111064,631.3453251819375,0.713384548228178,-2.7488262580276884e-07,0.11412429378531073,0.2852553716801202,-0.21529494459437837,0.11412429378531073,0.2852553716801305,885.0,885,1.0237726693352065,0.7964342211683592,0.0002571701902339902,64.0,0.07231638418079096,633.1266331658292,0.7153973256111064,631.3453251819375,0.713384548228178,-2.7488262580276884e-07,0.11412429378531073,0.2852553716801202,-0.21529494459437837,0.11412429378531073,0.2852553716801305,885.0,885,1.0237726693352065,0.7964342211683592,0.0002571701902339902
Stanford,Stanford_Nova_Regular_215.pkl,NMC,749,TRUNCATED_AT_EOL,1,749,0,0.0,0,0.000e+00,57.0,0.07610146862483311,556.9256281407036,0.7435589160757057,547.6379085285321,0.7311587563798826,-4.5615801167744034e-07,0.15353805073431243,0.21380502875965413,-0.25590510070905753,0.15353805073431243,0.21380502875965507,749.0,749,1.0211794326702754,0.797505055864652,0.00029902991551553933,57.0,0.07610146862483311,556.9256281407036,0.7435589160757057,547.6379085285321,0.7311587563798826,-4.5615801167744034e-07,0.15353805073431243,0.21380502875965413,-0.25590510070905753,0.15353805073431243,0.21380502875965507,749.0,749,1.0211794326702754,0.797505055864652,0.00029902991551553933
Stanford,Stanford_Nova_Regular_216.pkl,NMC,805,TRUNCATED_AT_EOL,1,805,0,0.0,0,0.000e+00,60.0,0.07453416149068323,540.3668341708543,0.6712631480383283,546.2805165361511,0.678609337311989,-3.607565186092783e-07,0.0782608695652174,0.24437186313721806,-0.23377924297177738,0.0782608695652174,0.24437186313721754,805.0,805,1.0153447588284812,0.7995167747139931,0.0002684427663115524,60.0,0.07453416149068323,540.3668341708543,0.6712631480383283,546.2805165361511,0.678609337311989,-3.607565186092783e-07,0.0782608695652174,0.24437186313721806,-0.23377924297177738,0.0782608695652174,0.24437186313721754,805.0,805,1.0153447588284812,0.7995167747139931,0.0002684427663115524
Stanford,Stanford_Nova_Regular_217.pkl,NMC,640,TRUNCATED_AT_EOL,1,640,0,0.0,0,0.000e+00,67.0,0.1046875,573.5311557788945,0.8961424309045226,475.8477143100668,0.7435120536094794,-4.739196363165988e-07,0.184375,0.27907590294426665,-0.19411748303527687,0.184375,0.27907590294426216,640.0,640,1.0235800097386043,0.7979105537136396,0.0003531603380672374,67.0,0.1046875,573.5311557788945,0.8961424309045226,475.8477143100668,0.7435120536094794,-4.739196363165988e-07,0.184375,0.27907590294426665,-0.19411748303527687,0.184375,0.27907590294426216,640.0,640,1.0235800097386043,0.7979105537136396,0.0003531603380672374
Stanford,Stanford_Nova_Regular_219.pkl,NMC,597,TRUNCATED_AT_EOL,1,597,0,0.0,0,0.000e+00,496.0,0.830820770519263,494.2723618090452,0.8279269042027558,431.6900197732,0.7230988605916248,-6.991001307976115e-07,0.21608040201005024,0.24894411303928674,-0.2491655785174437,0.21608040201005024,0.24894411303929054,597.0,597,1.021920827527841,0.7996852820118269,0.00037287843207384935,496.0,0.830820770519263,494.2723618090452,0.8279269042027558,431.6900197732,0.7230988605916248,-6.991001307976115e-07,0.21608040201005024,0.24894411303928674,-0.2491655785174437,0.21608040201005024,0.24894411303929054,597.0,597,1.021920827527841,0.7996852820118269,0.00037287843207384935
Stanford,Stanford_Nova_Regular_220.pkl,NMC,736,TRUNCATED_AT_EOL,1,736,0,0.0,0,0.000e+00,585.0,0.7948369565217391,594.5402010050251,0.807799186148132,528.8923617747269,0.7186037524113137,-5.642457091585993e-07,0.20108695652173914,0.17375058974321758,-0.3056496436683769,0.20108695652173914,0.17375058974321694,736.0,736,1.030597525338332,0.7997820153832436,0.00031403470742188895,585.0,0.7948369565217391,594.5402010050251,0.807799186148132,528.8923617747269,0.7186037524113137,-5.642457091585993e-07,0.20108695652173914,0.17375058974321758,-0.3056496436683769,0.20108695652173914,0.17375058974321694,736.0,736,1.030597525338332,0.7997820153832436,0.00031403470742188895
Stanford,Stanford_Nova_Regular_221.pkl,NMC,596,TRUNCATED_AT_EOL,1,596,0,0.0,0,0.000e+00,450.0,0.7550335570469798,397.7663316582915,0.6673931739233079,407.5315317610986,0.6837777378541923,-7.816049104279401e-07,0.21476510067114093,0.1469095848187254,-0.27763856986256924,0.21476510067114093,0.1469095848187257,596.0,596,1.0270781815052032,0.7984159514307976,0.00038430626903261455,450.0,0.7550335570469798,397.7663316582915,0.6673931739233079,407.5315317610986,0.6837777378541923,-7.816049104279401e-07,0.21476510067114093,0.1469095848187254,-0.27763856986256924,0.21476510067114093,0.1469095848187257,596.0,596,1.0270781815052032,0.7984159514307976,0.00038430626903261455
Stanford,Stanford_Nova_Regular_222.pkl,NMC,646,TRUNCATED_AT_EOL,1,646,0,0.0,0,0.000e+00,287.0,0.44427244582043346,467.40954773869345,0.723544191545965,461.41625519749755,0.7142666489125349,-6.720661665280506e-07,0.14860681114551083,0.19231662174417252,-0.2804639643508179,0.14860681114551083,0.1923166217441706,646.0,646,1.0280023018519084,0.799681122104327,0.0003539863251900488,287.0,0.44427244582043346,467.40954773869345,0.723544191545965,461.41625519749755,0.7142666489125349,-6.720661665280506e-07,0.14860681114551083,0.19231662174417252,-0.2804639643508179,0.14860681114551083,0.1923166217441706,646.0,646,1.0280023018519084,0.799681122104327,0.0003539863251900488
Stanford,Stanford_Nova_Regular_223.pkl,NMC,886,TRUNCATED_AT_EOL,1,886,0,0.0,0,0.000e+00,64.0,0.07223476297968397,722.786432160804,0.8157860408135486,620.9164208734727,0.7008086014373281,-3.2745316580197755e-07,0.255079006772009,0.1776423074507397,-0.25704942534188646,0.255079006772009,0.1776423074507406,886.0,886,1.025660832722982,0.7999115313092868,0.00025508395639965546,64.0,0.07223476297968397,722.786432160804,0.8157860408135486,620.9164208734727,0.7008086014373281,-3.2745316580197755e-07,0.255079006772009,0.1776423074507397,-0.25704942534188646,0.255079006772009,0.1776423074507406,886.0,886,1.025660832722982,0.7999115313092868,0.00025508395639965546
Stanford,Stanford_Nova_Regular_224.pkl,NMC,1004,TRUNCATED_AT_EOL,1,1004,0,0.0,0,0.000e+00,875.0,0.8715139442231076,581.127135678392,0.5788118881258885,650.5312254569803,0.6479394675866338,-1.912144769299251e-07,0.1394422310756972,0.3270658613652084,-0.1927472521769936,0.1394422310756972,0.32706586136520566,1004.0,1004,1.0115944469968479,0.7992192481954893,0.0002117399788647643,875.0,0.8715139442231076,581.127135678392,0.5788118881258885,650.5312254569803,0.6479394675866338,-1.912144769299251e-07,0.1394422310756972,0.3270658613652084,-0.1927472521769936,0.1394422310756972,0.32706586136520566,1004.0,1004,1.0115944469968479,0.7992192481954893,0.0002117399788647643
Stanford,Stanford_Nova_Regular_225.pkl,NMC,859,TRUNCATED_AT_EOL,1,859,0,0.0,0,0.000e+00,725.0,0.8440046565774156,731.8090452261307,0.8519313681328646,602.3070585918205,0.7011723615737142,-2.91763504243632e-07,0.2759022118742724,0.2765052842702334,-0.215286746274795,0.2759022118742724,0.27650528427023424,859.0,859,1.015995132426421,0.7992216075460117,0.00025264979589791287,725.0,0.8440046565774156,731.8090452261307,0.8519313681328646,602.3070585918205,0.7011723615737142,-2.91763504243632e-07,0.2759022118742724,0.2765052842702334,-0.215286746274795,0.2759022118742724,0.27650528427023424,859.0,859,1.015995132426421,0.7992216075460117,0.00025264979589791287
Stanford,Stanford_Nova_Regular_226.pkl,NMC,824,TRUNCATED_AT_EOL,1,824,0,0.0,0,0.000e+00,61.0,0.07402912621359223,553.1130653266332,0.6712537200565937,550.2791509856424,0.6678145036233525,-3.831265467708828e-07,0.10679611650485436,0.24400387285808184,-0.26013373022030845,0.10679611650485436,0.2440038728580813,824.0,824,1.028543586532275,0.7978986327846845,0.00028024903250010986,61.0,0.07402912621359223,553.1130653266332,0.6712537200565937,550.2791509856424,0.6678145036233525,-3.831265467708828e-07,0.10679611650485436,0.24400387285808184,-0.26013373022030845,0.10679611650485436,0.2440038728580813,824.0,824,1.028543586532275,0.7978986327846845,0.00028024903250010986
Stanford,Stanford_Nova_Regular_227.pkl,NMC,910,TRUNCATED_AT_EOL,1,910,0,0.0,0,0.000e+00,790.0,0.8681318681318682,585.2266331658292,0.64310619029212,591.040344550921,0.6494948841218912,-2.1871247988200217e-07,0.13406593406593406,0.30864046738643147,-0.18111580459028592,0.13406593406593406,0.3086404673864352,910.0,910,1.0269389177362125,0.7969068363308907,0.00025306059560541454,790.0,0.8681318681318682,585.2266331658292,0.64310619029212,591.040344550921,0.6494948841218912,-2.1871247988200217e-07,0.13406593406593406,0.30864046738643147,-0.18111580459028592,0.13406593406593406,0.3086404673864352,910.0,910,1.0269389177362125,0.7969068363308907,0.00025306059560541454
Stanford,Stanford_Nova_Regular_228.pkl,NMC,918,TRUNCATED_AT_EOL,1,918,0,0.0,0,0.000e+00,873.0,0.9509803921568627,579.3090452261307,0.6310556048214931,621.4988848740634,0.6770140358105265,-2.3410238686278033e-07,0.2113289760348584,0.290811072914169,-0.19728369986655034,0.2113289760348584,0.2908110729141712,918.0,918,1.022819553812345,0.745893083512783,0.00030199178876724313,873.0,0.9509803921568627,579.3090452261307,0.6310556048214931,621.4988848740634,0.6770140358105265,-2.3410238686278033e-07,0.2113289760348584,0.290811072914169,-0.19728369986655034,0.2113289760348584,0.2908110729141712,918.0,918,1.022819553812345,0.745893083512783,0.00030199178876724313
Stanford,Stanford_Nova_Regular_229.pkl,NMC,834,TRUNCATED_AT_EOL,1,834,0,0.0,0,0.000e+00,78.0,0.09352517985611511,633.4939698492462,0.7595850957425014,594.6947829637882,0.7130632889254055,-3.3537493327644235e-07,0.24700239808153476,0.24209344129120772,-0.23327204709002547,0.24700239808153476,0.24209344129120655,834.0,834,1.0242450361450515,0.7969035456577938,0.0002729189561671761,78.0,0.09352517985611511,633.4939698492462,0.7595850957425014,594.6947829637882,0.7130632889254055,-3.3537493327644235e-07,0.24700239808153476,0.24209344129120772,-0.23327204709002547,0.24700239808153476,0.24209344129120655,834.0,834,1.0242450361450515,0.7969035456577938,0.0002729189561671761
Stanford,Stanford_Nova_Regular_230.pkl,NMC,881,TRUNCATED_AT_EOL,1,881,0,0.0,0,0.000e+00,700.0,0.7945516458569807,725.78391959799,0.8238182969330193,654.5173370361505,0.7429254676914308,-2.952839225078207e-07,0.264472190692395,0.28356695048176045,-0.2291878645775905,0.264472190692395,0.2835669504817604,881.0,881,1.0251636306444805,0.797423596183459,0.0002587954937057062,700.0,0.7945516458569807,725.78391959799,0.8238182969330193,654.5173370361505,0.7429254676914308,-2.952839225078207e-07,0.264472190692395,0.28356695048176045,-0.2291878645775905,0.264472190692395,0.2835669504817604,881.0,881,1.0251636306444805,0.797423596183459,0.0002587954937057062
Stanford,Stanford_Nova_Regular_Ref_100.pkl,NMC,668,TRUNCATED_AT_EOL,1,668,0,0.0,0,0.000e+00,613.0,0.9176646706586826,137.41658291457287,0.2057134474769055,323.077593813331,0.48364909253492666,-1.2881752251691464e-07,0.17065868263473055,0.8045087171556943,-0.057481470167592176,0.17065868263473055,0.8045087171556973,668.0,668,1.0160093506177268,0.7991547385851543,0.0003251193583696739,613.0,0.9176646706586826,137.41658291457287,0.2057134474769055,323.077593813331,0.48364909253492666,-1.2881752251691464e-07,0.17065868263473055,0.8045087171556943,-0.057481470167592176,0.17065868263473055,0.8045087171556973,668.0,668,1.0160093506177268,0.7991547385851543,0.0003251193583696739
Stanford,Stanford_Nova_Regular_Ref_101.pkl,NMC,665,TRUNCATED_AT_EOL,1,665,0,0.0,0,0.000e+00,53.0,0.07969924812030076,163.49648241206032,0.245859372048211,230.61509539814932,0.34678961714007417,-1.9558869672807228e-07,-0.11879699248120301,0.6691450406596489,-0.08649421141057156,-0.11879699248120301,0.6691450406596434,665.0,665,1.0050413509209952,0.7996817429860433,0.00030927651797432515,53.0,0.07969924812030076,163.49648241206032,0.245859372048211,230.61509539814932,0.34678961714007417,-1.9558869672807228e-07,-0.11879699248120301,0.6691450406596489,-0.08649421141057156,-0.11879699248120301,0.6691450406596434,665.0,665,1.0050413509209952,0.7996817429860433,0.00030927651797432515
Stanford,Stanford_Nova_Regular_Ref_102.pkl,NMC,473,TRUNCATED_AT_EOL,1,473,0,0.0,0,0.000e+00,43.0,0.09090909090909091,188.6140703517588,0.39876124810097,216.37302954289586,0.4574482654183845,-6.675101178680843e-07,0.09090909090909091,0.47147586343661835,-0.14934137116050478,0.09090909090909091,0.4714758634366239,473.0,473,1.0123716667294502,0.799610714117686,0.0004507647301096699,43.0,0.09090909090909091,188.6140703517588,0.39876124810097,216.37302954289586,0.4574482654183845,-6.675101178680843e-07,0.09090909090909091,0.47147586343661835,-0.14934137116050478,0.09090909090909091,0.4714758634366239,473.0,473,1.0123716667294502,0.799610714117686,0.0004507647301096699
Stanford_2,Stanford_Nova_Regular_100.pkl,NMC,470,TRUNCATED_AT_EOL,1,470,0,0.0,0,0.000e+00,196.0,0.41702127659574467,374.0788944723618,0.795912541430557,355.2927338968294,0.7559419870145306,-1.5154625783190527e-06,0.23404255319148937,0.15325703601900104,-0.3347656835506805,0.23404255319148937,0.1532570360190005,470.0,470,1.0407822827498119,0.7987873007853826,0.0005159807717791668,196.0,0.41702127659574467,374.0788944723618,0.795912541430557,355.2927338968294,0.7559419870145306,-1.5154625783190527e-06,0.23404255319148937,0.15325703601900104,-0.3347656835506805,0.23404255319148937,0.1532570360190005,470.0,470,1.0407822827498119,0.7987873007853826,0.0005159807717791668
Stanford_2,Stanford_Nova_Regular_101.pkl,NMC,533,TRUNCATED_AT_EOL,1,533,0,0.0,0,0.000e+00,293.0,0.549718574108818,404.9457286432161,0.7597480837583792,385.0383243926354,0.7223983572094472,-1.0793046557279548e-06,0.15947467166979362,0.15543736163298563,-0.3066185803410969,0.15947467166979362,0.1554373616329887,533.0,533,1.0308871045708656,0.7981873427828153,0.00043740556727077124,293.0,0.549718574108818,404.9457286432161,0.7597480837583792,385.0383243926354,0.7223983572094472,-1.0793046557279548e-06,0.15947467166979362,0.15543736163298563,-0.3066185803410969,0.15947467166979362,0.1554373616329887,533.0,533,1.0308871045708656,0.7981873427828153,0.00043740556727077124
Stanford_2,Stanford_Nova_Regular_102.pkl,NMC,534,TRUNCATED_AT_EOL,1,534,0,0.0,0,0.000e+00,416.0,0.7790262172284644,437.8457286432161,0.8199358214292436,402.0443037517556,0.7528919545913026,-9.595589236641044e-07,0.1797752808988764,0.20170076951869573,-0.2736239844363614,0.1797752808988764,0.2017007695186986,534.0,534,1.028885195652644,0.7991623133420944,0.0004309997791942767,416.0,0.7790262172284644,437.8457286432161,0.8199358214292436,402.0443037517556,0.7528919545913026,-9.595589236641044e-07,0.1797752808988764,0.20170076951869573,-0.2736239844363614,0.1797752808988764,0.2017007695186986,534.0,534,1.028885195652644,0.7991623133420944,0.0004309997791942767
Stanford_2,Stanford_Nova_Regular_103.pkl,NMC,470,TRUNCATED_AT_EOL,1,470,0,0.0,0,0.000e+00,159.0,0.3382978723404255,379.735175879397,0.8079471827221213,350.96442885440064,0.7467328273497886,-1.517604004860605e-06,0.17872340425531916,0.12154463804719477,-0.3352387246737078,0.17872340425531916,0.12154463804719193,470.0,470,1.0356033841768901,0.7990060374140739,0.0005044719547181582,159.0,0.3382978723404255,379.735175879397,0.8079471827221213,350.96442885440064,0.7467328273497886,-1.517604004860605e-06,0.17872340425531916,0.12154463804719477,-0.3352387246737078,0.17872340425531916,0.12154463804719193,470.0,470,1.0356033841768901,0.7990060374140739,0.0005044719547181582
Stanford_2,Stanford_Nova_Regular_104.pkl,NMC,589,TRUNCATED_AT_EOL,1,589,0,0.0,0,0.000e+00,90.0,0.15280135823429541,416.73668341708543,0.7075325694687359,425.1866976854298,0.7218789434387602,-8.331526375503332e-07,0.19185059422750425,0.1908239400245244,-0.28903814617159834,0.19185059422750425,0.1908239400245212,589.0,589,1.0190758854150772,0.7997854923208555,0.00037294284539833626,90.0,0.15280135823429541,416.73668341708543,0.7075325694687359,425.1866976854298,0.7218789434387602,-8.331526375503332e-07,0.19185059422750425,0.1908239400245244,-0.28903814617159834,0.19185059422750425,0.1908239400245212,589.0,589,1.0190758854150772,0.7997854923208555,0.00037294284539833626
Stanford_2,Stanford_Nova_Regular_105.pkl,NMC,514,TRUNCATED_AT_EOL,1,514,0,0.0,0,0.000e+00,421.0,0.8190661478599222,431.7653266331659,0.8400103630995446,384.64982504346983,0.7483459631195911,-1.1161893175332571e-06,0.23346303501945526,0.1677028329649915,-0.2948927529350165,0.23346303501945526,0.1677028329649897,514.0,514,1.0373390590151153,0.7978266105055809,0.00046688586454100264,421.0,0.8190661478599222,431.7653266331659,0.8400103630995446,384.64982504346983,0.7483459631195911,-1.1161893175332571e-06,0.23346303501945526,0.1677028329649915,-0.2948927529350165,0.23346303501945526,0.1677028329649897,514.0,514,1.0373390590151153,0.7978266105055809,0.00046688586454100264
Stanford_2,Stanford_Nova_Regular_106.pkl,NMC,817,TRUNCATED_AT_EOL,1,817,0,0.0,0,0.000e+00,260.0,0.3182374541003672,453.28542713567845,0.5548169242786762,485.9032391330991,0.5947408067724591,-3.964097311843232e-07,0.01835985312117503,0.22732520705356943,-0.2645991350584933,0.01835985312117503,0.2273252070535722,817.0,817,1.0216732819875083,0.7999499638875326,0.00027171975257349963,260.0,0.3182374541003672,453.28542713567845,0.5548169242786762,485.9032391330991,0.5947408067724591,-3.964097311843232e-07,0.01835985312117503,0.22732520705356943,-0.2645991350584933,0.01835985312117503,0.2273252070535722,817.0,817,1.0216732819875083,0.7999499638875326,0.00027171975257349963
Stanford_2,Stanford_Nova_Regular_107.pkl,NMC,837,TRUNCATED_AT_EOL,1,837,0,0.0,0,0.000e+00,562.0,0.6714456391875747,387.0723618090452,0.46245204517209704,523.2279750507636,0.6251230287344846,-2.6024460804863604e-07,0.1063321385902031,0.3679534227757641,-0.1823193048160254,0.1063321385902031,0.36795342277576354,837.0,837,1.0350034882624946,0.7978166763981184,0.0002837162821344213,562.0,0.6714456391875747,387.0723618090452,0.46245204517209704,523.2279750507636,0.6251230287344846,-2.6024460804863604e-07,0.1063321385902031,0.3679534227757641,-0.1823193048160254,0.1063321385902031,0.36795342277576354,837.0,837,1.0350034882624946,0.7978166763981184,0.0002837162821344213
Stanford_2,Stanford_Nova_Regular_108.pkl,NMC,804,TRUNCATED_AT_EOL,1,804,0,0.0,0,0.000e+00,260.0,0.32338308457711445,446.07989949748753,0.5548257456436412,523.9322901182594,0.6516570772615167,-3.6563872082469764e-07,0.0472636815920398,0.2653187691537007,-0.23635471936061708,0.0472636815920398,0.265318769153704,804.0,804,1.024152214328448,0.799962505698204,0.0002791901726404035,260.0,0.32338308457711445,446.07989949748753,0.5548257456436412,523.9322901182594,0.6516570772615167,-3.6563872082469764e-07,0.0472636815920398,0.2653187691537007,-0.23635471936061708,0.0472636815920398,0.265318769153704,804.0,804,1.024152214328448,0.799962505698204,0.0002791901726404035
Stanford_2,Stanford_Nova_Regular_109.pkl,NMC,618,TRUNCATED_AT_EOL,1,618,0,0.0,0,0.000e+00,451.0,0.7297734627831716,471.9663316582915,0.7636995657901157,442.40568066499185,0.7158667971925434,-5.991944429030144e-07,0.16828478964401294,0.2836718010430514,-0.22884673841129033,0.16828478964401294,0.283671801043051,618.0,618,1.021900400519371,0.7989156370361646,0.00036140156156111246,451.0,0.7297734627831716,471.9663316582915,0.7636995657901157,442.40568066499185,0.7158667971925434,-5.991944429030144e-07,0.16828478964401294,0.2836718010430514,-0.22884673841129033,0.16828478964401294,0.283671801043051,618.0,618,1.021900400519371,0.7989156370361646,0.00036140156156111246
Stanford_2,Stanford_Nova_Regular_110.pkl,NMC,636,TRUNCATED_AT_EOL,1,636,0,0.0,0,0.000e+00,188.0,0.29559748427672955,465.28391959798995,0.7315784899339465,458.07130236986666,0.7202378968079665,-5.344990631443579e-07,0.1761006289308176,0.274032783251474,-0.21620273304564003,0.1761006289308176,0.274032783251473,636.0,636,1.0156612222393355,0.7982852558294933,0.0003423243565509327,188.0,0.29559748427672955,465.28391959798995,0.7315784899339465,458.07130236986666,0.7202378968079665,-5.344990631443579e-07,0.1761006289308176,0.274032783251474,-0.21620273304564003,0.1761006289308176,0.274032783251473,636.0,636,1.0156612222393355,0.7982852558294933,0.0003423243565509327
Stanford_2,Stanford_Nova_Regular_112.pkl,NMC,525,TRUNCATED_AT_EOL,1,525,0,0.0,0,0.000e+00,393.0,0.7485714285714286,432.57587939698493,0.823954055994257,405.79289131992243,0.772938840609376,-8.950815662319658e-07,0.17333333333333334,0.22726283134857744,-0.2467068566926836,0.17333333333333334,0.22726283134857797,525.0,525,1.0189587250351906,0.7997519026199977,0.00041833363056334514,393.0,0.7485714285714286,432.57587939698493,0.823954055994257,405.79289131992243,0.772938840609376,-8.950815662319658e-07,0.17333333333333334,0.22726283134857744,-0.2467068566926836,0.17333333333333334,0.22726283134857797,525.0,525,1.0189587250351906,0.7997519026199977,0.00041833363056334514
Stanford_2,Stanford_Nova_Regular_113.pkl,NMC,540,TRUNCATED_AT_EOL,1,540,0,0.0,0,0.000e+00,391.0,0.7240740740740741,438.42964824120605,0.8119067560022334,415.9888247411767,0.7703496754466235,-8.772936937859354e-07,0.14814814814814814,0.23282931526492157,-0.25581884110798103,0.14814814814814814,0.2328293152649262,540.0,540,1.020652490357558,0.7960167403022449,0.0004167639147593935,391.0,0.7240740740740741,438.42964824120605,0.8119067560022334,415.9888247411767,0.7703496754466235,-8.772936937859354e-07,0.14814814814814814,0.23282931526492157,-0.25581884110798103,0.14814814814814814,0.2328293152649262,540.0,540,1.020652490357558,0.7960167403022449,0.0004167639147593935
Stanford_2,Stanford_Nova_Regular_114.pkl,NMC,564,TRUNCATED_AT_EOL,1,564,0,0.0,0,0.000e+00,41.0,0.0726950354609929,498.6467336683417,0.8841254143055705,440.17212409448194,0.7804470285363155,-6.855101809702136e-07,0.24468085106382978,0.26913231815066324,-0.2180580465259008,0.24468085106382978,0.2691323181506608,564.0,564,1.02430892487367,0.7965088511506717,0.0004046182481758408,41.0,0.0726950354609929,498.6467336683417,0.8841254143055705,440.17212409448194,0.7804470285363155,-6.855101809702136e-07,0.24468085106382978,0.26913231815066324,-0.2180580465259008,0.24468085106382978,0.2691323181506608,564.0,564,1.02430892487367,0.7965088511506717,0.0004046182481758408
Stanford_2,Stanford_Nova_Regular_115.pkl,NMC,488,TRUNCATED_AT_EOL,1,488,0,0.0,0,0.000e+00,44.0,0.09016393442622951,359.0306532663317,0.7357185517752698,346.16174519129163,0.7093478385067451,-1.4649264730891472e-06,0.21311475409836064,0.13796380838271366,-0.34886345000734503,0.21311475409836064,0.13796380838271244,488.0,488,1.0297054424881935,0.7993147398034732,0.0004730815250199595,44.0,0.09016393442622951,359.0306532663317,0.7357185517752698,346.16174519129163,0.7093478385067451,-1.4649264730891472e-06,0.21311475409836064,0.13796380838271366,-0.34886345000734503,0.21311475409836064,0.13796380838271244,488.0,488,1.0297054424881935,0.7993147398034732,0.0004730815250199595
Stanford_2,Stanford_Nova_Regular_116.pkl,NMC,463,TRUNCATED_AT_EOL,1,463,0,0.0,0,0.000e+00,344.0,0.7429805615550756,361.0814070351759,0.7798734493200343,338.3561116616956,0.7307907379302281,-1.4475414528495615e-06,0.21382289416846653,0.1537954843953932,-0.3103080137059069,0.21382289416846653,0.15379548439539503,463.0,463,1.0156717772285144,0.7956427832444509,0.0004762532337317392,344.0,0.7429805615550756,361.0814070351759,0.7798734493200343,338.3561116616956,0.7307907379302281,-1.4475414528495615e-06,0.21382289416846653,0.1537954843953932,-0.3103080137059069,0.21382289416846653,0.15379548439539503,463.0,463,1.0156717772285144,0.7956427832444509,0.0004762532337317392
Stanford_2,Stanford_Nova_Regular_117.pkl,NMC,576,TRUNCATED_AT_EOL,1,576,0,0.0,0,0.000e+00,42.0,0.07291666666666667,488.44974874371866,0.8480030360134004,430.7480520023107,0.7478264791706783,-7.496733040140576e-07,0.2361111111111111,0.2367937074229668,-0.2487236101125689,0.2361111111111111,0.23679370742296835,576.0,576,1.023603416979313,0.795442486802737,0.0003968016176983929,42.0,0.07291666666666667,488.44974874371866,0.8480030360134004,430.7480520023107,0.7478264791706783,-7.496733040140576e-07,0.2361111111111111,0.2367937074229668,-0.2487236101125689,0.2361111111111111,0.23679370742296835,576.0,576,1.023603416979313,0.795442486802737,0.0003968016176983929
Stanford_2,Stanford_Nova_Regular_118.pkl,NMC,564,TRUNCATED_AT_EOL,1,564,0,0.0,0,0.000e+00,391.0,0.6932624113475178,433.01055276381913,0.7677492070280482,401.3551474626047,0.7116226018840509,-8.398141410765891e-07,0.1453900709219858,0.19977125039457463,-0.2671415190198978,0.1453900709219858,0.19977125039457236,564.0,564,1.0167026271422706,0.7985748971501987,0.00038743824154897314,391.0,0.6932624113475178,433.01055276381913,0.7677492070280482,401.3551474626047,0.7116226018840509,-8.398141410765891e-07,0.1453900709219858,0.19977125039457463,-0.2671415190198978,0.1453900709219858,0.19977125039457236,564.0,564,1.0167026271422706,0.7985748971501987,0.00038743824154897314
Stanford_2,Stanford_Nova_Regular_119.pkl,NMC,634,TRUNCATED_AT_EOL,1,634,0,0.0,0,0.000e+00,45.0,0.07097791798107256,468.9110552763819,0.739607342707227,446.5983960638746,0.7044138739177833,-7.274516055101085e-07,0.14511041009463724,0.18623866625356614,-0.2924035375444235,0.14511041009463724,0.1862386662535653,634.0,634,1.020381972193718,0.799078680574894,0.00034961025532199687,45.0,0.07097791798107256,468.9110552763819,0.739607342707227,446.5983960638746,0.7044138739177833,-7.274516055101085e-07,0.14511041009463724,0.18623866625356614,-0.2924035375444235,0.14511041009463724,0.1862386662535653,634.0,634,1.020381972193718,0.799078680574894,0.00034961025532199687
Stanford_2,Stanford_Nova_Regular_120.pkl,NMC,700,TRUNCATED_AT_EOL,1,700,0,0.0,0,0.000e+00,55.0,0.07857142857142857,523.3180904522613,0.7475972720746591,489.60745806363747,0.6994392258051964,-6.251469890528868e-07,0.12857142857142856,0.18992666330021937,-0.30632202463591873,0.12857142857142856,0.189926663300216,700.0,700,1.0277394205331802,0.7985623553395271,0.0003278641848263993,55.0,0.07857142857142857,523.3180904522613,0.7475972720746591,489.60745806363747,0.6994392258051964,-6.251469890528868e-07,0.12857142857142856,0.18992666330021937,-0.30632202463591873,0.12857142857142856,0.189926663300216,700.0,700,1.0277394205331802,0.7985623553395271,0.0003278641848263993
Stanford_2,Stanford_Nova_Regular_121.pkl,NMC,540,TRUNCATED_AT_EOL,1,540,0,0.0,0,0.000e+00,391.0,0.7240740740740741,427.5954773869347,0.7918434766424717,389.71077332211917,0.7216866172631836,-9.223732490395031e-07,0.1814814814814815,0.21039152131826927,-0.26896403941992153,0.1814814814814815,0.21039152131827538,540.0,540,1.0251916324098906,0.7998436068495115,0.0004180853906500541,391.0,0.7240740740740741,427.5954773869347,0.7918434766424717,389.71077332211917,0.7216866172631836,-9.223732490395031e-07,0.1814814814814815,0.21039152131826927,-0.26896403941992153,0.1814814814814815,0.21039152131827538,540.0,540,1.0251916324098906,0.7998436068495115,0.0004180853906500541
Stanford_2,Stanford_Nova_Regular_122.pkl,NMC,643,TRUNCATED_AT_EOL,1,643,0,0.0,0,0.000e+00,52.0,0.08087091757387248,447.1738693467337,0.6954492524832561,445.1683758090173,0.6923302889720331,-6.383522408719007e-07,0.13841368584758942,0.19590388458528574,-0.2639260956362449,0.13841368584758942,0.1959038845852855,643.0,643,1.0304729143778484,0.7959087068835895,0.0003653648091810886,52.0,0.08087091757387248,447.1738693467337,0.6954492524832561,445.1683758090173,0.6923302889720331,-6.383522408719007e-07,0.13841368584758942,0.19590388458528574,-0.2639260956362449,0.13841368584758942,0.1959038845852855,643.0,643,1.0304729143778484,0.7959087068835895,0.0003653648091810886
Stanford_2,Stanford_Nova_Regular_123.pkl,NMC,533,TRUNCATED_AT_EOL,1,533,0,0.0,0,0.000e+00,192.0,0.3602251407129456,464.82914572864325,0.8720997105603063,401.0434875430288,0.7524268058968645,-8.285986724033667e-07,0.2607879924953096,0.19639892552302438,-0.2353957682443982,0.2607879924953096,0.19639892552302718,533.0,533,1.0212776561578116,0.7982582474748294,0.00041920941481763573,192.0,0.3602251407129456,464.82914572864325,0.8720997105603063,401.0434875430288,0.7524268058968645,-8.285986724033667e-07,0.2607879924953096,0.19639892552302438,-0.2353957682443982,0.2607879924953096,0.19639892552302718,533.0,533,1.0212776561578116,0.7982582474748294,0.00041920941481763573
Stanford_2,Stanford_Nova_Regular_124.pkl,NMC,641,TRUNCATED_AT_EOL,1,641,0,0.0,0,0.000e+00,453.0,0.7067082683307332,525.5427135678392,0.8198794283429629,487.4594915168722,0.7604672254553388,-5.686003942765356e-07,0.1294851794071763,0.30333459315310896,-0.23362709860073516,0.1294851794071763,0.30333459315310196,641.0,641,1.0230294739206633,0.7955993836124738,0.0003553595161065461,453.0,0.7067082683307332,525.5427135678392,0.8198794283429629,487.4594915168722,0.7604672254553388,-5.686003942765356e-07,0.1294851794071763,0.30333459315310896,-0.23362709860073516,0.1294851794071763,0.30333459315310196,641.0,641,1.0230294739206633,0.7955993836124738,0.0003553595161065461
Stanford_2,Stanford_Nova_Regular_125.pkl,NMC,593,TRUNCATED_AT_EOL,1,593,0,0.0,0,0.000e+00,190.0,0.32040472175379425,457.64321608040206,0.7717423542671198,446.2044967138409,0.7524527769204737,-6.947299511809955e-07,0.18043844856661045,0.26113978751987954,-0.24430109260284416,0.18043844856661045,0.2611397875198764,593.0,593,1.0265301913022995,0.7992001871267955,0.0003840033854315946,190.0,0.32040472175379425,457.64321608040206,0.7717423542671198,446.2044967138409,0.7524527769204737,-6.947299511809955e-07,0.18043844856661045,0.26113978751987954,-0.24430109260284416,0.18043844856661045,0.2611397875198764,593.0,593,1.0265301913022995,0.7992001871267955,0.0003840033854315946
Stanford_2,Stanford_Nova_Regular_126.pkl,NMC,628,TRUNCATED_AT_EOL,1,628,0,0.0,0,0.000e+00,499.0,0.7945859872611465,419.1050251256282,0.6673646896904907,460.3506003720338,0.7330423572803086,-4.863359904233177e-07,0.11464968152866242,0.31819061266098403,-0.19180313324711357,0.11464968152866242,0.3181906126609783,628.0,628,1.0221948847174644,0.7976839939753215,0.00035807159607997277,499.0,0.7945859872611465,419.1050251256282,0.6673646896904907,460.3506003720338,0.7330423572803086,-4.863359904233177e-07,0.11464968152866242,0.31819061266098403,-0.19180313324711357,0.11464968152866242,0.3181906126609783,628.0,628,1.0221948847174644,0.7976839939753215,0.00035807159607997277
Stanford_2,Stanford_Nova_Regular_127.pkl,NMC,858,TRUNCATED_AT_EOL,1,858,0,0.0,0,0.000e+00,362.0,0.4219114219114219,513.9080402010051,0.5989604198146912,539.0761272256622,0.6282938545753638,-3.132235002929094e-07,0.07226107226107226,0.27697044970405915,-0.2305838648696272,0.07226107226107226,0.27697044970406076,858.0,858,1.0260595008730888,0.7977104435364406,0.00026645164216645067,362.0,0.4219114219114219,513.9080402010051,0.5989604198146912,539.0761272256622,0.6282938545753638,-3.132235002929094e-07,0.07226107226107226,0.27697044970405915,-0.2305838648696272,0.07226107226107226,0.27697044970406076,858.0,858,1.0260595008730888,0.7977104435364406,0.00026645164216645067
Stanford_2,Stanford_Nova_Regular_128.pkl,NMC,780,TRUNCATED_AT_EOL,1,780,0,0.0,0,0.000e+00,380.0,0.48717948717948717,454.69899497487444,0.5829474294549672,517.2611977313845,0.6631553817069032,-4.209325982643304e-07,0.046153846153846156,0.2633412465168208,-0.2560953927840205,0.046153846153846156,0.2633412465168179,780.0,780,1.0442050794760387,0.7990808536609014,0.0003146652449488283,380.0,0.48717948717948717,454.69899497487444,0.5829474294549672,517.2611977313845,0.6631553817069032,-4.209325982643304e-07,0.046153846153846156,0.2633412465168208,-0.2560953927840205,0.046153846153846156,0.2633412465168179,780.0,780,1.0442050794760387,0.7990808536609014,0.0003146652449488283
Stanford_2,Stanford_Nova_Regular_129.pkl,NMC,798,TRUNCATED_AT_EOL,1,798,0,0.0,0,0.000e+00,560.0,0.7017543859649122,634.9954773869347,0.7957336809360084,573.962102043096,0.71925075443997,-3.2667655563818253e-07,0.18045112781954886,0.3043647338922802,-0.20802893733661465,0.18045112781954886,0.3043647338922827,798.0,798,1.0251192996899288,0.798867332438628,0.0002838795072161867,560.0,0.7017543859649122,634.9954773869347,0.7957336809360084,573.962102043096,0.71925075443997,-3.2667655563818253e-07,0.18045112781954886,0.3043647338922802,-0.20802893733661465,0.18045112781954886,0.3043647338922827,798.0,798,1.0251192996899288,0.798867332438628,0.0002838795072161867
Stanford_2,Stanford_Nova_Regular_130.pkl,NMC,809,TRUNCATED_AT_EOL,1,809,0,0.0,0,0.000e+00,479.0,0.5920889987639061,556.0432160804021,0.6873216515208925,571.1820156613347,0.7060346299892889,-4.1669823312661783e-07,0.08776266996291718,0.24134242630376956,-0.27272107631493964,0.08776266996291718,0.24134242630376943,809.0,809,1.0286943366130195,0.7993920395771663,0.00028378997157902617,479.0,0.5920889987639061,556.0432160804021,0.6873216515208925,571.1820156613347,0.7060346299892889,-4.1669823312661783e-07,0.08776266996291718,0.24134242630376956,-0.27272107631493964,0.08776266996291718,0.24134242630376943,809.0,809,1.0286943366130195,0.7993920395771663,0.00028378997157902617
Stanford_2,Stanford_Nova_Regular_131.pkl,NMC,682,TRUNCATED_AT_EOL,1,682,0,0.0,0,0.000e+00,81.0,0.1187683284457478,570.0969849246231,0.8359193327340515,524.1724717508638,0.7685813368780994,-4.942072024565858e-07,0.1466275659824047,0.24127805579326964,-0.2298676308354159,0.1466275659824047,0.2412780557932681,682.0,682,1.0217285404602687,0.7999710117777189,0.0003256351375661525,81.0,0.1187683284457478,570.0969849246231,0.8359193327340515,524.1724717508638,0.7685813368780994,-4.942072024565858e-07,0.1466275659824047,0.24127805579326964,-0.2298676308354159,0.1466275659824047,0.2412780557932681,682.0,682,1.0217285404602687,0.7999710117777189,0.0003256351375661525
Stanford_2,Stanford_Nova_Regular_134.pkl,NMC,757,TRUNCATED_AT_EOL,1,757,0,0.0,0,0.000e+00,357.0,0.4715984147952444,462.5778894472362,0.6110672251614745,458.33196446427985,0.605458341432338,-4.66549157962266e-07,0.03830911492734478,0.22337118091741984,-0.2673555284211184,0.03830911492734478,0.22337118091741898,757.0,757,1.020357261101405,0.7997530202070873,0.0002918045514475101,357.0,0.4715984147952444,462.5778894472362,0.6110672251614745,458.33196446427985,0.605458341432338,-4.66549157962266e-07,0.03830911492734478,0.22337118091741984,-0.2673555284211184,0.03830911492734478,0.22337118091741898,757.0,757,1.020357261101405,0.7997530202070873,0.0002918045514475101
Stanford_2,Stanford_Nova_Regular_135.pkl,NMC,542,TRUNCATED_AT_EOL,1,542,0,0.0,0,0.000e+00,405.0,0.7472324723247232,427.0035175879397,0.7878293682434312,375.58686829697956,0.6929647016549438,-7.907626400219002e-07,0.26199261992619927,0.2928469541143906,-0.23229759618339593,0.26199261992619927,0.292846954114393,542.0,542,1.040093724926313,0.7993883142868679,0.00044492682188437165,405.0,0.7472324723247232,427.0035175879397,0.7878293682434312,375.58686829697956,0.6929647016549438,-7.907626400219002e-07,0.26199261992619927,0.2928469541143906,-0.23229759618339593,0.26199261992619927,0.292846954114393,542.0,542,1.040093724926313,0.7993883142868679,0.00044492682188437165
Stanford_2,Stanford_Nova_Regular_136.pkl,NMC,660,TRUNCATED_AT_EOL,1,660,0,0.0,0,0.000e+00,486.0,0.7363636363636363,395.4065326633166,0.5991008070656313,440.1922478014463,0.6669579512143126,-6.026552603956989e-07,0.18787878787878787,0.2198192936639848,-0.2625166314283663,0.18787878787878787,0.21981929366399042,660.0,660,1.0236350198586783,0.7998817289868991,0.0003395345840239442,486.0,0.7363636363636363,395.4065326633166,0.5991008070656313,440.1922478014463,0.6669579512143126,-6.026552603956989e-07,0.18787878787878787,0.2198192936639848,-0.2625166314283663,0.18787878787878787,0.21981929366399042,660.0,660,1.0236350198586783,0.7998817289868991,0.0003395345840239442
Stanford_2,Stanford_Nova_Regular_137.pkl,NMC,678,TRUNCATED_AT_EOL,1,678,0,0.0,0,0.000e+00,286.0,0.4218289085545723,544.981407035176,0.8038073850076342,501.08876938029096,0.7390689813868598,-5.557288421795737e-07,0.16519174041297935,0.23920786549665488,-0.25545965708847435,0.16519174041297935,0.23920786549665282,678.0,678,1.0310580333073935,0.7986603304743767,0.0003432757796647221,286.0,0.4218289085545723,544.981407035176,0.8038073850076342,501.08876938029096,0.7390689813868598,-5.557288421795737e-07,0.16519174041297935,0.23920786549665488,-0.25545965708847435,0.16519174041297935,0.23920786549665282,678.0,678,1.0310580333073935,0.7986603304743767,0.0003432757796647221
Stanford_2,Stanford_Nova_Regular_138.pkl,NMC,701,TRUNCATED_AT_EOL,1,701,0,0.0,0,0.000e+00,483.0,0.6890156918687589,526.8793969849247,0.7516111226603777,506.227602398611,0.7221506453617846,-5.489835206450779e-07,0.12696148359486448,0.24244411099045513,-0.2697710510285118,0.12696148359486448,0.24244411099045224,701.0,701,1.0369203363855681,0.7996625577410063,0.0003389396837779455,483.0,0.6890156918687589,526.8793969849247,0.7516111226603777,506.227602398611,0.7221506453617846,-5.489835206450779e-07,0.12696148359486448,0.24244411099045513,-0.2697710510285118,0.12696148359486448,0.24244411099045224,701.0,701,1.0369203363855681,0.7996625577410063,0.0003389396837779455
Stanford_2,Stanford_Nova_Regular_139.pkl,NMC,636,TRUNCATED_AT_EOL,1,636,0,0.0,0,0.000e+00,507.0,0.7971698113207547,518.891959798995,0.8158678613191745,465.8628884565138,0.732488818327852,-6.76607579575728e-07,0.18553459119496854,0.192808162253177,-0.2736850595080618,0.18553459119496854,0.19280816225317673,636.0,636,1.0182686770955722,0.79693254083395,0.00034856084450649163,507.0,0.7971698113207547,518.891959798995,0.8158678613191745,465.8628884565138,0.732488818327852,-6.76607579575728e-07,0.18553459119496854,0.192808162253177,-0.2736850595080618,0.18553459119496854,0.19280816225317673,636.0,636,1.0182686770955722,0.79693254083395,0.00034856084450649163
Stanford_2,Stanford_Nova_Regular_140.pkl,NMC,608,TRUNCATED_AT_EOL,1,608,0,0.0,0,0.000e+00,271.0,0.4457236842105263,420.4095477386935,0.6914630719386406,421.2131582121506,0.6927847996910371,-6.936787864689956e-07,0.08223684210526316,0.19080525381186048,-0.2564280749212753,0.08223684210526316,0.1908052538118607,608.0,608,1.0275767495234809,0.7993392646312714,0.00037600903606624305,271.0,0.4457236842105263,420.4095477386935,0.6914630719386406,421.2131582121506,0.6927847996910371,-6.936787864689956e-07,0.08223684210526316,0.19080525381186048,-0.2564280749212753,0.08223684210526316,0.1908052538118607,608.0,608,1.0275767495234809,0.7993392646312714,0.00037600903606624305
Stanford_2,Stanford_Nova_Regular_141.pkl,NMC,610,TRUNCATED_AT_EOL,1,610,0,0.0,0,0.000e+00,194.0,0.3180327868852459,529.5140703517588,0.8680558530356702,449.8574170497586,0.7374711754914076,-6.448414094867698e-07,0.23278688524590163,0.22536017672427666,-0.23994548847002553,0.23278688524590163,0.22536017672427958,610.0,610,1.0280247777700424,0.7980728521943092,0.0003775893687614666,194.0,0.3180327868852459,529.5140703517588,0.8680558530356702,449.8574170497586,0.7374711754914076,-6.448414094867698e-07,0.23278688524590163,0.22536017672427666,-0.23994548847002553,0.23278688524590163,0.22536017672427958,610.0,610,1.0280247777700424,0.7980728521943092,0.0003775893687614666
Stanford_2,Stanford_Nova_Regular_142.pkl,NMC,907,TRUNCATED_AT_EOL,1,907,0,0.0,0,0.000e+00,825.0,0.9095920617420066,568.7296482412061,0.6270448161424543,561.6953239140933,0.619289221514987,-3.2894770847983113e-07,0.027563395810363836,0.23473826093750141,-0.27060850343322457,0.027563395810363836,0.2347382609375013,907.0,907,1.0301248480876288,0.7992730165521305,0.0002548033460656715,825.0,0.9095920617420066,568.7296482412061,0.6270448161424543,561.6953239140933,0.619289221514987,-3.2894770847983113e-07,0.027563395810363836,0.23473826093750141,-0.27060850343322457,0.027563395810363836,0.2347382609375013,907.0,907,1.0301248480876288,0.7992730165521305,0.0002548033460656715
Stanford_2,Stanford_Nova_Regular_143.pkl,NMC,1046,TRUNCATED_AT_EOL,1,1046,0,0.0,0,0.000e+00,72.0,0.06883365200764818,601.2185929648242,0.5747787695648415,618.3770511731789,0.5911826493051423,-2.2032031398309765e-07,0.045889101338432124,0.27164674275217227,-0.24105598065393158,0.045889101338432124,0.27164674275217743,1046.0,1046,1.0279415175318718,0.7992596675952276,0.00021883430615946814,72.0,0.06883365200764818,601.2185929648242,0.5747787695648415,618.3770511731789,0.5911826493051423,-2.2032031398309765e-07,0.045889101338432124,0.27164674275217227,-0.24105598065393158,0.045889101338432124,0.27164674275217743,1046.0,1046,1.0279415175318718,0.7992596675952276,0.00021883430615946814
Stanford_2,Stanford_Nova_Regular_144.pkl,NMC,841,TRUNCATED_AT_EOL,1,841,0,0.0,0,0.000e+00,62.0,0.07372175980975029,618.5477386934673,0.7354907713358707,607.0643741518093,0.7218363545205818,-3.737105294136236e-07,0.09631391200951249,0.24058744529667572,-0.26431835695419736,0.09631391200951249,0.24058744529667983,841.0,841,1.0240038856863976,0.7995328555504482,0.00026722741682851114,62.0,0.07372175980975029,618.5477386934673,0.7354907713358707,607.0643741518093,0.7218363545205818,-3.737105294136236e-07,0.09631391200951249,0.24058744529667572,-0.26431835695419736,0.09631391200951249,0.24058744529667983,841.0,841,1.0240038856863976,0.7995328555504482,0.00026722741682851114
Stanford_2,Stanford_Nova_Regular_145.pkl,NMC,664,TRUNCATED_AT_EOL,1,664,0,0.0,0,0.000e+00,59.0,0.08885542168674698,555.0547738693468,0.8359258642610645,454.1614381053474,0.6839780694357641,-5.419230764810631e-07,0.2620481927710843,0.22173342638318438,-0.23893171672819316,0.2620481927710843,0.22173342638318602,664.0,664,1.017688090602557,0.7993373398979505,0.00032933748220905943,59.0,0.08885542168674698,555.0547738693468,0.8359258642610645,454.1614381053474,0.6839780694357641,-5.419230764810631e-07,0.2620481927710843,0.22173342638318438,-0.23893171672819316,0.2620481927710843,0.22173342638318602,664.0,664,1.017688090602557,0.7993373398979505,0.00032933748220905943
Stanford_2,Stanford_Nova_Regular_146.pkl,NMC,635,TRUNCATED_AT_EOL,1,635,0,0.0,0,0.000e+00,51.0,0.08031496062992126,525.7226130653266,0.8279096268745302,461.898613376984,0.7273993911448566,-6.598449455787184e-07,0.19370078740157481,0.2093849056612832,-0.2660659781809766,0.19370078740157481,0.20938490566128376,635.0,635,1.0188691318035126,0.7995123043656349,0.0003459886868105326,51.0,0.08031496062992126,525.7226130653266,0.8279096268745302,461.898613376984,0.7273993911448566,-6.598449455787184e-07,0.19370078740157481,0.2093849056612832,-0.2660659781809766,0.19370078740157481,0.20938490566128376,635.0,635,1.0188691318035126,0.7995123043656349,0.0003459886868105326
Stanford_2,Stanford_Nova_Regular_147.pkl,NMC,595,TRUNCATED_AT_EOL,1,595,0,0.0,0,0.000e+00,290.0,0.48739495798319327,423.3668341708543,0.7115408977661417,420.20919655703995,0.7062339437933445,-8.279074775747379e-07,0.10252100840336134,0.19883719211085396,-0.2930999447483949,0.10252100840336134,0.19883719211085663,595.0,595,1.016575594743093,0.799841433763504,0.0003648723248814629,290.0,0.48739495798319327,423.3668341708543,0.7115408977661417,420.20919655703995,0.7062339437933445,-8.279074775747379e-07,0.10252100840336134,0.19883719211085396,-0.2930999447483949,0.10252100840336134,0.19883719211085663,595.0,595,1.016575594743093,0.799841433763504,0.0003648723248814629
Stanford_2,Stanford_Nova_Regular_148.pkl,NMC,567,TRUNCATED_AT_EOL,1,567,0,0.0,0,0.000e+00,291.0,0.5132275132275133,451.24020100502514,0.7958380970106264,427.796642658226,0.7544914332596578,-9.91465121048148e-07,0.15696649029982362,0.182021399203522,-0.31874513030065116,0.15696649029982362,0.18202139920351684,567.0,567,1.024000160396099,0.7990390062332153,0.00039745786954573103,291.0,0.5132275132275133,451.24020100502514,0.7958380970106264,427.796642658226,0.7544914332596578,-9.91465121048148e-07,0.15696649029982362,0.182021399203522,-0.31874513030065116,0.15696649029982362,0.18202139920351684,567.0,567,1.024000160396099,0.7990390062332153,0.00039745786954573103
Stanford_2,Stanford_Nova_Regular_149.pkl,NMC,537,TRUNCATED_AT_EOL,1,537,0,0.0,0,0.000e+00,93.0,0.17318435754189945,414.44723618090455,0.7717825627204926,391.77770040872326,0.7295674123067473,-9.064724568035463e-07,0.18435754189944134,0.20884665411871056,-0.261398555895985,0.18435754189944134,0.20884665411870892,537.0,537,1.0166807721058528,0.7982154066363971,0.0004075846370698801,93.0,0.17318435754189945,414.44723618090455,0.7717825627204926,391.77770040872326,0.7295674123067473,-9.064724568035463e-07,0.18435754189944134,0.20884665411871056,-0.261398555895985,0.18435754189944134,0.20884665411870892,537.0,537,1.0166807721058528,0.7982154066363971,0.0004075846370698801
Stanford_2,Stanford_Nova_Regular_150.pkl,NMC,469,TRUNCATED_AT_EOL,1,469,0,0.0,0,0.000e+00,397.0,0.8464818763326226,386.4532663316583,0.8239941712828536,370.60390656114583,0.7902002272092662,-1.3911301920183623e-06,0.27505330490405117,0.17246425463775678,-0.3059943881665504,0.27505330490405117,0.1724642546377559,469.0,469,1.0242479542891185,0.7998114451766014,0.00047956519041136137,397.0,0.8464818763326226,386.4532663316583,0.8239941712828536,370.60390656114583,0.7902002272092662,-1.3911301920183623e-06,0.27505330490405117,0.17246425463775678,-0.3059943881665504,0.27505330490405117,0.1724642546377559,469.0,469,1.0242479542891185,0.7998114451766014,0.00047956519041136137
Stanford_2,Stanford_Nova_Regular_151.pkl,NMC,731,TRUNCATED_AT_EOL,1,731,0,0.0,0,0.000e+00,557.0,0.761969904240766,569.9597989949749,0.7796987674349862,523.0603996850954,0.715540902441991,-5.38871905676803e-07,0.17920656634746923,0.20545437511354472,-0.28795213038935996,0.17920656634746923,0.2054543751135454,731.0,731,1.027150017519792,0.798818717400233,0.00031278260290350555,557.0,0.761969904240766,569.9597989949749,0.7796987674349862,523.0603996850954,0.715540902441991,-5.38871905676803e-07,0.17920656634746923,0.20545437511354472,-0.28795213038935996,0.17920656634746923,0.2054543751135454,731.0,731,1.027150017519792,0.798818717400233,0.00031278260290350555
Stanford_2,Stanford_Nova_Regular_152.pkl,NMC,615,TRUNCATED_AT_EOL,1,615,0,0.0,0,0.000e+00,123.0,0.2,511.63819095477396,0.8319320178126406,463.67299439384936,0.7539398282826819,-6.88603260766952e-07,0.183739837398374,0.19415758072929973,-0.26044696830358005,0.183739837398374,0.19415758072930195,615.0,615,1.0170383378863335,0.7984730104605358,0.00035596958864136436,123.0,0.2,511.63819095477396,0.8319320178126406,463.67299439384936,0.7539398282826819,-6.88603260766952e-07,0.183739837398374,0.19415758072929973,-0.26044696830358005,0.183739837398374,0.19415758072930195,615.0,615,1.0170383378863335,0.7984730104605358,0.00035596958864136436
Stanford_2,Stanford_Nova_Regular_154.pkl,NMC,713,TRUNCATED_AT_EOL,1,713,0,0.0,0,0.000e+00,384.0,0.5385694249649369,561.6552763819096,0.7877353104935619,518.3217224326193,0.7269589374931547,-5.86794980587687e-07,0.17251051893408134,0.19539082687765064,-0.2983083774863767,0.17251051893408134,0.19539082687764708,713.0,713,1.0320572803417842,0.799331379433473,0.00032686222037684164,384.0,0.5385694249649369,561.6552763819096,0.7877353104935619,518.3217224326193,0.7269589374931547,-5.86794980587687e-07,0.17251051893408134,0.19539082687765064,-0.2983083774863767,0.17251051893408134,0.19539082687764708,713.0,713,1.0320572803417842,0.799331379433473,0.00032686222037684164
Stanford_2,Stanford_Nova_Regular_155.pkl,NMC,728,TRUNCATED_AT_EOL,1,728,0,0.0,0,0.000e+00,383.0,0.5260989010989011,526.7050251256281,0.7234959136341046,504.4324901172292,0.692901772139051,-5.949670898141628e-07,0.12362637362637363,0.18174901632250168,-0.3153230381280711,0.12362637362637363,0.18174901632250318,728.0,728,1.0375407213966052,0.7995663831631343,0.00032733746662100537,383.0,0.5260989010989011,526.7050251256281,0.7234959136341046,504.4324901172292,0.692901772139051,-5.949670898141628e-07,0.12362637362637363,0.18174901632250168,-0.3153230381280711,0.12362637362637363,0.18174901632250318,728.0,728,1.0375407213966052,0.7995663831631343,0.00032733746662100537
Stanford_2,Stanford_Nova_Regular_156.pkl,NMC,583,TRUNCATED_AT_EOL,1,583,0,0.0,0,0.000e+00,450.0,0.7718696397941681,482.68542713567837,0.8279338372824672,439.7727277863371,0.7543271488616416,-8.286692890397925e-07,0.20411663807890223,0.19654308220705535,-0.2816555759824485,0.20411663807890223,0.19654308220705483,583.0,583,1.026383290688197,0.799166535337766,0.0003904067961347609,450.0,0.7718696397941681,482.68542713567837,0.8279338372824672,439.7727277863371,0.7543271488616416,-8.286692890397925e-07,0.20411663807890223,0.19654308220705535,-0.2816555759824485,0.20411663807890223,0.19654308220705483,583.0,583,1.026383290688197,0.799166535337766,0.0003904067961347609
Stanford_2,Stanford_Nova_Regular_157.pkl,NMC,849,TRUNCATED_AT_EOL,1,849,0,0.0,0,0.000e+00,62.0,0.07302709069493522,566.4753768844222,0.6672265923255856,569.5851806593604,0.6708894942984222,-2.711905203416513e-07,0.1354534746760895,0.32508814822689275,-0.1954743982527836,0.1354534746760895,0.32508814822689175,849.0,849,1.0158798346916835,0.7990331078569095,0.0002557154797579882,62.0,0.07302709069493522,566.4753768844222,0.6672265923255856,569.5851806593604,0.6708894942984222,-2.711905203416513e-07,0.1354534746760895,0.32508814822689275,-0.1954743982527836,0.1354534746760895,0.32508814822689175,849.0,849,1.0158798346916835,0.7990331078569095,0.0002557154797579882
Stanford_2,Stanford_Nova_Regular_158.pkl,NMC,792,TRUNCATED_AT_EOL,1,792,0,0.0,0,0.000e+00,726.0,0.9166666666666666,483.94723618090455,0.6110444901274047,501.7348342877909,0.6335035786462005,-3.688232781758094e-07,0.05555555555555555,0.2595226622491128,-0.23134956476167315,0.05555555555555555,0.25952266224910925,792.0,792,1.0258084163069725,0.7994102934996288,0.0002862176015263511,726.0,0.9166666666666666,483.94723618090455,0.6110444901274047,501.7348342877909,0.6335035786462005,-3.688232781758094e-07,0.05555555555555555,0.2595226622491128,-0.23134956476167315,0.05555555555555555,0.25952266224910925,792.0,792,1.0258084163069725,0.7994102934996288,0.0002862176015263511
Stanford_2,Stanford_Nova_Regular_159.pkl,NMC,702,TRUNCATED_AT_EOL,1,702,0,0.0,0,0.000e+00,530.0,0.7549857549857549,366.9994974874372,0.5227913069621613,458.84595470732825,0.6536267161073052,-4.6950383214433584e-07,0.1396011396011396,0.2743343010730969,-0.23137336649605555,0.1396011396011396,0.2743343010730934,702.0,702,1.024729199707508,0.7974063356717428,0.00032428368621364523,530.0,0.7549857549857549,366.9994974874372,0.5227913069621613,458.84595470732825,0.6536267161073052,-4.6950383214433584e-07,0.1396011396011396,0.2743343010730969,-0.23137336649605555,0.1396011396011396,0.2743343010730934,702.0,702,1.024729199707508,0.7974063356717428,0.00032428368621364523
Stanford_2,Stanford_Nova_Regular_160.pkl,NMC,682,TRUNCATED_AT_EOL,1,682,0,0.0,0,0.000e+00,54.0,0.07917888563049853,539.9824120603015,0.791763067537099,481.5874751453887,0.7061399928818016,-6.136331128310703e-07,0.187683284457478,0.1666084009875805,-0.2854154879724393,0.187683284457478,0.16660840098757854,682.0,682,1.028883270919323,0.7983562846978506,0.0003385124614118537,54.0,0.07917888563049853,539.9824120603015,0.791763067537099,481.5874751453887,0.7061399928818016,-6.136331128310703e-07,0.187683284457478,0.1666084009875805,-0.2854154879724393,0.187683284457478,0.16660840098757854,682.0,682,1.028883270919323,0.7983562846978506,0.0003385124614118537
Stanford_2,Stanford_Nova_Regular_161.pkl,NMC,554,TRUNCATED_AT_EOL,1,554,0,0.0,0,0.000e+00,53.0,0.09566787003610108,427.5603015075377,0.7717694973060247,397.0726335841859,0.716737605747628,-9.36070982284601e-07,0.1588447653429603,0.18343002141563025,-0.28729516159886165,0.1588447653429603,0.18343002141563045,554.0,554,1.0135425875584285,0.7994455595811208,0.0003871555659625817,53.0,0.09566787003610108,427.5603015075377,0.7717694973060247,397.0726335841859,0.716737605747628,-9.36070982284601e-07,0.1588447653429603,0.18343002141563025,-0.28729516159886165,0.1588447653429603,0.18343002141563045,554.0,554,1.0135425875584285,0.7994455595811208,0.0003871555659625817
Stanford_2,Stanford_Nova_Regular_162.pkl,NMC,578,TRUNCATED_AT_EOL,1,578,0,0.0,0,0.000e+00,48.0,0.08304498269896193,450.71206030150756,0.7797786510406706,427.9577691612893,0.7404113653309504,-7.735148329868761e-07,0.11418685121107267,0.20862478446683363,-0.2584189294635865,0.11418685121107267,0.2086247844668394,578.0,578,1.008067900935809,0.7995706672469776,0.0003613470254572467,48.0,0.08304498269896193,450.71206030150756,0.7797786510406706,427.9577691612893,0.7404113653309504,-7.735148329868761e-07,0.11418685121107267,0.20862478446683363,-0.2584189294635865,0.11418685121107267,0.2086247844668394,578.0,578,1.008067900935809,0.7995706672469776,0.0003613470254572467
Stanford_2,Stanford_Nova_Regular_163.pkl,NMC,974,TRUNCATED_AT_EOL,1,974,0,0.0,0,0.000e+00,68.0,0.06981519507186858,587.2447236180905,0.6029206607988609,625.7024519610413,0.6424049814795085,-2.165241911524391e-07,0.1437371663244353,0.3047494326851985,-0.20541130356573586,0.1437371663244353,0.3047494326851965,974.0,974,1.0144112631678581,0.7986769701043765,0.00022172075340542814,68.0,0.06981519507186858,587.2447236180905,0.6029206607988609,625.7024519610413,0.6424049814795085,-2.165241911524391e-07,0.1437371663244353,0.3047494326851985,-0.20541130356573586,0.1437371663244353,0.3047494326851965,974.0,974,1.0144112631678581,0.7986769701043765,0.00022172075340542814
Stanford_2,Stanford_Nova_Regular_165.pkl,NMC,1011,TRUNCATED_AT_EOL,1,1011,0,0.0,0,0.000e+00,925.0,0.9149357072205737,613.5979899497488,0.6069218496041037,573.1557039641574,0.5669195884907591,-2.1851627488754797e-07,0.03461918892185954,0.3019121963694964,-0.22335007340433335,0.03461918892185954,0.3019121963694967,1011.0,1011,1.0192274426420531,0.7953355088829994,0.00022167518193965711,925.0,0.9149357072205737,613.5979899497488,0.6069218496041037,573.1557039641574,0.5669195884907591,-2.1851627488754797e-07,0.03461918892185954,0.3019121963694964,-0.22335007340433335,0.03461918892185954,0.3019121963694967,1011.0,1011,1.0192274426420531,0.7953355088829994,0.00022167518193965711
Stanford_2,Stanford_Nova_Regular_166.pkl,NMC,673,TRUNCATED_AT_EOL,1,673,0,0.0,0,0.000e+00,186.0,0.2763744427934621,543.6653266331658,0.8078236651310042,490.63084465177093,0.7290205715479509,-5.514866305730304e-07,0.14413075780089152,0.22570597074450574,-0.24978428809881073,0.14413075780089152,0.22570597074450502,673.0,673,1.0224147389332454,0.799187459051609,0.000332183452204816,186.0,0.2763744427934621,543.6653266331658,0.8078236651310042,490.63084465177093,0.7290205715479509,-5.514866305730304e-07,0.14413075780089152,0.22570597074450574,-0.24978428809881073,0.14413075780089152,0.22570597074450502,673.0,673,1.0224147389332454,0.799187459051609,0.000332183452204816
Stanford_2,Stanford_Nova_Regular_167.pkl,NMC,687,TRUNCATED_AT_EOL,1,687,0,0.0,0,0.000e+00,597.0,0.868995633187773,604.611055276382,0.8800743162683872,494.2590533647297,0.7194454925250796,-5.044151948875706e-07,0.2780203784570597,0.20704349481947606,-0.23806833511589012,0.2780203784570597,0.2070434948194663,687.0,687,1.018194357554118,0.7992458219329517,0.00031916696154688954,597.0,0.868995633187773,604.611055276382,0.8800743162683872,494.2590533647297,0.7194454925250796,-5.044151948875706e-07,0.2780203784570597,0.20704349481947606,-0.23806833511589012,0.2780203784570597,0.2070434948194663,687.0,687,1.018194357554118,0.7992458219329517,0.00031916696154688954
Stanford_2,Stanford_Nova_Regular_168.pkl,NMC,638,TRUNCATED_AT_EOL,1,638,0,0.0,0,0.000e+00,452.0,0.7084639498432602,505.15829145728645,0.7917841558891637,461.893447434181,0.7239709207432303,-7.592979104850433e-07,0.16927899686520376,0.1793709243532725,-0.3090676586754757,0.16927899686520376,0.17937092435327284,638.0,638,1.0272998362779617,0.7973811899622282,0.00036093979013458955,452.0,0.7084639498432602,505.15829145728645,0.7917841558891637,461.893447434181,0.7239709207432303,-7.592979104850433e-07,0.16927899686520376,0.1793709243532725,-0.3090676586754757,0.16927899686520376,0.17937092435327284,638.0,638,1.0272998362779617,0.7973811899622282,0.00036093979013458955
Stanford_2,Stanford_Nova_Regular_169.pkl,NMC,651,TRUNCATED_AT_EOL,1,651,0,0.0,0,0.000e+00,504.0,0.7741935483870968,525.8994974874372,0.8078333294737898,447.74043955960246,0.6877733326568394,-5.826842860601016e-07,0.21658986175115208,0.260354131071651,-0.24694218311656146,0.21658986175115208,0.2603541310716496,651.0,651,1.0297059391935668,0.7997581735253334,0.00035376579333574364,504.0,0.7741935483870968,525.8994974874372,0.8078333294737898,447.74043955960246,0.6877733326568394,-5.826842860601016e-07,0.21658986175115208,0.260354131071651,-0.24694218311656146,0.21658986175115208,0.2603541310716496,651.0,651,1.0297059391935668,0.7997581735253334,0.00035376579333574364
Stanford_2,Stanford_Nova_Regular_170.pkl,NMC,715,TRUNCATED_AT_EOL,1,715,0,0.0,0,0.000e+00,587.0,0.820979020979021,609.1557788944724,0.8519661243279334,511.8906734968449,0.7159310118836991,-5.1639681497608e-07,0.23916083916083916,0.19230673476164573,-0.2639949617361425,0.23916083916083916,0.19230673476164734,715.0,715,1.0163235167662303,0.7988976935545604,0.00030451795968021,587.0,0.820979020979021,609.1557788944724,0.8519661243279334,511.8906734968449,0.7159310118836991,-5.1639681497608e-07,0.23916083916083916,0.19230673476164573,-0.2639949617361425,0.23916083916083916,0.19230673476164734,715.0,715,1.0163235167662303,0.7988976935545604,0.00030451795968021
Stanford_2,Stanford_Nova_Regular_171.pkl,NMC,677,TRUNCATED_AT_EOL,1,677,0,0.0,0,0.000e+00,53.0,0.07828655834564253,541.4603015075377,0.7997936506758311,501.9339345409864,0.7414090613603935,-6.517590053970191e-07,0.16986706056129985,0.19860372636631432,-0.2987200531846087,0.16986706056129985,0.19860372636631612,677.0,677,1.0239009434978168,0.7984728862841924,0.0003334734574166041,53.0,0.07828655834564253,541.4603015075377,0.7997936506758311,501.9339345409864,0.7414090613603935,-6.517590053970191e-07,0.16986706056129985,0.19860372636631432,-0.2987200531846087,0.16986706056129985,0.19860372636631612,677.0,677,1.0239009434978168,0.7984728862841924,0.0003334734574166041
Stanford_2,Stanford_Nova_Regular_172.pkl,NMC,578,TRUNCATED_AT_EOL,1,578,0,0.0,0,0.000e+00,191.0,0.3304498269896194,471.5884422110553,0.8158969588426562,430.0624869663527,0.7440527456165271,-8.964888577227638e-07,0.2041522491349481,0.1872918422926175,-0.2995025835434527,0.2041522491349481,0.18729184229262194,578.0,578,1.0359096030394237,0.7974022378524145,0.0004133576519705532,191.0,0.3304498269896194,471.5884422110553,0.8158969588426562,430.0624869663527,0.7440527456165271,-8.964888577227638e-07,0.2041522491349481,0.1872918422926175,-0.2995025835434527,0.2041522491349481,0.18729184229262194,578.0,578,1.0359096030394237,0.7974022378524145,0.0004133576519705532
Stanford_2,Stanford_Nova_Regular_173.pkl,NMC,694,TRUNCATED_AT_EOL,1,694,0,0.0,0,0.000e+00,254.0,0.3659942363112392,527.1924623115578,0.7596433174518125,498.4869941008072,0.7182809713268115,-5.292465900659388e-07,0.12680115273775217,0.21852347757007476,-0.25490421065299695,0.12680115273775217,0.21852347757007967,694.0,694,1.0312017674247425,0.7989812021454176,0.0003350946107926766,254.0,0.3659942363112392,527.1924623115578,0.7596433174518125,498.4869941008072,0.7182809713268115,-5.292465900659388e-07,0.12680115273775217,0.21852347757007476,-0.25490421065299695,0.12680115273775217,0.21852347757007967,694.0,694,1.0312017674247425,0.7989812021454176,0.0003350946107926766
Stanford_2,Stanford_Nova_Regular_174.pkl,NMC,627,TRUNCATED_AT_EOL,1,627,0,0.0,0,0.000e+00,288.0,0.45933014354066987,466.2532663316584,0.7436256241334265,453.7966170571079,0.7237585598996936,-7.487564465937849e-07,0.09409888357256778,0.1936916661121093,-0.2943578730929676,0.09409888357256778,0.19369166611210484,627.0,627,1.0204346229632697,0.7984609653552374,0.000354590507361074,288.0,0.45933014354066987,466.2532663316584,0.7436256241334265,453.7966170571079,0.7237585598996936,-7.487564465937849e-07,0.09409888357256778,0.1936916661121093,-0.2943578730929676,0.09409888357256778,0.19369166611210484,627.0,627,1.0204346229632697,0.7984609653552374,0.000354590507361074
Stanford_2,Stanford_Nova_Regular_175.pkl,NMC,558,TRUNCATED_AT_EOL,1,558,0,0.0,0,0.000e+00,102.0,0.1827956989247312,484.3864321608041,0.8680760432989321,422.4415461373829,0.7570637027551664,-7.874116087950613e-07,0.24372759856630824,0.19195930812669024,-0.24517162816086457,0.24372759856630824,0.19195930812669001,558.0,558,1.0132551193237305,0.7996540516614914,0.00038348486115303247,102.0,0.1827956989247312,484.3864321608041,0.8680760432989321,422.4415461373829,0.7570637027551664,-7.874116087950613e-07,0.24372759856630824,0.19195930812669024,-0.24517162816086457,0.24372759856630824,0.19195930812669001,558.0,558,1.0132551193237305,0.7996540516614914,0.00038348486115303247
Stanford_2,Stanford_Nova_Regular_176.pkl,NMC,598,TRUNCATED_AT_EOL,1,598,0,0.0,0,0.000e+00,100.0,0.16722408026755853,495.1,0.8279264214046823,435.13503562921,0.7276505612528595,-7.073124784218231e-07,0.2140468227424749,0.20037816156514116,-0.25293777153355784,0.2140468227424749,0.20037816156514568,598.0,598,1.0157572726408641,0.7997960473100345,0.0003617440960315404,100.0,0.16722408026755853,495.1,0.8279264214046823,435.13503562921,0.7276505612528595,-7.073124784218231e-07,0.2140468227424749,0.20037816156514116,-0.25293777153355784,0.2140468227424749,0.20037816156514568,598.0,598,1.0157572726408641,0.7997960473100345,0.0003617440960315404
Stanford_2,Stanford_Nova_Regular_177.pkl,NMC,543,TRUNCATED_AT_EOL,1,543,0,0.0,0,0.000e+00,247.0,0.4548802946593002,467.01105527638197,0.8600571920375358,411.12188694081186,0.7571305468523238,-9.304091520626027e-07,0.23388581952117865,0.19648566136631815,-0.274330208076509,0.23388581952117865,0.19648566136632134,543.0,543,1.0333883265654247,0.7996047536532085,0.00043133500537309257,247.0,0.4548802946593002,467.01105527638197,0.8600571920375358,411.12188694081186,0.7571305468523238,-9.304091520626027e-07,0.23388581952117865,0.19648566136631815,-0.274330208076509,0.23388581952117865,0.19648566136632134,543.0,543,1.0333883265654247,0.7996047536532085,0.00043133500537309257
Stanford_2,Stanford_Nova_Regular_178.pkl,NMC,714,TRUNCATED_AT_EOL,1,714,0,0.0,0,0.000e+00,555.0,0.7773109243697479,576.7743718592965,0.8078072435004152,508.49198642537306,0.7121736504557046,-5.300878206812192e-07,0.22128851540616246,0.20082753179077723,-0.27023665063200375,0.22128851540616246,0.20082753179077675,714.0,714,1.0261394704381626,0.7986082384983699,0.00031911813736296303,555.0,0.7773109243697479,576.7743718592965,0.8078072435004152,508.49198642537306,0.7121736504557046,-5.300878206812192e-07,0.22128851540616246,0.20082753179077723,-0.27023665063200375,0.22128851540616246,0.20082753179077675,714.0,714,1.0261394704381626,0.7986082384983699,0.00031911813736296303
Stanford_2,Stanford_Nova_Regular_179.pkl,NMC,618,TRUNCATED_AT_EOL,1,618,0,0.0,0,0.000e+00,450.0,0.7281553398058253,467.005527638191,0.7556723748190792,445.0847306185781,0.7202018294798999,-8.403363778596041e-07,0.1488673139158576,0.1808132837971519,-0.3209446307776502,0.1488673139158576,0.18081328379715303,618.0,618,1.02577010790507,0.7971344515681267,0.0003705602209674933,450.0,0.7281553398058253,467.005527638191,0.7556723748190792,445.0847306185781,0.7202018294798999,-8.403363778596041e-07,0.1488673139158576,0.1808132837971519,-0.3209446307776502,0.1488673139158576,0.18081328379715303,618.0,618,1.02577010790507,0.7971344515681267,0.0003705602209674933
Stanford_2,Stanford_Nova_Regular_180.pkl,NMC,654,TRUNCATED_AT_EOL,1,654,0,0.0,0,0.000e+00,52.0,0.07951070336391437,504.6959798994975,0.7717063912836353,473.57838078710654,0.7241259645062791,-7.769728423112769e-07,0.1559633027522936,0.16708853451505723,-0.332323716222009,0.1559633027522936,0.16708853451505554,654.0,654,1.030715989569823,0.7964632784326872,0.0003587330951564102,52.0,0.07951070336391437,504.6959798994975,0.7717063912836353,473.57838078710654,0.7241259645062791,-7.769728423112769e-07,0.1559633027522936,0.16708853451505723,-0.332323716222009,0.1559633027522936,0.16708853451505554,654.0,654,1.030715989569823,0.7964632784326872,0.0003587330951564102
Stanford_2,Stanford_Nova_Regular_181.pkl,NMC,649,TRUNCATED_AT_EOL,1,649,0,0.0,0,0.000e+00,487.0,0.7503852080123267,547.7296482412061,0.8439593963654947,464.93255929093795,0.7163829881216301,-5.979944020791154e-07,0.2172573189522342,0.20891417343088753,-0.2518758401501238,0.2172573189522342,0.20891417343088378,649.0,649,1.022216243048509,0.7988480230172476,0.0003447040432581197,487.0,0.7503852080123267,547.7296482412061,0.8439593963654947,464.93255929093795,0.7163829881216301,-5.979944020791154e-07,0.2172573189522342,0.20891417343088753,-0.2518758401501238,0.2172573189522342,0.20891417343088378,649.0,649,1.022216243048509,0.7988480230172476,0.0003447040432581197
Stanford_2,Stanford_Nova_Regular_182.pkl,NMC,684,TRUNCATED_AT_EOL,1,684,0,0.0,0,0.000e+00,256.0,0.3742690058479532,580.005527638191,0.8479612977166535,487.1775403675749,0.7122478660344662,-5.449333095324834e-07,0.23976608187134502,0.21326701212918986,-0.25495031846462934,0.23976608187134502,0.21326701212919674,684.0,684,1.0191628088553748,0.7996599500377973,0.00032138046679001096,256.0,0.3742690058479532,580.005527638191,0.8479612977166535,487.1775403675749,0.7122478660344662,-5.449333095324834e-07,0.23976608187134502,0.21326701212918986,-0.25495031846462934,0.23976608187134502,0.21326701212919674,684.0,684,1.0191628088553748,0.7996599500377973,0.00032138046679001096
Stanford_2,Stanford_Nova_Regular_183.pkl,NMC,573,TRUNCATED_AT_EOL,1,573,0,0.0,0,0.000e+00,249.0,0.43455497382198954,467.5105527638191,0.8158997430433143,421.04335625749945,0.7348051592626518,-8.813872027131215e-07,0.21465968586387435,0.1713104750277791,-0.28938497887959674,0.21465968586387435,0.17131047502777985,573.0,573,1.0249889766176543,0.798787424961726,0.0003954572581397349,249.0,0.43455497382198954,467.5105527638191,0.8158997430433143,421.04335625749945,0.7348051592626518,-8.813872027131215e-07,0.21465968586387435,0.1713104750277791,-0.28938497887959674,0.21465968586387435,0.17131047502777985,573.0,573,1.0249889766176543,0.798787424961726,0.0003954572581397349
Stanford_2,Stanford_Nova_Regular_184.pkl,NMC,763,TRUNCATED_AT_EOL,1,763,0,0.0,0,0.000e+00,58.0,0.07601572739187418,524.4442211055277,0.6873449817896825,523.2622145763441,0.6857958251328232,-3.9081977912227624e-07,0.16120576671035386,0.25380900147358926,-0.22752315999183642,0.16120576671035386,0.2538090014735881,763.0,763,1.0168664157390594,0.7988587021827698,0.00028609936162242737,58.0,0.07601572739187418,524.4442211055277,0.6873449817896825,523.2622145763441,0.6857958251328232,-3.9081977912227624e-07,0.16120576671035386,0.25380900147358926,-0.22752315999183642,0.16120576671035386,0.2538090014735881,763.0,763,1.0168664157390594,0.7988587021827698,0.00028609936162242737
Stanford_2,Stanford_Nova_Regular_185.pkl,NMC,638,TRUNCATED_AT_EOL,1,638,0,0.0,0,0.000e+00,51.0,0.07993730407523511,346.3884422110553,0.5429285928072967,390.72352016647307,0.6124193106057572,-7.452889082387215e-07,0.1536050156739812,0.1906973908829923,-0.3033653783651231,0.1536050156739812,0.19069739088299248,638.0,638,1.0239927098155022,0.7997221623857816,0.0003520730728881013,51.0,0.07993730407523511,346.3884422110553,0.5429285928072967,390.72352016647307,0.6124193106057572,-7.452889082387215e-07,0.1536050156739812,0.1906973908829923,-0.3033653783651231,0.1536050156739812,0.19069739088299248,638.0,638,1.0239927098155022,0.7997221623857816,0.0003520730728881013
Stanford_2,Stanford_Nova_Regular_186.pkl,NMC,694,TRUNCATED_AT_EOL,1,694,0,0.0,0,0.000e+00,285.0,0.4106628242074928,438.0427135678392,0.6311854662360795,464.4136458135243,0.6691839276851935,-6.077153333813718e-07,0.08357348703170028,0.21250542025177618,-0.2926975823084704,0.08357348703170028,0.21250542025177688,694.0,694,1.0279764110843341,0.7967056085666021,0.0003337241017571891,285.0,0.4106628242074928,438.0427135678392,0.6311854662360795,464.4136458135243,0.6691839276851935,-6.077153333813718e-07,0.08357348703170028,0.21250542025177618,-0.2926975823084704,0.08357348703170028,0.21250542025177688,694.0,694,1.0279764110843341,0.7967056085666021,0.0003337241017571891
Stanford_2,Stanford_Nova_Regular_187.pkl,NMC,572,TRUNCATED_AT_EOL,1,572,0,0.0,0,0.000e+00,291.0,0.5087412587412588,487.35427135678395,0.8520179569174544,428.4367931442472,0.7490153726298028,-8.172218434506834e-07,0.23426573426573427,0.214128820615597,-0.26738191162757097,0.23426573426573427,0.21412882061559654,572.0,572,1.0320518786708515,0.7987964277466139,0.00040850341667992575,291.0,0.5087412587412588,487.35427135678395,0.8520179569174544,428.4367931442472,0.7490153726298028,-8.172218434506834e-07,0.23426573426573427,0.214128820615597,-0.26738191162757097,0.23426573426573427,0.21412882061559654,572.0,572,1.0320518786708515,0.7987964277466139,0.00040850341667992575
Stanford_2,Stanford_Nova_Regular_188.pkl,NMC,647,TRUNCATED_AT_EOL,1,647,0,0.0,0,0.000e+00,124.0,0.19165378670788252,447.356783919598,0.6914324326423462,450.8158238440537,0.696778707641505,-6.580752365006719e-07,0.16228748068006182,0.1869782226292674,-0.27547621667630706,0.16228748068006182,0.18697822262927205,647.0,647,1.0265732184052467,0.7981441294153532,0.00035360540091314795,124.0,0.19165378670788252,447.356783919598,0.6914324326423462,450.8158238440537,0.696778707641505,-6.580752365006719e-07,0.16228748068006182,0.1869782226292674,-0.27547621667630706,0.16228748068006182,0.18697822262927205,647.0,647,1.0265732184052467,0.7981441294153532,0.00035360540091314795
Stanford_2,Stanford_Nova_Regular_189.pkl,NMC,670,TRUNCATED_AT_EOL,1,670,0,0.0,0,0.000e+00,222.0,0.33134328358208953,390.6336683417086,0.5830353258831471,461.08352920129914,0.6881843719422375,-5.499476270636031e-07,0.1582089552238806,0.23291645868483205,-0.24687148978885204,0.1582089552238806,0.23291645868482935,670.0,670,1.0156591733296714,0.7977128028869629,0.0003257793280160067,222.0,0.33134328358208953,390.6336683417086,0.5830353258831471,461.08352920129914,0.6881843719422375,-5.499476270636031e-07,0.1582089552238806,0.23291645868483205,-0.24687148978885204,0.1582089552238806,0.23291645868482935,670.0,670,1.0156591733296714,0.7977128028869629,0.0003257793280160067
Stanford_2,Stanford_Nova_Regular_190.pkl,NMC,652,TRUNCATED_AT_EOL,1,652,0,0.0,0,0.000e+00,487.0,0.7469325153374233,555.4949748743719,0.851986157782779,494.3695638994924,0.7582355274532092,-6.282191505130758e-07,0.20552147239263804,0.20822407790276823,-0.26705847375971165,0.20552147239263804,0.20822407790276892,652.0,652,1.0325939704974494,0.7994866619507472,0.00035807574277527213,487.0,0.7469325153374233,555.4949748743719,0.851986157782779,494.3695638994924,0.7582355274532092,-6.282191505130758e-07,0.20552147239263804,0.20822407790276823,-0.26705847375971165,0.20552147239263804,0.20822407790276892,652.0,652,1.0325939704974494,0.7994866619507472,0.00035807574277527213
Stanford_2,Stanford_Nova_Regular_191.pkl,NMC,665,TRUNCATED_AT_EOL,1,665,0,0.0,0,0.000e+00,286.0,0.43007518796992483,577.2452261306534,0.8680379340310577,498.4361975590709,0.7495281166301818,-5.405971164822451e-07,0.22706766917293233,0.22188556642490814,-0.23906555983636135,0.22706766917293233,0.22188556642491272,665.0,665,1.0163461168607077,0.7955164338151615,0.00033257482386377454,286.0,0.43007518796992483,577.2452261306534,0.8680379340310577,498.4361975590709,0.7495281166301818,-5.405971164822451e-07,0.22706766917293233,0.22188556642490814,-0.23906555983636135,0.22706766917293233,0.22188556642491272,665.0,665,1.0163461168607077,0.7955164338151615,0.00033257482386377454
Stanford_2,Stanford_Nova_Regular_192.pkl,NMC,621,TRUNCATED_AT_EOL,1,621,0,0.0,0,0.000e+00,493.0,0.7938808373590982,421.91457286432166,0.679411550506154,436.4057766873153,0.7027468223628266,-7.100910379424984e-07,0.1497584541062802,0.19580919971403074,-0.27384021796318275,0.1497584541062802,0.19580919971402827,621.0,621,1.0174382477998734,0.7961127286156019,0.00035697664384559913,493.0,0.7938808373590982,421.91457286432166,0.679411550506154,436.4057766873153,0.7027468223628266,-7.100910379424984e-07,0.1497584541062802,0.19580919971403074,-0.27384021796318275,0.1497584541062802,0.19580919971402827,621.0,621,1.0174382477998734,0.7961127286156019,0.00035697664384559913
Stanford_2,Stanford_Nova_Regular_193.pkl,NMC,612,TRUNCATED_AT_EOL,1,612,0,0.0,0,0.000e+00,505.0,0.8251633986928104,511.59949748743725,0.8359468913193419,449.76267669594216,0.7349063344704937,-7.075905395472695e-07,0.19934640522875818,0.2220974955062702,-0.26502379104419327,0.19934640522875818,0.22209749550626762,612.0,612,1.0247878109415374,0.799783505499363,0.0003682558190542953,505.0,0.8251633986928104,511.59949748743725,0.8359468913193419,449.76267669594216,0.7349063344704937,-7.075905395472695e-07,0.19934640522875818,0.2220974955062702,-0.26502379104419327,0.19934640522875818,0.22209749550626762,612.0,612,1.0247878109415374,0.799783505499363,0.0003682558190542953
Stanford_2,Stanford_Nova_Regular_194.pkl,NMC,621,TRUNCATED_AT_EOL,1,621,0,0.0,0,0.000e+00,490.0,0.789049919484702,499.1809045226131,0.8038339847385074,442.02382743026345,0.7117936029472841,-7.431457905066325e-07,0.18840579710144928,0.20747555529186515,-0.28658748579676974,0.18840579710144928,0.2074755552918647,621.0,621,1.032522941629092,0.797538086771965,0.00037900783041472087,490.0,0.789049919484702,499.1809045226131,0.8038339847385074,442.02382743026345,0.7117936029472841,-7.431457905066325e-07,0.18840579710144928,0.20747555529186515,-0.28658748579676974,0.18840579710144928,0.2074755552918647,621.0,621,1.032522941629092,0.797538086771965,0.00037900783041472087
Stanford_2,Stanford_Nova_Regular_195.pkl,NMC,603,TRUNCATED_AT_EOL,1,603,0,0.0,0,0.000e+00,289.0,0.4792703150912106,470.19698492462317,0.7797628274040185,444.29703074837505,0.7368109962659619,-8.464302543124366e-07,0.15422885572139303,0.19555645481109996,-0.3077696583402894,0.15422885572139303,0.19555645481110015,603.0,603,1.024263290067514,0.7989939302206039,0.000374201594430083,289.0,0.4792703150912106,470.19698492462317,0.7797628274040185,444.29703074837505,0.7368109962659619,-8.464302543124366e-07,0.15422885572139303,0.19555645481109996,-0.3077696583402894,0.15422885572139303,0.19555645481110015,603.0,603,1.024263290067514,0.7989939302206039,0.000374201594430083
Stanford_2,Stanford_Nova_Regular_196.pkl,NMC,647,TRUNCATED_AT_EOL,1,647,0,0.0,0,0.000e+00,529.0,0.8176197836166924,551.2361809045227,0.8519879148447028,481.85375833910416,0.7447507856864052,-5.247514375199693e-07,0.20865533230293662,0.25952279289352115,-0.2196656745087948,0.20865533230293662,0.25952279289352825,647.0,647,1.0143318523963294,0.7987096284826597,0.0003337805323741017,529.0,0.8176197836166924,551.2361809045227,0.8519879148447028,481.85375833910416,0.7447507856864052,-5.247514375199693e-07,0.20865533230293662,0.25952279289352115,-0.2196656745087948,0.20865533230293662,0.25952279289352825,647.0,647,1.0143318523963294,0.7987096284826597,0.0003337805323741017
Stanford_2,Stanford_Nova_Regular_198.pkl,NMC,556,TRUNCATED_AT_EOL,1,556,0,0.0,0,0.000e+00,147.0,0.2643884892086331,442.48994974874375,0.79584523336105,421.90548591970907,0.7588228164023544,-9.860242788009043e-07,0.1510791366906475,0.16751869067394234,-0.3048156014513949,0.1510791366906475,0.16751869067394687,556.0,556,1.0218254600962005,0.7996315136551857,0.00040034945304687344,147.0,0.2643884892086331,442.48994974874375,0.79584523336105,421.90548591970907,0.7588228164023544,-9.860242788009043e-07,0.1510791366906475,0.16751869067394234,-0.3048156014513949,0.1510791366906475,0.16751869067394687,556.0,556,1.0218254600962005,0.7996315136551857,0.00040034945304687344
Stanford_2,Stanford_Nova_Regular_199.pkl,NMC,606,TRUNCATED_AT_EOL,1,606,0,0.0,0,0.000e+00,289.0,0.4768976897689769,474.9673366834171,0.7837744829759358,460.2827327479472,0.759542463280441,-8.200388954560436e-07,0.11551155115511551,0.18630751661702297,-0.30114780381169987,0.11551155115511551,0.18630751661701936,606.0,606,1.025619668265184,0.7991277302304904,0.0003743668397267661,289.0,0.4768976897689769,474.9673366834171,0.7837744829759358,460.2827327479472,0.759542463280441,-8.200388954560436e-07,0.11551155115511551,0.18630751661702297,-0.30114780381169987,0.11551155115511551,0.18630751661701936,606.0,606,1.025619668265184,0.7991277302304904,0.0003743668397267661
Stanford_2,Stanford_Nova_Regular_200.pkl,NMC,572,TRUNCATED_AT_EOL,1,572,0,0.0,0,0.000e+00,491.0,0.8583916083916084,496.53618090452267,0.868070246336578,438.60646463748134,0.7667945185969953,-7.037510072731212e-07,0.23426573426573427,0.2380446702731722,-0.2302560695636489,0.23426573426573427,0.2380446702731718,572.0,572,1.0190203785896301,0.7998674487074217,0.0003838054814049185,491.0,0.8583916083916084,496.53618090452267,0.868070246336578,438.60646463748134,0.7667945185969953,-7.037510072731212e-07,0.23426573426573427,0.2380446702731722,-0.2302560695636489,0.23426573426573427,0.2380446702731718,572.0,572,1.0190203785896301,0.7998674487074217,0.0003838054814049185
Stanford_2,Stanford_Nova_Regular_201.pkl,NMC,669,TRUNCATED_AT_EOL,1,669,0,0.0,0,0.000e+00,186.0,0.27802690582959644,556.5477386934674,0.8319099233086209,503.54311626138383,0.7526802933652972,-5.509245242606611e-07,0.14798206278026907,0.2162051147748859,-0.2465723310026233,0.14798206278026907,0.21620511477488588,669.0,669,1.0222608223557472,0.7983376582463583,0.0003352143175290254,186.0,0.27802690582959644,556.5477386934674,0.8319099233086209,503.54311626138383,0.7526802933652972,-5.509245242606611e-07,0.14798206278026907,0.2162051147748859,-0.2465723310026233,0.14798206278026907,0.21620511477488588,669.0,669,1.0222608223557472,0.7983376582463583,0.0003352143175290254
Stanford_2,Stanford_Nova_Regular_202.pkl,NMC,613,TRUNCATED_AT_EOL,1,613,0,0.0,0,0.000e+00,289.0,0.47145187601957583,524.7366834170855,0.8560141654438589,464.13914493724985,0.7571601059335235,-6.261843187145404e-07,0.17128874388254486,0.2457789606846193,-0.2353006552590443,0.17128874388254486,0.24577896068461946,613.0,613,1.0232803722222648,0.7998840883374214,0.0003650266076549728,289.0,0.47145187601957583,524.7366834170855,0.8560141654438589,464.13914493724985,0.7571601059335235,-6.261843187145404e-07,0.17128874388254486,0.2457789606846193,-0.2353006552590443,0.17128874388254486,0.24577896068461946,613.0,613,1.0232803722222648,0.7998840883374214,0.0003650266076549728
Stanford_2,Stanford_Nova_Regular_203.pkl,NMC,642,TRUNCATED_AT_EOL,1,642,0,0.0,0,0.000e+00,487.0,0.7585669781931464,523.7854271356784,0.8158651513016798,475.86547242255415,0.7412234772936981,-6.747628378344316e-07,0.16822429906542055,0.18477472166047126,-0.27811295029319333,0.16822429906542055,0.18477472166047207,642.0,642,1.037945660452048,0.7999705150723457,0.00037125607703541704,487.0,0.7585669781931464,523.7854271356784,0.8158651513016798,475.86547242255415,0.7412234772936981,-6.747628378344316e-07,0.16822429906542055,0.18477472166047126,-0.27811295029319333,0.16822429906542055,0.18477472166047207,642.0,642,1.037945660452048,0.7999705150723457,0.00037125607703541704
Stanford_2,Stanford_Nova_Regular_204.pkl,NMC,587,TRUNCATED_AT_EOL,1,587,0,0.0,0,0.000e+00,290.0,0.4940374787052811,497.77487437185937,0.8479980824052119,437.653985284877,0.7455774877084788,-7.148833692465352e-07,0.21976149914821125,0.21497025972743056,-0.24632664765790743,0.21976149914821125,0.2149702597274326,587.0,587,1.0206845899422965,0.7969651992122333,0.000381773704317514,290.0,0.4940374787052811,497.77487437185937,0.8479980824052119,437.653985284877,0.7455774877084788,-7.148833692465352e-07,0.21976149914821125,0.21497025972743056,-0.24632664765790743,0.21976149914821125,0.2149702597274326,587.0,587,1.0206845899422965,0.7969651992122333,0.000381773704317514
Stanford_2,Stanford_Nova_Regular_205.pkl,NMC,714,TRUNCATED_AT_EOL,1,714,0,0.0,0,0.000e+00,384.0,0.5378151260504201,545.2447236180905,0.7636480722942444,508.3630556223445,0.7119930751013228,-6.091907510046525e-07,0.19887955182072828,0.18492095223441787,-0.3105630080991723,0.19887955182072828,0.18492095223441926,714.0,714,1.0463895897070568,0.7979173213243484,0.0003484884549547101,384.0,0.5378151260504201,545.2447236180905,0.7636480722942444,508.3630556223445,0.7119930751013228,-6.091907510046525e-07,0.19887955182072828,0.18492095223441787,-0.3105630080991723,0.19887955182072828,0.18492095223441926,714.0,714,1.0463895897070568,0.7979173213243484,0.0003484884549547101
Stanford_2,Stanford_Nova_Regular_206.pkl,NMC,718,TRUNCATED_AT_EOL,1,718,0,0.0,0,0.000e+00,484.0,0.6740947075208914,574.2396984924624,0.7997767388474406,519.9907614929483,0.7242211162854433,-4.7649628483392546e-07,0.181058495821727,0.24697459347858947,-0.24564527074272513,0.181058495821727,0.24697459347859313,718.0,718,1.0222403953472774,0.799352303147316,0.00031086205327749154,484.0,0.6740947075208914,574.2396984924624,0.7997767388474406,519.9907614929483,0.7242211162854433,-4.7649628483392546e-07,0.181058495821727,0.24697459347858947,-0.24564527074272513,0.181058495821727,0.24697459347859313,718.0,718,1.0222403953472774,0.799352303147316,0.00031086205327749154
Stanford_2,Stanford_Nova_Regular_207.pkl,NMC,682,TRUNCATED_AT_EOL,1,682,0,0.0,0,0.000e+00,512.0,0.750733137829912,520.8185929648241,0.7636636260481292,492.92931705654155,0.7227702596136973,-5.330820566610776e-07,0.12316715542521994,0.2583569720762416,-0.24794925852242605,0.12316715542521994,0.25835697207624375,682.0,682,1.025706467529138,0.7997673004865646,0.0003317755756865983,512.0,0.750733137829912,520.8185929648241,0.7636636260481292,492.92931705654155,0.7227702596136973,-5.330820566610776e-07,0.12316715542521994,0.2583569720762416,-0.24794925852242605,0.12316715542521994,0.25835697207624375,682.0,682,1.025706467529138,0.7997673004865646,0.0003317755756865983
Stanford_2,Stanford_Nova_Regular_208.pkl,NMC,629,TRUNCATED_AT_EOL,1,629,0,0.0,0,0.000e+00,496.0,0.7885532591414944,538.4291457286432,0.8560081808086538,439.604897799943,0.6988949090619125,-6.8284664772927e-07,0.246422893481717,0.18675305129923753,-0.27016213055425475,0.246422893481717,0.18675305129923797,629.0,629,1.0255917285879455,0.7971779132882755,0.00036371626640074834,496.0,0.7885532591414944,538.4291457286432,0.8560081808086538,439.604897799943,0.6988949090619125,-6.8284664772927e-07,0.246422893481717,0.18675305129923753,-0.27016213055425475,0.246422893481717,0.18675305129923797,629.0,629,1.0255917285879455,0.7971779132882755,0.00036371626640074834
Stanford_2,Stanford_Nova_Regular_209.pkl,NMC,618,TRUNCATED_AT_EOL,1,618,0,0.0,0,0.000e+00,50.0,0.08090614886731391,452.12311557788945,0.73159080190597,429.9231991699922,0.6956686070711847,-9.038904301185791e-07,0.1423948220064725,0.1522527900981966,-0.3452174486326099,0.1423948220064725,0.1522527900981996,618.0,618,1.0325390845537186,0.7990435386697452,0.0003784368652900703,50.0,0.08090614886731391,452.12311557788945,0.73159080190597,429.9231991699922,0.6956686070711847,-9.038904301185791e-07,0.1423948220064725,0.1522527900981966,-0.3452174486326099,0.1423948220064725,0.1522527900981996,618.0,618,1.0325390845537186,0.7990435386697452,0.0003784368652900703
Stanford_2,Stanford_Nova_Regular_210.pkl,NMC,631,TRUNCATED_AT_EOL,1,631,0,0.0,0,0.000e+00,67.0,0.10618066561014262,522.4120603015075,0.8279113475459706,461.51834524084325,0.7314078371487215,-6.665215983090241e-07,0.21394611727416799,0.17966210769748975,-0.26538290610432047,0.21394611727416799,0.17966210769749327,631.0,631,1.0079059128959975,0.7982262720664343,0.00033282482671359245,67.0,0.10618066561014262,522.4120603015075,0.8279113475459706,461.51834524084325,0.7314078371487215,-6.665215983090241e-07,0.21394611727416799,0.17966210769748975,-0.26538290610432047,0.21394611727416799,0.17966210769749327,631.0,631,1.0079059128959975,0.7982262720664343,0.00033282482671359245
Stanford_2,Stanford_Nova_Regular_211.pkl,NMC,722,TRUNCATED_AT_EOL,1,722,0,0.0,0,0.000e+00,383.0,0.5304709141274239,620.9150753768845,0.8599931791923607,526.1480898218894,0.7287369665123121,-4.358617936202652e-07,0.1883656509695291,0.25948606610016567,-0.2272077792255423,0.1883656509695291,0.25948606610016317,722.0,722,1.0332406808932624,0.799575075507164,0.00032408544436352064,383.0,0.5304709141274239,620.9150753768845,0.8599931791923607,526.1480898218894,0.7287369665123121,-4.358617936202652e-07,0.1883656509695291,0.25948606610016567,-0.2272077792255423,0.1883656509695291,0.25948606610016317,722.0,722,1.0332406808932624,0.799575075507164,0.00032408544436352064
Stanford_2,Stanford_Nova_Regular_212.pkl,NMC,672,TRUNCATED_AT_EOL,1,672,0,0.0,0,0.000e+00,386.0,0.5744047619047619,540.1603015075377,0.8038099724814549,487.92347984651303,0.726076606914454,-5.150302666427589e-07,0.17857142857142858,0.22896643297983016,-0.23257942793160086,0.17857142857142858,0.22896643297982794,672.0,672,1.0184151430924735,0.797508346537749,0.000329220263121795,386.0,0.5744047619047619,540.1603015075377,0.8038099724814549,487.92347984651303,0.726076606914454,-5.150302666427589e-07,0.17857142857142858,0.22896643297983016,-0.23257942793160086,0.17857142857142858,0.22896643297982794,672.0,672,1.0184151430924735,0.797508346537749,0.000329220263121795
Stanford_2,Stanford_Nova_Regular_213.pkl,NMC,613,TRUNCATED_AT_EOL,1,613,0,0.0,0,0.000e+00,289.0,0.47145187601957583,495.21306532663317,0.8078516563240346,450.18817853510393,0.7344015963052266,-7.133667741998692e-07,0.18433931484502447,0.21519684885200646,-0.26806111937431054,0.18433931484502447,0.2151968488520083,613.0,613,1.024460606276989,0.7993874450524648,0.000367766603308046,289.0,0.47145187601957583,495.21306532663317,0.8078516563240346,450.18817853510393,0.7344015963052266,-7.133667741998692e-07,0.18433931484502447,0.21519684885200646,-0.26806111937431054,0.18433931484502447,0.2151968488520083,613.0,613,1.024460606276989,0.7993874450524648,0.000367766603308046
Stanford_2,Stanford_Nova_Regular_214.pkl,NMC,885,TRUNCATED_AT_EOL,1,885,0,0.0,0,0.000e+00,64.0,0.07231638418079096,633.1266331658292,0.7153973256111064,631.3453251819375,0.713384548228178,-2.7488262580276884e-07,0.11412429378531073,0.2852553716801202,-0.21529494459437837,0.11412429378531073,0.2852553716801305,885.0,885,1.0237726693352065,0.7964342211683592,0.0002571701902339902,64.0,0.07231638418079096,633.1266331658292,0.7153973256111064,631.3453251819375,0.713384548228178,-2.7488262580276884e-07,0.11412429378531073,0.2852553716801202,-0.21529494459437837,0.11412429378531073,0.2852553716801305,885.0,885,1.0237726693352065,0.7964342211683592,0.0002571701902339902
Stanford_2,Stanford_Nova_Regular_215.pkl,NMC,749,TRUNCATED_AT_EOL,1,749,0,0.0,0,0.000e+00,57.0,0.07610146862483311,556.9256281407036,0.7435589160757057,547.6379085285321,0.7311587563798826,-4.5615801167744034e-07,0.15353805073431243,0.21380502875965413,-0.25590510070905753,0.15353805073431243,0.21380502875965507,749.0,749,1.0211794326702754,0.797505055864652,0.00029902991551553933,57.0,0.07610146862483311,556.9256281407036,0.7435589160757057,547.6379085285321,0.7311587563798826,-4.5615801167744034e-07,0.15353805073431243,0.21380502875965413,-0.25590510070905753,0.15353805073431243,0.21380502875965507,749.0,749,1.0211794326702754,0.797505055864652,0.00029902991551553933
Stanford_2,Stanford_Nova_Regular_216.pkl,NMC,805,TRUNCATED_AT_EOL,1,805,0,0.0,0,0.000e+00,60.0,0.07453416149068323,540.3668341708543,0.6712631480383283,546.2805165361511,0.678609337311989,-3.607565186092783e-07,0.0782608695652174,0.24437186313721806,-0.23377924297177738,0.0782608695652174,0.24437186313721754,805.0,805,1.0153447588284812,0.7995167747139931,0.0002684427663115524,60.0,0.07453416149068323,540.3668341708543,0.6712631480383283,546.2805165361511,0.678609337311989,-3.607565186092783e-07,0.0782608695652174,0.24437186313721806,-0.23377924297177738,0.0782608695652174,0.24437186313721754,805.0,805,1.0153447588284812,0.7995167747139931,0.0002684427663115524
Stanford_2,Stanford_Nova_Regular_217.pkl,NMC,640,TRUNCATED_AT_EOL,1,640,0,0.0,0,0.000e+00,67.0,0.1046875,573.5311557788945,0.8961424309045226,475.8477143100668,0.7435120536094794,-4.739196363165988e-07,0.184375,0.27907590294426665,-0.19411748303527687,0.184375,0.27907590294426216,640.0,640,1.0235800097386043,0.7979105537136396,0.0003531603380672374,67.0,0.1046875,573.5311557788945,0.8961424309045226,475.8477143100668,0.7435120536094794,-4.739196363165988e-07,0.184375,0.27907590294426665,-0.19411748303527687,0.184375,0.27907590294426216,640.0,640,1.0235800097386043,0.7979105537136396,0.0003531603380672374
Stanford_2,Stanford_Nova_Regular_219.pkl,NMC,597,TRUNCATED_AT_EOL,1,597,0,0.0,0,0.000e+00,496.0,0.830820770519263,494.2723618090452,0.8279269042027558,431.6900197732,0.7230988605916248,-6.991001307976115e-07,0.21608040201005024,0.24894411303928674,-0.2491655785174437,0.21608040201005024,0.24894411303929054,597.0,597,1.021920827527841,0.7996852820118269,0.00037287843207384935,496.0,0.830820770519263,494.2723618090452,0.8279269042027558,431.6900197732,0.7230988605916248,-6.991001307976115e-07,0.21608040201005024,0.24894411303928674,-0.2491655785174437,0.21608040201005024,0.24894411303929054,597.0,597,1.021920827527841,0.7996852820118269,0.00037287843207384935
Stanford_2,Stanford_Nova_Regular_220.pkl,NMC,736,TRUNCATED_AT_EOL,1,736,0,0.0,0,0.000e+00,585.0,0.7948369565217391,594.5402010050251,0.807799186148132,528.8923617747269,0.7186037524113137,-5.642457091585993e-07,0.20108695652173914,0.17375058974321758,-0.3056496436683769,0.20108695652173914,0.17375058974321694,736.0,736,1.030597525338332,0.7997820153832436,0.00031403470742188895,585.0,0.7948369565217391,594.5402010050251,0.807799186148132,528.8923617747269,0.7186037524113137,-5.642457091585993e-07,0.20108695652173914,0.17375058974321758,-0.3056496436683769,0.20108695652173914,0.17375058974321694,736.0,736,1.030597525338332,0.7997820153832436,0.00031403470742188895
Stanford_2,Stanford_Nova_Regular_221.pkl,NMC,596,TRUNCATED_AT_EOL,1,596,0,0.0,0,0.000e+00,450.0,0.7550335570469798,397.7663316582915,0.6673931739233079,407.5315317610986,0.6837777378541923,-7.816049104279401e-07,0.21476510067114093,0.1469095848187254,-0.27763856986256924,0.21476510067114093,0.1469095848187257,596.0,596,1.0270781815052032,0.7984159514307976,0.00038430626903261455,450.0,0.7550335570469798,397.7663316582915,0.6673931739233079,407.5315317610986,0.6837777378541923,-7.816049104279401e-07,0.21476510067114093,0.1469095848187254,-0.27763856986256924,0.21476510067114093,0.1469095848187257,596.0,596,1.0270781815052032,0.7984159514307976,0.00038430626903261455
Stanford_2,Stanford_Nova_Regular_222.pkl,NMC,646,TRUNCATED_AT_EOL,1,646,0,0.0,0,0.000e+00,287.0,0.44427244582043346,467.40954773869345,0.723544191545965,461.41625519749755,0.7142666489125349,-6.720661665280506e-07,0.14860681114551083,0.19231662174417252,-0.2804639643508179,0.14860681114551083,0.1923166217441706,646.0,646,1.0280023018519084,0.799681122104327,0.0003539863251900488,287.0,0.44427244582043346,467.40954773869345,0.723544191545965,461.41625519749755,0.7142666489125349,-6.720661665280506e-07,0.14860681114551083,0.19231662174417252,-0.2804639643508179,0.14860681114551083,0.1923166217441706,646.0,646,1.0280023018519084,0.799681122104327,0.0003539863251900488
Stanford_2,Stanford_Nova_Regular_223.pkl,NMC,886,TRUNCATED_AT_EOL,1,886,0,0.0,0,0.000e+00,64.0,0.07223476297968397,722.786432160804,0.8157860408135486,620.9164208734727,0.7008086014373281,-3.2745316580197755e-07,0.255079006772009,0.1776423074507397,-0.25704942534188646,0.255079006772009,0.1776423074507406,886.0,886,1.025660832722982,0.7999115313092868,0.00025508395639965546,64.0,0.07223476297968397,722.786432160804,0.8157860408135486,620.9164208734727,0.7008086014373281,-3.2745316580197755e-07,0.255079006772009,0.1776423074507397,-0.25704942534188646,0.255079006772009,0.1776423074507406,886.0,886,1.025660832722982,0.7999115313092868,0.00025508395639965546
Stanford_2,Stanford_Nova_Regular_224.pkl,NMC,1004,TRUNCATED_AT_EOL,1,1004,0,0.0,0,0.000e+00,875.0,0.8715139442231076,581.127135678392,0.5788118881258885,650.5312254569803,0.6479394675866338,-1.912144769299251e-07,0.1394422310756972,0.3270658613652084,-0.1927472521769936,0.1394422310756972,0.32706586136520566,1004.0,1004,1.0115944469968479,0.7992192481954893,0.0002117399788647643,875.0,0.8715139442231076,581.127135678392,0.5788118881258885,650.5312254569803,0.6479394675866338,-1.912144769299251e-07,0.1394422310756972,0.3270658613652084,-0.1927472521769936,0.1394422310756972,0.32706586136520566,1004.0,1004,1.0115944469968479,0.7992192481954893,0.0002117399788647643
Stanford_2,Stanford_Nova_Regular_225.pkl,NMC,859,TRUNCATED_AT_EOL,1,859,0,0.0,0,0.000e+00,725.0,0.8440046565774156,731.8090452261307,0.8519313681328646,602.3070585918205,0.7011723615737142,-2.91763504243632e-07,0.2759022118742724,0.2765052842702334,-0.215286746274795,0.2759022118742724,0.27650528427023424,859.0,859,1.015995132426421,0.7992216075460117,0.00025264979589791287,725.0,0.8440046565774156,731.8090452261307,0.8519313681328646,602.3070585918205,0.7011723615737142,-2.91763504243632e-07,0.2759022118742724,0.2765052842702334,-0.215286746274795,0.2759022118742724,0.27650528427023424,859.0,859,1.015995132426421,0.7992216075460117,0.00025264979589791287
Stanford_2,Stanford_Nova_Regular_226.pkl,NMC,824,TRUNCATED_AT_EOL,1,824,0,0.0,0,0.000e+00,61.0,0.07402912621359223,553.1130653266332,0.6712537200565937,550.2791509856424,0.6678145036233525,-3.831265467708828e-07,0.10679611650485436,0.24400387285808184,-0.26013373022030845,0.10679611650485436,0.2440038728580813,824.0,824,1.028543586532275,0.7978986327846845,0.00028024903250010986,61.0,0.07402912621359223,553.1130653266332,0.6712537200565937,550.2791509856424,0.6678145036233525,-3.831265467708828e-07,0.10679611650485436,0.24400387285808184,-0.26013373022030845,0.10679611650485436,0.2440038728580813,824.0,824,1.028543586532275,0.7978986327846845,0.00028024903250010986
Stanford_2,Stanford_Nova_Regular_227.pkl,NMC,910,TRUNCATED_AT_EOL,1,910,0,0.0,0,0.000e+00,790.0,0.8681318681318682,585.2266331658292,0.64310619029212,591.040344550921,0.6494948841218912,-2.1871247988200217e-07,0.13406593406593406,0.30864046738643147,-0.18111580459028592,0.13406593406593406,0.3086404673864352,910.0,910,1.0269389177362125,0.7969068363308907,0.00025306059560541454,790.0,0.8681318681318682,585.2266331658292,0.64310619029212,591.040344550921,0.6494948841218912,-2.1871247988200217e-07,0.13406593406593406,0.30864046738643147,-0.18111580459028592,0.13406593406593406,0.3086404673864352,910.0,910,1.0269389177362125,0.7969068363308907,0.00025306059560541454
Stanford_2,Stanford_Nova_Regular_228.pkl,NMC,918,TRUNCATED_AT_EOL,1,918,0,0.0,0,0.000e+00,873.0,0.9509803921568627,579.3090452261307,0.6310556048214931,621.4988848740634,0.6770140358105265,-2.3410238686278033e-07,0.2113289760348584,0.290811072914169,-0.19728369986655034,0.2113289760348584,0.2908110729141712,918.0,918,1.022819553812345,0.745893083512783,0.00030199178876724313,873.0,0.9509803921568627,579.3090452261307,0.6310556048214931,621.4988848740634,0.6770140358105265,-2.3410238686278033e-07,0.2113289760348584,0.290811072914169,-0.19728369986655034,0.2113289760348584,0.2908110729141712,918.0,918,1.022819553812345,0.745893083512783,0.00030199178876724313
Stanford_2,Stanford_Nova_Regular_229.pkl,NMC,834,TRUNCATED_AT_EOL,1,834,0,0.0,0,0.000e+00,78.0,0.09352517985611511,633.4939698492462,0.7595850957425014,594.6947829637882,0.7130632889254055,-3.3537493327644235e-07,0.24700239808153476,0.24209344129120772,-0.23327204709002547,0.24700239808153476,0.24209344129120655,834.0,834,1.0242450361450515,0.7969035456577938,0.0002729189561671761,78.0,0.09352517985611511,633.4939698492462,0.7595850957425014,594.6947829637882,0.7130632889254055,-3.3537493327644235e-07,0.24700239808153476,0.24209344129120772,-0.23327204709002547,0.24700239808153476,0.24209344129120655,834.0,834,1.0242450361450515,0.7969035456577938,0.0002729189561671761
Stanford_2,Stanford_Nova_Regular_230.pkl,NMC,881,TRUNCATED_AT_EOL,1,881,0,0.0,0,0.000e+00,700.0,0.7945516458569807,725.78391959799,0.8238182969330193,654.5173370361505,0.7429254676914308,-2.952839225078207e-07,0.264472190692395,0.28356695048176045,-0.2291878645775905,0.264472190692395,0.2835669504817604,881.0,881,1.0251636306444805,0.797423596183459,0.0002587954937057062,700.0,0.7945516458569807,725.78391959799,0.8238182969330193,654.5173370361505,0.7429254676914308,-2.952839225078207e-07,0.264472190692395,0.28356695048176045,-0.2291878645775905,0.264472190692395,0.2835669504817604,881.0,881,1.0251636306444805,0.797423596183459,0.0002587954937057062
Stanford_2,Stanford_Nova_Regular_269.pkl,NMC,890,TRUNCATED_AT_EOL,1,890,0,0.0,0,0.000e+00,827.0,0.9292134831460674,650.9974874371859,0.7314578510530179,631.7830905934019,0.7098686411161819,-3.4190719445464547e-07,0.16853932584269662,0.23870886788065784,-0.270824688727522,0.16853932584269662,0.2387088678806582,890.0,890,1.0291372736295066,0.7997040326396625,0.0002580801360965625,827.0,0.9292134831460674,650.9974874371859,0.7314578510530179,631.7830905934019,0.7098686411161819,-3.4190719445464547e-07,0.16853932584269662,0.23870886788065784,-0.270824688727522,0.16853932584269662,0.2387088678806582,890.0,890,1.0291372736295066,0.7997040326396625,0.0002580801360965625
Stanford_2,Stanford_Nova_Regular_270.pkl,NMC,1252,TRUNCATED_AT_EOL,1,1252,0,0.0,0,0.000e+00,1083.0,0.8650159744408946,654.1603015075377,0.5224922536002697,375.91699280313424,0.3002531891398836,-1.248951469118481e-07,-0.0463258785942492,0.3391537000215006,-0.19577364236490719,-0.0463258785942492,0.3391537000214996,1252.0,1252,1.0238470509648323,0.799277052283287,0.000179512389034009,1083.0,0.8650159744408946,654.1603015075377,0.5224922536002697,375.91699280313424,0.3002531891398836,-1.248951469118481e-07,-0.0463258785942492,0.3391537000215006,-0.19577364236490719,-0.0463258785942492,0.3391537000214996,1252.0,1252,1.0238470509648323,0.799277052283287,0.000179512389034009
Stanford_2,Stanford_Nova_Regular_271.pkl,NMC,946,TRUNCATED_AT_EOL,1,946,0,0.0,0,0.000e+00,694.0,0.733615221987315,722.3341708542714,0.7635667768015554,681.8908377504314,0.7208148390596526,-2.548354298126417e-07,0.09302325581395349,0.268845103753473,-0.2280563035062094,0.09302325581395349,0.26884510375347054,946.0,946,1.0393582905332248,0.7996703187624614,0.00025363806536588717,694.0,0.733615221987315,722.3341708542714,0.7635667768015554,681.8908377504314,0.7208148390596526,-2.548354298126417e-07,0.09302325581395349,0.268845103753473,-0.2280563035062094,0.09302325581395349,0.26884510375347054,946.0,946,1.0393582905332248,0.7996703187624614,0.00025363806536588717
Stanford_2,Stanford_Nova_Regular_272.pkl,NMC,999,TRUNCATED_AT_EOL,1,999,0,0.0,0,0.000e+00,776.0,0.7767767767767768,798.8984924623115,0.7996981906529645,715.442100271799,0.7161582585303293,-2.407005417494775e-07,0.1831831831831832,0.30233820693403174,-0.24021938136651708,0.1831831831831832,0.30233820693403607,999.0,999,1.0353022565444312,0.7983941584825516,0.00023738286378945854,776.0,0.7767767767767768,798.8984924623115,0.7996981906529645,715.442100271799,0.7161582585303293,-2.407005417494775e-07,0.1831831831831832,0.30233820693403174,-0.24021938136651708,0.1831831831831832,0.30233820693403607,999.0,999,1.0353022565444312,0.7983941584825516,0.00023738286378945854
Stanford_2,Stanford_Nova_Regular_273.pkl,NMC,841,TRUNCATED_AT_EOL,1,841,0,0.0,0,0.000e+00,695.0,0.8263971462544589,723.2311557788945,0.8599657024719316,615.9955051932451,0.732456010931326,-3.2676440027172136e-07,0.26040428061831156,0.2774822037404396,-0.2311142517885845,0.26040428061831156,0.2774822037404436,841.0,841,1.038573371867339,0.7994528859853745,0.00028466724509757673,695.0,0.8263971462544589,723.2311557788945,0.8599657024719316,615.9955051932451,0.732456010931326,-3.2676440027172136e-07,0.26040428061831156,0.2774822037404396,-0.2311142517885845,0.26040428061831156,0.2774822037404436,841.0,841,1.038573371867339,0.7994528859853745,0.00028466724509757673
Stanford_2,Stanford_Nova_Regular_274.pkl,NMC,819,TRUNCATED_AT_EOL,1,819,0,0.0,1,5.849e-02,660.0,0.8058608058608059,701.027135678392,0.8559549886183053,619.9231040121697,0.7569268669257261,-3.3163074836314094e-07,0.2673992673992674,0.2833960469518647,-0.22244497240281472,0.2673992673992674,0.2833960469518646,819.0,819,1.031512332459291,0.798259861767292,0.00028514971967237037,660.0,0.8058608058608059,697.7386934673367,0.8519397966634148,618.4745001616404,0.7551581198554829,-3.2689518395696453e-07,0.26495726495726496,0.2858013128986805,-0.21926854048616198,0.26495726495726496,0.2858013128986807,819.0,819,1.031512332459291,0.798259861767292,0.00028514971967237037
Stanford_2,Stanford_Nova_Regular_275.pkl,NMC,768,TRUNCATED_AT_EOL,1,768,0,0.0,0,0.000e+00,58.0,0.07552083333333333,685.1331658291458,0.8921004763400336,561.3187536508889,0.7308837938162616,-3.7332489071320107e-07,0.2604166666666667,0.2731620687901887,-0.22019598034002286,0.2604166666666667,0.27316206879018234,768.0,768,1.0350705434878669,0.7980638494094213,0.0003090048162691598,58.0,0.07552083333333333,685.1331658291458,0.8921004763400336,561.3187536508889,0.7308837938162616,-3.7332489071320107e-07,0.2604166666666667,0.2731620687901887,-0.22019598034002286,0.2604166666666667,0.27316206879018234,768.0,768,1.0350705434878669,0.7980638494094213,0.0003090048162691598
Stanford_2,Stanford_Nova_Regular_276.pkl,NMC,950,TRUNCATED_AT_EOL,1,950,0,0.0,0,0.000e+00,837.0,0.8810526315789474,580.4145728643216,0.6109627082782333,589.0202440676061,0.6200213095448485,-2.6275582892648756e-07,0.05052631578947368,0.27067659490196,-0.23713713560615293,0.05052631578947368,0.2706765949019599,950.0,950,1.0257247214516005,0.7999073714017868,0.00023795295052667412,837.0,0.8810526315789474,580.4145728643216,0.6109627082782333,589.0202440676061,0.6200213095448485,-2.6275582892648756e-07,0.05052631578947368,0.27067659490196,-0.23713713560615293,0.05052631578947368,0.2706765949019599,950.0,950,1.0257247214516005,0.7999073714017868,0.00023795295052667412
Stanford_2,Stanford_Nova_Regular_277.pkl,NMC,941,TRUNCATED_AT_EOL,1,941,0,0.0,0,0.000e+00,733.0,0.7789585547290117,771.4221105527638,0.81978970303163,701.232840902231,0.745199618387068,-2.632514731570883e-07,0.17534537725823593,0.29822037240938803,-0.23310417770261294,0.17534537725823593,0.29822037240938815,941.0,941,1.03997519860665,0.7993150502443314,0.00025602143442799867,733.0,0.7789585547290117,771.4221105527638,0.81978970303163,701.232840902231,0.745199618387068,-2.632514731570883e-07,0.17534537725823593,0.29822037240938803,-0.23310417770261294,0.17534537725823593,0.29822037240938815,941.0,941,1.03997519860665,0.7993150502443314,0.00025602143442799867
Stanford_2,Stanford_Nova_Regular_278.pkl,NMC,942,TRUNCATED_AT_EOL,1,942,0,0.0,0,0.000e+00,829.0,0.8800424628450106,632.2738693467337,0.671203682958316,631.8050416876022,0.6707059890526562,-3.242428276996962e-07,0.07643312101910828,0.21731777323891288,-0.2877214125589132,0.07643312101910828,0.21731777323891652,942.0,942,1.0327319304148357,0.7988572120666504,0.00024853848921167407,829.0,0.8800424628450106,632.2738693467337,0.671203682958316,631.8050416876022,0.6707059890526562,-3.242428276996962e-07,0.07643312101910828,0.21731777323891288,-0.2877214125589132,0.07643312101910828,0.21731777323891652,942.0,942,1.0327319304148357,0.7988572120666504,0.00024853848921167407
Stanford_2,Stanford_Nova_Regular_279.pkl,NMC,1087,TRUNCATED_AT_EOL,1,1087,0,0.0,0,0.000e+00,717.0,0.6596136154553818,764.4743718592965,0.7032882905789296,769.6790145606054,0.7080763703409434,-2.0752054069297986e-07,0.07267709291628335,0.28088611189036966,-0.24519983774606544,0.07267709291628335,0.2808861118903697,1087.0,1087,1.0363340998689334,0.7990550870696704,0.00021848896206193646,717.0,0.6596136154553818,764.4743718592965,0.7032882905789296,769.6790145606054,0.7080763703409434,-2.0752054069297986e-07,0.07267709291628335,0.28088611189036966,-0.24519983774606544,0.07267709291628335,0.2808861118903697,1087.0,1087,1.0363340998689334,0.7990550870696704,0.00021848896206193646
Stanford_2,Stanford_Nova_Regular_280.pkl,NMC,1177,TRUNCATED_AT_EOL,1,1177,0,0.0,0,0.000e+00,713.0,0.6057774001699235,761.5587939698493,0.6470338096600249,818.2048036317775,0.695161260519777,-1.8416397874947564e-07,0.15378079864061173,0.28126747237876015,-0.2551277005170305,0.15378079864061173,0.28126747237875294,1177.0,1177,1.040873924891154,0.7996136943499248,0.00020515325726295003,713.0,0.6057774001699235,761.5587939698493,0.6470338096600249,818.2048036317775,0.695161260519777,-1.8416397874947564e-07,0.15378079864061173,0.28126747237876015,-0.2551277005170305,0.15378079864061173,0.28126747237875294,1177.0,1177,1.040873924891154,0.7996136943499248,0.00020515325726295003
Stanford_2,Stanford_Nova_Regular_281.pkl,NMC,1133,TRUNCATED_AT_EOL,1,1133,0,0.0,0,0.000e+00,1016.0,0.8967343336275375,660.2904522613067,0.5827806286507561,633.0312458293555,0.5587213114116112,-1.7254346145158602e-07,-0.05383936451897617,0.29612363222208116,-0.22149214348732582,-0.05383936451897617,0.2961236322220835,1133.0,1133,1.0307999327778816,0.7998758926987648,0.00020399650183667564,1016.0,0.8967343336275375,660.2904522613067,0.5827806286507561,633.0312458293555,0.5587213114116112,-1.7254346145158602e-07,-0.05383936451897617,0.29612363222208116,-0.22149214348732582,-0.05383936451897617,0.2961236322220835,1133.0,1133,1.0307999327778816,0.7998758926987648,0.00020399650183667564
Stanford_2,Stanford_Nova_Regular_282.pkl,NMC,1053,TRUNCATED_AT_EOL,1,1053,0,0.0,0,0.000e+00,746.0,0.7084520417853751,757.4884422110553,0.7193622433153422,723.5203127069691,0.6871038107378624,-2.4826087443122407e-07,0.15859449192782527,0.23032398287523528,-0.2752738919172095,0.15859449192782527,0.23032398287523234,1053.0,1053,1.0293719669183097,0.7999083027243614,0.00021812135379652877,746.0,0.7084520417853751,757.4884422110553,0.7193622433153422,723.5203127069691,0.6871038107378624,-2.4826087443122407e-07,0.15859449192782527,0.23032398287523528,-0.2752738919172095,0.15859449192782527,0.23032398287523234,1053.0,1053,1.0293719669183097,0.7999083027243614,0.00021812135379652877
Stanford_2,Stanford_Nova_Regular_283.pkl,NMC,1039,TRUNCATED_AT_EOL,1,1039,0,0.0,0,0.000e+00,923.0,0.888354186717998,693.1738693467338,0.667154830940071,699.6504716936097,0.673388326942839,-1.9221612655232468e-07,0.12993262752646775,0.3143878112844597,-0.20750134515189247,0.12993262752646775,0.3143878112844585,1039.0,1039,1.0300392905871074,0.7982250303030014,0.0002233278037419133,923.0,0.888354186717998,693.1738693467338,0.667154830940071,699.6504716936097,0.673388326942839,-1.9221612655232468e-07,0.12993262752646775,0.3143878112844597,-0.20750134515189247,0.12993262752646775,0.3143878112844585,1039.0,1039,1.0300392905871074,0.7982250303030014,0.0002233278037419133
Stanford_2,Stanford_Nova_Regular_284.pkl,NMC,1142,TRUNCATED_AT_EOL,1,1142,0,0.0,0,0.000e+00,941.0,0.8239929947460596,697.640703517588,0.6108937859173275,749.6001946665401,0.656392464681734,-1.6927013642992645e-07,0.12259194395796848,0.32822324535113057,-0.22075601820699758,0.12259194395796848,0.3282232453511264,1142.0,1142,1.0337562610705695,0.7998157292604446,0.00020503114093788332,941.0,0.8239929947460596,697.640703517588,0.6108937859173275,749.6001946665401,0.656392464681734,-1.6927013642992645e-07,0.12259194395796848,0.32822324535113057,-0.22075601820699758,0.12259194395796848,0.3282232453511264,1142.0,1142,1.0337562610705695,0.7998157292604446,0.00020503114093788332
Stanford_2,Stanford_Nova_Regular_285.pkl,NMC,992,TRUNCATED_AT_EOL,1,992,0,0.0,0,0.000e+00,799.0,0.8054435483870968,745.4949748743719,0.7515070311233588,697.5858952179924,0.7032115879213633,-2.1957445893657214e-07,0.09879032258064516,0.31420134673395234,-0.21607532035896268,0.09879032258064516,0.3142013467339531,992.0,992,1.0375306010246277,0.7998478909333547,0.0002398412816259061,799.0,0.8054435483870968,745.4949748743719,0.7515070311233588,697.5858952179924,0.7032115879213633,-2.1957445893657214e-07,0.09879032258064516,0.31420134673395234,-0.21607532035896268,0.09879032258064516,0.3142013467339531,992.0,992,1.0375306010246277,0.7998478909333547,0.0002398412816259061
Stanford_2,Stanford_Nova_Regular_286.pkl,NMC,1010,TRUNCATED_AT_EOL,1,1010,0,0.0,0,0.000e+00,819.0,0.810891089108911,767.1301507537689,0.7595348027265039,719.9070328792877,0.7127792404745423,-2.7003502748204906e-07,0.12079207920792079,0.23045918497158066,-0.27546273153443823,0.12079207920792079,0.23045918497158085,1010.0,1010,1.025893601278464,0.7985830927888553,0.00022528296183311076,819.0,0.810891089108911,767.1301507537689,0.7595348027265039,719.9070328792877,0.7127792404745423,-2.7003502748204906e-07,0.12079207920792079,0.23045918497158066,-0.27546273153443823,0.12079207920792079,0.23045918497158085,1010.0,1010,1.025893601278464,0.7985830927888553,0.00022528296183311076
Stanford_2,Stanford_Nova_Regular_287.pkl,NMC,1072,TRUNCATED_AT_EOL,1,1072,0,0.0,0,0.000e+00,823.0,0.7677238805970149,723.7904522613067,0.6751776606915174,711.1346908638161,0.6633719131192315,-1.9272565210038135e-07,0.12126865671641791,0.2937333111735726,-0.22147723578332731,0.12126865671641791,0.29373331117357243,1072.0,1072,1.0254373773932457,0.7947814961274465,0.00021536496850214676,823.0,0.7677238805970149,723.7904522613067,0.6751776606915174,711.1346908638161,0.6633719131192315,-1.9272565210038135e-07,0.12126865671641791,0.2937333111735726,-0.22147723578332731,0.12126865671641791,0.29373331117357243,1072.0,1072,1.0254373773932457,0.7947814961274465,0.00021536496850214676
Stanford_2,Stanford_Nova_Regular_288.pkl,NMC,891,TRUNCATED_AT_EOL,1,891,0,0.0,0,0.000e+00,49.0,0.05499438832772166,494.3015075376885,0.5547716133980791,556.1038022911566,0.6241344582392331,-2.8231337913653405e-07,0.13804713804713806,0.27100122640123697,-0.2241232277422917,0.13804713804713806,0.2710012264012361,891.0,891,1.0186068713665009,0.7998436068495115,0.000245801420805606,49.0,0.05499438832772166,494.3015075376885,0.5547716133980791,556.1038022911566,0.6241344582392331,-2.8231337913653405e-07,0.13804713804713806,0.27100122640123697,-0.2241232277422917,0.13804713804713806,0.2710012264012361,891.0,891,1.0186068713665009,0.7998436068495115,0.000245801420805606
Stanford_2,Stanford_Nova_Regular_289.pkl,NMC,799,TRUNCATED_AT_EOL,1,799,0,0.0,0,0.000e+00,579.0,0.7246558197747184,327.81909547738695,0.4102867277564292,428.4406729116659,0.536221117536503,-2.472200791109164e-07,-0.10387984981226533,0.3964466738382045,-0.15782554572449034,-0.10387984981226533,0.39644667383820376,799.0,799,1.0222731779019039,0.7989602784315746,0.00027984072615329483,579.0,0.7246558197747184,327.81909547738695,0.4102867277564292,428.4406729116659,0.536221117536503,-2.472200791109164e-07,-0.10387984981226533,0.3964466738382045,-0.15782554572449034,-0.10387984981226533,0.39644667383820376,799.0,799,1.0222731779019039,0.7989602784315746,0.00027984072615329483
Stanford_2,Stanford_Nova_Regular_290.pkl,NMC,853,TRUNCATED_AT_EOL,1,853,0,0.0,0,0.000e+00,162.0,0.1899179366940211,565.7175879396985,0.6632093645248518,592.802471374476,0.6949618656207222,-3.5734352308290554e-07,0.18874560375146543,0.23436632364230173,-0.26000636348682754,0.18874560375146543,0.23436632364229928,853.0,853,1.0190920904278755,0.7994710157314937,0.000257771214432373,162.0,0.1899179366940211,565.7175879396985,0.6632093645248518,592.802471374476,0.6949618656207222,-3.5734352308290554e-07,0.18874560375146543,0.23436632364230173,-0.26000636348682754,0.18874560375146543,0.23436632364229928,853.0,853,1.0190920904278755,0.7994710157314937,0.000257771214432373
Stanford_2,Stanford_Nova_Regular_291.pkl,NMC,1006,TRUNCATED_AT_EOL,1,1006,0,0.0,0,0.000e+00,55.0,0.05467196819085487,687.3291457286433,0.683229767125888,730.0032467689637,0.7256493506649738,-1.8551863277033284e-07,0.02385685884691849,0.31727960050378506,-0.18775153503435454,0.02385685884691849,0.31727960050379167,1006.0,1006,0.9973625962932905,0.7999060675501823,0.00019647415795334144,55.0,0.05467196819085487,687.3291457286433,0.683229767125888,730.0032467689637,0.7256493506649738,-1.8551863277033284e-07,0.02385685884691849,0.31727960050378506,-0.18775153503435454,0.02385685884691849,0.31727960050379167,1006.0,1006,0.9973625962932905,0.7999060675501823,0.00019647415795334144
Stanford_2,Stanford_Nova_Regular_292.pkl,NMC,1293,TRUNCATED_AT_EOL,1,1293,0,0.0,0,0.000e+00,924.0,0.7146171693735499,566.4934673366835,0.4381233312735371,583.8587510232275,0.451553558409302,-6.841273288748122e-08,0.019334880123743233,0.4897013774566651,-0.11437575906520392,0.019334880123743233,0.48970137745666725,1293.0,1293,1.0009350876013439,0.7994074374437332,0.00015598115337276365,924.0,0.7146171693735499,566.4934673366835,0.4381233312735371,583.8587510232275,0.451553558409302,-6.841273288748122e-08,0.019334880123743233,0.4897013774566651,-0.11437575906520392,0.019334880123743233,0.48970137745666725,1293.0,1293,1.0009350876013439,0.7994074374437332,0.00015598115337276365
Stanford_2,Stanford_Nova_Regular_293.pkl,NMC,1097,TRUNCATED_AT_EOL,1,1097,0,0.0,0,0.000e+00,875.0,0.7976298997265269,604.0753768844221,0.5506612369046692,725.3920139789938,0.6612506964257008,-1.5543130158344182e-07,0.13217866909753875,0.31575755715294473,-0.18704742720722886,0.13217866909753875,0.3157575571529426,1097.0,1097,1.0123612980047862,0.7996066783865293,0.00019411917848381107,875.0,0.7976298997265269,604.0753768844221,0.5506612369046692,725.3920139789938,0.6612506964257008,-1.5543130158344182e-07,0.13217866909753875,0.31575755715294473,-0.18704742720722886,0.13217866909753875,0.3157575571529426,1097.0,1097,1.0123612980047862,0.7996066783865293,0.00019411917848381107
Stanford_2,Stanford_Nova_Regular_294.pkl,NMC,872,TRUNCATED_AT_EOL,1,872,0,0.0,0,0.000e+00,63.0,0.07224770642201835,511.78241206030157,0.5869064358489697,492.5143249505558,0.5648100056772429,-3.3748889560179563e-07,0.052752293577981654,0.247811929282217,-0.25662115639327776,0.052752293577981654,0.24781192928221762,872.0,872,1.0179735099275908,0.7999401539564133,0.00025032532258458966,63.0,0.07224770642201835,511.78241206030157,0.5869064358489697,492.5143249505558,0.5648100056772429,-3.3748889560179563e-07,0.052752293577981654,0.247811929282217,-0.25662115639327776,0.052752293577981654,0.24781192928221762,872.0,872,1.0179735099275908,0.7999401539564133,0.00025032532258458966
Stanford_2,Stanford_Nova_Regular_295.pkl,NMC,744,TRUNCATED_AT_EOL,1,744,0,0.0,0,0.000e+00,690.0,0.9274193548387096,287.3723618090453,0.38625317447452323,259.40080573907096,0.3486569969611169,-2.3048834778287391e-07,-0.053763440860215055,0.467088241913154,-0.12758359807834344,-0.053763440860215055,0.4670882419131555,744.0,744,1.015570697685083,0.7991451149185499,0.00029128611408685463,690.0,0.9274193548387096,287.3723618090453,0.38625317447452323,259.40080573907096,0.3486569969611169,-2.3048834778287391e-07,-0.053763440860215055,0.467088241913154,-0.12758359807834344,-0.053763440860215055,0.4670882419131555,744.0,744,1.015570697685083,0.7991451149185499,0.00029128611408685463
Stanford_2,Stanford_Nova_Regular_296.pkl,NMC,889,TRUNCATED_AT_EOL,1,889,0,0.0,0,0.000e+00,49.0,0.05511811023622047,528.8914572864322,0.5949285233818136,531.2391290449758,0.5975693240100965,-2.8947021793592954e-07,0.048368953880764905,0.27160803064453765,-0.2287743921093432,0.048368953880764905,0.2716080306445373,889.0,889,1.012580282986164,0.7994604607423147,0.00023999979982415473,49.0,0.05511811023622047,528.8914572864322,0.5949285233818136,531.2391290449758,0.5975693240100965,-2.8947021793592954e-07,0.048368953880764905,0.27160803064453765,-0.2287743921093432,0.048368953880764905,0.2716080306445373,889.0,889,1.012580282986164,0.7994604607423147,0.00023999979982415473
Stanford_2,Stanford_Nova_Regular_297.pkl,NMC,704,TRUNCATED_AT_EOL,1,704,0,0.0,0,0.000e+00,155.0,0.22017045454545456,356.73919597989953,0.5067318124714482,404.68454619567063,0.5748360031188503,-4.6295554095470834e-07,0.05397727272727273,0.2611173401723172,-0.22944817338580947,0.05397727272727273,0.26111734017232135,704.0,704,1.020804544289907,0.7978334402044615,0.0003171708450717575,155.0,0.22017045454545456,356.73919597989953,0.5067318124714482,404.68454619567063,0.5748360031188503,-4.6295554095470834e-07,0.05397727272727273,0.2611173401723172,-0.22944817338580947,0.05397727272727273,0.26111734017232135,704.0,704,1.020804544289907,0.7978334402044615,0.0003171708450717575
Stanford_2,Stanford_Nova_Regular_299.pkl,NMC,730,TRUNCATED_AT_EOL,1,730,0,0.0,0,0.000e+00,692.0,0.947945205479452,340.589447236181,0.46656088662490547,424.5265834791318,0.5815432650399065,-3.5940961766287586e-07,0.08767123287671233,0.3205054878235618,-0.19152938525254762,0.08767123287671233,0.32050548782355653,730.0,730,1.0227568447589874,0.7984243954221408,0.0003077262679517786,692.0,0.947945205479452,340.589447236181,0.46656088662490547,424.5265834791318,0.5815432650399065,-3.5940961766287586e-07,0.08767123287671233,0.3205054878235618,-0.19152938525254762,0.08767123287671233,0.32050548782355653,730.0,730,1.0227568447589874,0.7984243954221408,0.0003077262679517786
Stanford_2,Stanford_Nova_Regular_300.pkl,NMC,819,TRUNCATED_AT_EOL,1,819,0,0.0,0,0.000e+00,761.0,0.9291819291819292,316.2793969849247,0.3861775298961229,409.0660218305777,0.4994701121252475,-2.099502620985449e-07,-0.10378510378510379,0.4346475323499621,-0.14082644775548542,-0.10378510378510379,0.4346475323499636,819.0,819,1.01368830849727,0.7965187852581342,0.00026548841471777,761.0,0.9291819291819292,316.2793969849247,0.3861775298961229,409.0660218305777,0.4994701121252475,-2.099502620985449e-07,-0.10378510378510379,0.4346475323499621,-0.14082644775548542,-0.10378510378510379,0.4346475323499636,819.0,819,1.01368830849727,0.7965187852581342,0.00026548841471777
Stanford_2,Stanford_Nova_Regular_301.pkl,NMC,962,TRUNCATED_AT_EOL,1,962,0,0.0,0,0.000e+00,769.0,0.7993762993762994,479.5683417085428,0.49851178971781995,430.28664699601893,0.4472834168357785,-2.3783503799559177e-07,-0.0498960498960499,0.2776047764725907,-0.22010300890278822,-0.0498960498960499,0.2776047764725929,962.0,962,1.0087887446085613,0.7997021079063416,0.00021757194245808502,769.0,0.7993762993762994,479.5683417085428,0.49851178971781995,430.28664699601893,0.4472834168357785,-2.3783503799559177e-07,-0.0498960498960499,0.2776047764725907,-0.22010300890278822,-0.0498960498960499,0.2776047764725929,962.0,962,1.0087887446085613,0.7997021079063416,0.00021757194245808502
Stanford_2,Stanford_Nova_Regular_302.pkl,NMC,995,TRUNCATED_AT_EOL,1,995,0,0.0,0,0.000e+00,54.0,0.054271356783919596,456.04221105527637,0.4583338804575642,381.9833266276875,0.3839028408318467,-2.0494490616402175e-07,0.003015075376884422,0.3147099244415739,-0.2029005807250349,0.003015075376884422,0.3147099244415775,995.0,995,1.0171442603071532,0.7980853319168091,0.00022038121568445084,54.0,0.054271356783919596,456.04221105527637,0.4583338804575642,381.9833266276875,0.3839028408318467,-2.0494490616402175e-07,0.003015075376884422,0.3147099244415739,-0.2029005807250349,0.003015075376884422,0.3147099244415775,995.0,995,1.0171442603071532,0.7980853319168091,0.00022038121568445084
Stanford_2,Stanford_Nova_Regular_303.pkl,NMC,1187,TRUNCATED_AT_EOL,1,1187,0,0.0,0,0.000e+00,1110.0,0.9351305812973884,524.8663316582915,0.44217888092526664,496.6750640047867,0.41842886605289525,-1.0796522227837383e-07,-0.08677337826453244,0.3704229881813166,-0.15211965126833846,-0.08677337826453244,0.3704229881813154,1187.0,1187,1.0044744859139125,0.7998673245310783,0.00017251868582026492,1110.0,0.9351305812973884,524.8663316582915,0.44217888092526664,496.6750640047867,0.41842886605289525,-1.0796522227837383e-07,-0.08677337826453244,0.3704229881813166,-0.15211965126833846,-0.08677337826453244,0.3704229881813154,1187.0,1187,1.0044744859139125,0.7998673245310783,0.00017251868582026492
Stanford_2,Stanford_Nova_Regular_304.pkl,NMC,1019,TRUNCATED_AT_EOL,1,1019,0,0.0,0,0.000e+00,914.0,0.8969578017664377,364.7175879396985,0.35791716186427724,168.12215406541117,0.16498739358725334,-1.2292009199868308e-07,-0.04808635917566242,0.4600566786335876,-0.12763542964784286,-0.04808635917566242,0.4600566786335866,1019.0,1019,1.0119947915275893,0.7993562147021294,0.00020887875916056968,914.0,0.8969578017664377,364.7175879396985,0.35791716186427724,168.12215406541117,0.16498739358725334,-1.2292009199868308e-07,-0.04808635917566242,0.4600566786335876,-0.12763542964784286,-0.04808635917566242,0.4600566786335866,1019.0,1019,1.0119947915275893,0.7993562147021294,0.00020887875916056968
Stanford_2,Stanford_Nova_Regular_305.pkl,NMC,888,TRUNCATED_AT_EOL,1,888,0,0.0,0,0.000e+00,49.0,0.05518018018018018,613.8768844221106,0.691302797772647,620.4000833044627,0.6986487424599804,-3.3541074927067004e-07,0.06756756756756757,0.211529862202254,-0.2644861338728894,0.06756756756756757,0.21152986220225606,888.0,888,1.011901100476583,0.7979916408658028,0.00024116060835488188,49.0,0.05518018018018018,613.8768844221106,0.691302797772647,620.4000833044627,0.6986487424599804,-3.3541074927067004e-07,0.06756756756756757,0.211529862202254,-0.2644861338728894,0.06756756756756757,0.21152986220225606,888.0,888,1.011901100476583,0.7979916408658028,0.00024116060835488188
Stanford_2,Stanford_Nova_Regular_306.pkl,NMC,1006,TRUNCATED_AT_EOL,1,1006,0,0.0,0,0.000e+00,891.0,0.885685884691849,444.9170854271357,0.4422635044007313,271.48452291537615,0.26986533092979736,-1.7021638327417663e-07,0.041749502982107355,0.3342759222058533,-0.17226510766326097,0.041749502982107355,0.3342759222058595,1006.0,1006,1.0119196648399036,0.7999811321496964,0.00021088411212955943,891.0,0.885685884691849,444.9170854271357,0.4422635044007313,271.48452291537615,0.26986533092979736,-1.7021638327417663e-07,0.041749502982107355,0.3342759222058533,-0.17226510766326097,0.041749502982107355,0.3342759222058595,1006.0,1006,1.0119196648399036,0.7999811321496964,0.00021088411212955943
Stanford_2,Stanford_Nova_Regular_307.pkl,NMC,944,TRUNCATED_AT_EOL,1,944,0,0.0,0,0.000e+00,689.0,0.7298728813559322,326.5482412060302,0.3459197470402862,298.0140944251671,0.3156928966368296,-1.3771712794182342e-07,-0.06567796610169492,0.46219999007080775,-0.12272469052556324,-0.06567796610169492,0.4621999900708133,944.0,944,0.9946438173453014,0.7981686542431514,0.00020835118038404026,689.0,0.7298728813559322,326.5482412060302,0.3459197470402862,298.0140944251671,0.3156928966368296,-1.3771712794182342e-07,-0.06567796610169492,0.46219999007080775,-0.12272469052556324,-0.06567796610169492,0.4621999900708133,944.0,944,0.9946438173453014,0.7981686542431514,0.00020835118038404026
Stanford_2,Stanford_Nova_Regular_308.pkl,NMC,866,TRUNCATED_AT_EOL,1,866,0,0.0,0,0.000e+00,48.0,0.05542725173210162,612.5854271356784,0.7073734724430466,619.7005310979398,0.7155895278267204,-3.264107957033549e-07,0.10854503464203233,0.2068605388510888,-0.24479373470250476,0.10854503464203233,0.2068605388510876,866.0,866,1.0039035851756732,0.7993622993429502,0.00023646391425748327,48.0,0.05542725173210162,612.5854271356784,0.7073734724430466,619.7005310979398,0.7155895278267204,-3.264107957033549e-07,0.10854503464203233,0.2068605388510888,-0.24479373470250476,0.10854503464203233,0.2068605388510876,866.0,866,1.0039035851756732,0.7993622993429502,0.00023646391425748327
Stanford_2,Stanford_Nova_Regular_309.pkl,NMC,758,TRUNCATED_AT_EOL,1,758,0,0.0,0,0.000e+00,694.0,0.9155672823218998,301.8979899497488,0.3982823086408296,62.27008159499029,0.08215050342347004,-2.534829493985454e-07,-0.047493403693931395,0.4131937416822016,-0.1456421773382245,-0.047493403693931395,0.41319374168219886,758.0,758,1.0162526741623878,0.7995143532752991,0.00028631218082838676,694.0,0.9155672823218998,301.8979899497488,0.3982823086408296,62.27008159499029,0.08215050342347004,-2.534829493985454e-07,-0.047493403693931395,0.4131937416822016,-0.1456421773382245,-0.047493403693931395,0.41319374168219886,758.0,758,1.0162526741623878,0.7995143532752991,0.00028631218082838676
Stanford_2,Stanford_Nova_Regular_310.pkl,NMC,859,TRUNCATED_AT_EOL,1,859,0,0.0,0,0.000e+00,689.0,0.8020954598370198,342.0442211055277,0.39818884878408345,,,-2.2258694767854774e-07,-0.07566938300349244,0.3581825688118495,-0.1642426795399947,-0.07566938300349244,0.3581825688118552,859.0,859,1.0101302837332091,0.7998726020256679,0.0002450555730857124,689.0,0.8020954598370198,342.0442211055277,0.39818884878408345,,,-2.2258694767854774e-07,-0.07566938300349244,0.3581825688118495,-0.1642426795399947,-0.07566938300349244,0.3581825688118552,859.0,859,1.0101302837332091,0.7998726020256679,0.0002450555730857124
Stanford_2,Stanford_Nova_Regular_311.pkl,NMC,886,TRUNCATED_AT_EOL,1,886,0,0.0,0,0.000e+00,842.0,0.9503386004514672,334.98743718592965,0.3780896582233969,,,-1.8436654742109547e-07,-0.05869074492099323,0.434464701479236,-0.14472700225937102,-0.05869074492099323,0.43446470147923766,886.0,886,1.0209482784072559,0.7990187654892604,0.00025076781120677454,842.0,0.9503386004514672,334.98743718592965,0.3780896582233969,,,-1.8436654742109547e-07,-0.05869074492099323,0.434464701479236,-0.14472700225937102,-0.05869074492099323,0.43446470147923766,886.0,886,1.0209482784072559,0.7990187654892604,0.00025076781120677454
Stanford_2,Stanford_Nova_Regular_312.pkl,NMC,761,TRUNCATED_AT_EOL,1,761,0,0.0,0,0.000e+00,659.0,0.8659658344283837,416.1356783919598,0.5468274354690668,496.9628438355006,0.6530392166038116,-4.1361151881821605e-07,0.20105124835742444,0.2725743000475085,-0.23953111638952165,0.20105124835742444,0.2725743000475082,761.0,761,1.0297142590085666,0.7997748752435049,0.00030255182074350227,659.0,0.8659658344283837,416.1356783919598,0.5468274354690668,496.9628438355006,0.6530392166038116,-4.1361151881821605e-07,0.20105124835742444,0.2725743000475085,-0.23953111638952165,0.20105124835742444,0.2725743000475082,761.0,761,1.0297142590085666,0.7997748752435049,0.00030255182074350227
Stanford_2,Stanford_Nova_Regular_313.pkl,NMC,673,TRUNCATED_AT_EOL,1,673,0,0.0,0,0.000e+00,53.0,0.0787518573551263,324.84321608040204,0.48267937010460926,409.5418947739466,0.6085317901544526,-5.046987372540851e-07,0.16196136701337296,0.2545746703377923,-0.22859269436575325,0.16196136701337296,0.254574670337794,673.0,673,1.0214919845263164,0.7995602985223135,0.00033025548512500435,53.0,0.0787518573551263,324.84321608040204,0.48267937010460926,409.5418947739466,0.6085317901544526,-5.046987372540851e-07,0.16196136701337296,0.2545746703377923,-0.22859269436575325,0.16196136701337296,0.254574670337794,673.0,673,1.0214919845263164,0.7995602985223135,0.00033025548512500435
Stanford_2,Stanford_Nova_Regular_314.pkl,NMC,614,TRUNCATED_AT_EOL,1,614,0,0.0,0,0.000e+00,50.0,0.08143322475570032,503.413567839196,0.8198918042983648,424.4228116823426,0.6912423643034896,-6.783110734099179e-07,0.2671009771986971,0.2570912161425927,-0.2557205614312501,0.2671009771986971,0.2570912161425879,614.0,614,1.0362554341554642,0.7991831749677658,0.000386741042720552,50.0,0.08143322475570032,503.413567839196,0.8198918042983648,424.4228116823426,0.6912423643034896,-6.783110734099179e-07,0.2671009771986971,0.2570912161425927,-0.2557205614312501,0.2671009771986971,0.2570912161425879,614.0,614,1.0362554341554642,0.7991831749677658,0.000386741042720552
Stanford_2,Stanford_Nova_Regular_315.pkl,NMC,950,TRUNCATED_AT_EOL,1,950,0,0.0,0,0.000e+00,589.0,0.62,443.0718592964825,0.4663914308384026,153.65728863514389,0.16174451435278303,-2.2044978596044407e-07,-0.08,0.29752937074057295,-0.19895593182929924,-0.08,0.297529370740572,950.0,950,1.0171734417478244,0.7990644623835882,0.00022983032598971153,589.0,0.62,443.0718592964825,0.4663914308384026,153.65728863514389,0.16174451435278303,-2.2044978596044407e-07,-0.08,0.29752937074057295,-0.19895593182929924,-0.08,0.297529370740572,950.0,950,1.0171734417478244,0.7990644623835882,0.00022983032598971153
Stanford_2,Stanford_Nova_Regular_316.pkl,NMC,905,TRUNCATED_AT_EOL,1,905,0,0.0,0,0.000e+00,709.0,0.7834254143646409,523.8663316582915,0.5788578250367862,535.6019326144343,0.5918253399054523,-3.2377075868199794e-07,0.07845303867403315,0.23603993219516797,-0.26517634562952486,0.07845303867403315,0.23603993219516584,905.0,905,1.0182172060012817,0.79905204474926,0.0002424393376681657,709.0,0.7834254143646409,523.8663316582915,0.5788578250367862,535.6019326144343,0.5918253399054523,-3.2377075868199794e-07,0.07845303867403315,0.23603993219516797,-0.26517634562952486,0.07845303867403315,0.23603993219516584,905.0,905,1.0182172060012817,0.79905204474926,0.0002424393376681657
Stanford_2,Stanford_Nova_Regular_317.pkl,NMC,802,TRUNCATED_AT_EOL,1,802,0,0.0,0,0.000e+00,743.0,0.92643391521197,387.0095477386935,0.4825555458088448,166.44857214150176,0.20754186052556328,-3.2657090829687806e-07,-0.05486284289276808,0.26138610013404207,-0.21005171450018184,-0.05486284289276808,0.2613861001340439,802.0,802,1.0023037592569988,0.7995811601479849,0.0002530868902734256,743.0,0.92643391521197,387.0095477386935,0.4825555458088448,166.44857214150176,0.20754186052556328,-3.2657090829687806e-07,-0.05486284289276808,0.26138610013404207,-0.21005171450018184,-0.05486284289276808,0.2613861001340439,802.0,802,1.0023037592569988,0.7995811601479849,0.0002530868902734256
Stanford_2,Stanford_Nova_Regular_318.pkl,NMC,589,TRUNCATED_AT_EOL,1,589,0,0.0,0,0.000e+00,49.0,0.0831918505942275,319.82010050251256,0.5429882860823643,371.40235595086995,0.6305642715634464,-8.133293318047892e-07,0.20882852292020374,0.20506287635426615,-0.28216102511905244,0.20882852292020374,0.20506287635426096,589.0,589,1.0388304168979328,0.7990062857667606,0.00040786416859042886,49.0,0.0831918505942275,319.82010050251256,0.5429882860823643,371.40235595086995,0.6305642715634464,-8.133293318047892e-07,0.20882852292020374,0.20506287635426615,-0.28216102511905244,0.20882852292020374,0.20506287635426096,589.0,589,1.0388304168979328,0.7990062857667606,0.00040786416859042886
Stanford_2,Stanford_Nova_Regular_319.pkl,NMC,680,TRUNCATED_AT_EOL,1,680,0,0.0,0,0.000e+00,54.0,0.07941176470588235,442.8618090452261,0.6512673662429795,464.3142116021472,0.6828150170619812,-5.402932346044461e-07,0.12058823529411765,0.22212993971072753,-0.2498315916810934,0.12058823529411765,0.2221299397107295,680.0,680,1.0215656210978827,0.7991425693035126,0.0003275744503598971,54.0,0.07941176470588235,442.8618090452261,0.6512673662429795,464.3142116021472,0.6828150170619812,-5.402932346044461e-07,0.12058823529411765,0.22212993971072753,-0.2498315916810934,0.12058823529411765,0.2221299397107295,680.0,680,1.0215656210978827,0.7991425693035126,0.0003275744503598971
Stanford_2,Stanford_Nova_Regular_320.pkl,NMC,514,TRUNCATED_AT_EOL,1,514,0,0.0,0,0.000e+00,45.0,0.08754863813229571,382.2698492462312,0.743715660012123,352.53864602373227,0.6858728521862496,-1.0072973913368201e-06,0.22957198443579765,0.1850624442905537,-0.2661239416016237,0.22957198443579765,0.1850624442905546,514.0,514,1.013323043783506,0.7994060715039571,0.00041699214869307747,45.0,0.08754863813229571,382.2698492462312,0.743715660012123,352.53864602373227,0.6858728521862496,-1.0072973913368201e-06,0.22957198443579765,0.1850624442905537,-0.2661239416016237,0.22957198443579765,0.1850624442905546,514.0,514,1.013323043783506,0.7994060715039571,0.00041699214869307747
Stanford_2,Stanford_Nova_Regular_321.pkl,NMC,834,TRUNCATED_AT_EOL,1,834,0,0.0,0,0.000e+00,710.0,0.8513189448441247,435.9180904522613,0.5226835616933588,477.36264584111694,0.5723772731907877,-3.305926703761221e-07,0.10311750599520383,0.3086304444755571,-0.229945715436131,0.10311750599520383,0.3086304444755572,834.0,834,1.0281335562467575,0.7995080202817917,0.00027446042732889056,710.0,0.8513189448441247,435.9180904522613,0.5226835616933588,477.36264584111694,0.5723772731907877,-3.305926703761221e-07,0.10311750599520383,0.3086304444755571,-0.229945715436131,0.10311750599520383,0.3086304444755572,834.0,834,1.0281335562467575,0.7995080202817917,0.00027446042732889056
Stanford_2,Stanford_Nova_Regular_322.pkl,NMC,872,TRUNCATED_AT_EOL,1,872,0,0.0,0,0.000e+00,729.0,0.8360091743119266,515.28391959799,0.5909219261444839,449.092581009251,0.5150144277629025,-3.557174171296615e-07,0.06880733944954129,0.22711726137728047,-0.2704818325067174,0.06880733944954129,0.2271172613772804,872.0,872,1.0195341582099597,0.7992666214704514,0.0002528903980935802,729.0,0.8360091743119266,515.28391959799,0.5909219261444839,449.092581009251,0.5150144277629025,-3.557174171296615e-07,0.06880733944954129,0.22711726137728047,-0.2704818325067174,0.06880733944954129,0.2271172613772804,872.0,872,1.0195341582099597,0.7992666214704514,0.0002528903980935802
Stanford_2,Stanford_Nova_Regular_323.pkl,NMC,865,TRUNCATED_AT_EOL,1,865,0,0.0,0,0.000e+00,63.0,0.07283236994219654,531.9909547738694,0.6150184448252825,569.5798468568203,0.6584738113951679,-2.5939146404265733e-07,0.130635838150289,0.3654586179800864,-0.19408317818332085,0.130635838150289,0.36545861798008344,865.0,865,1.0229730357726416,0.7979687924186389,0.00026042157795602163,63.0,0.07283236994219654,531.9909547738694,0.6150184448252825,569.5798468568203,0.6584738113951679,-2.5939146404265733e-07,0.130635838150289,0.3654586179800864,-0.19408317818332085,0.130635838150289,0.36545861798008344,865.0,865,1.0229730357726416,0.7979687924186389,0.00026042157795602163
Stanford_2,Stanford_Nova_Regular_324.pkl,NMC,551,TRUNCATED_AT_EOL,1,551,0,0.0,0,0.000e+00,64.0,0.1161524500907441,423.035175879397,0.7677589398900128,389.51204166833116,0.7069184059316355,-1.161878157271248e-06,0.1542649727767695,0.13247756942073224,-0.35274737042570875,0.1542649727767695,0.1324775694207291,551.0,551,1.0297206540902457,0.7995728403329849,0.0004184505704677469,64.0,0.1161524500907441,423.035175879397,0.7677589398900128,389.51204166833116,0.7069184059316355,-1.161878157271248e-06,0.1542649727767695,0.13247756942073224,-0.35274737042570875,0.1542649727767695,0.1324775694207291,551.0,551,1.0297206540902457,0.7995728403329849,0.0004184505704677469
Stanford_2,Stanford_Nova_Regular_325.pkl,NMC,610,TRUNCATED_AT_EOL,1,610,0,0.0,0,0.000e+00,62.0,0.10163934426229508,502.58341708542713,0.823907241123651,430.48918667494246,0.7057199781556434,-7.120815426328165e-07,0.2262295081967213,0.20038123502955624,-0.2649655420136725,0.2262295081967213,0.2003812350295631,610.0,610,1.0185545931259792,0.7968343794345856,0.00036407260047847885,62.0,0.10163934426229508,502.58341708542713,0.823907241123651,430.48918667494246,0.7057199781556434,-7.120815426328165e-07,0.2262295081967213,0.20038123502955624,-0.2649655420136725,0.2262295081967213,0.2003812350295631,610.0,610,1.0185545931259792,0.7968343794345856,0.00036407260047847885
Stanford_2,Stanford_Nova_Regular_326.pkl,NMC,523,TRUNCATED_AT_EOL,1,523,0,0.0,0,0.000e+00,66.0,0.12619502868068833,428.83015075376886,0.819942926871451,365.6969088625553,0.6992292712477156,-1.0293147439969229e-06,0.25430210325047803,0.1557644642110422,-0.2815474326107387,0.25430210325047803,0.15576446421104673,523.0,523,1.0214732959866524,0.7988441735506058,0.0004264925717165644,66.0,0.12619502868068833,428.83015075376886,0.819942926871451,365.6969088625553,0.6992292712477156,-1.0293147439969229e-06,0.25430210325047803,0.1557644642110422,-0.2815474326107387,0.25430210325047803,0.15576446421104673,523.0,523,1.0214732959866524,0.7988441735506058,0.0004264925717165644
Tongji,Tongji1_CY25-025_1--1.pkl,NCA,300,TRUNCATED_AT_EOL,1,300,0,0.0,0,0.000e+00,248.0,0.8239202657807309,164.12110552763818,0.5452528422845122,,,6.349275890509263e-07,-0.34,1.7494425439884003,0.05752507449560463,-0.34,1.7494425439884216,301.0,300,0.9278963740124316,0.7995523298463463,0.0004292442948698507,248.0,0.8239202657807309,164.12110552763818,0.5452528422845122,,,6.349275890509263e-07,-0.34,1.7494425439884003,0.05752507449560463,-0.34,1.7494425439884216,301.0,300,0.9278963740124316,0.7995523298463463,0.0004292442948698507
Tongji,Tongji1_CY25-025_1--2.pkl,NCA,234,EXTRAPOLATED,1,274,40,0.145985,0,0.000e+00,187.0,0.7957446808510639,71.19748743718594,0.3029680316475998,34.19484426346039,0.14550997558919315,4.0546252455753014e-07,-0.05982905982905983,1.2235851874654453,0.022391667918688976,-0.05982905982905983,1.2235851874654566,235.0,234,0.9340055829527837,0.8210529243035024,0.0004847753590097909,146.0,0.5309090909090909,56.73718592964825,0.20631703974417545,,,1.47029883756258e-07,-0.072992700729927,1.0889436067997125,0.011119134959067885,-0.072992700729927,1.0889436067996925,275.0,274,0.9340055829527837,0.8,0.0004908629412189877
Tongji,Tongji1_CY25-025_1--3.pkl,NCA,221,TRUNCATED_AT_EOL,1,221,0,0.0,0,0.000e+00,25.0,0.10869565217391304,,,212.17854549690637,0.9225154152039408,3.3401219978732465e-08,-0.06787330316742081,1.0352360404019825,0.0017669245368765543,-0.06787330316742081,1.0352360404019754,230.0,221,0.9160820824822512,0.792246724367483,0.0005431375355910886,25.0,0.10869565217391304,,,212.17854549690637,0.9225154152039408,3.3401219978732465e-08,-0.06787330316742081,1.0352360404019825,0.0017669245368765543,-0.06787330316742081,1.0352360404019754,230.0,221,0.9160820824822512,0.792246724367483,0.0005431375355910886
Tongji,Tongji1_CY25-025_1--4.pkl,NCA,238,TRUNCATED_AT_EOL,1,238,0,0.0,0,0.000e+00,209.0,0.842741935483871,94.83718592964824,0.38240800778083966,,,1.9603470576263489e-07,0.0,1.1284871338438967,0.012056918543225497,0.0,1.1284871338439038,248.0,238,0.9104012454894054,0.7915164093460119,0.00048327169163981103,209.0,0.842741935483871,94.83718592964824,0.38240800778083966,,,1.9603470576263489e-07,0.0,1.1284871338438967,0.012056918543225497,0.0,1.1284871338439038,248.0,238,0.9104012454894054,0.7915164093460119,0.00048327169163981103
Tongji,Tongji1_CY25-025_1--5.pkl,NCA,224,TRUNCATED_AT_EOL,1,224,0,0.0,0,0.000e+00,27.0,0.11587982832618025,107.74924623115578,0.4624431168719132,117.73781202753956,0.5053124979722728,6.586817512156894e-08,-0.008928571428571428,1.0471318924679496,0.0035759173591736492,-0.008928571428571428,1.0471318924679307,233.0,224,0.9072263993260169,0.7941254169533574,0.0004896146423058854,27.0,0.11587982832618025,107.74924623115578,0.4624431168719132,117.73781202753956,0.5053124979722728,6.586817512156894e-08,-0.008928571428571428,1.0471318924679496,0.0035759173591736492,-0.008928571428571428,1.0471318924679307,233.0,224,0.9072263993260169,0.7941254169533574,0.0004896146423058854
Tongji,Tongji1_CY25-025_1--6.pkl,NCA,204,TRUNCATED_AT_EOL,1,204,0,0.0,0,0.000e+00,53.0,0.24882629107981222,167.30100502512565,0.7854507278174913,177.35015130639167,0.8326298183398669,-1.6582818745778314e-06,0.0,0.5867523120136339,-0.07523459036772108,0.0,0.5867523120136343,213.0,204,0.9224552559718734,0.7846567703000602,0.0006530733918095412,53.0,0.24882629107981222,167.30100502512565,0.7854507278174913,177.35015130639167,0.8326298183398669,-1.6582818745778314e-06,0.0,0.5867523120136339,-0.07523459036772108,0.0,0.5867523120136343,213.0,204,0.9224552559718734,0.7846567703000602,0.0006530733918095412
Tongji,Tongji1_CY25-025_1--7.pkl,NCA,210,TRUNCATED_AT_EOL,1,210,0,0.0,0,0.000e+00,79.0,0.3607305936073059,173.7462311557789,0.7933617860994471,190.9380059469176,0.871863040853505,-1.3805804494857424e-06,-0.009523809523809525,0.6291467925929717,-0.06621401893778357,-0.009523809523809525,0.6291467925929712,219.0,210,0.9243018746366183,0.7855940905328852,0.000639206378358217,79.0,0.3607305936073059,173.7462311557789,0.7933617860994471,190.9380059469176,0.871863040853505,-1.3805804494857424e-06,-0.009523809523809525,0.6291467925929717,-0.06621401893778357,-0.009523809523809525,0.6291467925929712,219.0,210,0.9243018746366183,0.7855940905328852,0.000639206378358217
Tongji,Tongji1_CY25-05_1--1.pkl,NCA,120,TRUNCATED_AT_EOL,1,120,0,0.0,0,0.000e+00,9.0,0.0743801652892562,96.66180904522614,0.7988579259936044,106.87965948411924,0.8833029709431343,-3.798471413976311e-06,-0.11666666666666667,0.6768701519400684,-0.05561341997202703,-0.11666666666666667,0.6768701519400735,121.0,120,0.926448402620908,0.7944327992720346,0.0011093748180577598,9.0,0.0743801652892562,96.66180904522614,0.7988579259936044,106.87965948411924,0.8833029709431343,-3.798471413976311e-06,-0.11666666666666667,0.6768701519400684,-0.05561341997202703,-0.11666666666666667,0.6768701519400735,121.0,120,0.926448402620908,0.7944327992720346,0.0011093748180577598
Tongji,Tongji1_CY25-05_1--10.pkl,NCA,174,TRUNCATED_AT_EOL,1,174,0,0.0,0,0.000e+00,10.0,0.05714285714285714,152.8316582914573,0.8733237616654703,,,1.7633424627553613e-07,0.034482758620689655,1.0602577086474039,0.005400236292187949,0.034482758620689655,1.0602577086474032,175.0,174,0.9344872933211265,0.7968421953698152,0.0007956364043428399,10.0,0.05714285714285714,152.8316582914573,0.8733237616654703,,,1.7633424627553613e-07,0.034482758620689655,1.0602577086474039,0.005400236292187949,0.034482758620689655,1.0602577086474032,175.0,174,0.9344872933211265,0.7968421953698152,0.0007956364043428399
Tongji,Tongji1_CY25-05_1--11.pkl,NCA,135,TRUNCATED_AT_EOL,1,135,0,0.0,0,0.000e+00,105.0,0.7446808510638298,106.4246231155779,0.7547845611033893,107.06992308255602,0.7593611566138725,-4.833327373600898e-06,0.022222222222222223,0.5218267597861476,-0.09609138151455941,0.022222222222222223,0.5218267597861419,141.0,135,0.9260615208948723,0.7827291227168203,0.0010311683322162014,105.0,0.7446808510638298,106.4246231155779,0.7547845611033893,107.06992308255602,0.7593611566138725,-4.833327373600898e-06,0.022222222222222223,0.5218267597861476,-0.09609138151455941,0.022222222222222223,0.5218267597861419,141.0,135,0.9260615208948723,0.7827291227168203,0.0010311683322162014
Tongji,Tongji1_CY25-05_1--12.pkl,NCA,132,TRUNCATED_AT_EOL,1,132,0,0.0,0,0.000e+00,105.0,0.7608695652173914,104.7175879396985,0.758823101012308,116.78711234127918,0.8462834227628926,-4.356554817026661e-06,-0.030303030303030304,0.5726305245509259,-0.08296622993545644,-0.030303030303030304,0.5726305245509273,138.0,132,0.9265826601204431,0.7824546413159957,0.0010597648441503483,105.0,0.7608695652173914,104.7175879396985,0.758823101012308,116.78711234127918,0.8462834227628926,-4.356554817026661e-06,-0.030303030303030304,0.5726305245509259,-0.08296622993545644,-0.030303030303030304,0.5726305245509273,138.0,132,0.9265826601204431,0.7824546413159957,0.0010597648441503483
Tongji,Tongji1_CY25-05_1--13.pkl,NCA,139,TRUNCATED_AT_EOL,1,139,0,0.0,0,0.000e+00,80.0,0.5714285714285714,49.641206030150755,0.3545800430725054,51.777945970509215,0.36984247121792296,8.290081130152357e-06,-0.09352517985611511,3.346329531469882,0.1624855901509845,-0.09352517985611511,3.3463295314698835,140.0,139,0.9351537814756169,0.799264345972726,0.0009847060543687746,80.0,0.5714285714285714,49.641206030150755,0.3545800430725054,51.777945970509215,0.36984247121792296,8.290081130152357e-06,-0.09352517985611511,3.346329531469882,0.1624855901509845,-0.09352517985611511,3.3463295314698835,140.0,139,0.9351537814756169,0.799264345972726,0.0009847060543687746
Tongji,Tongji1_CY25-05_1--14.pkl,NCA,161,TRUNCATED_AT_EOL,1,161,0,0.0,0,0.000e+00,11.0,0.06790123456790123,136.99497487437188,0.8456479930516783,,,-1.0089328433475541e-06,0.043478260869565216,0.8549754691970356,-0.026478433540815423,0.043478260869565216,0.8549754691970445,162.0,161,0.9336160408866174,0.7968697556346491,0.0008546642828248019,11.0,0.06790123456790123,136.99497487437188,0.8456479930516783,,,-1.0089328433475541e-06,0.043478260869565216,0.8549754691970356,-0.026478433540815423,0.043478260869565216,0.8549754691970445,162.0,161,0.9336160408866174,0.7968697556346491,0.0008546642828248019
Tongji,Tongji1_CY25-05_1--15.pkl,NCA,166,TRUNCATED_AT_EOL,1,166,0,0.0,0,0.000e+00,142.0,0.8502994011976048,37.73618090452261,0.22596515511690188,,,1.4109714624190922e-06,-0.012048192771084338,1.3257519270598228,0.039350583115408413,-0.012048192771084338,1.325751927059816,167.0,166,0.9364523884359885,0.7977673202813821,0.0008405155645733724,142.0,0.8502994011976048,37.73618090452261,0.22596515511690188,,,1.4109714624190922e-06,-0.012048192771084338,1.3257519270598228,0.039350583115408413,-0.012048192771084338,1.325751927059816,167.0,166,0.9364523884359885,0.7977673202813821,0.0008405155645733724
Tongji,Tongji1_CY25-05_1--16.pkl,NCA,124,TRUNCATED_AT_EOL,1,124,0,0.0,0,0.000e+00,60.0,0.48,92.42663316582914,0.7394130653266332,99.99914208926913,0.7999931367141531,-4.521340492404022e-06,-0.016129032258064516,0.5819069411390319,-0.0706459451938152,-0.016129032258064516,0.5819069411390327,125.0,124,0.9245506789353529,0.7973734646976143,0.0010339610913637288,60.0,0.48,92.42663316582914,0.7394130653266332,99.99914208926913,0.7999931367141531,-4.521340492404022e-06,-0.016129032258064516,0.5819069411390319,-0.0706459451938152,-0.016129032258064516,0.5819069411390327,125.0,124,0.9245506789353529,0.7973734646976143,0.0010339610913637288
Tongji,Tongji1_CY25-05_1--17.pkl,NCA,149,TRUNCATED_AT_EOL,1,149,0,0.0,0,0.000e+00,9.0,0.06,38.8140703517588,0.25876046901172534,24.528604754694147,0.16352403169796098,3.3450537641176172e-06,0.020134228187919462,1.7209383834163978,0.07526370969264684,0.020134228187919462,1.7209383834163976,150.0,149,0.9292329933298066,0.7987211298182896,0.0008818369156183581,9.0,0.06,38.8140703517588,0.25876046901172534,24.528604754694147,0.16352403169796098,3.3450537641176172e-06,0.020134228187919462,1.7209383834163978,0.07526370969264684,0.020134228187919462,1.7209383834163976,150.0,149,0.9292329933298066,0.7987211298182896,0.0008818369156183581
Tongji,Tongji1_CY25-05_1--18.pkl,NCA,150,TRUNCATED_AT_EOL,1,150,0,0.0,0,0.000e+00,9.0,0.059602649006622516,127.11507537688443,0.8418216912376453,,,1.4860376542211127e-07,0.02666666666666667,1.0463566667341189,0.0033883144553900017,0.02666666666666667,1.0463566667341244,151.0,150,0.9312787227760337,0.7973743297752364,0.0008986872013476333,9.0,0.059602649006622516,127.11507537688443,0.8418216912376453,,,1.4860376542211127e-07,0.02666666666666667,1.0463566667341189,0.0033883144553900017,0.02666666666666667,1.0463566667341244,151.0,150,0.9312787227760337,0.7973743297752364,0.0008986872013476333
Tongji,Tongji1_CY25-05_1--19.pkl,NCA,127,TRUNCATED_AT_EOL,1,127,0,0.0,0,0.000e+00,8.0,0.0625,106.7889447236181,0.8342886306532664,121.41479975025875,0.9485531230488965,-2.3285135689812533e-06,-0.11811023622047244,0.7883312316298371,-0.038150366314188854,-0.11811023622047244,0.7883312316298371,128.0,127,0.9297681930308326,0.796662720057355,0.0010563926426466479,8.0,0.0625,106.7889447236181,0.8342886306532664,121.41479975025875,0.9485531230488965,-2.3285135689812533e-06,-0.11811023622047244,0.7883312316298371,-0.038150366314188854,-0.11811023622047244,0.7883312316298371,128.0,127,0.9297681930308326,0.796662720057355,0.0010563926426466479
Tongji,Tongji1_CY25-05_1--2.pkl,NCA,138,TRUNCATED_AT_EOL,1,138,0,0.0,0,0.000e+00,8.0,0.05755395683453238,94.45778894472363,0.6795524384512491,100.48949795442424,0.7229460284490953,-3.6972333162835257e-06,0.0,0.5805752609375694,-0.07143424490391605,0.0,0.5805752609375794,139.0,138,0.9272076578816735,0.7975106688581197,0.0009466933505368888,8.0,0.05755395683453238,94.45778894472363,0.6795524384512491,100.48949795442424,0.7229460284490953,-3.6972333162835257e-06,0.0,0.5805752609375694,-0.07143424490391605,0.0,0.5805752609375794,139.0,138,0.9272076578816735,0.7975106688581197,0.0009466933505368888
Tongji,Tongji1_CY25-05_1--3.pkl,NCA,169,TRUNCATED_AT_EOL,1,169,0,0.0,0,0.000e+00,131.0,0.7705882352941177,47.165829145728644,0.2774460537984038,,,1.530124773378174e-06,0.029585798816568046,1.402801269580741,0.04422060595062647,0.029585798816568046,1.4028012695807481,170.0,169,0.9272432313328915,0.7990138982719887,0.0007632698396482315,131.0,0.7705882352941177,47.165829145728644,0.2774460537984038,,,1.530124773378174e-06,0.029585798816568046,1.402801269580741,0.04422060595062647,0.029585798816568046,1.4028012695807481,170.0,169,0.9272432313328915,0.7990138982719887,0.0007632698396482315
Tongji,Tongji1_CY25-05_1--4.pkl,NCA,160,TRUNCATED_AT_EOL,1,160,0,0.0,0,0.000e+00,82.0,0.5093167701863354,45.38542713567839,0.28189706295452416,33.99381576331555,0.21114171281562455,4.251779230261517e-06,-0.05,2.2969037397940193,0.11021036942760731,-0.05,2.296903739794026,161.0,160,0.9295238653440444,0.7988508607273068,0.0008218427963316829,82.0,0.5093167701863354,45.38542713567839,0.28189706295452416,33.99381576331555,0.21114171281562455,4.251779230261517e-06,-0.05,2.2969037397940193,0.11021036942760731,-0.05,2.296903739794026,161.0,160,0.9295238653440444,0.7988508607273068,0.0008218427963316829
Tongji,Tongji1_CY25-05_1--5.pkl,NCA,150,TRUNCATED_AT_EOL,1,150,0,0.0,0,0.000e+00,132.0,0.8741721854304636,48.64673366834172,0.32216379912809084,39.126620946359225,0.2591166950090015,4.240998999729459e-06,-0.013333333333333334,2.057405817049205,0.09669901819283255,-0.013333333333333334,2.057405817049199,151.0,150,0.9289384687155879,0.7986121216989863,0.0008746734699100779,132.0,0.8741721854304636,48.64673366834172,0.32216379912809084,39.126620946359225,0.2591166950090015,4.240998999729459e-06,-0.013333333333333334,2.057405817049205,0.09669901819283255,-0.013333333333333334,2.057405817049199,151.0,150,0.9289384687155879,0.7986121216989863,0.0008746734699100779
Tongji,Tongji1_CY25-05_1--6.pkl,NCA,155,TRUNCATED_AT_EOL,1,155,0,0.0,0,0.000e+00,9.0,0.057692307692307696,123.26532663316584,0.7901623502126015,138.91866022547714,0.8905042322145971,-2.634319352898876e-06,-0.07096774193548387,0.642080363499564,-0.06410879577214798,-0.07096774193548387,0.6420803634995652,156.0,155,0.9324319717614953,0.7965126794852507,0.000882592806988601,9.0,0.057692307692307696,123.26532663316584,0.7901623502126015,138.91866022547714,0.8905042322145971,-2.634319352898876e-06,-0.07096774193548387,0.642080363499564,-0.06410879577214798,-0.07096774193548387,0.6420803634995652,156.0,155,0.9324319717614953,0.7965126794852507,0.000882592806988601
Tongji,Tongji1_CY25-05_1--7.pkl,NCA,143,TRUNCATED_AT_EOL,1,143,0,0.0,0,0.000e+00,9.0,0.0625,112.67437185929649,0.7824609156895589,130.1610095444941,0.9038958996145424,-3.0410299765020035e-06,-0.06293706293706294,0.6397432511683998,-0.0630587975927451,-0.06293706293706294,0.6397432511684013,144.0,143,0.9314636851162578,0.7971030622912403,0.000946201569190264,9.0,0.0625,112.67437185929649,0.7824609156895589,130.1610095444941,0.9038958996145424,-3.0410299765020035e-06,-0.06293706293706294,0.6397432511683998,-0.0630587975927451,-0.06293706293706294,0.6397432511684013,144.0,143,0.9314636851162578,0.7971030622912403,0.000946201569190264
Tongji,Tongji1_CY25-1_1--1.pkl,NCA,29,TRUNCATED_AT_EOL,1,29,0,0.0,0,0.000e+00,4.0,0.12903225806451613,9.563316582914574,0.308494083319825,12.252234373781604,0.39523336689618077,-8.625219863127083e-05,0.2413793103448276,0.4863338175643609,-0.0828883628846488,0.2413793103448276,0.4863338175643602,31.0,29,0.8977007857021946,0.7819043469985817,0.003992980644952169,4.0,0.12903225806451613,9.563316582914574,0.308494083319825,12.252234373781604,0.39523336689618077,-8.625219863127083e-05,0.2413793103448276,0.4863338175643609,-0.0828883628846488,0.2413793103448276,0.4863338175643602,31.0,29,0.8977007857021946,0.7819043469985817,0.003992980644952169
Tongji,Tongji1_CY25-1_1--2.pkl,NCA,24,TRUNCATED_AT_EOL,1,24,0,0.0,0,0.000e+00,4.0,0.16,7.351256281407036,0.2940502512562814,5.9106661993504535,0.23642664797401813,-0.00010093415720772667,-0.08333333333333333,0.6187809954226866,-0.06308384825482886,-0.08333333333333333,0.6187809954226793,25.0,24,0.9044690454854533,0.7896120381094217,0.004993782929392676,4.0,0.16,7.351256281407036,0.2940502512562814,5.9106661993504535,0.23642664797401813,-0.00010093415720772667,-0.08333333333333333,0.6187809954226866,-0.06308384825482886,-0.08333333333333333,0.6187809954226793,25.0,24,0.9044690454854533,0.7896120381094217,0.004993782929392676
Tongji,Tongji1_CY25-1_1--3.pkl,NCA,24,TRUNCATED_AT_EOL,1,24,0,0.0,0,0.000e+00,11.0,0.44,18.446733668341707,0.7378693467336683,17.94767274567234,0.7179069098268935,-0.00023307176375809757,0.16666666666666666,0.17883252719437417,-0.14566985234880864,0.16666666666666666,0.17883252719436715,25.0,24,0.8808630672562469,0.7860501609799341,0.004122300272883165,11.0,0.44,18.446733668341707,0.7378693467336683,17.94767274567234,0.7179069098268935,-0.00023307176375809757,0.16666666666666666,0.17883252719437417,-0.14566985234880864,0.16666666666666666,0.17883252719436715,25.0,24,0.8808630672562469,0.7860501609799341,0.004122300272883165
Tongji,Tongji1_CY25-1_1--4.pkl,NCA,27,TRUNCATED_AT_EOL,1,27,0,0.0,0,0.000e+00,6.0,0.20689655172413793,19.46180904522613,0.6710968636284872,17.58501194309568,0.6063797221757131,-0.00027325592238586823,0.25925925925925924,0.07363911450185441,-0.2298082307265148,0.25925925925925924,0.07363911450184973,29.0,27,0.8760522109035146,0.747979668110468,0.004743427510853577,6.0,0.20689655172413793,19.46180904522613,0.6710968636284872,17.58501194309568,0.6063797221757131,-0.00027325592238586823,0.25925925925925924,0.07363911450185441,-0.2298082307265148,0.25925925925925924,0.07363911450184973,29.0,27,0.8760522109035146,0.747979668110468,0.004743427510853577
Tongji,Tongji1_CY25-1_1--5.pkl,NCA,21,TRUNCATED_AT_EOL,1,21,0,0.0,0,0.000e+00,4.0,0.18181818181818182,8.261306532663317,0.3755139333028781,7.0326933990011415,0.31966788177277916,-0.00015829426560286076,0.14285714285714285,0.4545750583241501,-0.07661442455178369,0.14285714285714285,0.4545750583241571,22.0,21,0.8871895025046503,0.7934369728403244,0.004687626483216295,4.0,0.18181818181818182,8.261306532663317,0.3755139333028781,7.0326933990011415,0.31966788177277916,-0.00015829426560286076,0.14285714285714285,0.4545750583241501,-0.07661442455178369,0.14285714285714285,0.4545750583241571,22.0,21,0.8871895025046503,0.7934369728403244,0.004687626483216295
Tongji,Tongji1_CY25-1_1--6.pkl,NCA,20,TRUNCATED_AT_EOL,1,20,0,0.0,0,0.000e+00,5.0,0.23809523809523808,8.55929648241206,0.4075855467815267,8.175041242175574,0.38928767819883686,-0.00016005701973539609,0.1,0.45856435651513816,-0.07058514570331051,0.1,0.4585643565151491,21.0,20,0.8779583722341574,0.7943248935897972,0.004401762033913696,5.0,0.23809523809523808,8.55929648241206,0.4075855467815267,8.175041242175574,0.38928767819883686,-0.00016005701973539609,0.1,0.45856435651513816,-0.07058514570331051,0.1,0.4585643565151491,21.0,20,0.8779583722341574,0.7943248935897972,0.004401762033913696
Tongji,Tongji1_CY25-1_1--7.pkl,NCA,21,TRUNCATED_AT_EOL,1,21,0,0.0,0,0.000e+00,4.0,0.18181818181818182,6.492462311557789,0.29511192325262675,4.466718017920284,0.20303263717819472,-0.0001198665995945489,0.047619047619047616,0.6305960308856539,-0.05801543420376166,0.047619047619047616,0.6305960308856563,22.0,21,0.9047401217766078,0.7887237554731683,0.005800818315171974,4.0,0.18181818181818182,6.492462311557789,0.29511192325262675,4.466718017920284,0.20303263717819472,-0.0001198665995945489,0.047619047619047616,0.6305960308856539,-0.05801543420376166,0.047619047619047616,0.6305960308856563,22.0,21,0.9047401217766078,0.7887237554731683,0.005800818315171974
Tongji,Tongji1_CY25-1_1--8.pkl,NCA,18,TRUNCATED_AT_EOL,1,18,0,0.0,0,0.000e+00,5.0,0.2631578947368421,8.27889447236181,0.4357312880190426,7.788425330678267,0.4099171226672772,-0.00023781013371665282,0.2222222222222222,0.46656686337115466,-0.0858494582717145,0.2222222222222222,0.4665668633711557,19.0,18,0.8924921277302295,0.7905476089711986,0.005996736397590052,5.0,0.2631578947368421,8.27889447236181,0.4357312880190426,7.788425330678267,0.4099171226672772,-0.00023781013371665282,0.2222222222222222,0.46656686337115466,-0.0858494582717145,0.2222222222222222,0.4665668633711557,19.0,18,0.8924921277302295,0.7905476089711986,0.005996736397590052
Tongji,Tongji1_CY25-1_1--9.pkl,NCA,29,TRUNCATED_AT_EOL,1,29,0,0.0,0,0.000e+00,6.0,0.1935483870967742,14.57638190954774,0.4702058680499271,16.57373985718907,0.5346367695867442,-0.0001507004368582627,0.2413793103448276,0.2692652771998766,-0.14482311982078874,0.2413793103448276,0.26926527719987114,31.0,29,0.8960961091856943,0.772617499951288,0.0042578830770484905,6.0,0.1935483870967742,14.57638190954774,0.4702058680499271,16.57373985718907,0.5346367695867442,-0.0001507004368582627,0.2413793103448276,0.2692652771998766,-0.14482311982078874,0.2413793103448276,0.26926527719987114,31.0,29,0.8960961091856943,0.772617499951288,0.0042578830770484905
Tongji,Tongji1_CY35-05_1--1.pkl,NCA,420,TRUNCATED_AT_EOL,1,420,0,0.0,0,0.000e+00,24.0,0.05491990846681922,96.21356783919599,0.2201683474581144,41.276347159896254,0.09445388366108982,2.9947135038830033e-07,0.05238095238095238,1.4838104516659656,0.05718974431230009,0.05238095238095238,1.483810451665963,437.0,420,0.9416309067854042,0.7936454117630438,0.00034019654028128815,24.0,0.05491990846681922,96.21356783919599,0.2201683474581144,41.276347159896254,0.09445388366108982,2.9947135038830033e-07,0.05238095238095238,1.4838104516659656,0.05718974431230009,0.05238095238095238,1.483810451665963,437.0,420,0.9416309067854042,0.7936454117630438,0.00034019654028128815
Tongji,Tongji1_CY35-05_1--2.pkl,NCA,384,TRUNCATED_AT_EOL,1,384,0,0.0,0,0.000e+00,130.0,0.32418952618453867,73.98040201005026,0.18448978057369142,71.22896620991462,0.1776283446631287,6.885884441874683e-07,-0.08333333333333333,2.1253926113881945,0.11072571041378741,-0.08333333333333333,2.1253926113882002,401.0,384,0.9494373559855909,0.7948796689258201,0.0003873626242099519,130.0,0.32418952618453867,73.98040201005026,0.18448978057369142,71.22896620991462,0.1776283446631287,6.885884441874683e-07,-0.08333333333333333,2.1253926113881945,0.11072571041378741,-0.08333333333333333,2.1253926113882002,401.0,384,0.9494373559855909,0.7948796689258201,0.0003873626242099519
Tongji,Tongji1_CY45-05_1--1.pkl,NCA,449,TRUNCATED_AT_EOL,1,449,0,0.0,0,0.000e+00,168.0,0.35974304068522484,117.66582914572865,0.25196109024781294,108.76677428931644,0.23290529826406092,4.864007885431391e-07,-0.07349665924276169,1.973102518566586,0.1060786615725835,-0.07349665924276169,1.9731025185665882,467.0,449,0.9562180895226852,0.7952320930401326,0.00034620644404850006,168.0,0.35974304068522484,117.66582914572865,0.25196109024781294,108.76677428931644,0.23290529826406092,4.864007885431391e-07,-0.07349665924276169,1.973102518566586,0.1060786615725835,-0.07349665924276169,1.9731025185665882,467.0,449,0.9562180895226852,0.7952320930401326,0.00034620644404850006
Tongji,Tongji1_CY45-05_1--10.pkl,NCA,334,TRUNCATED_AT_EOL,1,334,0,0.0,0,0.000e+00,183.0,0.5258620689655172,78.32864321608041,0.22508230809218507,91.20228616591687,0.26207553495953123,1.0634247673438416e-06,-0.16167664670658682,2.4021563218684894,0.12878499302441374,-0.16167664670658682,2.4021563218684943,348.0,334,0.9516865636405241,0.7965493359721062,0.0004483734903711499,183.0,0.5258620689655172,78.32864321608041,0.22508230809218507,91.20228616591687,0.26207553495953123,1.0634247673438416e-06,-0.16167664670658682,2.4021563218684894,0.12878499302441374,-0.16167664670658682,2.4021563218684943,348.0,334,0.9516865636405241,0.7965493359721062,0.0004483734903711499
Tongji,Tongji1_CY45-05_1--11.pkl,NCA,296,TRUNCATED_AT_EOL,1,296,0,0.0,0,0.000e+00,214.0,0.7205387205387206,82.49497487437186,0.2777608581628682,91.77501287203562,0.3090067773469213,1.413356652145294e-06,-0.16891891891891891,2.2697299214997275,0.12467077692908413,-0.16891891891891891,2.2697299214997466,297.0,296,0.9532832832431181,0.7996348901776794,0.0005208420103913175,214.0,0.7205387205387206,82.49497487437186,0.2777608581628682,91.77501287203562,0.3090067773469213,1.413356652145294e-06,-0.16891891891891891,2.2697299214997275,0.12467077692908413,-0.16891891891891891,2.2697299214997466,297.0,296,0.9532832832431181,0.7996348901776794,0.0005208420103913175
Tongji,Tongji1_CY45-05_1--12.pkl,NCA,472,TRUNCATED_AT_EOL,1,472,0,0.0,0,0.000e+00,401.0,0.8477801268498943,145.66683417085432,0.30796370860645733,138.9135199240947,0.29368608863444967,5.781129217003682e-07,-0.09322033898305085,2.4566616017022844,0.12934062585909983,-0.09322033898305085,2.456661601702294,473.0,472,0.9561950036664112,0.7997307389199688,0.0003321958911814063,401.0,0.8477801268498943,145.66683417085432,0.30796370860645733,138.9135199240947,0.29368608863444967,5.781129217003682e-07,-0.09322033898305085,2.4566616017022844,0.12934062585909983,-0.09322033898305085,2.456661601702294,473.0,472,0.9561950036664112,0.7997307389199688,0.0003321958911814063
Tongji,Tongji1_CY45-05_1--13.pkl,NCA,415,TRUNCATED_AT_EOL,1,415,0,0.0,0,0.000e+00,75.0,0.18028846153846154,103.31557788944724,0.24835475454194048,135.70283566844685,0.32620873958761265,7.01238187622961e-07,-0.2289156626506024,2.364473013922304,0.12135347579727943,-0.2289156626506024,2.364473013922296,416.0,415,0.9545187794260366,0.7996758637258192,0.00037401670458989697,75.0,0.18028846153846154,103.31557788944724,0.24835475454194048,135.70283566844685,0.32620873958761265,7.01238187622961e-07,-0.2289156626506024,2.364473013922304,0.12135347579727943,-0.2289156626506024,2.364473013922296,416.0,415,0.9545187794260366,0.7996758637258192,0.00037401670458989697
Tongji,Tongji1_CY45-05_1--14.pkl,NCA,433,TRUNCATED_AT_EOL,1,433,0,0.0,0,0.000e+00,404.0,0.9308755760368663,118.14070351758794,0.2722136025750874,121.65361073560892,0.28030785883780857,6.623038379486524e-07,-0.15473441108545036,2.4552990091430753,0.1247489017006574,-0.15473441108545036,2.4552990091430806,434.0,433,0.9542405585596477,0.7995899771941655,0.0003579874568645423,404.0,0.9308755760368663,118.14070351758794,0.2722136025750874,121.65361073560892,0.28030785883780857,6.623038379486524e-07,-0.15473441108545036,2.4552990091430753,0.1247489017006574,-0.15473441108545036,2.4552990091430806,434.0,433,0.9542405585596477,0.7995899771941655,0.0003579874568645423
Tongji,Tongji1_CY45-05_1--15.pkl,NCA,210,TRUNCATED_AT_EOL,1,210,0,0.0,0,0.000e+00,147.0,0.6966824644549763,69.11105527638192,0.3275405463335636,72.09165316811576,0.3416666026924917,3.042719840201714e-06,-0.12380952380952381,2.400349259620185,0.1354649300056195,-0.12380952380952381,2.4003492596201896,211.0,210,0.9571330939921641,0.7994668441035774,0.000754383970758788,147.0,0.6966824644549763,69.11105527638192,0.3275405463335636,72.09165316811576,0.3416666026924917,3.042719840201714e-06,-0.12380952380952381,2.400349259620185,0.1354649300056195,-0.12380952380952381,2.4003492596201896,211.0,210,0.9571330939921641,0.7994668441035774,0.000754383970758788
Tongji,Tongji1_CY45-05_1--16.pkl,NCA,219,TRUNCATED_AT_EOL,1,219,0,0.0,0,0.000e+00,208.0,0.9454545454545454,119.32562814070351,0.5423892188213796,117.30562390153582,0.5332073813706174,4.555012571911929e-06,-0.1963470319634703,6.769747156310576,0.2204626084805405,-0.1963470319634703,6.769747156310636,220.0,219,0.9602588343261717,1.0642029547740741,-0.00047680789196285535,208.0,0.9454545454545454,119.32562814070351,0.5423892188213796,117.30562390153582,0.5332073813706174,4.555012571911929e-06,-0.1963470319634703,6.769747156310576,0.2204626084805405,-0.1963470319634703,6.769747156310636,220.0,219,0.9602588343261717,1.0642029547740741,-0.00047680789196285535
Tongji,Tongji1_CY45-05_1--17.pkl,NCA,183,TRUNCATED_AT_EOL,1,183,0,0.0,0,0.000e+00,126.0,0.6847826086956522,81.65929648241206,0.4438005243609351,80.49783235433458,0.43748821931703574,7.3796218626729706e-06,-0.08196721311475409,7.085106837155351,0.2498444777826548,-0.08196721311475409,7.085106837155366,184.0,183,0.9594969634836936,0.7998446746227843,0.0008772103783566446,126.0,0.6847826086956522,81.65929648241206,0.4438005243609351,80.49783235433458,0.43748821931703574,7.3796218626729706e-06,-0.08196721311475409,7.085106837155351,0.2498444777826548,-0.08196721311475409,7.085106837155366,184.0,183,0.9594969634836936,0.7998446746227843,0.0008772103783566446
Tongji,Tongji1_CY45-05_1--18.pkl,NCA,322,TRUNCATED_AT_EOL,1,322,0,0.0,0,0.000e+00,201.0,0.6222910216718266,99.91306532663319,0.30932837562425136,103.66869217775717,0.3209557033367095,1.208974273348391e-06,-0.18012422360248448,2.3009389671093086,0.12613107696416112,-0.18012422360248448,2.3009389671093214,323.0,322,0.9586758831950642,0.7996991033820837,0.000495254765772525,201.0,0.6222910216718266,99.91306532663319,0.30932837562425136,103.66869217775717,0.3209557033367095,1.208974273348391e-06,-0.18012422360248448,2.3009389671093086,0.12613107696416112,-0.18012422360248448,2.3009389671093214,323.0,322,0.9586758831950642,0.7996991033820837,0.000495254765772525
Tongji,Tongji1_CY45-05_1--19.pkl,NCA,334,TRUNCATED_AT_EOL,1,334,0,0.0,0,0.000e+00,220.0,0.6547619047619048,74.33869346733668,0.2212461115099306,74.84709505996858,0.22275921148800173,1.2735331073734645e-06,-0.0658682634730539,2.5551839009452255,0.14377679369003515,-0.0658682634730539,2.555183900945226,336.0,334,0.958987854817941,0.7997101868255904,0.0004768792454860798,220.0,0.6547619047619048,74.33869346733668,0.2212461115099306,74.84709505996858,0.22275921148800173,1.2735331073734645e-06,-0.0658682634730539,2.5551839009452255,0.14377679369003515,-0.0658682634730539,2.555183900945226,336.0,334,0.958987854817941,0.7997101868255904,0.0004768792454860798
Tongji,Tongji1_CY45-05_1--2.pkl,NCA,404,TRUNCATED_AT_EOL,1,404,0,0.0,0,0.000e+00,207.0,0.4916864608076009,114.64572864321607,0.2723176452332923,116.69807942828157,0.2771925877156332,7.98212788924928e-07,-0.14356435643564355,2.672401561386659,0.14147603292184274,-0.14356435643564355,2.6724015613866854,421.0,404,0.9561567297808933,0.7955757712797624,0.0003832481109812192,207.0,0.4916864608076009,114.64572864321607,0.2723176452332923,116.69807942828157,0.2771925877156332,7.98212788924928e-07,-0.14356435643564355,2.672401561386659,0.14147603292184274,-0.14356435643564355,2.6724015613866854,421.0,404,0.9561567297808933,0.7955757712797624,0.0003832481109812192
Tongji,Tongji1_CY45-05_1--20.pkl,NCA,409,TRUNCATED_AT_EOL,1,409,0,0.0,0,0.000e+00,126.0,0.3073170731707317,141.21206030150753,0.3444196592719696,147.58533350609648,0.3599642280636499,6.422555484380116e-07,-0.2176039119804401,2.1335006233594163,0.10796315769243185,-0.2176039119804401,2.1335006233594465,410.0,409,0.9532630302396836,0.7997126936165356,0.0003763488642724215,126.0,0.3073170731707317,141.21206030150753,0.3444196592719696,147.58533350609648,0.3599642280636499,6.422555484380116e-07,-0.2176039119804401,2.1335006233594163,0.10796315769243185,-0.2176039119804401,2.1335006233594465,410.0,409,0.9532630302396836,0.7997126936165356,0.0003763488642724215
Tongji,Tongji1_CY45-05_1--21.pkl,NCA,277,TRUNCATED_AT_EOL,1,277,0,0.0,0,0.000e+00,201.0,0.7204301075268817,67.56130653266332,0.24215522054718036,71.71876116701375,0.2570564916380421,1.7657182161779503e-06,-0.039711191335740074,2.3486111977906874,0.13744527166550713,-0.039711191335740074,2.3486111977906776,279.0,277,0.9574109464794544,0.7991739432692374,0.0005712527191704583,201.0,0.7204301075268817,67.56130653266332,0.24215522054718036,71.71876116701375,0.2570564916380421,1.7657182161779503e-06,-0.039711191335740074,2.3486111977906874,0.13744527166550713,-0.039711191335740074,2.3486111977906776,279.0,277,0.9574109464794544,0.7991739432692374,0.0005712527191704583
Tongji,Tongji1_CY45-05_1--22.pkl,NCA,224,TRUNCATED_AT_EOL,1,224,0,0.0,0,0.000e+00,202.0,0.8938053097345132,60.42010050251257,0.26734557744474585,70.76350646302367,0.31311286045585696,2.548984910804888e-06,-0.17857142857142858,2.245271674334786,0.13019195330426603,-0.17857142857142858,2.2452716743347754,226.0,224,0.9590308288626149,0.7993205980402484,0.0007129921018855651,202.0,0.8938053097345132,60.42010050251257,0.26734557744474585,70.76350646302367,0.31311286045585696,2.548984910804888e-06,-0.17857142857142858,2.245271674334786,0.13019195330426603,-0.17857142857142858,2.2452716743347754,226.0,224,0.9590308288626149,0.7993205980402484,0.0007129921018855651
Tongji,Tongji1_CY45-05_1--23.pkl,NCA,451,TRUNCATED_AT_EOL,1,451,0,0.0,0,0.000e+00,239.0,0.5287610619469026,130.21608040201008,0.2880886734557745,114.60347819199268,0.2535475181238776,5.271534292730274e-07,-0.09534368070953436,2.0713584665930225,0.10769955421419933,-0.09534368070953436,2.071358466593009,452.0,451,0.9572744641331843,0.7996796152773126,0.0003502107752352705,239.0,0.5287610619469026,130.21608040201008,0.2880886734557745,114.60347819199268,0.2535475181238776,5.271534292730274e-07,-0.09534368070953436,2.0713584665930225,0.10769955421419933,-0.09534368070953436,2.071358466593009,452.0,451,0.9572744641331843,0.7996796152773126,0.0003502107752352705
Tongji,Tongji1_CY45-05_1--24.pkl,NCA,330,TRUNCATED_AT_EOL,1,330,0,0.0,0,0.000e+00,234.0,0.7069486404833837,75.90100502512564,0.22930817228134634,78.60381272425685,0.2374737544539482,1.3375592055267864e-06,-0.08484848484848485,2.594933140959051,0.14654432411671822,-0.08484848484848485,2.5949331409590504,331.0,330,0.9579340582681126,0.7997310208164766,0.0004808602962055805,234.0,0.7069486404833837,75.90100502512564,0.22930817228134634,78.60381272425685,0.2374737544539482,1.3375592055267864e-06,-0.08484848484848485,2.594933140959051,0.14654432411671822,-0.08484848484848485,2.5949331409590504,331.0,330,0.9579340582681126,0.7997310208164766,0.0004808602962055805
Tongji,Tongji1_CY45-05_1--25.pkl,NCA,440,TRUNCATED_AT_EOL,1,440,0,0.0,1,9.460e-03,239.0,0.5419501133786848,67.07788944723619,0.15210405770348343,114.18781296364598,0.2589292810967029,4.00537505576288e-07,-0.2681818181818182,1.687748288852053,0.0778969346219818,-0.2681818181818182,1.687748288852071,441.0,440,0.9542056663922606,0.799575241035892,0.0003522333151625709,124.0,0.2811791383219955,67.07788944723619,0.15210405770348343,114.18781296364598,0.2589292810967029,4.0220123018896474e-07,-0.2727272727272727,1.6925414817611568,0.07822049744838118,-0.2727272727272727,1.692541481761164,441.0,440,0.9542056663922606,0.799575241035892,0.0003522333151625709
Tongji,Tongji1_CY45-05_1--26.pkl,NCA,355,TRUNCATED_AT_EOL,1,355,0,0.0,0,0.000e+00,201.0,0.5646067415730337,82.93969849246231,0.232976681158602,95.51186731610032,0.2682917621238773,1.0171657925252985e-06,-0.16056338028169015,2.2551112973522454,0.12891152388148822,-0.16056338028169015,2.255111297352244,356.0,355,0.9600234961411825,0.7995335621941273,0.0004533613953306645,201.0,0.5646067415730337,82.93969849246231,0.232976681158602,95.51186731610032,0.2682917621238773,1.0171657925252985e-06,-0.16056338028169015,2.2551112973522454,0.12891152388148822,-0.16056338028169015,2.255111297352244,356.0,355,0.9600234961411825,0.7995335621941273,0.0004533613953306645
Tongji,Tongji1_CY45-05_1--27.pkl,NCA,300,TRUNCATED_AT_EOL,1,300,0,0.0,0,0.000e+00,201.0,0.6655629139072847,83.85929648241206,0.27767978967686113,77.13422980828086,0.2554113569810625,1.9789590598350524e-06,-0.04,3.3075159119408086,0.1804889820931956,-0.04,3.3075159119408193,302.0,300,0.9557602765656394,0.7992637178059117,0.0005216551958657593,201.0,0.6655629139072847,83.85929648241206,0.27767978967686113,77.13422980828086,0.2554113569810625,1.9789590598350524e-06,-0.04,3.3075159119408086,0.1804889820931956,-0.04,3.3075159119408193,302.0,300,0.9557602765656394,0.7992637178059117,0.0005216551958657593
Tongji,Tongji1_CY45-05_1--28.pkl,NCA,434,TRUNCATED_AT_EOL,1,434,0,0.0,0,0.000e+00,196.0,0.45057471264367815,66.18844221105527,0.15215733841621903,104.533952048255,0.24030793574311496,4.172468777601717e-07,-0.2857142857142857,1.6174696468611898,0.07895354044416697,-0.2857142857142857,1.61746964686119,435.0,434,0.9580772471850968,0.7995030526871757,0.00036622215819381317,196.0,0.45057471264367815,66.18844221105527,0.15215733841621903,104.533952048255,0.24030793574311496,4.172468777601717e-07,-0.2857142857142857,1.6174696468611898,0.07895354044416697,-0.2857142857142857,1.61746964686119,435.0,434,0.9580772471850968,0.7995030526871757,0.00036622215819381317
Tongji,Tongji1_CY45-05_1--5.pkl,NCA,199,EXTRAPOLATED,1,216,17,0.078704,0,0.000e+00,190.0,0.9178743961352657,67.82663316582915,0.3276648945209138,74.52458925552153,0.36002217031652917,3.4545164579806486e-06,-0.15577889447236182,2.843723865503793,0.14802257570801136,-0.15577889447236182,2.843723865503778,207.0,199,0.9549297685663517,0.8071256770417906,0.0007209955684124931,189.0,0.84375,69.71557788944725,0.3112302584350323,69.57880732320591,0.3106196755500264,2.9949139772174445e-06,-0.14814814814814814,2.7883385025784815,0.1502728037208636,-0.14814814814814814,2.788338502578484,224.0,216,0.9549297685663517,0.8,0.0006978818403889714
Tongji,Tongji1_CY45-05_1--6.pkl,NCA,199,EXTRAPOLATED,1,249,50,0.200803,0,0.000e+00,183.0,0.8840579710144928,71.94723618090453,0.347571189279732,74.47353966287001,0.35977555392690824,3.2404977918228708e-06,-0.1457286432160804,2.9399462709258497,0.13885208988181696,-0.1457286432160804,2.939946270925855,207.0,199,0.9554170687181068,0.8175618723787821,0.00067246437238695,103.0,0.40077821011673154,77.73115577889448,0.3024558590618462,78.6185681750846,0.3059088255839868,2.262060650481325e-06,-0.11646586345381527,2.821621498943606,0.14940684390364065,-0.11646586345381527,2.8216214989436246,257.0,249,0.9554170687181068,0.8017659439530606,0.0006025534304511618
Tongji,Tongji1_CY45-05_1--7.pkl,NCA,399,EXTRAPOLATED,1,433,34,0.078522,0,0.000e+00,365.0,0.8795180722891566,121.33417085427136,0.29237149603438883,116.79719248680024,0.2814390180404825,6.387088152257226e-07,-0.11779448621553884,2.3055311126918627,0.11000162570225126,-0.11779448621553884,2.30553111269188,415.0,399,0.9514780716551182,0.8075699362689506,0.00034844584839265774,365.0,0.8129175946547884,123.97035175879397,0.2761032333157995,113.79972876820696,0.25345151173320035,5.341148501007371e-07,-0.09468822170900693,2.1491430635605457,0.10767808789515498,-0.09468822170900693,2.149143063560551,449.0,433,0.9514780716551182,0.8,0.00033887711779668496
Tongji,Tongji1_CY45-05_1--8.pkl,NCA,215,TRUNCATED_AT_EOL,1,215,0,0.0,0,0.000e+00,205.0,0.9151785714285714,100.05929648241207,0.446693287867911,93.24871846468618,0.416288921717349,2.9295980998825044e-06,-0.16279069767441862,2.7168221628720417,0.1469955142597061,-0.16279069767441862,2.716822162872046,224.0,215,0.953499992292248,0.7968067691785249,0.0007058253293410952,205.0,0.9151785714285714,100.05929648241207,0.446693287867911,93.24871846468618,0.416288921717349,2.9295980998825044e-06,-0.16279069767441862,2.7168221628720417,0.1469955142597061,-0.16279069767441862,2.716822162872046,224.0,215,0.953499992292248,0.7968067691785249,0.0007058253293410952
Tongji,Tongji1_CY45-05_1--9.pkl,NCA,399,EXTRAPOLATED,1,436,37,0.084862,0,0.000e+00,313.0,0.7542168674698795,134.6165829145729,0.32437730822788646,127.02869877889545,0.30609325006962756,6.393111774824227e-07,-0.10776942355889724,2.24348365710524,0.11010536754191318,-0.10776942355889724,2.2434836571052457,415.0,399,0.9553734101031593,0.80863535536129,0.0003552979533701436,365.0,0.8075221238938053,135.64321608040203,0.30009561079734964,124.35475933093693,0.2751211489622498,5.309899779998176e-07,-0.0871559633027523,2.098768727764073,0.10848337646527295,-0.0871559633027523,2.0987687277640656,452.0,436,0.9553734101031593,0.8,0.00034527424467368736
Tongji,Tongji2_CY25-05_1--10.pkl,NMC,199,EXTRAPOLATED,1,249,50,0.200803,0,0.000e+00,154.0,0.7586206896551724,43.109045226130654,0.212359828700151,,,5.858568268629962e-07,-0.07537688442211055,1.3212767348516932,0.024142573978197517,-0.07537688442211055,1.3212767348517003,203.0,199,0.9106023726164506,0.8229625329358493,0.00043601910288856366,154.0,0.6086956521739131,35.17236180904523,0.13902119292112738,,,7.496282020841501e-08,-0.07630522088353414,1.0095295424968855,0.004798295158718667,-0.07630522088353414,1.0095295424968873,253.0,249,0.9106023726164506,0.8005751126024575,0.0004383556175856299
Tongji,Tongji2_CY25-05_1--12.pkl,NMC,199,TRUNCATED_AT_EOL,1,199,0,0.0,0,0.000e+00,103.0,0.5073891625615764,174.01155778894474,0.8571997920637672,,,-2.9228027573180567e-07,0.01507537688442211,0.9042587459272521,-0.01204457788263139,0.01507537688442211,0.9042587459272495,203.0,199,0.9000912801408651,0.7951177456534062,0.0005222563904848704,103.0,0.5073891625615764,174.01155778894474,0.8571997920637672,,,-2.9228027573180567e-07,0.01507537688442211,0.9042587459272521,-0.01204457788263139,0.01507537688442211,0.9042587459272495,203.0,199,0.9000912801408651,0.7951177456534062,0.0005222563904848704
Tongji,Tongji2_CY25-05_1--13.pkl,NMC,327,TRUNCATED_AT_EOL,1,327,0,0.0,0,0.000e+00,256.0,0.7664670658682635,61.89346733668342,0.18530978244515994,,,3.620025443892249e-07,0.045871559633027525,1.4418811266915366,0.040383555841885084,0.045871559633027525,1.4418811266915472,334.0,327,0.9090251779732842,0.7978706951163735,0.0003348026592075622,256.0,0.7664670658682635,61.89346733668342,0.18530978244515994,,,3.620025443892249e-07,0.045871559633027525,1.4418811266915366,0.040383555841885084,0.045871559633027525,1.4418811266915472,334.0,327,0.9090251779732842,0.7978706951163735,0.0003348026592075622
Tongji,Tongji2_CY25-05_1--15.pkl,NMC,232,TRUNCATED_AT_EOL,1,232,0,0.0,0,0.000e+00,154.0,0.6497890295358649,204.0527638190955,0.8609821258189684,,,-2.030637071357284e-07,0.04310344827586207,0.8960769954579051,-0.01140588536610821,0.04310344827586207,0.8960769954578988,237.0,232,0.9077088013829203,0.7952649361769121,0.00047848453279152444,154.0,0.6497890295358649,204.0527638190955,0.8609821258189684,,,-2.030637071357284e-07,0.04310344827586207,0.8960769954579051,-0.01140588536610821,0.04310344827586207,0.8960769954578988,237.0,232,0.9077088013829203,0.7952649361769121,0.00047848453279152444
Tongji,Tongji2_CY25-05_1--16.pkl,NMC,251,TRUNCATED_AT_EOL,1,251,0,0.0,0,0.000e+00,154.0,0.5992217898832685,177.16834170854273,0.689370979410672,,,-9.593017885173194e-08,-0.18725099601593626,0.9206670394327603,-0.006336092382978147,-0.18725099601593626,0.9206670394327706,257.0,251,0.9097914594249904,0.7953247251047486,0.0004488891541970266,154.0,0.5992217898832685,177.16834170854273,0.689370979410672,,,-9.593017885173194e-08,-0.18725099601593626,0.9206670394327603,-0.006336092382978147,-0.18725099601593626,0.9206670394327706,257.0,251,0.9097914594249904,0.7953247251047486,0.0004488891541970266
Tongji,Tongji2_CY25-05_1--17.pkl,NMC,329,TRUNCATED_AT_EOL,1,329,0,0.0,0,0.000e+00,299.0,0.906060606060606,51.94170854271358,0.15739911679610175,58.4717143622669,0.1771870132189906,1.7132427709211614e-07,0.03951367781155015,1.120190625638707,0.018657213775331416,0.03951367781155015,1.1201906256387015,330.0,329,0.9210094848226298,0.7994851698018202,0.0003705009604292976,299.0,0.906060606060606,51.94170854271358,0.15739911679610175,58.4717143622669,0.1771870132189906,1.7132427709211614e-07,0.03951367781155015,1.120190625638707,0.018657213775331416,0.03951367781155015,1.1201906256387015,330.0,329,0.9210094848226298,0.7994851698018202,0.0003705009604292976
Tongji,Tongji2_CY25-05_1--2.pkl,NMC,189,EXTRAPOLATED,1,222,33,0.148649,0,0.000e+00,129.0,0.6789473684210526,147.01507537688443,0.7737635546151812,,,-2.448316904124702e-07,0.047619047619047616,0.9117114575150873,-0.00883842402388941,0.047619047619047616,0.9117114575150692,190.0,189,0.9265254772714755,0.8225173796036777,0.0005532345620627544,150.0,0.672645739910314,150.25879396984925,0.6738062509858711,,,-5.297540913117274e-07,0.018018018018018018,0.8001658874260302,-0.026344141206842826,0.018018018018018018,0.8001658874260302,223.0,222,0.9265254772714755,0.8,0.000572513471816631
Tongji,Tongji2_CY25-05_1--5.pkl,NMC,339,TRUNCATED_AT_EOL,1,339,0,0.0,0,0.000e+00,217.0,0.638235294117647,61.61708542713568,0.18122672184451669,,,2.4130860106173784e-07,-0.05014749262536873,1.263721240261003,0.027895274282737168,-0.05014749262536873,1.2637212402610007,340.0,339,0.9170216059221535,0.7989994253758607,0.00034917804895352923,217.0,0.638235294117647,61.61708542713568,0.18122672184451669,,,2.4130860106173784e-07,-0.05014749262536873,1.263721240261003,0.027895274282737168,-0.05014749262536873,1.2637212402610007,340.0,339,0.9170216059221535,0.7989994253758607,0.00034917804895352923
Tongji,Tongji2_CY25-05_1--8.pkl,NMC,244,TRUNCATED_AT_EOL,1,244,0,0.0,0,0.000e+00,154.0,0.6184738955823293,45.56633165829145,0.18299731589675283,4.074858087079477,0.016364891915981835,2.697880125476849e-07,-0.04918032786885246,1.1491635475985793,0.016727126565970217,-0.04918032786885246,1.1491635475985824,249.0,244,0.9015693075380938,0.7972576234092876,0.0004223145106429401,154.0,0.6184738955823293,45.56633165829145,0.18299731589675283,4.074858087079477,0.016364891915981835,2.697880125476849e-07,-0.04918032786885246,1.1491635475985793,0.016727126565970217,-0.04918032786885246,1.1491635475985824,249.0,244,0.9015693075380938,0.7972576234092876,0.0004223145106429401
Tongji,Tongji2_CY25-05_1--9.pkl,NMC,314,TRUNCATED_AT_EOL,1,314,0,0.0,0,0.000e+00,254.0,0.7912772585669782,67.2427135678392,0.2094788584667888,42.48272131232776,0.13234492620662855,3.906687196059291e-07,0.044585987261146494,1.4494200999860947,0.04025489553691339,0.044585987261146494,1.449420099986102,321.0,314,0.9027184093212115,0.7973819497869774,0.00033020833709791254,254.0,0.7912772585669782,67.2427135678392,0.2094788584667888,42.48272131232776,0.13234492620662855,3.906687196059291e-07,0.044585987261146494,1.4494200999860947,0.04025489553691339,0.044585987261146494,1.449420099986102,321.0,314,0.9027184093212115,0.7973819497869774,0.00033020833709791254
Tongji,Tongji2_CY35-05_1--1.pkl,NMC,427,TRUNCATED_AT_EOL,1,427,0,0.0,0,0.000e+00,152.0,0.3486238532110092,101.23115577889448,0.23218154995159285,127.19992774260196,0.2917429535380779,4.0273470368669376e-07,-0.18969555035128804,2.0851542490037653,0.07655825623202475,-0.18969555035128804,2.085154249003765,436.0,427,0.9162754613992753,0.7985662582197889,0.0002712193621647152,152.0,0.3486238532110092,101.23115577889448,0.23218154995159285,127.19992774260196,0.2917429535380779,4.0273470368669376e-07,-0.18969555035128804,2.0851542490037653,0.07655825623202475,-0.18969555035128804,2.085154249003765,436.0,427,0.9162754613992753,0.7985662582197889,0.0002712193621647152
Tongji,Tongji2_CY35-05_1--2.pkl,NMC,580,TRUNCATED_AT_EOL,1,580,0,0.0,0,0.000e+00,560.0,0.9459459459459459,125.04020100502514,0.21121655575173165,167.42396248400152,0.28281074743919177,2.095583892275988e-07,-0.19655172413793104,1.8200395589494052,0.07344267132226066,-0.19655172413793104,1.820039558949381,592.0,580,0.9322662149889551,0.7982945752413503,0.00022707057584339804,560.0,0.9459459459459459,125.04020100502514,0.21121655575173165,167.42396248400152,0.28281074743919177,2.095583892275988e-07,-0.19655172413793104,1.8200395589494052,0.07344267132226066,-0.19655172413793104,1.820039558949381,592.0,580,0.9322662149889551,0.7982945752413503,0.00022707057584339804
Tongji,Tongji2_CY35-05_1--3.pkl,NMC,481,TRUNCATED_AT_EOL,1,481,0,0.0,0,0.000e+00,256.0,0.5213849287169042,107.90904522613066,0.2197740228638099,141.07061525036164,0.2873128620170298,3.37170408689655e-07,-0.17671517671517672,2.0896737658894664,0.08128537929730999,-0.17671517671517672,2.089673765889449,491.0,481,0.9228807112772043,0.7985624272906974,0.0002542296196043086,256.0,0.5213849287169042,107.90904522613066,0.2197740228638099,141.07061525036164,0.2873128620170298,3.37170408689655e-07,-0.17671517671517672,2.0896737658894664,0.08128537929730999,-0.17671517671517672,2.089673765889449,491.0,481,0.9228807112772043,0.7985624272906974,0.0002542296196043086
Tongji,Tongji2_CY35-05_1--4.pkl,NMC,469,TRUNCATED_AT_EOL,1,469,0,0.0,0,0.000e+00,203.0,0.42379958246346555,103.3924623115578,0.21585065200742753,134.46932368433855,0.2807292770027945,3.5382009074093935e-07,-0.19829424307036247,2.0495953966611995,0.08118083543969472,-0.19829424307036247,2.049595396661212,479.0,469,0.9252029053888812,0.7983655660750707,0.00026590637172706596,203.0,0.42379958246346555,103.3924623115578,0.21585065200742753,134.46932368433855,0.2807292770027945,3.5382009074093935e-07,-0.19829424307036247,2.0495953966611995,0.08118083543969472,-0.19829424307036247,2.049595396661212,479.0,469,0.9252029053888812,0.7983655660750707,0.00026590637172706596
Tongji,Tongji2_CY45-05_1--1.pkl,NMC,411,TRUNCATED_AT_EOL,1,411,0,0.0,0,0.000e+00,256.0,0.6095238095238096,95.8924623115578,0.22831538645608998,121.43688782163726,0.2891354471943744,4.889214119245851e-07,-0.17761557177615572,1.8835586837586444,0.08624573706349675,-0.17761557177615572,1.8835586837586407,420.0,411,0.9423369852675471,0.7979247079062031,0.00034548391713240187,256.0,0.6095238095238096,95.8924623115578,0.22831538645608998,121.43688782163726,0.2891354471943744,4.889214119245851e-07,-0.17761557177615572,1.8835586837586444,0.08624573706349675,-0.17761557177615572,1.8835586837586407,420.0,411,0.9423369852675471,0.7979247079062031,0.00034548391713240187
Tongji,Tongji2_CY45-05_1--10.pkl,NMC,399,TRUNCATED_AT_EOL,1,399,0,0.0,0,0.000e+00,307.0,0.7542997542997543,101.11306532663318,0.24843504994258767,119.77621809305192,0.29429046214509075,5.039022087360717e-07,-0.17293233082706766,1.9121804040457027,0.08347089697492241,-0.17293233082706766,1.91218040404571,407.0,399,0.9379784274977909,0.799854102302052,0.0003410477165326887,307.0,0.7542997542997543,101.11306532663318,0.24843504994258767,119.77621809305192,0.29429046214509075,5.039022087360717e-07,-0.17293233082706766,1.9121804040457027,0.08347089697492241,-0.17293233082706766,1.91218040404571,407.0,399,0.9379784274977909,0.799854102302052,0.0003410477165326887
Tongji,Tongji2_CY45-05_1--11.pkl,NMC,377,TRUNCATED_AT_EOL,1,377,0,0.0,0,0.000e+00,209.0,0.5529100529100529,86.45829145728644,0.22872563877589003,110.58947121893114,0.292564738674421,6.033539434718219e-07,-0.19363395225464192,1.911404822730817,0.08620962485902756,-0.19363395225464192,1.911404822730807,378.0,377,0.9416389141517855,0.7996873419177054,0.000377530777218298,209.0,0.5529100529100529,86.45829145728644,0.22872563877589003,110.58947121893114,0.292564738674421,6.033539434718219e-07,-0.19363395225464192,1.911404822730817,0.08620962485902756,-0.19363395225464192,1.911404822730807,378.0,377,0.9416389141517855,0.7996873419177054,0.000377530777218298
Tongji,Tongji2_CY45-05_1--12.pkl,NMC,435,TRUNCATED_AT_EOL,1,435,0,0.0,0,0.000e+00,398.0,0.9128440366972477,99.48643216080403,0.22817989027707347,130.6942150089869,0.2997573738738232,4.385182926182866e-07,-0.19540229885057472,1.8044627850657486,0.08336057335356375,-0.19540229885057472,1.8044627850657315,436.0,435,0.9482695958365889,0.8000720210352723,0.00034146906636248057,398.0,0.9128440366972477,99.48643216080403,0.22817989027707347,130.6942150089869,0.2997573738738232,4.385182926182866e-07,-0.19540229885057472,1.8044627850657486,0.08336057335356375,-0.19540229885057472,1.8044627850657315,436.0,435,0.9482695958365889,0.8000720210352723,0.00034146906636248057
Tongji,Tongji2_CY45-05_1--13.pkl,NMC,385,TRUNCATED_AT_EOL,1,385,0,0.0,0,0.000e+00,207.0,0.5362694300518135,94.43015075376886,0.24463769625328718,116.58930486399947,0.30204483125388465,5.929456665693172e-07,-0.19480519480519481,1.923578727996396,0.08834653253616317,-0.19480519480519481,1.9235787279963885,386.0,385,0.943924078563717,0.7997632036330841,0.0003754189451318565,207.0,0.5362694300518135,94.43015075376886,0.24463769625328718,116.58930486399947,0.30204483125388465,5.929456665693172e-07,-0.19480519480519481,1.923578727996396,0.08834653253616317,-0.19480519480519481,1.9235787279963885,386.0,385,0.943924078563717,0.7997632036330841,0.0003754189451318565
Tongji,Tongji2_CY45-05_1--14.pkl,NMC,387,TRUNCATED_AT_EOL,1,387,0,0.0,0,0.000e+00,201.0,0.5180412371134021,90.25628140703519,0.23261928197689483,114.75279124750487,0.2957546166172806,5.742409762323625e-07,-0.18863049095607234,1.9064062028526179,0.08644853352592342,-0.18863049095607234,1.9064062028526267,388.0,387,0.9425575517309952,0.799750150159079,0.0003699673615852751,201.0,0.5180412371134021,90.25628140703519,0.23261928197689483,114.75279124750487,0.2957546166172806,5.742409762323625e-07,-0.18863049095607234,1.9064062028526179,0.08644853352592342,-0.18863049095607234,1.9064062028526267,388.0,387,0.9425575517309952,0.799750150159079,0.0003699673615852751
Tongji,Tongji2_CY45-05_1--15.pkl,NMC,393,TRUNCATED_AT_EOL,1,393,0,0.0,0,0.000e+00,235.0,0.5964467005076142,90.05226130653267,0.2285590388490677,120.12735203303832,0.30489175642903127,5.552272053231503e-07,-0.21119592875318066,1.8337943938912442,0.08619125044554203,-0.21119592875318066,1.8337943938912427,394.0,393,0.9502758328809756,0.7995020271751374,0.00038462705537203624,235.0,0.5964467005076142,90.05226130653267,0.2285590388490677,120.12735203303832,0.30489175642903127,5.552272053231503e-07,-0.21119592875318066,1.8337943938912442,0.08619125044554203,-0.21119592875318066,1.8337943938912427,394.0,393,0.9502758328809756,0.7995020271751374,0.00038462705537203624
Tongji,Tongji2_CY45-05_1--16.pkl,NMC,405,TRUNCATED_AT_EOL,1,405,0,0.0,0,0.000e+00,201.0,0.49385749385749383,94.60050251256283,0.23243366710703398,125.25802014591945,0.30775926325778735,5.281371143777626e-07,-0.2,1.8498049754196084,0.08748538485956305,-0.2,1.8498049754195927,407.0,405,0.9505289892904035,0.7992941517327006,0.00037341935199432827,201.0,0.49385749385749383,94.60050251256283,0.23243366710703398,125.25802014591945,0.30775926325778735,5.281371143777626e-07,-0.2,1.8498049754196084,0.08748538485956305,-0.2,1.8498049754195927,407.0,405,0.9505289892904035,0.7992941517327006,0.00037341935199432827
Tongji,Tongji2_CY45-05_1--17.pkl,NMC,425,TRUNCATED_AT_EOL,1,425,0,0.0,0,0.000e+00,236.0,0.5539906103286385,92.12663316582915,0.21625970226720456,127.22023722523221,0.29863905451932443,4.81657871747514e-07,-0.2188235294117647,1.8326717046553194,0.08740934393325325,-0.2188235294117647,1.8326717046553354,426.0,425,0.9531167421734715,0.7997207677091475,0.00036178295864227374,236.0,0.5539906103286385,92.12663316582915,0.21625970226720456,127.22023722523221,0.29863905451932443,4.81657871747514e-07,-0.2188235294117647,1.8326717046553194,0.08740934393325325,-0.2188235294117647,1.8326717046553354,426.0,425,0.9531167421734715,0.7997207677091475,0.00036178295864227374
Tongji,Tongji2_CY45-05_1--18.pkl,NMC,384,TRUNCATED_AT_EOL,1,384,0,0.0,0,0.000e+00,197.0,0.5116883116883116,89.57035175879398,0.2326502643085558,116.1758853897674,0.3017555464669283,5.858485770592552e-07,-0.203125,1.8791154999212611,0.0868374053346083,-0.203125,1.8791154999212343,385.0,384,0.9452093106312781,0.7996940888394797,0.0003799353049394215,197.0,0.5116883116883116,89.57035175879398,0.2326502643085558,116.1758853897674,0.3017555464669283,5.858485770592552e-07,-0.203125,1.8791154999212611,0.0868374053346083,-0.203125,1.8791154999212343,385.0,384,0.9452093106312781,0.7996940888394797,0.0003799353049394215
Tongji,Tongji2_CY45-05_1--19.pkl,NMC,409,TRUNCATED_AT_EOL,1,409,0,0.0,1,6.839e-02,236.0,0.5742092457420924,87.29396984924624,0.2123940872244434,123.46081648449338,0.3003912809841688,4.728558511348051e-07,-0.2273838630806846,1.7001898435388525,0.07987528322954261,-0.2273838630806846,1.7001898435388507,411.0,409,0.9486630674547368,0.7995754025452636,0.00036451751811607144,201.0,0.48905109489051096,93.87085427135679,0.2283962391030579,123.46081648449338,0.3003912809841688,5.024595666190961e-07,-0.20293398533007334,1.825271979161066,0.0848759724528645,-0.20293398533007334,1.8252719791610492,411.0,409,0.9486630674547368,0.7995754025452636,0.00036451751811607144
Tongji,Tongji2_CY45-05_1--2.pkl,NMC,421,TRUNCATED_AT_EOL,1,421,0,0.0,0,0.000e+00,203.0,0.4720930232558139,94.69748743718593,0.22022671497019983,121.23176642877954,0.2819343405320454,4.6729247869175226e-07,-0.1876484560570071,1.8674391534259456,0.08640237931010152,-0.1876484560570071,1.8674391534259143,430.0,421,0.9458732455552459,0.7979189659039011,0.00034568756927884294,203.0,0.4720930232558139,94.69748743718593,0.22022671497019983,121.23176642877954,0.2819343405320454,4.6729247869175226e-07,-0.1876484560570071,1.8674391534259456,0.08640237931010152,-0.1876484560570071,1.8674391534259143,430.0,421,0.9458732455552459,0.7979189659039011,0.00034568756927884294
Tongji,Tongji2_CY45-05_1--20.pkl,NMC,394,TRUNCATED_AT_EOL,1,394,0,0.0,0,0.000e+00,236.0,0.5974683544303797,93.43668341708543,0.23654856561287452,120.06346687327559,0.30395814398297616,5.375584216290153e-07,-0.20812182741116753,1.815787328191952,0.08387255273466665,-0.20812182741116753,1.815787328191947,395.0,394,0.9473335274267968,0.7997877243698072,0.0003754346133765639,236.0,0.5974683544303797,93.43668341708543,0.23654856561287452,120.06346687327559,0.30395814398297616,5.375584216290153e-07,-0.20812182741116753,1.815787328191952,0.08387255273466665,-0.20812182741116753,1.815787328191947,395.0,394,0.9473335274267968,0.7997877243698072,0.0003754346133765639
Tongji,Tongji2_CY45-05_1--21.pkl,NMC,435,TRUNCATED_AT_EOL,1,435,0,0.0,0,0.000e+00,194.0,0.44495412844036697,97.74170854271357,0.22417823060255404,130.53532293246354,0.29939294250565035,4.7623389838273944e-07,-0.2045977011494253,1.8598583035207197,0.09053015914696497,-0.2045977011494253,1.8598583035207048,436.0,435,0.9555782097147436,0.7995432150178657,0.0003595276375504098,194.0,0.44495412844036697,97.74170854271357,0.22417823060255404,130.53532293246354,0.29939294250565035,4.7623389838273944e-07,-0.2045977011494253,1.8598583035207197,0.09053015914696497,-0.2045977011494253,1.8598583035207048,436.0,435,0.9555782097147436,0.7995432150178657,0.0003595276375504098
Tongji,Tongji2_CY45-05_1--22.pkl,NMC,410,TRUNCATED_AT_EOL,1,410,0,0.0,0,0.000e+00,201.0,0.4878640776699029,94.09547738693469,0.22838708103624925,124.7107674619332,0.30269603752896407,4.946043458097426e-07,-0.2146341463414634,1.8173131936542577,0.08395612007512733,-0.2146341463414634,1.8173131936542428,412.0,410,0.94729633762862,0.7993496809855914,0.00036084550400738665,201.0,0.4878640776699029,94.09547738693469,0.22838708103624925,124.7107674619332,0.30269603752896407,4.946043458097426e-07,-0.2146341463414634,1.8173131936542577,0.08395612007512733,-0.2146341463414634,1.8173131936542428,412.0,410,0.94729633762862,0.7993496809855914,0.00036084550400738665
Tongji,Tongji2_CY45-05_1--23.pkl,NMC,433,TRUNCATED_AT_EOL,1,433,0,0.0,0,0.000e+00,202.0,0.46436781609195404,97.52110552763818,0.2241864494888234,125.78515460925234,0.2891612749637985,5.056314000525423e-07,-0.19630484988452657,1.996810984313364,0.09567810167493862,-0.19630484988452657,1.9968109843133688,435.0,433,0.9488807967650598,0.7994295495824033,0.0003451529958029017,202.0,0.46436781609195404,97.52110552763818,0.2241864494888234,125.78515460925234,0.2891612749637985,5.056314000525423e-07,-0.19630484988452657,1.996810984313364,0.09567810167493862,-0.19630484988452657,1.9968109843133688,435.0,433,0.9488807967650598,0.7994295495824033,0.0003451529958029017
Tongji,Tongji2_CY45-05_1--24.pkl,NMC,424,TRUNCATED_AT_EOL,1,424,0,0.0,0,0.000e+00,201.0,0.47183098591549294,95.5356783919598,0.2242621558496709,128.25317460033332,0.30106379014162754,4.5552940224771e-07,-0.2028301886792453,1.8018948315919299,0.08266765380230529,-0.2028301886792453,1.8018948315919336,426.0,424,0.947270788122714,0.7993913420091229,0.00034877227856979046,201.0,0.47183098591549294,95.5356783919598,0.2242621558496709,128.25317460033332,0.30106379014162754,4.5552940224771e-07,-0.2028301886792453,1.8018948315919299,0.08266765380230529,-0.2028301886792453,1.8018948315919336,426.0,424,0.947270788122714,0.7993913420091229,0.00034877227856979046
Tongji,Tongji2_CY45-05_1--25.pkl,NMC,453,TRUNCATED_AT_EOL,1,453,0,0.0,0,0.000e+00,236.0,0.5198237885462555,107.1638190954774,0.23604365439532465,138.32332432050148,0.3046769258160826,4.12041248085236e-07,-0.19646799116997793,1.7984819363541202,0.08492829389033757,-0.19646799116997793,1.798481936354105,454.0,453,0.9531062978142437,0.79974569128387,0.00033929337727958795,236.0,0.5198237885462555,107.1638190954774,0.23604365439532465,138.32332432050148,0.3046769258160826,4.12041248085236e-07,-0.19646799116997793,1.7984819363541202,0.08492829389033757,-0.19646799116997793,1.798481936354105,454.0,453,0.9531062978142437,0.79974569128387,0.00033929337727958795
Tongji,Tongji2_CY45-05_1--26.pkl,NMC,408,TRUNCATED_AT_EOL,1,408,0,0.0,0,0.000e+00,201.0,0.4902439024390244,93.6462311557789,0.2284054418433632,123.70615467229548,0.30172232846901337,4.96579842678258e-07,-0.20098039215686275,1.8011693623665834,0.08347507155421202,-0.20098039215686275,1.8011693623665777,410.0,408,0.9482784303899275,0.7995230567751731,0.00036459650395773147,201.0,0.4902439024390244,93.6462311557789,0.2284054418433632,123.70615467229548,0.30172232846901337,4.96579842678258e-07,-0.20098039215686275,1.8011693623665834,0.08347507155421202,-0.20098039215686275,1.8011693623665777,410.0,408,0.9482784303899275,0.7995230567751731,0.00036459650395773147
Tongji,Tongji2_CY45-05_1--27.pkl,NMC,450,TRUNCATED_AT_EOL,1,450,0,0.0,0,0.000e+00,236.0,0.5232815964523282,102.85577889447237,0.22806159400104736,134.68599315263936,0.298638565748646,3.9593729190046104e-07,-0.21333333333333335,1.7549324011774838,0.08053404110984683,-0.21333333333333335,1.7549324011774776,451.0,450,0.9501660209532343,0.7997548775632435,0.00033499141066813104,236.0,0.5232815964523282,102.85577889447237,0.22806159400104736,134.68599315263936,0.298638565748646,3.9593729190046104e-07,-0.21333333333333335,1.7549324011774838,0.08053404110984683,-0.21333333333333335,1.7549324011774776,451.0,450,0.9501660209532343,0.7997548775632435,0.00033499141066813104
Tongji,Tongji2_CY45-05_1--28.pkl,NMC,414,TRUNCATED_AT_EOL,1,414,0,0.0,0,0.000e+00,195.0,0.46987951807228917,94.76934673366836,0.22835987164739363,126.61889833855338,0.3051057791290443,4.987645792668201e-07,-0.19806763285024154,1.8398103068712919,0.08589972966422997,-0.19806763285024154,1.8398103068713008,415.0,414,0.9488780039625183,0.7997248685556563,0.0003611456063120146,195.0,0.46987951807228917,94.76934673366836,0.22835987164739363,126.61889833855338,0.3051057791290443,4.987645792668201e-07,-0.19806763285024154,1.8398103068712919,0.08589972966422997,-0.19806763285024154,1.8398103068713008,415.0,414,0.9488780039625183,0.7997248685556563,0.0003611456063120146
Tongji,Tongji2_CY45-05_1--7.pkl,NMC,399,TRUNCATED_AT_EOL,1,399,0,0.0,0,0.000e+00,193.0,0.4742014742014742,96.22864321608041,0.23643401281592238,117.0028657429504,0.28747632860675776,4.835419529500019e-07,-0.17293233082706766,1.8391599652493973,0.08009824096421525,-0.17293233082706766,1.839159965249408,407.0,399,0.9392218384831511,0.7996770521801758,0.00034455502790858096,193.0,0.4742014742014742,96.22864321608041,0.23643401281592238,117.0028657429504,0.28747632860675776,4.835419529500019e-07,-0.17293233082706766,1.8391599652493973,0.08009824096421525,-0.17293233082706766,1.839159965249408,407.0,399,0.9392218384831511,0.7996770521801758,0.00034455502790858096
Tongji,Tongji2_CY45-05_1--8.pkl,NMC,399,TRUNCATED_AT_EOL,1,399,0,0.0,0,0.000e+00,193.0,0.4742014742014742,96.22864321608041,0.23643401281592238,118.14702882193104,0.29028754010302465,5.053409192578369e-07,-0.19298245614035087,1.8776028776542284,0.0837092179341431,-0.19298245614035087,1.8776028776542284,407.0,399,0.9413981562572469,0.7996931349833355,0.00034988894141706515,193.0,0.4742014742014742,96.22864321608041,0.23643401281592238,118.14702882193104,0.29028754010302465,5.053409192578369e-07,-0.19298245614035087,1.8776028776542284,0.0837092179341431,-0.19298245614035087,1.8776028776542284,407.0,399,0.9413981562572469,0.7996931349833355,0.00034988894141706515
Tongji,Tongji2_CY45-05_1--9.pkl,NMC,399,EXTRAPOLATED,1,419,20,0.047733,0,0.000e+00,256.0,0.628992628992629,96.22864321608041,0.23643401281592238,118.0203343715961,0.28997625152726314,4.646634784729477e-07,-0.18295739348370926,1.8218490479686953,0.07697104054556564,-0.18295739348370926,1.8218490479686982,407.0,399,0.9395971254421269,0.8039253720760097,0.0003349919836200426,256.0,0.5995316159250585,99.17336683417086,0.23225612841726198,122.08250431599237,0.2859075042529095,4.2539889158115395e-07,-0.17422434367541767,1.7973162787899546,0.07756255450310116,-0.17422434367541767,1.7973162787899575,427.0,419,0.9395971254421269,0.8,0.0003284638245697103
Tongji,Tongji3_CY25-05_1--1.pkl,블렌드,486,TRUNCATED_AT_EOL,1,486,0,0.0,1,1.302e-02,424.0,0.8617886178861789,62.81909547738694,0.12768108836867265,162.722843033563,0.3307374858405752,1.105050094505941e-07,-0.34156378600823045,1.1363458565681521,0.026749284607644738,-0.34156378600823045,1.1363458565681432,492.0,486,0.9942969519236096,0.7980943637395296,0.0004004134452736326,124.0,0.25203252032520324,64.78894472361809,0.13168484699922375,169.17142165788303,0.3438443529631769,1.1263951809278709e-07,-0.32098765432098764,1.1391358221012622,0.027265972307610912,-0.32098765432098764,1.1391358221012484,492.0,486,0.9942969519236096,0.7980943637395296,0.0004004134452736326
Tongji,Tongji3_CY25-05_1--2.pkl,블렌드,463,TRUNCATED_AT_EOL,1,463,0,0.0,1,1.189e-02,423.0,0.9019189765458422,63.71909547738693,0.1358616108259849,121.34993946385751,0.2587418751894616,1.1133749534225386e-07,-0.28725701943844495,1.121303024326898,0.024489906812975675,-0.28725701943844495,1.1213030243269038,469.0,463,0.9943268405098745,0.79806585327143,0.00042025907331572705,123.0,0.2622601279317697,63.71909547738693,0.1358616108259849,124.2558607110073,0.264937869319845,1.1306773343025093e-07,-0.23110151187904968,1.1232656543392265,0.02487049171304883,-0.23110151187904968,1.1232656543392256,469.0,463,0.9943268405098745,0.79806585327143,0.00042025907331572705
Tongji,Tongji3_CY25-05_1--3.pkl,블렌드,474,TRUNCATED_AT_EOL,1,474,0,0.0,1,1.368e-02,423.0,0.88125,59.40804020100503,0.12376675041876048,128.00349102573503,0.26667393963694797,1.0236567829995729e-07,-0.33755274261603374,1.1170215300896138,0.0235850522803112,-0.33755274261603374,1.1170215300896151,480.0,474,0.9936922414410809,0.7974416004198674,0.0004105661946050491,123.0,0.25625,59.40804020100503,0.12376675041876048,134.79808264403027,0.2808293388417297,1.0415337194257174e-07,-0.2869198312236287,1.118972364646309,0.023996936895566656,-0.2869198312236287,1.1189723646463106,480.0,474,0.9936922414410809,0.7974416004198674,0.0004105661946050491
Tongji,Tongji3_CY25-05_2--1.pkl,블렌드,451,TRUNCATED_AT_EOL,1,451,0,0.0,1,1.811e-02,422.0,0.9234135667396062,118.83668341708544,0.26003650638311915,146.01376175848515,0.3195049491432935,1.876274477222454e-07,-0.2328159645232816,1.223553908985676,0.03918580482934352,-0.2328159645232816,1.2235539089856802,457.0,451,0.9887163167133244,0.797916927600694,0.0004193393167310558,423.0,0.925601750547046,118.83668341708544,0.26003650638311915,144.26373956348533,0.31567557891353465,1.9003307781843e-07,-0.22838137472283815,1.2257991614445491,0.039688218269299906,-0.22838137472283815,1.2257991614445523,457.0,451,0.9887163167133244,0.797916927600694,0.0004193393167310558
Tongji,Tongji3_CY25-05_2--2.pkl,블렌드,439,TRUNCATED_AT_EOL,1,439,0,0.0,1,1.763e-02,221.0,0.49774774774774777,62.19195979899498,0.14007198152926797,119.53512091726029,0.26922324530914477,1.4872130205478957e-07,-0.23462414578587698,1.1592319141773855,0.029318322601870478,-0.23462414578587698,1.1592319141773808,444.0,439,0.9876704511149088,0.7980740456387804,0.0004289511436111503,149.0,0.3355855855855856,65.74572864321608,0.14807596541264884,114.5008115748283,0.2578847107541178,1.5021378233606448e-07,-0.17995444191343962,1.160375251819901,0.029612544194600972,-0.17995444191343962,1.160375251819888,444.0,439,0.9876704511149088,0.7980740456387804,0.0004289511436111503
Tongji,Tongji3_CY25-05_2--3.pkl,블렌드,475,TRUNCATED_AT_EOL,1,475,0,0.0,1,1.664e-02,423.0,0.8794178794178794,63.379396984924625,0.1317658980975564,105.25361096852426,0.21882247602603797,1.1874074427503537e-07,-0.25894736842105265,1.1388907628379394,0.027471977336215793,-0.25894736842105265,1.1388907628379343,481.0,475,0.9880206893211811,0.79879599974056,0.0003950411055962862,424.0,0.8814968814968815,65.30502512562813,0.1357692830054639,109.40027219997036,0.22744339334713173,1.2171507358024777e-07,-0.20842105263157895,1.1422341122645543,0.02816012113859756,-0.20842105263157895,1.1422341122645623,481.0,475,0.9880206893211811,0.79879599974056,0.0003950411055962862
Tongji,Tongji3_CY25-05_4--1.pkl,블렌드,487,TRUNCATED_AT_EOL,1,487,0,0.0,1,1.860e-02,424.0,0.8600405679513184,78.73417085427137,0.15970420051576342,140.82717781917123,0.28565350470420126,1.2577799287128062e-07,-0.28952772073921973,1.1522615380743186,0.030570215389369427,-0.28952772073921973,1.152261538074316,493.0,487,1.0001677377521705,0.7973613947693139,0.0004130475417166122,124.0,0.2515212981744422,78.73417085427137,0.15970420051576342,150.022291680156,0.3043048512782069,1.2850050240816875e-07,-0.2731006160164271,1.1556805916534072,0.031231918609799868,-0.2731006160164271,1.1556805916534103,493.0,487,1.0001677377521705,0.7973613947693139,0.0004130475417166122
Tongji,Tongji3_CY25-05_4--2.pkl,블렌드,474,TRUNCATED_AT_EOL,1,474,0,0.0,1,1.821e-02,423.0,0.88125,88.23216080402011,0.1838170016750419,126.17719137994166,0.2628691487082118,1.6059593062042347e-07,-0.28270042194092826,1.1997884451857879,0.03700130241494637,-0.28270042194092826,1.1997884451857994,480.0,474,0.9945351005664058,0.798300423329644,0.00041053279756644726,249.0,0.51875,90.15376884422112,0.187820351758794,130.49869941680916,0.27187229045168576,1.6322418056985849e-07,-0.2742616033755274,1.2026267051419102,0.03760685120329432,-0.2742616033755274,1.2026267051419128,480.0,474,0.9945351005664058,0.798300423329644,0.00041053279756644726
Tongji,Tongji3_CY25-05_4--3.pkl,블렌드,457,TRUNCATED_AT_EOL,1,457,0,0.0,1,1.724e-02,415.0,0.896328293736501,135.2035175879397,0.29201623669101445,171.3603174104438,0.3701086769124056,1.9156687433247854e-07,-0.23851203501094093,1.2282306618231598,0.04106599928378193,-0.23851203501094093,1.2282306618231573,463.0,457,0.9942535032641056,0.7980323277977428,0.0004256424630506784,122.0,0.2634989200863931,138.91005025125628,0.3000217068061691,174.84540399853853,0.3776358617679018,1.938706862178933e-07,-0.22975929978118162,1.2309431327243754,0.04155986513384269,-0.22975929978118162,1.23094313272437,463.0,457,0.9942535032641056,0.7980323277977428,0.0004256424630506784
UL_PUR,UL-PUR_N10-EX9_18650_NCA_23C_0-100_0.5-0.5C_i.pkl,NCA,194,EXTRAPOLATED,1,244,50,0.204918,0,0.000e+00,47.0,0.2422680412371134,59.093969849246236,0.3046080920064239,74.25642164216339,0.3827650600111515,5.618059552016651e-06,-0.061855670103092786,4.083049671530494,0.21144128929970044,-0.061855670103092786,4.0830496715305005,194.0,194,0.9702941176470589,0.8238235294117647,0.0007589149649497105,26.0,0.10655737704918032,61.44472361809046,0.2518226377790592,70.97646939087811,0.29088716963474637,3.814477184672314e-06,-0.1557377049180328,4.0572601623683395,0.22709871366665113,-0.1557377049180328,4.057260162368347,244.0,244,0.9702941176470589,0.8117136222910217,0.000652594631094803
UL_PUR,UL-PUR_N10-NA7_18650_NCA_23C_0-100_0.5-0.5C_g.pkl,NCA,164,EXTRAPOLATED_CANDIDATE,1,164,0,0.0,0,0.000e+00,136.0,0.8292682926829268,39.57939698492463,0.24133778649344284,16.953995637517405,0.10337802217998418,1.04354037024099e-06,-0.13414634146341464,1.407098730764912,0.02806706179800288,-0.13414634146341464,1.407098730764907,164.0,164,0.8858823529411765,0.8002941176470588,0.000525081198123421,136.0,0.8292682926829268,39.57939698492463,0.24133778649344284,16.953995637517405,0.10337802217998418,1.04354037024099e-06,-0.13414634146341464,1.407098730764912,0.02806706179800288,-0.13414634146341464,1.407098730764907,164.0,164,0.8858823529411765,0.8002941176470588,0.000525081198123421
UL_PUR,UL-PUR_N10-OV8_18650_NCA_23C_0-100_0.5-0.5C_h.pkl,NCA,191,EXTRAPOLATED,1,222,31,0.13964,0,0.000e+00,44.0,0.23036649214659685,52.84422110552764,0.2766713146886264,66.7586328187811,0.34952163779466544,4.9294561532300445e-06,-0.09947643979057591,3.03685465583191,0.17983148992598721,-0.09947643979057591,3.0368546558319287,191.0,191,0.9691176470588235,0.813529411764706,0.0008188854489164084,46.0,0.2072072072072072,54.195477386934684,0.2441237720132193,63.6684560503426,0.2867948470736153,3.900961394959859e-06,-0.14414414414414414,3.085096663949473,0.1922549813891998,-0.14414414414414414,3.085096663949458,222.0,222,0.9691176470588235,0.8,0.0007652382219856266
UL_PUR,UL-PUR_N15-EX4_18650_NCA_23C_0-100_0.5-0.5C_d.pkl,NCA,224,EXTRAPOLATED,1,230,6,0.026087,0,0.000e+00,148.0,0.6607142857142857,128.1884422110553,0.572269831299354,,,-5.503570355802499e-06,-0.10714285714285714,0.15860138412100774,-0.2761471461727449,-0.10714285714285714,0.15860138412101044,224.0,224,0.9708823529411765,0.8014705882352942,0.0007596940121340017,148.0,0.6434782608695652,126.08693467336684,0.5482040637972472,,,-5.044543388727201e-06,-0.13043478260869565,0.16475109239585795,-0.2668563452636672,-0.13043478260869565,0.1647510923958582,230.0,230,0.9708823529411765,0.8,0.0007462111482147445
UL_PUR,UL-PUR_N15-NA10_18650_NCA_23C_0-100_0.5-0.5C_j.pkl,NCA,259,EXTRAPOLATED,1,261,2,0.007663,0,0.000e+00,159.0,0.6138996138996139,134.6673366834171,0.5199511068857803,,,-2.4098077691753196e-07,-0.26640926640926643,0.830333164038575,-0.016165231496407157,-0.26640926640926643,0.8303331640385674,259.0,259,0.9217647058823529,0.8026470588235295,0.00046169630642954823,132.0,0.5057471264367817,134.65829145728645,0.5159321511773427,,,-2.407791182724022e-07,-0.26436781609195403,0.8274709996866177,-0.016402114315832377,-0.26436781609195403,0.8274709996866281,261.0,261,0.9217647058823529,0.8,0.0004683257918552034
UL_PUR,UL-PUR_N15-OV3_18650_NCA_23C_0-100_0.5-0.5C_c.pkl,NCA,174,TRUNCATED_AT_EOL,1,174,0,0.0,0,0.000e+00,164.0,0.9425287356321839,,,113.51401473003521,0.6523793950002024,-1.1495167235315961e-06,0.26436781609195403,0.5483870967741887,-0.0348027683216398,0.26436781609195403,0.5483870967741935,174.0,174,0.9629411764705883,0.7979411764705883,0.0009537572254335262,164.0,0.9425287356321839,,,113.51401473003521,0.6523793950002024,-1.1495167235315961e-06,0.26436781609195403,0.5483870967741887,-0.0348027683216398,0.26436781609195403,0.5483870967741935,174.0,174,0.9629411764705883,0.7979411764705883,0.0009537572254335262
UL_PUR,UL-PUR_N20-EX2_18650_NCA_23C_0-100_0.5-0.5C_b.pkl,NCA,296,TRUNCATED_AT_EOL,1,296,0,0.0,0,0.000e+00,280.0,0.9459459459459459,,,218.45544004846056,0.7380251352988533,-2.6863211757231517e-07,0.20270270270270271,0.8528943880799728,-0.02353647161321645,0.20270270270270271,0.8528943880799793,296.0,296,0.9835294117647059,0.7191176470588235,0.0008963110667996011,280.0,0.9459459459459459,,,218.45544004846056,0.7380251352988533,-2.6863211757231517e-07,0.20270270270270271,0.8528943880799728,-0.02353647161321645,0.20270270270270271,0.8528943880799793,296.0,296,0.9835294117647059,0.7191176470588235,0.0008963110667996011
UL_PUR,UL-PUR_N20-NA5_18650_NCA_23C_0-100_0.5-0.5C_e.pkl,NCA,154,TRUNCATED_AT_EOL,1,154,0,0.0,0,0.000e+00,145.0,0.9415584415584416,,,107.93837252329598,0.7008985228785454,-2.9277171014970055e-06,0.2597402597402597,0.4557928842032551,-0.06943373877910244,0.2597402597402597,0.4557928842032591,154.0,154,0.9805882352941176,0.7902941176470588,0.0012437524029219533,145.0,0.9415584415584416,,,107.93837252329598,0.7008985228785454,-2.9277171014970055e-06,0.2597402597402597,0.4557928842032551,-0.06943373877910244,0.2597402597402597,0.4557928842032591,154.0,154,0.9805882352941176,0.7902941176470588,0.0012437524029219533
UL_PUR,UL-PUR_N20-NA6_18650_NCA_23C_0-100_0.5-0.5C_f.pkl,NCA,156,TRUNCATED_AT_EOL,1,156,0,0.0,0,0.000e+00,147.0,0.9423076923076923,68.84170854271358,0.4412930034789332,89.10042735042799,0.5711565855796666,-3.4438781185643075e-06,0.19230769230769232,0.3603075828962636,-0.08381021789338111,0.19230769230769232,0.360307582896256,156.0,156,0.975,0.7785294117647058,0.0012675521821631883,147.0,0.9423076923076923,68.84170854271358,0.4412930034789332,89.10042735042799,0.5711565855796666,-3.4438781185643075e-06,0.19230769230769232,0.3603075828962636,-0.08381021789338111,0.19230769230769232,0.360307582896256,156.0,156,0.975,0.7785294117647058,0.0012675521821631883
UL_PUR,UL-PUR_N20-OV1_18650_NCA_23C_0-100_0.5-0.5C_a.pkl,NCA,269,TRUNCATED_AT_EOL,1,269,0,0.0,0,0.000e+00,254.0,0.9442379182156134,,,,,-1.998113754904529e-07,0.1449814126394052,0.870181363215605,-0.014458550941862982,0.1449814126394052,0.8701813632156078,269.0,269,0.9585294117647059,0.7338235294117648,0.0008384547848990339,254.0,0.9442379182156134,,,,,-1.998113754904529e-07,0.1449814126394052,0.870181363215605,-0.014458550941862982,0.1449814126394052,0.8701813632156078,269.0,269,0.9585294117647059,0.7338235294117648,0.0008384547848990339
XJTU,XJTU_2C_battery-1.pkl,NMC,389,TRUNCATED_AT_EOL,1,389,0,0.0,0,0.000e+00,369.0,0.9485861182519281,194.2201005025126,0.49928046401674187,183.28285212641404,0.47116414428384074,-2.017125792022003e-06,0.2442159383033419,-0.00833745449057496,-0.3052334919745628,0.2442159383033419,-0.008337454490573597,389.0,389,0.9315,0.796,0.0003492268041237112,369.0,0.9485861182519281,194.2201005025126,0.49928046401674187,183.28285212641404,0.47116414428384074,-2.017125792022003e-06,0.2442159383033419,-0.00833745449057496,-0.3052334919745628,0.2442159383033419,-0.008337454490573597,389.0,389,0.9315,0.796,0.0003492268041237112
XJTU,XJTU_2C_battery-2.pkl,NMC,405,TRUNCATED_AT_EOL,1,405,0,0.0,0,0.000e+00,102.0,0.2518518518518518,192.44321608040204,0.4751684347664248,190.1855250826661,0.4695938890930027,-1.9147105403561894e-06,0.20493827160493827,0.006796527450300186,-0.31406039638192207,0.20493827160493827,0.006796527450300303,405.0,405,0.9305,0.8,0.0003230198019801979,102.0,0.2518518518518518,192.44321608040204,0.4751684347664248,190.1855250826661,0.4695938890930027,-1.9147105403561894e-06,0.20493827160493827,0.006796527450300186,-0.31406039638192207,0.20493827160493827,0.006796527450300303,405.0,405,0.9305,0.8,0.0003230198019801979
XJTU,XJTU_2C_battery-3.pkl,NMC,392,TRUNCATED_AT_EOL,1,392,0,0.0,0,0.000e+00,101.0,0.2576530612244898,189.42663316582917,0.4832312070556867,169.86599005645624,0.43333160728687814,-2.0842290538764853e-06,0.1989795918367347,0.013121716259805735,-0.3202709733348741,0.1989795918367347,0.013121716259807771,392.0,392,0.9305,0.7905,0.00035805626598465475,101.0,0.2576530612244898,189.42663316582917,0.4832312070556867,169.86599005645624,0.43333160728687814,-2.0842290538764853e-06,0.1989795918367347,0.013121716259805735,-0.3202709733348741,0.1989795918367347,0.013121716259807771,392.0,392,0.9305,0.7905,0.00035805626598465475
XJTU,XJTU_2C_battery-4.pkl,NMC,395,EXTRAPOLATED,1,397,2,0.005038,0,0.000e+00,101.0,0.25569620253164554,205.1276381909548,0.5193104764327969,195.9397813056013,0.4960500792546868,-2.2040102573655517e-06,0.2,-0.03338328066209594,-0.3438807004054594,0.2,-0.03338328066209463,395.0,395,0.929,0.8005,0.0003261421319796956,101.0,0.25440806045340053,206.1638190954774,0.5193043302153083,195.95396699000628,0.4935868186146254,-2.2000932955044033e-06,0.19395465994962216,-0.03111971553038885,-0.3467545042111499,0.19395465994962216,-0.03111971553038644,397.0,397,0.929,0.8,0.00032575757575757576
XJTU,XJTU_2C_battery-5.pkl,NMC,401,TRUNCATED_AT_EOL,1,401,0,0.0,0,0.000e+00,101.0,0.2518703241895262,208.23618090452263,0.5192922217070389,204.8666711010264,0.5108894541172728,-1.94157558967319e-06,0.1571072319201995,0.05123433049381859,-0.3122072963950383,0.1571072319201995,0.05123433049381902,401.0,401,0.9505,0.8,0.0003762499999999999,101.0,0.2518703241895262,208.23618090452263,0.5192922217070389,204.8666711010264,0.5108894541172728,-1.94157558967319e-06,0.1571072319201995,0.05123433049381859,-0.3122072963950383,0.1571072319201995,0.05123433049381902,401.0,401,0.9505,0.8,0.0003762499999999999
XJTU,XJTU_2C_battery-6.pkl,NMC,406,TRUNCATED_AT_EOL,1,406,0,0.0,0,0.000e+00,101.0,0.24876847290640394,194.5452261306533,0.47917543381934313,210.81178949003498,0.519240860812894,-1.78780243874736e-06,0.18226600985221675,0.03889414984162986,-0.2946942027933605,0.18226600985221675,0.038894149841628776,406.0,406,0.953,0.8,0.00037777777777777755,101.0,0.24876847290640394,194.5452261306533,0.47917543381934313,210.81178949003498,0.519240860812894,-1.78780243874736e-06,0.18226600985221675,0.03889414984162986,-0.2946942027933605,0.18226600985221675,0.038894149841628776,406.0,406,0.953,0.8,0.00037777777777777755
XJTU,XJTU_2C_battery-7.pkl,NMC,401,TRUNCATED_AT_EOL,1,401,0,0.0,0,0.000e+00,101.0,0.2518703241895262,219.4924623115578,0.547362748906628,222.4758130771657,0.5548025263769718,-1.7074560005924422e-06,0.10224438902743142,0.14150483876830902,-0.27456063235126743,0.10224438902743142,0.14150483876830858,401.0,401,0.969,0.7985,0.00042625,101.0,0.2518703241895262,219.4924623115578,0.547362748906628,222.4758130771657,0.5548025263769718,-1.7074560005924422e-06,0.10224438902743142,0.14150483876830902,-0.27456063235126743,0.10224438902743142,0.14150483876830858,401.0,401,0.969,0.7985,0.00042625
XJTU,XJTU_2C_battery-8.pkl,NMC,418,TRUNCATED_AT_EOL,1,418,0,0.0,0,0.000e+00,102.0,0.24401913875598086,183.51608040201006,0.43903368517227287,211.30341670324714,0.5055105662757109,-1.5387763525266474e-06,0.22488038277511962,0.011697053805212302,-0.2688611594188669,0.22488038277511962,0.01169705380520932,418.0,418,0.9465,0.8,0.00035131894484412464,102.0,0.24401913875598086,183.51608040201006,0.43903368517227287,211.30341670324714,0.5055105662757109,-1.5387763525266474e-06,0.22488038277511962,0.011697053805212302,-0.2688611594188669,0.22488038277511962,0.01169705380520932,418.0,418,0.9465,0.8,0.00035131894484412464
XJTU,XJTU_3C_battery-1.pkl,NMC,298,TRUNCATED_AT_EOL,1,298,0,0.0,0,0.000e+00,65.0,0.2181208053691275,216.95929648241207,0.7280513304778928,168.85364717094268,0.5666229770837002,-3.301890382427302e-06,0.3221476510067114,0.05423478642974999,-0.2932210735210731,0.3221476510067114,0.054234786429752484,298.0,298,0.933,0.7995,0.0004494949494949497,65.0,0.2181208053691275,216.95929648241207,0.7280513304778928,168.85364717094268,0.5666229770837002,-3.301890382427302e-06,0.3221476510067114,0.05423478642974999,-0.2932210735210731,0.3221476510067114,0.054234786429752484,298.0,298,0.933,0.7995,0.0004494949494949497
XJTU,XJTU_3C_battery-10.pkl,NMC,163,TRUNCATED_AT_EOL,1,163,0,0.0,0,0.000e+00,36.0,0.22085889570552147,87.5356783919598,0.5370287017911645,81.12171684817434,0.49767924446732725,-1.2541439230832812e-05,0.25153374233128833,-0.19455191842860212,-0.3332134989239977,0.25153374233128833,-0.19455191842859954,163.0,163,0.905,0.7995,0.0006512345679012348,36.0,0.22085889570552147,87.5356783919598,0.5370287017911645,81.12171684817434,0.49767924446732725,-1.2541439230832812e-05,0.25153374233128833,-0.19455191842860212,-0.3332134989239977,0.25153374233128833,-0.19455191842859954,163.0,163,0.905,0.7995,0.0006512345679012348
XJTU,XJTU_3C_battery-11.pkl,NMC,130,TRUNCATED_AT_EOL,1,130,0,0.0,0,0.000e+00,36.0,0.27692307692307694,73.53819095477388,0.5656783919597991,68.3605170343693,0.52585013103361,-1.982364204010088e-05,0.27692307692307694,-0.22225470135437556,-0.33501955047770354,0.27692307692307694,-0.2222547013543763,130.0,130,0.9,0.798,0.0007906976744186044,36.0,0.27692307692307694,73.53819095477388,0.5656783919597991,68.3605170343693,0.52585013103361,-1.982364204010088e-05,0.27692307692307694,-0.22225470135437556,-0.33501955047770354,0.27692307692307694,-0.2222547013543763,130.0,130,0.9,0.798,0.0007906976744186044
XJTU,XJTU_3C_battery-12.pkl,NMC,211,TRUNCATED_AT_EOL,1,211,0,0.0,0,0.000e+00,49.0,0.23222748815165878,133.43718592964825,0.6324037247850628,109.2919911154231,0.5179715218740432,-7.4408602383992e-06,0.32701421800947866,-0.2062457157876637,-0.3312745386737715,0.32701421800947866,-0.20624571578766626,211.0,211,0.8965,0.799,0.0004642857142857139,49.0,0.23222748815165878,133.43718592964825,0.6324037247850628,109.2919911154231,0.5179715218740432,-7.4408602383992e-06,0.32701421800947866,-0.2062457157876637,-0.3312745386737715,0.32701421800947866,-0.20624571578766626,211.0,211,0.8965,0.799,0.0004642857142857139
XJTU,XJTU_3C_battery-13.pkl,NMC,225,TRUNCATED_AT_EOL,1,225,0,0.0,0,0.000e+00,42.0,0.18666666666666668,141.36582914572864,0.6282925739810161,116.81715833936346,0.5191873703971709,-6.937491694494448e-06,0.28,-0.19216397544962913,-0.351210517033783,0.28,-0.19216397544962005,225.0,225,0.9005,0.7995,0.00045089285714285706,42.0,0.18666666666666668,141.36582914572864,0.6282925739810161,116.81715833936346,0.5191873703971709,-6.937491694494448e-06,0.28,-0.19216397544962913,-0.351210517033783,0.28,-0.19216397544962005,225.0,225,0.9005,0.7995,0.00045089285714285706
XJTU,XJTU_3C_battery-14.pkl,NMC,146,TRUNCATED_AT_EOL,1,146,0,0.0,0,0.000e+00,37.0,0.2534246575342466,85.4497487437186,0.5852722516693055,76.31595876891589,0.5227120463624376,-1.589986730051846e-05,0.2602739726027397,-0.2239688663052559,-0.3389215713778516,0.2602739726027397,-0.22396886630525453,146.0,146,0.897,0.797,0.0006896551724137929,37.0,0.2534246575342466,85.4497487437186,0.5852722516693055,76.31595876891589,0.5227120463624376,-1.589986730051846e-05,0.2602739726027397,-0.2239688663052559,-0.3389215713778516,0.2602739726027397,-0.22396886630525453,146.0,146,0.897,0.797,0.0006896551724137929
XJTU,XJTU_3C_battery-15.pkl,NMC,167,TRUNCATED_AT_EOL,1,167,0,0.0,0,0.000e+00,37.0,0.2215568862275449,79.66231155778895,0.477019829687359,80.1770333046192,0.4801019958360431,-1.1136796946317838e-05,0.24550898203592814,-0.1853464491714377,-0.3105941300358573,0.24550898203592814,-0.18534644917143328,167.0,167,0.8935,0.799,0.0005692771084337344,37.0,0.2215568862275449,79.66231155778895,0.477019829687359,80.1770333046192,0.4801019958360431,-1.1136796946317838e-05,0.24550898203592814,-0.1853464491714377,-0.3105941300358573,0.24550898203592814,-0.18534644917143328,167.0,167,0.8935,0.799,0.0005692771084337344
XJTU,XJTU_3C_battery-2.pkl,NMC,291,TRUNCATED_AT_EOL,1,291,0,0.0,0,0.000e+00,102.0,0.35051546391752575,221.1959798994975,0.7601236422663145,165.76246129394713,0.5696304511819489,-3.421375866246686e-06,0.36082474226804123,0.0614478508541688,-0.2897255297296365,0.36082474226804123,0.06144785085416884,291.0,291,0.9415,0.7975,0.0004965517241379311,102.0,0.35051546391752575,221.1959798994975,0.7601236422663145,165.76246129394713,0.5696304511819489,-3.421375866246686e-06,0.36082474226804123,0.0614478508541688,-0.2897255297296365,0.36082474226804123,0.06144785085416884,291.0,291,0.9415,0.7975,0.0004965517241379311
XJTU,XJTU_3C_battery-3.pkl,NMC,285,TRUNCATED_AT_EOL,1,285,0,0.0,0,0.000e+00,105.0,0.3684210526315789,199.51457286432162,0.7000511328572688,161.91571375876106,0.5681253114342494,-4.677542464413755e-06,0.22807017543859648,-0.028897430748689803,-0.3799333866720059,0.22807017543859648,-0.0288974307486898,285.0,285,0.939,0.799,0.0004929577464788729,105.0,0.3684210526315789,199.51457286432162,0.7000511328572688,161.91571375876106,0.5681253114342494,-4.677542464413755e-06,0.22807017543859648,-0.028897430748689803,-0.3799333866720059,0.22807017543859648,-0.0288974307486898,285.0,285,0.939,0.799,0.0004929577464788729
XJTU,XJTU_3C_battery-4.pkl,NMC,321,TRUNCATED_AT_EOL,1,321,0,0.0,0,0.000e+00,34.0,0.1059190031152648,219.53266331658293,0.6839023779332801,166.56035188944512,0.5188796009016982,-2.468304062351302e-06,0.32710280373831774,0.14363561974391664,-0.2543365188887409,0.32710280373831774,0.14363561974391842,321.0,321,0.9325,0.7995,0.00041562500000000003,34.0,0.1059190031152648,219.53266331658293,0.6839023779332801,166.56035188944512,0.5188796009016982,-2.468304062351302e-06,0.32710280373831774,0.14363561974391664,-0.2543365188887409,0.32710280373831774,0.14363561974391842,321.0,321,0.9325,0.7995,0.00041562500000000003
XJTU,XJTU_3C_battery-5.pkl,NMC,296,TRUNCATED_AT_EOL,1,296,0,0.0,0,0.000e+00,77.0,0.26013513513513514,210.76130653266333,0.7120314409887275,165.09475879003472,0.557752563479847,-3.412436748275333e-06,0.32432432432432434,0.07230945990728382,-0.2989840581368938,0.32432432432432434,0.07230945990728212,296.0,296,0.935,0.799,0.0004610169491525424,77.0,0.26013513513513514,210.76130653266333,0.7120314409887275,165.09475879003472,0.557752563479847,-3.412436748275333e-06,0.32432432432432434,0.07230945990728382,-0.2989840581368938,0.32432432432432434,0.07230945990728212,296.0,296,0.935,0.799,0.0004610169491525424
XJTU,XJTU_3C_battery-6.pkl,NMC,321,TRUNCATED_AT_EOL,1,321,0,0.0,0,0.000e+00,57.0,0.17757009345794392,225.96482412060303,0.7039402620579533,175.3247933594274,0.5461831568829514,-2.7179574428456485e-06,0.3333333333333333,0.06522091647489665,-0.28006105286825717,0.3333333333333333,0.06522091647489843,321.0,321,0.9305,0.797,0.00041718749999999986,57.0,0.17757009345794392,225.96482412060303,0.7039402620579533,175.3247933594274,0.5461831568829514,-2.7179574428456485e-06,0.3333333333333333,0.06522091647489665,-0.28006105286825717,0.3333333333333333,0.06522091647489843,321.0,321,0.9305,0.797,0.00041718749999999986
XJTU,XJTU_3C_battery-7.pkl,NMC,318,TRUNCATED_AT_EOL,1,318,0,0.0,0,0.000e+00,105.0,0.330188679245283,193.2708542713568,0.6077699819853988,159.08182816695108,0.5002573212797203,-3.579936028986794e-06,0.1949685534591195,-0.014507395189813194,-0.36201745099525784,0.1949685534591195,-0.0145073951898132,318.0,318,0.9385,0.799,0.0004400630914826497,105.0,0.330188679245283,193.2708542713568,0.6077699819853988,159.08182816695108,0.5002573212797203,-3.579936028986794e-06,0.1949685534591195,-0.014507395189813194,-0.36201745099525784,0.1949685534591195,-0.0145073951898132,318.0,318,0.9385,0.799,0.0004400630914826497
XJTU,XJTU_3C_battery-8.pkl,NMC,269,TRUNCATED_AT_EOL,1,269,0,0.0,0,0.000e+00,76.0,0.2825278810408922,215.26532663316584,0.8002428499374195,155.57222510480221,0.5783354093115324,-3.7319868995882877e-06,0.4200743494423792,0.028467913262639814,-0.2700503040411103,0.4200743494423792,0.02846791326263953,269.0,269,0.9315,0.798,0.0004981343283582088,76.0,0.2825278810408922,215.26532663316584,0.8002428499374195,155.57222510480221,0.5783354093115324,-3.7319868995882877e-06,0.4200743494423792,0.028467913262639814,-0.2700503040411103,0.4200743494423792,0.02846791326263953,269.0,269,0.9315,0.798,0.0004981343283582088
XJTU,XJTU_3C_battery-9.pkl,NMC,286,TRUNCATED_AT_EOL,1,286,0,0.0,0,0.000e+00,45.0,0.15734265734265734,156.67587939698493,0.5478177601293179,138.019049573621,0.48258408941825526,-3.576557797220333e-06,0.3076923076923077,-0.060940066650033015,-0.29254812158143534,0.3076923076923077,-0.06094006665003444,286.0,286,0.901,0.7985,0.0003596491228070177,45.0,0.15734265734265734,156.67587939698493,0.5478177601293179,138.019049573621,0.48258408941825526,-3.576557797220333e-06,0.3076923076923077,-0.060940066650033015,-0.29254812158143534,0.3076923076923077,-0.06094006665003444,286.0,286,0.901,0.7985,0.0003596491228070177
ZN-coin,ZN-coin_202_20231213213655_03_3.pkl,MnO2,359,TRUNCATED_AT_EOL,1,359,0,0.0,0,0.000e+00,58.0,0.1615598885793872,,,,,7.067632054061741e-07,-0.03064066852367688,1.9237312831682456,0.09108834867595006,-0.03064066852367688,1.923731283168251,359.0,359,0.9983582712808422,0.7994944799519768,0.000555485450639289,58.0,0.1615598885793872,,,,,7.067632054061741e-07,-0.03064066852367688,1.9237312831682456,0.09108834867595006,-0.03064066852367688,1.923731283168251,359.0,359,0.9983582712808422,0.7994944799519768,0.000555485450639289
ZN-coin,ZN-coin_202_20231213213655_03_4.pkl,MnO2,223,TRUNCATED_AT_EOL,1,223,0,0.0,0,0.000e+00,55.0,0.24663677130044842,58.89849246231156,0.264118800279424,26.632109646326,0.1194265006561704,-7.898668463743336e-06,-0.09417040358744394,-0.09253492802171263,-0.3927928840334904,-0.09417040358744394,-0.09253492802171422,223.0,223,0.9994326169437765,0.7986607106188455,0.0009043779564186082,55.0,0.24663677130044842,58.89849246231156,0.264118800279424,26.632109646326,0.1194265006561704,-7.898668463743336e-06,-0.09417040358744394,-0.09253492802171263,-0.3927928840334904,-0.09417040358744394,-0.09253492802171422,223.0,223,0.9994326169437765,0.7986607106188455,0.0009043779564186082
ZN-coin,ZN-coin_202_20231213213655_03_5.pkl,MnO2,287,TRUNCATED_AT_EOL,1,287,0,0.0,0,0.000e+00,56.0,0.1951219512195122,54.89447236180905,0.19126993854288868,3.030940683812842,0.010560768933145791,-2.0626808145668046e-06,-0.08710801393728224,0.37146247842116353,-0.1699009560150535,-0.08710801393728224,0.37146247842115804,287.0,287,0.9995495456713962,0.7977311534253095,0.0007056587141471562,56.0,0.1951219512195122,54.89447236180905,0.19126993854288868,3.030940683812842,0.010560768933145791,-2.0626808145668046e-06,-0.08710801393728224,0.37146247842116353,-0.1699009560150535,-0.08710801393728224,0.37146247842115804,287.0,287,0.9995495456713962,0.7977311534253095,0.0007056587141471562
ZN-coin,ZN-coin_204-1_20231205230212_07_1.pkl,MnO2,100,TRUNCATED_AT_EOL,1,100,0,0.0,0,0.000e+00,11.0,0.11,50.698994974874374,0.5069899497487438,69.4530277646151,0.694530277646151,-2.8164838203452885e-05,0.02,0.04496222605764954,-0.2816483820345293,0.02,0.04496222605764751,100.0,100,0.9993894795490273,0.7950331467171705,0.002064205382139968,11.0,0.11,50.698994974874374,0.5069899497487438,69.4530277646151,0.694530277646151,-2.8164838203452885e-05,0.02,0.04496222605764954,-0.2816483820345293,0.02,0.04496222605764751,100.0,100,0.9993894795490273,0.7950331467171705,0.002064205382139968
ZN-coin,ZN-coin_204-2_20231205230217_07_2.pkl,MnO2,107,TRUNCATED_AT_EOL,1,107,0,0.0,0,0.000e+00,15.0,0.14018691588785046,52.082412060301515,0.4867515145822571,86.03404553059482,0.8040565002859329,-2.121965909946703e-05,0.028037383177570093,0.06575854888693418,-0.24294387702979892,0.028037383177570093,0.06575854888693403,107.0,107,0.9987745430496159,0.7975002021467325,0.001898814536819655,15.0,0.14018691588785046,52.082412060301515,0.4867515145822571,86.03404553059482,0.8040565002859329,-2.121965909946703e-05,0.028037383177570093,0.06575854888693418,-0.24294387702979892,0.028037383177570093,0.06575854888693403,107.0,107,0.9987745430496159,0.7975002021467325,0.001898814536819655
ZN-coin,ZN-coin_204-3_20231205230221_07_3.pkl,MnO2,111,TRUNCATED_AT_EOL,1,111,0,0.0,0,0.000e+00,11.0,0.0990990990990991,52.241206030150764,0.470641495767124,66.59612722796035,0.599965110161805,-2.293896627005114e-05,0.04504504504504504,0.023991257777679544,-0.282631003413302,0.04504504504504504,0.023991257777679593,111.0,111,1.0,0.7956547810270138,0.001857683808845329,11.0,0.0990990990990991,52.241206030150764,0.470641495767124,66.59612722796035,0.599965110161805,-2.293896627005114e-05,0.04504504504504504,0.023991257777679544,-0.282631003413302,0.04504504504504504,0.023991257777679593,111.0,111,1.0,0.7956547810270138,0.001857683808845329
ZN-coin,ZN-coin_205-1_20231205230230_07_4.pkl,MnO2,168,TRUNCATED_AT_EOL,1,168,0,0.0,0,0.000e+00,10.0,0.05952380952380952,71.40854271356784,0.42505084948552285,71.97010073508316,0.4283934567564474,-2.046000347002944e-05,0.08333333333333333,-0.3338543425171827,-0.577463137938109,0.08333333333333333,-0.333854342517183,168.0,168,0.9978934770346086,0.7992535626894733,0.0011894605649409298,10.0,0.05952380952380952,71.40854271356784,0.42505084948552285,71.97010073508316,0.4283934567564474,-2.046000347002944e-05,0.08333333333333333,-0.3338543425171827,-0.577463137938109,0.08333333333333333,-0.333854342517183,168.0,168,0.9978934770346086,0.7992535626894733,0.0011894605649409298
ZN-coin,ZN-coin_205-2_20231205230234_07_5.pkl,MnO2,370,TRUNCATED_AT_EOL,1,370,0,0.0,0,0.000e+00,236.0,0.6378378378378379,43.833668341708545,0.11846937389650958,,,-4.188609334390193e-07,-0.12972972972972974,1.036295461995712,-0.05734206178780096,-0.12972972972972974,1.0362954619957103,370.0,370,0.9996991203084002,0.798303931101142,0.0005457864206158761,236.0,0.6378378378378379,43.833668341708545,0.11846937389650958,,,-4.188609334390193e-07,-0.12972972972972974,1.036295461995712,-0.05734206178780096,-0.12972972972972974,1.0362954619957103,370.0,370,0.9996991203084002,0.798303931101142,0.0005457864206158761
ZN-coin,ZN-coin_205-3_20231205230239_07_6.pkl,MnO2,322,TRUNCATED_AT_EOL,1,322,0,0.0,0,0.000e+00,61.0,0.18944099378881987,61.48994974874372,0.19096257685945253,52.010197381556736,0.16152235211663582,-2.0545809182839773e-06,-0.14285714285714285,0.28694005267730727,-0.2130271679313548,-0.14285714285714285,0.28694005267730405,322.0,322,0.9993322292473975,0.7999471577070865,0.000621137294518103,61.0,0.18944099378881987,61.48994974874372,0.19096257685945253,52.010197381556736,0.16152235211663582,-2.0545809182839773e-06,-0.14285714285714285,0.28694005267730727,-0.2130271679313548,-0.14285714285714285,0.28694005267730405,322.0,322,0.9993322292473975,0.7999471577070865,0.000621137294518103
ZN-coin,ZN-coin_209-1_20231205230248_07_7.pkl,MnO2,219,TRUNCATED_AT_EOL,1,219,0,0.0,0,0.000e+00,56.0,0.2557077625570776,67.49547738693468,0.30819852688098026,40.91322805055165,0.18681839292489338,-1.5070048526552305e-05,-0.0136986301369863,-0.4296780930368727,-0.7227745973819739,-0.0136986301369863,-0.4296780930368726,219.0,219,0.9987740000234159,0.7990119891663534,0.0009163394993443232,56.0,0.2557077625570776,67.49547738693468,0.30819852688098026,40.91322805055165,0.18681839292489338,-1.5070048526552305e-05,-0.0136986301369863,-0.4296780930368727,-0.7227745973819739,-0.0136986301369863,-0.4296780930368726,219.0,219,0.9987740000234159,0.7990119891663534,0.0009163394993443232
ZN-coin,ZN-coin_209-2_20231205230252_07_8.pkl,MnO2,172,TRUNCATED_AT_EOL,1,172,0,0.0,0,0.000e+00,9.0,0.05232558139534884,73.78241206030151,0.42896751197849714,69.30683626227616,0.402946722455094,-3.171888628921369e-05,0.08139534883720931,-0.5024182102600544,-0.9383715319801037,0.08139534883720931,-0.5024182102600556,172.0,172,0.9993743662539614,0.7990616008875622,0.0011714196805052584,9.0,0.05232558139534884,73.78241206030151,0.42896751197849714,69.30683626227616,0.402946722455094,-3.171888628921369e-05,0.08139534883720931,-0.5024182102600544,-0.9383715319801037,0.08139534883720931,-0.5024182102600556,172.0,172,0.9993743662539614,0.7990616008875622,0.0011714196805052584
ZN-coin,ZN-coin_402-1_20231209225636_01_1.pkl,MnO2,104,TRUNCATED_AT_EOL,1,104,0,0.0,0,0.000e+00,32.0,0.3076923076923077,41.527135678391964,0.39929938152299965,38.270764234292784,0.3679881176374306,-4.353228579109853e-05,0.057692307692307696,-0.10947052549357833,-0.470845203116518,0.057692307692307696,-0.10947052549357912,104.0,104,0.9988500494533364,0.7986554729041878,0.001943636665525715,32.0,0.3076923076923077,41.527135678391964,0.39929938152299965,38.270764234292784,0.3679881176374306,-4.353228579109853e-05,0.057692307692307696,-0.10947052549357833,-0.470845203116518,0.057692307692307696,-0.10947052549357912,104.0,104,0.9988500494533364,0.7986554729041878,0.001943636665525715
ZN-coin,ZN-coin_402-2_20231209225727_01_2.pkl,MnO2,117,TRUNCATED_AT_EOL,1,117,0,0.0,0,0.000e+00,37.0,0.3162393162393162,44.310552763819096,0.378722673195035,39.63801550547673,0.33878645731176693,-3.454912058874849e-05,0.042735042735042736,-0.1328062768649095,-0.4729429117393744,0.042735042735042736,-0.13280627686490962,117.0,117,0.9979050075372401,0.7996737806587448,0.00170888988688358,37.0,0.3162393162393162,44.310552763819096,0.378722673195035,39.63801550547673,0.33878645731176693,-3.454912058874849e-05,0.042735042735042736,-0.1328062768649095,-0.4729429117393744,0.042735042735042736,-0.13280627686490962,117.0,117,0.9979050075372401,0.7996737806587448,0.00170888988688358
ZN-coin,ZN-coin_402-3_20231209225844_01_3.pkl,MnO2,159,TRUNCATED_AT_EOL,1,159,0,0.0,0,0.000e+00,44.0,0.27672955974842767,54.275376884422116,0.3413545716001391,47.85477445034149,0.3009734242159842,-2.1863815065118043e-05,0.05660377358490566,-0.18932204602186364,-0.5527391086612526,0.05660377358490566,-0.18932204602186456,159.0,159,0.997415017436995,0.7989692968138588,0.0012559855735641535,44.0,0.27672955974842767,54.275376884422116,0.3413545716001391,47.85477445034149,0.3009734242159842,-2.1863815065118043e-05,0.05660377358490566,-0.18932204602186364,-0.5527391086612526,0.05660377358490566,-0.18932204602186456,159.0,159,0.997415017436995,0.7989692968138588,0.0012559855735641535
ZN-coin,ZN-coin_403-1_20231209225922_01_4.pkl,MnO2,109,TRUNCATED_AT_EOL,1,109,0,0.0,0,0.000e+00,35.0,0.3211009174311927,44.36281407035177,0.4069982942234107,41.620317549784254,0.38183777568609406,-4.847529776186916e-05,0.06422018348623854,-0.2147974754200933,-0.5759350127087662,0.06422018348623854,-0.21479747542009253,109.0,109,0.9984682460861961,0.7961473040092788,0.0018733420562677529,35.0,0.3211009174311927,44.36281407035177,0.4069982942234107,41.620317549784254,0.38183777568609406,-4.847529776186916e-05,0.06422018348623854,-0.2147974754200933,-0.5759350127087662,0.06422018348623854,-0.21479747542009253,109.0,109,0.9984682460861961,0.7961473040092788,0.0018733420562677529
ZN-coin,ZN-coin_404-3_20231209231250_08_1.pkl,MnO2,116,TRUNCATED_AT_EOL,1,116,0,0.0,0,0.000e+00,7.0,0.0603448275862069,43.47487437185929,0.3747833997574077,42.03235660812189,0.3623479017941542,-2.501030118539214e-05,0.05172413793103448,0.03810923896629078,-0.33653861275063923,0.05172413793103448,0.038109238966290475,116.0,116,0.9977661262509232,0.7967294011154032,0.001748145435961043,7.0,0.0603448275862069,43.47487437185929,0.3747833997574077,42.03235660812189,0.3623479017941542,-2.501030118539214e-05,0.05172413793103448,0.03810923896629078,-0.33653861275063923,0.05172413793103448,0.038109238966290475,116.0,116,0.9977661262509232,0.7967294011154032,0.001748145435961043
ZN-coin,ZN-coin_405-1_20231209231331_08_2.pkl,MnO2,136,TRUNCATED_AT_EOL,1,136,0,0.0,0,0.000e+00,37.0,0.27205882352941174,53.57537688442212,0.3939365947383979,47.05533891694771,0.34599513909520374,-3.0436633891369196e-05,0.058823529411764705,-0.1993352634880698,-0.562955980454767,0.058823529411764705,-0.19933526348806782,136.0,136,0.999572670156576,0.7977656376289919,0.0014948669076117343,37.0,0.27205882352941174,53.57537688442212,0.3939365947383979,47.05533891694771,0.34599513909520374,-3.0436633891369196e-05,0.058823529411764705,-0.1993352634880698,-0.562955980454767,0.058823529411764705,-0.19933526348806782,136.0,136,0.999572670156576,0.7977656376289919,0.0014948669076117343
ZN-coin,ZN-coin_405-2_20231209231413_08_3.pkl,MnO2,114,TRUNCATED_AT_EOL,1,114,0,0.0,0,0.000e+00,40.0,0.3508771929824561,48.64170854271357,0.4266816538834524,46.22012322675277,0.40543967742765585,-4.5401236693106454e-05,0.08771929824561403,-0.22217252984140376,-0.590034472063615,0.08771929824561403,-0.22217252984140262,114.0,114,0.9978348434228642,0.7977973179510972,0.0017702435882457257,40.0,0.3508771929824561,48.64170854271357,0.4266816538834524,46.22012322675277,0.40543967742765585,-4.5401236693106454e-05,0.08771929824561403,-0.22217252984140376,-0.590034472063615,0.08771929824561403,-0.22217252984140262,114.0,114,0.9978348434228642,0.7977973179510972,0.0017702435882457257
ZN-coin,ZN-coin_405-3_20231209231450_08_4.pkl,MnO2,138,TRUNCATED_AT_EOL,1,138,0,0.0,0,0.000e+00,38.0,0.2753623188405797,49.948241206030154,0.361943776855291,41.4211410262019,0.30015319584204275,-2.1960187623963302e-05,0.028985507246376812,-0.05750538280719301,-0.4182098131107566,0.028985507246376812,-0.05750538280719305,138.0,138,0.9985180070379437,0.7993055757136946,0.0014541053381332046,38.0,0.2753623188405797,49.948241206030154,0.361943776855291,41.4211410262019,0.30015319584204275,-2.1960187623963302e-05,0.028985507246376812,-0.05750538280719301,-0.4182098131107566,0.028985507246376812,-0.05750538280719305,138.0,138,0.9985180070379437,0.7993055757136946,0.0014541053381332046
ZN-coin,ZN-coin_406-1_20231209231531_08_5.pkl,MnO2,178,TRUNCATED_AT_EOL,1,178,0,0.0,0,0.000e+00,50.0,0.2808988764044944,59.25879396984925,0.33291457286432163,54.04633220996978,0.3036310798312909,-1.5939810632782238e-05,0.0898876404494382,-0.11705418586638698,-0.5050369600890754,0.0898876404494382,-0.11705418586638701,178.0,178,0.9994195129980518,0.7975168749359137,0.0011406928704075596,50.0,0.2808988764044944,59.25879396984925,0.33291457286432163,54.04633220996978,0.3036310798312909,-1.5939810632782238e-05,0.0898876404494382,-0.11705418586638698,-0.5050369600890754,0.0898876404494382,-0.11705418586638701,178.0,178,0.9994195129980518,0.7975168749359137,0.0011406928704075596
ZN-coin,ZN-coin_406-2_20231209231604_08_6.pkl,MnO2,146,TRUNCATED_AT_EOL,1,146,0,0.0,0,0.000e+00,42.0,0.2876712328767123,51.640703517587944,0.35370344875060233,48.3955725011162,0.33147652398024796,-2.1607438446766833e-05,0.0684931506849315,-0.09596811975732163,-0.4605841579312803,0.0684931506849315,-0.09596811975731719,146.0,146,0.9996667713948717,0.7997352967824479,0.00137883775594775,42.0,0.2876712328767123,51.640703517587944,0.35370344875060233,48.3955725011162,0.33147652398024796,-2.1607438446766833e-05,0.0684931506849315,-0.09596811975732163,-0.4605841579312803,0.0684931506849315,-0.09596811975731719,146.0,146,0.9996667713948717,0.7997352967824479,0.00137883775594775
ZN-coin,ZN-coin_406-3_20231209231637_08_7.pkl,MnO2,174,TRUNCATED_AT_EOL,1,174,0,0.0,0,0.000e+00,45.0,0.25862068965517243,59.333165829145734,0.3409952059146307,54.838300669631096,0.3151626475266155,-1.721791683380114e-05,0.09195402298850575,-0.13311253015587923,-0.5212896500601617,0.09195402298850575,-0.13311253015588062,174.0,174,0.99894166070833,0.7976003929818488,0.0011638223568004693,45.0,0.25862068965517243,59.333165829145734,0.3409952059146307,54.838300669631096,0.3151626475266155,-1.721791683380114e-05,0.09195402298850575,-0.13311253015587923,-0.5212896500601617,0.09195402298850575,-0.13311253015588062,174.0,174,0.99894166070833,0.7976003929818488,0.0011638223568004693
ZN-coin,ZN-coin_407-1_20231209231725_08_8.pkl,MnO2,112,TRUNCATED_AT_EOL,1,112,0,0.0,0,0.000e+00,6.0,0.05357142857142857,43.33618090452262,0.3869301866475234,40.54401158466143,0.3620001034344771,-3.5363204885700934e-05,0.07142857142857142,-0.09667004684519552,-0.4435960420862314,0.07142857142857142,-0.09667004684519698,112.0,112,0.9983558777099795,0.7982135723633643,0.0018030838319514878,6.0,0.05357142857142857,43.33618090452262,0.3869301866475234,40.54401158466143,0.3620001034344771,-3.5363204885700934e-05,0.07142857142857142,-0.09667004684519552,-0.4435960420862314,0.07142857142857142,-0.09667004684519698,112.0,112,0.9983558777099795,0.7982135723633643,0.0018030838319514878
ZN-coin,ZN-coin_407-3_20231209231841_02_2.pkl,MnO2,126,TRUNCATED_AT_EOL,1,126,0,0.0,0,0.000e+00,30.0,0.23809523809523808,49.680904522613076,0.3942928930366117,44.67166029372495,0.35453698645813453,-2.498457084401182e-05,0.031746031746031744,-0.03926561670490081,-0.3966550467195321,0.031746031746031744,-0.03926561670490024,126.0,126,0.9990273369187623,0.7992187722323831,0.0015984685174910336,30.0,0.23809523809523808,49.680904522613076,0.3942928930366117,44.67166029372495,0.35453698645813453,-2.498457084401182e-05,0.031746031746031744,-0.03926561670490081,-0.3966550467195321,0.031746031746031744,-0.03926561670490024,126.0,126,0.9990273369187623,0.7992187722323831,0.0015984685174910336
ZN-coin,ZN-coin_408-1_20231209231918_02_3.pkl,MnO2,136,TRUNCATED_AT_EOL,1,136,0,0.0,0,0.000e+00,40.0,0.29411764705882354,56.288944723618094,0.41388929943836833,52.582325906523224,0.3866347493126708,-3.3573729774862534e-05,0.058823529411764705,-0.24142472409909546,-0.6209797059158627,0.058823529411764705,-0.24142472409909527,136.0,136,0.9992590102187864,0.7981416576184568,0.0014897581674098489,40.0,0.29411764705882354,56.288944723618094,0.41388929943836833,52.582325906523224,0.3866347493126708,-3.3573729774862534e-05,0.058823529411764705,-0.24142472409909546,-0.6209797059158627,0.058823529411764705,-0.24142472409909527,136.0,136,0.9992590102187864,0.7981416576184568,0.0014897581674098489
ZN-coin,ZN-coin_408-2_20231209231947_02_4.pkl,MnO2,125,TRUNCATED_AT_EOL,1,125,0,0.0,0,0.000e+00,47.0,0.376,55.27336683417086,0.44218693467336684,51.9073050151293,0.4152584401210344,-3.367810086151234e-05,0.088,-0.1533714209211449,-0.5262203259611316,0.088,-0.15337142092114545,125.0,125,0.997971156712124,0.7978324769608006,0.0016140216108977692,47.0,0.376,55.27336683417086,0.44218693467336684,51.9073050151293,0.4152584401210344,-3.367810086151234e-05,0.088,-0.1533714209211449,-0.5262203259611316,0.088,-0.15337142092114545,125.0,125,0.997971156712124,0.7978324769608006,0.0016140216108977692
ZN-coin,ZN-coin_408-3_20231209232028_05_1.pkl,MnO2,119,TRUNCATED_AT_EOL,1,119,0,0.0,0,0.000e+00,40.0,0.33613445378151263,48.377889447236186,0.40653688611122846,47.46085805155319,0.3988307399290184,-4.7798009977093674e-05,0.1092436974789916,-0.28530826562675604,-0.6768676192856263,0.1092436974789916,-0.2853082656267568,119.0,119,0.9992230807238192,0.7985277995571805,0.0017008074675138873,40.0,0.33613445378151263,48.377889447236186,0.40653688611122846,47.46085805155319,0.3988307399290184,-4.7798009977093674e-05,0.1092436974789916,-0.28530826562675604,-0.6768676192856263,0.1092436974789916,-0.2853082656267568,119.0,119,0.9992230807238192,0.7985277995571805,0.0017008074675138873
ZN-coin,ZN-coin_409-1_20231209232338_05_2.pkl,MnO2,167,TRUNCATED_AT_EOL,1,167,0,0.0,0,0.000e+00,45.0,0.2694610778443114,57.640201005025126,0.34515090422170736,54.53742394564721,0.326571400872139,-1.7280047245189156e-05,0.08982035928143713,-0.10586332367221832,-0.4819232376210758,0.08982035928143713,-0.10586332367221446,167.0,167,0.998251758451914,0.7981003046902856,0.0012057316491664366,45.0,0.2694610778443114,57.640201005025126,0.34515090422170736,54.53742394564721,0.326571400872139,-1.7280047245189156e-05,0.08982035928143713,-0.10586332367221832,-0.4819232376210758,0.08982035928143713,-0.10586332367221446,167.0,167,0.998251758451914,0.7981003046902856,0.0012057316491664366
ZN-coin,ZN-coin_409-2_20231209232422_05_3.pkl,MnO2,210,TRUNCATED_AT_EOL,1,210,0,0.0,0,0.000e+00,54.0,0.2571428571428571,69.79145728643216,0.3323402727925341,60.66766956849145,0.28889366461186405,-1.2819876303832566e-05,0.06666666666666667,-0.17292281592499859,-0.5653565449990179,0.06666666666666667,-0.17292281592500047,210.0,210,0.9985345885977003,0.799814917198449,0.0009508118248768004,54.0,0.2571428571428571,69.79145728643216,0.3323402727925341,60.66766956849145,0.28889366461186405,-1.2819876303832566e-05,0.06666666666666667,-0.17292281592499859,-0.5653565449990179,0.06666666666666667,-0.17292281592500047,210.0,210,0.9985345885977003,0.799814917198449,0.0009508118248768004
ZN-coin,ZN-coin_409-3_20231209232500_05_4.pkl,MnO2,135,TRUNCATED_AT_EOL,1,135,0,0.0,0,0.000e+00,45.0,0.3333333333333333,49.415075376884424,0.36603759538432906,49.81271119337356,0.36898304587684116,-3.0074681109374556e-05,0.08148148148148149,-0.20128707811815325,-0.5481110632183491,0.08148148148148149,-0.20128707811815297,135.0,135,0.9996297405359739,0.7996952271044853,0.0014920486076976762,45.0,0.3333333333333333,49.415075376884424,0.36603759538432906,49.81271119337356,0.36898304587684116,-3.0074681109374556e-05,0.08148148148148149,-0.20128707811815325,-0.5481110632183491,0.08148148148148149,-0.20128707811815297,135.0,135,0.9996297405359739,0.7996952271044853,0.0014920486076976762
ZN-coin,ZN-coin_410-1_20231209232559_09_1.pkl,MnO2,106,TRUNCATED_AT_EOL,1,106,0,0.0,0,0.000e+00,29.0,0.27358490566037735,37.67085427135679,0.3553854176543093,35.061314744543424,0.33076712023154176,-5.408482380131845e-05,0.07547169811320754,-0.2537109148134834,-0.6076970802316144,0.07547169811320754,-0.2537109148134838,106.0,106,0.9992543040802679,0.7989799676038011,0.0019073746331092082,29.0,0.27358490566037735,37.67085427135679,0.3553854176543093,35.061314744543424,0.33076712023154176,-5.408482380131845e-05,0.07547169811320754,-0.2537109148134834,-0.6076970802316144,0.07547169811320754,-0.2537109148134838,106.0,106,0.9992543040802679,0.7989799676038011,0.0019073746331092082
ZN-coin,ZN-coin_410-2_20231209232626_09_2.pkl,MnO2,140,TRUNCATED_AT_EOL,1,140,0,0.0,0,0.000e+00,48.0,0.34285714285714286,50.66281407035176,0.36187724335965543,44.039508024512884,0.3145679144608063,-3.9294892790736665e-05,0.05714285714285714,-0.3708635604391758,-0.7701798986984377,0.05714285714285714,-0.37086356043917573,140.0,140,0.9981524197108821,0.7976237451529876,0.0014426523349488811,48.0,0.34285714285714286,50.66281407035176,0.36187724335965543,44.039508024512884,0.3145679144608063,-3.9294892790736665e-05,0.05714285714285714,-0.3708635604391758,-0.7701798986984377,0.05714285714285714,-0.37086356043917573,140.0,140,0.9981524197108821,0.7976237451529876,0.0014426523349488811
ZN-coin,ZN-coin_410-3_20231209232707_09_3.pkl,MnO2,124,TRUNCATED_AT_EOL,1,124,0,0.0,0,0.000e+00,39.0,0.31451612903225806,40.49597989949749,0.32658048306046367,35.16904411240119,0.28362132348710634,-3.184830296220444e-05,0.03225806451612903,-0.1444018122159244,-0.48969950634685633,0.03225806451612903,-0.1444018122159274,124.0,124,0.9998069021428703,0.7981261400696479,0.0016396809924652225,39.0,0.31451612903225806,40.49597989949749,0.32658048306046367,35.16904411240119,0.28362132348710634,-3.184830296220444e-05,0.03225806451612903,-0.1444018122159244,-0.48969950634685633,0.03225806451612903,-0.1444018122159274,124.0,124,0.9998069021428703,0.7981261400696479,0.0016396809924652225
ZN-coin,ZN-coin_411-1_20231209232756_09_4.pkl,MnO2,147,TRUNCATED_AT_EOL,1,147,0,0.0,0,0.000e+00,47.0,0.3197278911564626,50.81608040201005,0.3456876217823813,44.180520683165945,0.3005477597494282,-2.3366586338854903e-05,0.006802721088435374,-0.19185362116055074,-0.5049285641963158,0.006802721088435374,-0.191853621160551,147.0,147,0.998994075520388,0.7978316309462247,0.0013778249628367352,47.0,0.3197278911564626,50.81608040201005,0.3456876217823813,44.180520683165945,0.3005477597494282,-2.3366586338854903e-05,0.006802721088435374,-0.19185362116055074,-0.5049285641963158,0.006802721088435374,-0.191853621160551,147.0,147,0.998994075520388,0.7978316309462247,0.0013778249628367352
ZN-coin,ZN-coin_411-2_20231209232834_09_5.pkl,MnO2,54,TRUNCATED_AT_EOL,1,54,0,0.0,0,0.000e+00,19.0,0.35185185185185186,22.492964824120605,0.41653638563186307,26.137850680750894,0.4840342718657573,-0.00010415518547068703,0.07407407407407407,0.1010951785740323,-0.3037165208325237,0.07407407407407407,0.1010951785740327,54.0,54,0.9989357189406588,0.7954161475130381,0.0038399919137286917,19.0,0.35185185185185186,22.492964824120605,0.41653638563186307,26.137850680750894,0.4840342718657573,-0.00010415518547068703,0.07407407407407407,0.1010951785740323,-0.3037165208325237,0.07407407407407407,0.1010951785740327,54.0,54,0.9989357189406588,0.7954161475130381,0.0038399919137286917
ZN-coin,ZN-coin_412-1_20231209232958_09_7.pkl,MnO2,245,TRUNCATED_AT_EOL,1,245,0,0.0,0,0.000e+00,75.0,0.30612244897959184,72.48341708542713,0.29585068198133524,56.86531172472037,0.23210331316212396,-1.2253865354138982e-05,0.02040816326530612,-0.30310639439159776,-0.7355382678821937,0.02040816326530612,-0.3031063943915984,245.0,245,0.99854331957707,0.7988431959952794,0.0008184431294335679,75.0,0.30612244897959184,72.48341708542713,0.29585068198133524,56.86531172472037,0.23210331316212396,-1.2253865354138982e-05,0.02040816326530612,-0.30310639439159776,-0.7355382678821937,0.02040816326530612,-0.3031063943915984,245.0,245,0.99854331957707,0.7988431959952794,0.0008184431294335679
ZN-coin,ZN-coin_412-2_20231209233028_09_8.pkl,MnO2,172,TRUNCATED_AT_EOL,1,172,0,0.0,0,0.000e+00,50.0,0.29069767441860467,62.78341708542713,0.36501986677573917,52.563625965871445,0.3056024765457642,-2.0603507287778623e-05,0.046511627906976744,-0.23419550130475664,-0.6095341596016487,0.046511627906976744,-0.23419550130475697,172.0,172,0.9992111068574931,0.7984086386537802,0.001174283439787795,50.0,0.29069767441860467,62.78341708542713,0.36501986677573917,52.563625965871445,0.3056024765457642,-2.0603507287778623e-05,0.046511627906976744,-0.23419550130475664,-0.6095341596016487,0.046511627906976744,-0.23419550130475697,172.0,172,0.9992111068574931,0.7984086386537802,0.001174283439787795
ZN-coin,ZN-coin_412-3_20231209233120_06_1.pkl,MnO2,284,TRUNCATED_AT_EOL,1,284,0,0.0,0,0.000e+00,74.0,0.2605633802816901,73.66984924623117,0.2594008776275745,74.62715483243646,0.2627716719451988,-7.420004879484832e-06,0.09859154929577464,-0.16515087119633495,-0.598467913559729,0.09859154929577464,-0.16515087119633395,284.0,284,0.9992877739997996,0.7994539279408478,0.0007061266645192644,74.0,0.2605633802816901,73.66984924623117,0.2594008776275745,74.62715483243646,0.2627716719451988,-7.420004879484832e-06,0.09859154929577464,-0.16515087119633495,-0.598467913559729,0.09859154929577464,-0.16515087119633395,284.0,284,0.9992877739997996,0.7994539279408478,0.0007061266645192644
ZN-coin,ZN-coin_413-1_20231209233202_06_2.pkl,MnO2,190,TRUNCATED_AT_EOL,1,190,0,0.0,0,0.000e+00,59.0,0.3105263157894737,62.44874371859297,0.3286775985189104,51.5541471395718,0.27133761652406213,-1.9751092833986064e-05,0.031578947368421054,-0.33673511000247536,-0.7130144513068943,0.031578947368421054,-0.3367351100024744,190.0,190,0.9990669689322327,0.7988007043358,0.001059609865589591,59.0,0.3105263157894737,62.44874371859297,0.3286775985189104,51.5541471395718,0.27133761652406213,-1.9751092833986064e-05,0.031578947368421054,-0.33673511000247536,-0.7130144513068943,0.031578947368421054,-0.3367351100024744,190.0,190,0.9990669689322327,0.7988007043358,0.001059609865589591
ZN-coin,ZN-coin_414-2_20231209233354_06_6.pkl,MnO2,118,TRUNCATED_AT_EOL,1,118,0,0.0,0,0.000e+00,44.0,0.3728813559322034,49.387437185929656,0.4185376032705903,48.177405615673635,0.40828309843791216,-4.945555128116686e-05,0.0847457627118644,-0.2984443110215619,-0.6886190960389631,0.0847457627118644,-0.2984443110215617,118.0,118,0.9986700142585339,0.7980122114609767,0.0017150239555346768,44.0,0.3728813559322034,49.387437185929656,0.4185376032705903,48.177405615673635,0.40828309843791216,-4.945555128116686e-05,0.0847457627118644,-0.2984443110215619,-0.6886190960389631,0.0847457627118644,-0.2984443110215617,118.0,118,0.9986700142585339,0.7980122114609767,0.0017150239555346768
ZN-coin,ZN-coin_414-3_20231209233430_06_7.pkl,MnO2,108,TRUNCATED_AT_EOL,1,108,0,0.0,0,0.000e+00,28.0,0.25925925925925924,42.670854271356795,0.3951005025125629,42.5928585647301,0.39437832004379725,-3.200161206593137e-05,0.05555555555555555,0.004688257111093199,-0.3732668031370218,0.05555555555555555,0.0046882571110931975,108.0,108,0.9994090900817381,0.7964488591036646,0.001896824588580126,28.0,0.25925925925925924,42.670854271356795,0.3951005025125629,42.5928585647301,0.39437832004379725,-3.200161206593137e-05,0.05555555555555555,0.004688257111093199,-0.3732668031370218,0.05555555555555555,0.0046882571110931975,108.0,108,0.9994090900817381,0.7964488591036646,0.001896824588580126
ZN-coin,ZN-coin_415-1_20231209233508_06_8.pkl,MnO2,183,TRUNCATED_AT_EOL,1,183,0,0.0,0,0.000e+00,51.0,0.2786885245901639,62.367839195979904,0.3408078644589066,50.53653078697938,0.276155905939778,-1.7076431520194716e-05,0.0273224043715847,-0.22393012953487126,-0.5718726151797995,0.0273224043715847,-0.22393012953486913,183.0,183,0.9988346734112395,0.7990720140519629,0.0010975970294465748,51.0,0.2786885245901639,62.367839195979904,0.3408078644589066,50.53653078697938,0.276155905939778,-1.7076431520194716e-05,0.0273224043715847,-0.22393012953487126,-0.5718726151797995,0.0273224043715847,-0.22393012953486913,183.0,183,0.9988346734112395,0.7990720140519629,0.0010975970294465748
ZN-coin,ZN-coin_415-2_20231209233606_10_1.pkl,MnO2,159,TRUNCATED_AT_EOL,1,159,0,0.0,0,0.000e+00,55.0,0.34591194968553457,64.43819095477389,0.405271641224993,58.82285095414183,0.36995503744743286,-2.6158427327572415e-05,0.09433962264150944,-0.2601653157209301,-0.6613112012683576,0.09433962264150944,-0.2601653157209307,159.0,159,0.9977800397581078,0.7977276246799694,0.0012661545258110026,55.0,0.34591194968553457,64.43819095477389,0.405271641224993,58.82285095414183,0.36995503744743286,-2.6158427327572415e-05,0.09433962264150944,-0.2601653157209301,-0.6613112012683576,0.09433962264150944,-0.2601653157209307,159.0,159,0.9977800397581078,0.7977276246799694,0.0012661545258110026
ZN-coin,ZN-coin_415-3_20231209233637_10_2.pkl,MnO2,201,TRUNCATED_AT_EOL,1,201,0,0.0,0,0.000e+00,65.0,0.32338308457711445,75.67336683417085,0.37648441211030276,64.35832144366493,0.32019065394858176,-1.9723640432563614e-05,0.05472636815920398,-0.3521495209241563,-0.7968547971160003,0.05472636815920398,-0.35214952092415575,201.0,201,0.9994799411872611,0.7982295186685749,0.001006252112593431,65.0,0.32338308457711445,75.67336683417085,0.37648441211030276,64.35832144366493,0.32019065394858176,-1.9723640432563614e-05,0.05472636815920398,-0.3521495209241563,-0.7968547971160003,0.05472636815920398,-0.35214952092415575,201.0,201,0.9994799411872611,0.7982295186685749,0.001006252112593431
ZN-coin,ZN-coin_416-2_20231209233822_10_4.pkl,MnO2,174,TRUNCATED_AT_EOL,1,174,0,0.0,0,0.000e+00,50.0,0.28735632183908044,53.07386934673367,0.30502223762490616,41.712970007254306,0.23972971268536958,-1.729037417455522e-05,0.011494252873563218,-0.16412573540620887,-0.5234833685088327,0.011494252873563218,-0.16412573540620887,174.0,174,0.9999516041768561,0.7989923975153339,0.0011616139113382789,50.0,0.28735632183908044,53.07386934673367,0.30502223762490616,41.712970007254306,0.23972971268536958,-1.729037417455522e-05,0.011494252873563218,-0.16412573540620887,-0.5234833685088327,0.011494252873563218,-0.16412573540620887,174.0,174,0.9999516041768561,0.7989923975153339,0.0011616139113382789
ZN-coin,ZN-coin_416-3_20231209233856_10_5.pkl,MnO2,142,TRUNCATED_AT_EOL,1,142,0,0.0,0,0.000e+00,45.0,0.31690140845070425,50.243718592964825,0.35382900417580865,44.33860137598112,0.31224367166183886,-2.581654891453466e-05,0.056338028169014086,-0.17741982617377777,-0.5205648923126754,0.056338028169014086,-0.1774198261737768,142.0,142,0.999566473886056,0.7996572316817683,0.0014177960440020408,45.0,0.31690140845070425,50.243718592964825,0.35382900417580865,44.33860137598112,0.31224367166183886,-2.581654891453466e-05,0.056338028169014086,-0.17741982617377777,-0.5205648923126754,0.056338028169014086,-0.1774198261737768,142.0,142,0.999566473886056,0.7996572316817683,0.0014177960440020408
ZN-coin,ZN-coin_417-3_20231209234058_10_8.pkl,MnO2,151,TRUNCATED_AT_EOL,1,151,0,0.0,0,0.000e+00,44.0,0.2913907284768212,64.84422110552765,0.4294319278511765,61.88726447969948,0.40984943364039395,-3.120723795625327e-05,0.08609271523178808,-0.30281818380679526,-0.7115562326405279,0.08609271523178808,-0.3028181838067948,151.0,151,0.9995478772037207,0.7996458006062119,0.0013326805106500586,44.0,0.2913907284768212,64.84422110552765,0.4294319278511765,61.88726447969948,0.40984943364039395,-3.120723795625327e-05,0.08609271523178808,-0.30281818380679526,-0.7115562326405279,0.08609271523178808,-0.3028181838067948,151.0,151,0.9995478772037207,0.7996458006062119,0.0013326805106500586
ZN-coin,ZN-coin_418-1_20231209234141_11_1.pkl,MnO2,103,TRUNCATED_AT_EOL,1,103,0,0.0,0,0.000e+00,26.0,0.2524271844660194,77.21809045226132,0.7496901985656439,69.57822632567752,0.6755167604434711,-6.171358649090332e-05,0.24271844660194175,-0.2410944713011456,-0.6547194390819916,0.24271844660194175,-0.24109447130114747,103.0,103,0.998472270937393,0.7911405137674301,0.0020326642859800283,26.0,0.2524271844660194,77.21809045226132,0.7496901985656439,69.57822632567752,0.6755167604434711,-6.171358649090332e-05,0.24271844660194175,-0.2410944713011456,-0.6547194390819916,0.24271844660194175,-0.24109447130114747,103.0,103,0.998472270937393,0.7911405137674301,0.0020326642859800283
ZN-coin,ZN-coin_418-2_20231209234209_11_2.pkl,MnO2,215,TRUNCATED_AT_EOL,1,215,0,0.0,0,0.000e+00,59.0,0.2744186046511628,76.59899497487437,0.35627439523197385,64.15600807043144,0.29840003753689043,-1.532878480374453e-05,0.06046511627906977,-0.2713371497307555,-0.7085730775530927,0.06046511627906977,-0.2713371497307555,215.0,215,0.9987742538122283,0.7990226687033835,0.0009334186220039478,59.0,0.2744186046511628,76.59899497487437,0.35627439523197385,64.15600807043144,0.29840003753689043,-1.532878480374453e-05,0.06046511627906977,-0.2713371497307555,-0.7085730775530927,0.06046511627906977,-0.2713371497307555,215.0,215,0.9987742538122283,0.7990226687033835,0.0009334186220039478
ZN-coin,ZN-coin_418-3_20231209234252_11_3.pkl,MnO2,189,TRUNCATED_AT_EOL,1,189,0,0.0,0,0.000e+00,48.0,0.25396825396825395,82.52964824120603,0.43666480550902664,74.90157586855673,0.39630463422516793,-1.4810669526198843e-05,0.164021164021164,-0.08786912700279674,-0.5290519261453482,0.164021164021164,-0.08786912700279843,189.0,189,0.9989341764984639,0.7981590569105801,0.0010679527637653397,48.0,0.25396825396825395,82.52964824120603,0.43666480550902664,74.90157586855673,0.39630463422516793,-1.4810669526198843e-05,0.164021164021164,-0.08786912700279674,-0.5290519261453482,0.164021164021164,-0.08786912700279843,189.0,189,0.9989341764984639,0.7981590569105801,0.0010679527637653397
ZN-coin,ZN-coin_419-1_20231209234331_11_4.pkl,MnO2,95,TRUNCATED_AT_EOL,1,95,0,0.0,0,0.000e+00,25.0,0.2631578947368421,41.764824120603016,0.4396297275852949,40.272531034015,0.42392137930542106,-3.4994418164163666e-05,0.05263157894736842,0.08439364201544412,-0.3158246239315818,0.05263157894736842,0.08439364201544518,95.0,95,0.9977109361476628,0.7961864900352217,0.002143877086302565,25.0,0.2631578947368421,41.764824120603016,0.4396297275852949,40.272531034015,0.42392137930542106,-3.4994418164163666e-05,0.05263157894736842,0.08439364201544412,-0.3158246239315818,0.05263157894736842,0.08439364201544518,95.0,95,0.9977109361476628,0.7961864900352217,0.002143877086302565
ZN-coin,ZN-coin_419-2_20231209234357_11_5.pkl,MnO2,90,TRUNCATED_AT_EOL,1,90,0,0.0,0,0.000e+00,8.0,0.08888888888888889,34.587437185929645,0.3843048576214405,32.05488769464623,0.3561654188294026,-2.595724496356094e-05,0.08888888888888889,0.29950217696462245,-0.21025368420484417,0.08888888888888889,0.299502176964625,90.0,90,0.9994861177707578,0.7990752696935438,0.0022518072817664493,8.0,0.08888888888888889,34.587437185929645,0.3843048576214405,32.05488769464623,0.3561654188294026,-2.595724496356094e-05,0.08888888888888889,0.29950217696462245,-0.21025368420484417,0.08888888888888889,0.299502176964625,90.0,90,0.9994861177707578,0.7990752696935438,0.0022518072817664493
ZN-coin,ZN-coin_419-3_20231209234510_11_6.pkl,MnO2,73,TRUNCATED_AT_EOL,1,73,0,0.0,0,0.000e+00,4.0,0.0547945205479452,40.3286432160804,0.5524471673435671,41.77915834427016,0.5723172375927419,-7.849791894777286e-05,0.1232876712328767,-0.043001587042127046,-0.4183154100726833,0.1232876712328767,-0.04300158704213293,73.0,73,0.9982852765972509,0.7939293559420029,0.0028382766757673334,4.0,0.0547945205479452,40.3286432160804,0.5524471673435671,41.77915834427016,0.5723172375927419,-7.849791894777286e-05,0.1232876712328767,-0.043001587042127046,-0.4183154100726833,0.1232876712328767,-0.04300158704213293,73.0,73,0.9982852765972509,0.7939293559420029,0.0028382766757673334
ZN-coin,ZN-coin_420-1_20231205230010_01_1.pkl,MnO2,107,TRUNCATED_AT_EOL,1,107,0,0.0,0,0.000e+00,83.0,0.7757009345794392,52.082412060301515,0.4867515145822571,53.23554602250276,0.4975284675000258,-2.279566426799987e-05,0.06542056074766354,0.09908059815587836,-0.26098756020433234,0.06542056074766354,0.09908059815587429,107.0,107,0.9998092067189136,0.7975597235122861,0.0019080139925153538,83.0,0.7757009345794392,52.082412060301515,0.4867515145822571,53.23554602250276,0.4975284675000258,-2.279566426799987e-05,0.06542056074766354,0.09908059815587836,-0.26098756020433234,0.06542056074766354,0.09908059815587429,107.0,107,0.9998092067189136,0.7975597235122861,0.0019080139925153538
ZN-coin,ZN-coin_420-2_20231205230013_01_2.pkl,MnO2,18,TRUNCATED_AT_EOL,1,18,0,0.0,0,0.000e+00,3.0,0.16666666666666666,,,,,1.8683215380276938e-05,0.1111111111111111,1.0113738256565215,0.00605336178320581,0.1111111111111111,1.0113738256565221,18.0,18,0.9995930520013256,0.7893069749836551,0.012369769236333561,3.0,0.16666666666666666,,,,,1.8683215380276938e-05,0.1111111111111111,1.0113738256565215,0.00605336178320581,0.1111111111111111,1.0113738256565221,18.0,18,0.9995930520013256,0.7893069749836551,0.012369769236333561
ZN-coin,ZN-coin_420-3_20231205230017_01_3.pkl,MnO2,112,TRUNCATED_AT_EOL,1,112,0,0.0,0,0.000e+00,6.0,0.05357142857142857,51.368341708542715,0.4586459081119885,55.98947369587824,0.49990601514176997,-2.4252429098573847e-05,0.07142857142857142,0.051263014567600955,-0.3042224706125088,0.07142857142857142,0.05126301456760049,112.0,112,0.9994640170543015,0.7974308611675425,0.001820118521502334,6.0,0.05357142857142857,51.368341708542715,0.4586459081119885,55.98947369587824,0.49990601514176997,-2.4252429098573847e-05,0.07142857142857142,0.051263014567600955,-0.3042224706125088,0.07142857142857142,0.05126301456760049,112.0,112,0.9994640170543015,0.7974308611675425,0.001820118521502334
ZN-coin,ZN-coin_421-1_20231205230023_01_4.pkl,MnO2,51,TRUNCATED_AT_EOL,1,51,0,0.0,0,0.000e+00,8.0,0.1568627450980392,34.5427135678392,0.6773081091733176,,,-4.16138476495925e-05,0.09803921568627451,0.5144700822895621,-0.10823761773659112,0.09803921568627451,0.5144700822895621,51.0,51,0.9991556037543837,0.7973119985768422,0.004036872103550831,8.0,0.1568627450980392,34.5427135678392,0.6773081091733176,,,-4.16138476495925e-05,0.09803921568627451,0.5144700822895621,-0.10823761773659112,0.09803921568627451,0.5144700822895621,51.0,51,0.9991556037543837,0.7973119985768422,0.004036872103550831
ZN-coin,ZN-coin_421-3_20231205230030_01_6.pkl,MnO2,90,TRUNCATED_AT_EOL,1,90,0,0.0,0,0.000e+00,6.0,0.06666666666666667,44.605527638190964,0.4956169737576774,54.42995222348588,0.6047772469276208,-2.4544231757038427e-05,0.044444444444444446,0.24835515376443812,-0.1988082772320118,0.044444444444444446,0.248355153764444,90.0,90,0.9983527787807666,0.7986798158512366,0.002243516437410449,6.0,0.06666666666666667,44.605527638190964,0.4956169737576774,54.42995222348588,0.6047772469276208,-2.4544231757038427e-05,0.044444444444444446,0.24835515376443812,-0.1988082772320118,0.044444444444444446,0.248355153764444,90.0,90,0.9983527787807666,0.7986798158512366,0.002243516437410449
ZN-coin,ZN-coin_422-1_20231205230039_01_7.pkl,MnO2,136,TRUNCATED_AT_EOL,1,136,0,0.0,0,0.000e+00,74.0,0.5441176470588235,43.263819095477395,0.3181163168785103,54.097452141116726,0.3977753833905642,-1.0018286821109464e-05,0.11764705882352941,0.30907347497284915,-0.18529823304324516,0.11764705882352941,0.30907347497284865,136.0,136,0.9991688814200499,0.798146355234833,0.001489055749520125,74.0,0.5441176470588235,43.263819095477395,0.3181163168785103,54.097452141116726,0.3977753833905642,-1.0018286821109464e-05,0.11764705882352941,0.30907347497284915,-0.18529823304324516,0.11764705882352941,0.30907347497284865,136.0,136,0.9991688814200499,0.798146355234833,0.001489055749520125
ZN-coin,ZN-coin_422-2_20231205230043_01_8.pkl,MnO2,50,TRUNCATED_AT_EOL,1,50,0,0.0,0,0.000e+00,12.0,0.24,34.65979899497488,0.6931959798994975,,,-5.3291372805100784e-05,0.04,0.45560354639213746,-0.13322843201275544,0.04,0.45560354639213996,50.0,50,0.9997354457470518,0.790912966382123,0.0042616832523454835,12.0,0.24,34.65979899497488,0.6931959798994975,,,-5.3291372805100784e-05,0.04,0.45560354639213746,-0.13322843201275544,0.04,0.45560354639213996,50.0,50,0.9997354457470518,0.790912966382123,0.0042616832523454835
ZN-coin,ZN-coin_422-3_20231205230049_02_1.pkl,MnO2,118,TRUNCATED_AT_EOL,1,118,0,0.0,0,0.000e+00,9.0,0.07627118644067797,58.79447236180905,0.498258240354314,66.74213310400012,0.5656112974915264,-3.382543432418346e-05,0.05084745762711865,-0.2095746510147723,-0.47098534752992777,0.05084745762711865,-0.2095746510147706,118.0,118,0.998166552962719,0.7953373978935703,0.0017335825219585356,9.0,0.07627118644067797,58.79447236180905,0.498258240354314,66.74213310400012,0.5656112974915264,-3.382543432418346e-05,0.05084745762711865,-0.2095746510147723,-0.47098534752992777,0.05084745762711865,-0.2095746510147706,118.0,118,0.998166552962719,0.7953373978935703,0.0017335825219585356
ZN-coin,ZN-coin_423-1_20231205230055_02_2.pkl,MnO2,104,TRUNCATED_AT_EOL,1,104,0,0.0,0,0.000e+00,29.0,0.27884615384615385,53.12110552763819,0.5107798608426749,67.62286760885581,0.6502198808543829,-2.1635231834954804e-05,0.057692307692307696,0.14303544070743415,-0.23400666752686938,0.057692307692307696,0.14303544070743418,104.0,104,0.9978150429082722,0.7999563825973172,0.0019209578670966506,29.0,0.27884615384615385,53.12110552763819,0.5107798608426749,67.62286760885581,0.6502198808543829,-2.1635231834954804e-05,0.057692307692307696,0.14303544070743415,-0.23400666752686938,0.057692307692307696,0.14303544070743418,104.0,104,0.9978150429082722,0.7999563825973172,0.0019209578670966506
ZN-coin,ZN-coin_423-2_20231205230059_02_3.pkl,MnO2,75,TRUNCATED_AT_EOL,1,75,0,0.0,0,0.000e+00,31.0,0.41333333333333333,44.39597989949749,0.5919463986599666,55.52901374227318,0.7403868498969757,-3.311951647145658e-05,0.06666666666666667,0.29396386104422273,-0.18629728015194152,0.06666666666666667,0.29396386104422306,75.0,75,0.9970121809653906,0.799418881766506,0.0026701797189038457,31.0,0.41333333333333333,44.39597989949749,0.5919463986599666,55.52901374227318,0.7403868498969757,-3.311951647145658e-05,0.06666666666666667,0.29396386104422273,-0.18629728015194152,0.06666666666666667,0.29396386104422306,75.0,75,0.9970121809653906,0.799418881766506,0.0026701797189038457
ZN-coin,ZN-coin_423-3_20231205230102_02_4.pkl,MnO2,70,TRUNCATED_AT_EOL,1,70,0,0.0,0,0.000e+00,17.0,0.24285714285714285,38.68994974874372,0.552713567839196,53.535329038743704,0.7647904148391957,-2.4557483061616893e-05,0.05714285714285714,0.47761362426778975,-0.12033166700192478,0.05714285714285714,0.47761362426779125,70.0,70,0.9985180854307307,0.7994739928147828,0.0028846969944340277,17.0,0.24285714285714285,38.68994974874372,0.552713567839196,53.535329038743704,0.7647904148391957,-2.4557483061616893e-05,0.05714285714285714,0.47761362426778975,-0.12033166700192478,0.05714285714285714,0.47761362426779125,70.0,70,0.9985180854307307,0.7994739928147828,0.0028846969944340277
ZN-coin,ZN-coin_424-1_20231205230107_02_5.pkl,MnO2,30,TRUNCATED_AT_EOL,1,30,0,0.0,0,0.000e+00,5.0,0.16666666666666666,22.553266331658293,0.7517755443886097,,,-6.0671708424076226e-05,0.13333333333333333,0.737482789364693,-0.05460453758166801,0.13333333333333333,0.7374827893646932,30.0,30,0.9982350638607294,0.7933083126339309,0.00706643969747581,5.0,0.16666666666666666,22.553266331658293,0.7517755443886097,,,-6.0671708424076226e-05,0.13333333333333333,0.737482789364693,-0.05460453758166801,0.13333333333333333,0.7374827893646932,30.0,30,0.9982350638607294,0.7933083126339309,0.00706643969747581
ZN-coin,ZN-coin_424-3_20231205230114_02_7.pkl,MnO2,28,TRUNCATED_AT_EOL,1,28,0,0.0,0,0.000e+00,5.0,0.17857142857142858,21.392462311557793,0.764016511127064,,,-5.667637964368966e-05,0.14285714285714285,0.7781247599811412,-0.04443428164065499,0.14285714285714285,0.7781247599811357,28.0,28,0.9975223292123556,0.7961113492574652,0.007459665924255201,5.0,0.17857142857142858,21.392462311557793,0.764016511127064,,,-5.667637964368966e-05,0.14285714285714285,0.7781247599811412,-0.04443428164065499,0.14285714285714285,0.7781247599811357,28.0,28,0.9975223292123556,0.7961113492574652,0.007459665924255201
ZN-coin,ZN-coin_425-1_20231205230120_02_8.pkl,MnO2,98,TRUNCATED_AT_EOL,1,98,0,0.0,0,0.000e+00,9.0,0.09183673469387756,49.30502512562815,0.5031125012819199,57.395262287962936,0.5856659417139075,-3.65960304178526e-05,0.02040816326530612,-0.03821973405720517,-0.35146827613305415,0.02040816326530612,-0.038219734057202595,98.0,98,0.9981507224490952,0.798022574460156,0.0020631767833911257,9.0,0.09183673469387756,49.30502512562815,0.5031125012819199,57.395262287962936,0.5856659417139075,-3.65960304178526e-05,0.02040816326530612,-0.03821973405720517,-0.35146827613305415,0.02040816326530612,-0.038219734057202595,98.0,98,0.9981507224490952,0.798022574460156,0.0020631767833911257
ZN-coin,ZN-coin_425-2_20231205230124_03_1.pkl,MnO2,108,TRUNCATED_AT_EOL,1,108,0,0.0,0,0.000e+00,9.0,0.08333333333333333,53.854773869346744,0.49865531360506243,62.53434090895115,0.579021675082881,-3.144989197985194e-05,0.037037037037037035,-0.08348013106664559,-0.3668315400529905,0.037037037037037035,-0.08348013106665067,108.0,108,0.9986194496358518,0.7989169613245358,0.0018663783954328598,9.0,0.08333333333333333,53.854773869346744,0.49865531360506243,62.53434090895115,0.579021675082881,-3.144989197985194e-05,0.037037037037037035,-0.08348013106664559,-0.3668315400529905,0.037037037037037035,-0.08348013106665067,108.0,108,0.9986194496358518,0.7989169613245358,0.0018663783954328598
ZN-coin,ZN-coin_426-1_20231205230136_03_3.pkl,MnO2,62,TRUNCATED_AT_EOL,1,62,0,0.0,0,0.000e+00,11.0,0.1774193548387097,40.69597989949749,0.6563867725725401,,,-3.6226345585553e-05,0.03225806451612903,0.40800767970011464,-0.13925407243086443,0.03225806451612903,0.4080076797001161,62.0,62,0.9975063562239815,0.7950671604042152,0.0033186753413076446,11.0,0.1774193548387097,40.69597989949749,0.6563867725725401,,,-3.6226345585553e-05,0.03225806451612903,0.40800767970011464,-0.13925407243086443,0.03225806451612903,0.4080076797001161,62.0,62,0.9975063562239815,0.7950671604042152,0.0033186753413076446
ZN-coin,ZN-coin_426-2_20231205230139_03_4.pkl,MnO2,63,TRUNCATED_AT_EOL,1,63,0,0.0,0,0.000e+00,32.0,0.5079365079365079,40.34974874371859,0.6404722022812475,61.42216826959818,0.9749550518983838,-4.501219089670405e-05,0.07936507936507936,0.30500145895269526,-0.17865338566901953,0.07936507936507936,0.30500145895269387,63.0,63,0.999055586728358,0.79865177117732,0.003232319605661904,32.0,0.5079365079365079,40.34974874371859,0.6404722022812475,61.42216826959818,0.9749550518983838,-4.501219089670405e-05,0.07936507936507936,0.30500145895269526,-0.17865338566901953,0.07936507936507936,0.30500145895269387,63.0,63,0.999055586728358,0.79865177117732,0.003232319605661904
ZN-coin,ZN-coin_426-3_20231205230143_03_5.pkl,MnO2,90,TRUNCATED_AT_EOL,1,90,0,0.0,0,0.000e+00,6.0,0.06666666666666667,45.67889447236181,0.5075432719151313,59.72526139108827,0.6636140154565363,-2.0055533003879216e-05,0.08888888888888889,0.3112411804155513,-0.16244981733142386,0.08888888888888889,0.31124118041556076,90.0,90,0.9983558484038497,0.7973979000245699,0.0022579544761716836,6.0,0.06666666666666667,45.67889447236181,0.5075432719151313,59.72526139108827,0.6636140154565363,-2.0055533003879216e-05,0.08888888888888889,0.3112411804155513,-0.16244981733142386,0.08888888888888889,0.31124118041556076,90.0,90,0.9983558484038497,0.7973979000245699,0.0022579544761716836
ZN-coin,ZN-coin_427-1_20231205230153_03_7.pkl,MnO2,21,TRUNCATED_AT_EOL,1,21,0,0.0,0,0.000e+00,15.0,0.7142857142857143,3.7236180904522618,0.17731514716439342,,,0.0001029987662570076,-0.047619047619047616,1.266249708220086,0.04542245591934094,-0.047619047619047616,1.2662497082200788,21.0,21,0.9984878366028711,0.7968420176092302,0.010082290949682044,15.0,0.7142857142857143,3.7236180904522618,0.17731514716439342,,,0.0001029987662570076,-0.047619047619047616,1.266249708220086,0.04542245591934094,-0.047619047619047616,1.2662497082200788,21.0,21,0.9984878366028711,0.7968420176092302,0.010082290949682044
ZN-coin,ZN-coin_428-1_20231212185048_01_2.pkl,MnO2,187,TRUNCATED_AT_EOL,1,187,0,0.0,0,0.000e+00,53.0,0.28342245989304815,59.230150753768854,0.31673877408432544,40.727802473054886,0.21779573515002612,-1.4694582135661882e-05,0.0053475935828877,-0.26688314678622477,-0.513854842701962,0.0053475935828877,-0.26688314678622566,187.0,187,0.9992817426563467,0.7988153172175549,0.0010777764808537192,53.0,0.28342245989304815,59.230150753768854,0.31673877408432544,40.727802473054886,0.21779573515002612,-1.4694582135661882e-05,0.0053475935828877,-0.26688314678622477,-0.513854842701962,0.0053475935828877,-0.26688314678622566,187.0,187,0.9992817426563467,0.7988153172175549,0.0010777764808537192
ZN-coin,ZN-coin_428-2_20231212185058_01_4.pkl,MnO2,101,TRUNCATED_AT_EOL,1,101,0,0.0,0,0.000e+00,6.0,0.0594059405940594,44.366834170854275,0.43927558585004234,46.48423492004744,0.46023994970344,-6.310532733078093e-05,0.06930693069306931,-0.3521336212253482,-0.6437374441012979,0.06930693069306931,-0.3521336212253473,101.0,101,0.9995633846378479,0.7966210373502522,0.0020294234728759565,6.0,0.0594059405940594,44.366834170854275,0.43927558585004234,46.48423492004744,0.46023994970344,-6.310532733078093e-05,0.06930693069306931,-0.3521336212253482,-0.6437374441012979,0.06930693069306931,-0.3521336212253473,101.0,101,0.9995633846378479,0.7966210373502522,0.0020294234728759565
ZN-coin,ZN-coin_429-1_20231212185129_01_5.pkl,MnO2,137,TRUNCATED_AT_EOL,1,137,0,0.0,0,0.000e+00,7.0,0.051094890510948905,62.71256281407035,0.45775593294941863,63.3750949457817,0.4625919339108153,-3.796646725882284e-05,0.0948905109489051,-0.39925339903080825,-0.7125926239808464,0.0948905109489051,-0.3992533990308078,137.0,137,0.9993148845333012,0.7958887909393008,0.0014957800999558855,7.0,0.051094890510948905,62.71256281407035,0.45775593294941863,63.3750949457817,0.4625919339108153,-3.796646725882284e-05,0.0948905109489051,-0.39925339903080825,-0.7125926239808464,0.0948905109489051,-0.3992533990308078,137.0,137,0.9993148845333012,0.7958887909393008,0.0014957800999558855
ZN-coin,ZN-coin_429-2_20231212185157_01_8.pkl,MnO2,204,TRUNCATED_AT_EOL,1,204,0,0.0,0,0.000e+00,70.0,0.3431372549019608,68.63266331658292,0.3364346241008967,46.603748295919765,0.2284497465486263,-1.3774522682149792e-05,0.0,-0.31139243450171555,-0.5732405359403473,0.0,-0.3113924345017167,204.0,204,0.9993225326788235,0.7997559898215031,0.000983086418016357,70.0,0.3431372549019608,68.63266331658292,0.3364346241008967,46.603748295919765,0.2284497465486263,-1.3774522682149792e-05,0.0,-0.31139243450171555,-0.5732405359403473,0.0,-0.3113924345017167,204.0,204,0.9993225326788235,0.7997559898215031,0.000983086418016357
ZN-coin,ZN-coin_430-1_20231212185250_02_6.pkl,MnO2,144,TRUNCATED_AT_EOL,1,144,0,0.0,0,0.000e+00,66.0,0.4583333333333333,60.71507537688443,0.4216324678950307,60.1810167342188,0.4179237273209639,-4.038487575413427e-05,0.1111111111111111,-0.4459916069915088,-0.8374207836377274,0.1111111111111111,-0.4459916069915076,144.0,144,0.9993632651568374,0.7994825554283179,0.0013977672008987374,66.0,0.4583333333333333,60.71507537688443,0.4216324678950307,60.1810167342188,0.4179237273209639,-4.038487575413427e-05,0.1111111111111111,-0.4459916069915088,-0.8374207836377274,0.1111111111111111,-0.4459916069915076,144.0,144,0.9993632651568374,0.7994825554283179,0.0013977672008987374
ZN-coin,ZN-coin_430-2_20231212185305_02_7.pkl,MnO2,200,TRUNCATED_AT_EOL,1,200,0,0.0,0,0.000e+00,73.0,0.365,78.50000000000001,0.39250000000000007,61.52148828806535,0.30760744144032676,-1.6716327099883597e-05,0.04,-0.35914120657529774,-0.6686530839953446,0.04,-0.3591412065752966,200.0,200,0.9993414479890372,0.7997598306316449,0.0010029227002884037,73.0,0.365,78.50000000000001,0.39250000000000007,61.52148828806535,0.30760744144032676,-1.6716327099883597e-05,0.04,-0.35914120657529774,-0.6686530839953446,0.04,-0.3591412065752966,200.0,200,0.9993414479890372,0.7997598306316449,0.0010029227002884037
ZN-coin,ZN-coin_432-2_20231227204437_01_2.pkl,MnO2,333,EXTRAPOLATED,1,342,9,0.026316,0,0.000e+00,39.0,0.11711711711711711,35.53467336683417,0.10671073083133384,19.63343808346534,0.05895927352391994,6.443186764658959e-07,-0.015015015015015015,3.065446310250756,0.07144785371462649,-0.015015015015015015,3.0654463102507576,333.0,333,1.0,0.8203607914672375,0.0005410819534119352,40.0,0.11695906432748537,,,54.24543038464791,0.1586123695457541,4.2408637714721556e-07,-0.029239766081871343,2.40756278315854,0.04960283901664644,-0.029239766081871343,2.4075627831585127,342.0,342,1.0,0.8,0.0005865102639296187
ZN-coin,ZN-coin_432-3_20231227204518_01_3.pkl,MnO2,893,EXTRAPOLATED,1,925,32,0.034595,0,0.000e+00,58.0,0.06494960806270997,556.3708542713568,0.6230356710765474,,,-5.915010727280118e-07,0.06606942889137737,0.24370423933942106,-0.4716919389458787,0.06606942889137737,0.24370423933942098,893.0,893,1.0,0.8224689351219553,0.00019902585748659722,58.0,0.0627027027027027,554.0070351758794,0.5989265245144643,,,-6.046598646422199e-07,0.055135135135135134,0.2073386070247484,-0.5173620966844956,0.055135135135135134,0.2073386070247475,925.0,925,1.0,0.8,0.0002164502164502164
ZN-coin,ZN-coin_433-1_20231227204534_01_4.pkl,MnO2,974,TRUNCATED_AT_EOL,1,974,0,0.0,0,0.000e+00,68.0,0.06981519507186858,692.856783919598,0.7113519342090329,,,-2.971079850098621e-07,0.08008213552361396,0.44067691742320153,-0.28185921478721837,0.08008213552361396,0.44067691742320186,974.0,974,0.9999999999999998,0.7997209488297704,0.00020583664046272288,68.0,0.06981519507186858,692.856783919598,0.7113519342090329,,,-2.971079850098621e-07,0.08008213552361396,0.44067691742320153,-0.28185921478721837,0.08008213552361396,0.44067691742320186,974.0,974,0.9999999999999998,0.7997209488297704,0.00020583664046272288
ZN-coin,ZN-coin_433-2_20231227204539_01_5.pkl,MnO2,815,TRUNCATED_AT_EOL,1,815,0,0.0,0,0.000e+00,56.0,0.0687116564417178,458.7216080402011,0.5628485988223326,424.031321378547,0.5202838299123276,-1.0092583851481598e-06,0.07975460122699386,0.11889607304799485,-0.6703746508750326,0.07975460122699386,0.11889607304799497,815.0,815,0.9999999999999999,0.7998110640104195,0.0002459323537955534,56.0,0.0687116564417178,458.7216080402011,0.5628485988223326,424.031321378547,0.5202838299123276,-1.0092583851481598e-06,0.07975460122699386,0.11889607304799485,-0.6703746508750326,0.07975460122699386,0.11889607304799497,815.0,815,0.9999999999999999,0.7998110640104195,0.0002459323537955534
ZN-coin,ZN-coin_433-3_20231227204544_01_6.pkl,MnO2,770,TRUNCATED_AT_EOL,1,770,0,0.0,0,0.000e+00,57.0,0.07402597402597402,186.10100502512566,0.2416896169157476,29.841872408474917,0.03875567845256483,7.883277742411574e-07,0.17922077922077922,2.3458197408995383,0.4673995373475836,0.17922077922077922,2.345819740899535,770.0,770,1.0,0.7995249580861872,0.00026069576321692176,57.0,0.07402597402597402,186.10100502512566,0.2416896169157476,29.841872408474917,0.03875567845256483,7.883277742411574e-07,0.17922077922077922,2.3458197408995383,0.4673995373475836,0.17922077922077922,2.345819740899535,770.0,770,1.0,0.7995249580861872,0.00026069576321692176
ZN-coin,ZN-coin_434-1_20231227204606_01_7.pkl,MnO2,837,TRUNCATED_AT_EOL,1,837,0,0.0,0,0.000e+00,64.0,0.07646356033452807,518.1437185929649,0.6190486482592173,,,-3.5559379801300877e-07,-0.0011947431302270011,0.4803286007400747,-0.24911799148017905,-0.0011947431302270011,0.48032860074007555,837.0,837,1.0,0.7989003072978773,0.0002405498716532568,64.0,0.07646356033452807,518.1437185929649,0.6190486482592173,,,-3.5559379801300877e-07,-0.0011947431302270011,0.4803286007400747,-0.24911799148017905,-0.0011947431302270011,0.48032860074007555,837.0,837,1.0,0.7989003072978773,0.0002405498716532568
ZN-coin,ZN-coin_434-2_20231227204612_01_8.pkl,MnO2,1010,TRUNCATED_AT_EOL,1,1010,0,0.0,0,0.000e+00,64.0,0.06336633663366337,612.9914572864323,0.6069222349370617,,,-5.181663903405469e-07,0.053465346534653464,0.15770747494095125,-0.5285815347863919,0.053465346534653464,0.15770747494095008,1010.0,1010,1.0,0.7996798469248785,0.00019853335289903026,64.0,0.06336633663366337,612.9914572864323,0.6069222349370617,,,-5.181663903405469e-07,0.053465346534653464,0.15770747494095125,-0.5285815347863919,0.053465346534653464,0.15770747494095008,1010.0,1010,1.0,0.7996798469248785,0.00019853335289903026
ZN-coin,ZN-coin_434-3_20231227204618_03_1.pkl,MnO2,891,TRUNCATED_AT_EOL,1,891,0,0.0,0,0.000e+00,62.0,0.06958473625140292,676.7738693467337,0.7595666322634497,,,-1.1747572304825569e-07,0.07295173961840629,0.7451154962655853,-0.09326174448927121,0.07295173961840629,0.7451154962655838,891.0,891,1.0,0.7997407576722222,0.0002250103846379526,62.0,0.06958473625140292,676.7738693467337,0.7595666322634497,,,-1.1747572304825569e-07,0.07295173961840629,0.7451154962655853,-0.09326174448927121,0.07295173961840629,0.7451154962655838,891.0,891,1.0,0.7997407576722222,0.0002250103846379526
ZN-coin,ZN-coin_435-1_20231227204625_03_2.pkl,MnO2,888,TRUNCATED_AT_EOL,1,888,0,0.0,0,0.000e+00,86.0,0.09684684684684684,521.1653266331659,0.5868978903526644,536.903509851838,0.6046210696529707,-5.774882226766845e-07,-0.006756756756756757,0.3190908099129804,-0.45537487306236046,-0.006756756756756757,0.3190908099129817,888.0,888,1.0,0.7998677578198665,0.00022562823244659918,86.0,0.09684684684684684,521.1653266331659,0.5868978903526644,536.903509851838,0.6046210696529707,-5.774882226766845e-07,-0.006756756756756757,0.3190908099129804,-0.45537487306236046,-0.006756756756756757,0.3190908099129817,888.0,888,1.0,0.7998677578198665,0.00022562823244659918
ZN-coin,ZN-coin_435-2_20231227204630_03_3.pkl,MnO2,630,TRUNCATED_AT_EOL,1,630,0,0.0,0,0.000e+00,86.0,0.1365079365079365,,,179.16758121786265,0.28439298606009944,1.0970959551472146e-07,0.12380952380952381,1.473868886979382,0.043543738459793,0.12380952380952381,1.4738688869793786,630.0,630,1.0,0.7993961441152951,0.0003189250491012796,86.0,0.1365079365079365,,,179.16758121786265,0.28439298606009944,1.0970959551472146e-07,0.12380952380952381,1.473868886979382,0.043543738459793,0.12380952380952381,1.4738688869793786,630.0,630,1.0,0.7993961441152951,0.0003189250491012796
ZN-coin,ZN-coin_435-3_20231227204635_03_4.pkl,MnO2,603,TRUNCATED_AT_EOL,1,603,0,0.0,0,0.000e+00,89.0,0.14759535655058043,,,72.0881942416405,0.11954924418182503,-8.160812930393589e-07,-0.33996683250414594,0.6571365412097414,-0.2967345028807476,-0.33996683250414594,0.6571365412097423,603.0,603,1.0,0.7998036341929534,0.0003325521026695126,89.0,0.14759535655058043,,,72.0881942416405,0.11954924418182503,-8.160812930393589e-07,-0.33996683250414594,0.6571365412097414,-0.2967345028807476,-0.33996683250414594,0.6571365412097423,603.0,603,1.0,0.7998036341929534,0.0003325521026695126
ZN-coin,ZN-coin_436-1_20231227204646_03_5.pkl,MnO2,1402,TRUNCATED_AT_EOL,1,1402,0,0.0,0,0.000e+00,106.0,0.07560627674750357,,,,,7.474480899085398e-08,-0.15121255349500715,1.836642043504339,0.1469186955316588,-0.15121255349500715,1.836642043504337,1402.0,1402,1.0,0.7996903488084182,0.00014297619642511194,106.0,0.07560627674750357,,,,,7.474480899085398e-08,-0.15121255349500715,1.836642043504339,0.1469186955316588,-0.15121255349500715,1.836642043504337,1402.0,1402,1.0,0.7996903488084182,0.00014297619642511194
ZN-coin,ZN-coin_436-2_20231227204653_03_6.pkl,MnO2,1583,EXTRAPOLATED,1,1633,50,0.030618,0,0.000e+00,121.0,0.0764371446620341,,,,,3.112737716138854e-09,-0.003158559696778269,1.2279862120441956,0.007800175202758579,-0.003158559696778269,1.2279862120441976,1583.0,1583,1.0,0.8092182117057765,0.0001205953149773853,123.0,0.07532149418248622,,,,,1.1770722607380571e-08,-0.003061849357011635,1.3348543972148244,0.03138885649915581,-0.003061849357011635,1.3348543972148255,1633.0,1633,1.0,0.8021333945259521,0.00012124179256988228
ZN-coin,ZN-coin_436-3_20231227204657_03_7.pkl,MnO2,1232,TRUNCATED_AT_EOL,1,1232,0,0.0,0,0.000e+00,98.0,0.07954545454545454,,,32.5473699625617,0.026418319774806576,-6.083363647935143e-09,-0.3392857142857143,1.0772299405878996,-0.009233475345562417,-0.3392857142857143,1.0772299405878931,1232.0,1232,1.0,0.7998484689988493,0.00016259263281978123,98.0,0.07954545454545454,,,32.5473699625617,0.026418319774806576,-6.083363647935143e-09,-0.3392857142857143,1.0772299405878996,-0.009233475345562417,-0.3392857142857143,1.0772299405878931,1232.0,1232,1.0,0.7998484689988493,0.00016259263281978123
ZN-coin,ZN-coin_437-1_20231227204706_03_8.pkl,MnO2,1165,TRUNCATED_AT_EOL,1,1165,0,0.0,0,0.000e+00,132.0,0.11330472103004292,,,,,9.77281843506165e-08,-0.007725321888412017,1.9460512654722422,0.13263913500526375,-0.007725321888412017,1.946051265472232,1165.0,1165,1.0,0.7994945844421811,0.0001722555116476107,132.0,0.11330472103004292,,,,,9.77281843506165e-08,-0.007725321888412017,1.9460512654722422,0.13263913500526375,-0.007725321888412017,1.946051265472232,1165.0,1165,1.0,0.7994945844421811,0.0001722555116476107
ZN-coin,ZN-coin_437-2_20231227204712_04_1.pkl,MnO2,1281,TRUNCATED_AT_EOL,1,1281,0,0.0,0,0.000e+00,106.0,0.08274785323965651,689.8844221105528,0.5385514614446157,,,1.1141389154093886e-07,-0.07884465261514442,3.2533992509285805,0.1828258508769129,-0.07884465261514442,3.25339925092856,1281.0,1281,1.0,0.7995298092215201,0.00015661733654568746,106.0,0.08274785323965651,689.8844221105528,0.5385514614446157,,,1.1141389154093886e-07,-0.07884465261514442,3.2533992509285805,0.1828258508769129,-0.07884465261514442,3.25339925092856,1281.0,1281,1.0,0.7995298092215201,0.00015661733654568746
ZN-coin,ZN-coin_437-3_20231227204717_04_2.pkl,MnO2,1481,TRUNCATED_AT_EOL,1,1481,0,0.0,0,0.000e+00,101.0,0.06819716407832546,,,135.76013433632826,0.09166788273891173,5.955192363247375e-08,0.02228224172856178,1.8129127857923946,0.1306188667704462,0.02228224172856178,1.8129127857923921,1481.0,1481,1.0,0.7996003595715881,0.00013540516245162963,101.0,0.06819716407832546,,,135.76013433632826,0.09166788273891173,5.955192363247375e-08,0.02228224172856178,1.8129127857923946,0.1306188667704462,0.02228224172856178,1.8129127857923921,1481.0,1481,1.0,0.7996003595715881,0.00013540516245162963
ZN-coin,ZN-coin_438-1_20231227204743_04_3.pkl,MnO2,765,TRUNCATED_AT_EOL,1,765,0,0.0,0,0.000e+00,68.0,0.08888888888888889,,,175.77213982942794,0.22976750304500385,-2.5316609996735823e-07,-0.01699346405228758,0.7455158962123518,-0.1481591308533948,-0.01699346405228758,0.7455158962123524,765.0,765,1.0,0.7991298098444566,0.0002629190970622296,68.0,0.08888888888888889,,,175.77213982942794,0.22976750304500385,-2.5316609996735823e-07,-0.01699346405228758,0.7455158962123518,-0.1481591308533948,-0.01699346405228758,0.7455158962123524,765.0,765,1.0,0.7991298098444566,0.0002629190970622296
ZN-coin,ZN-coin_438-2_20231227204748_04_4.pkl,MnO2,1377,TRUNCATED_AT_EOL,1,1377,0,0.0,0,0.000e+00,96.0,0.06971677559912855,,,,,5.096464755927111e-08,-0.15904139433551198,1.4978463551588634,0.09663554621191935,-0.15904139433551198,1.4978463551588652,1377.0,1377,1.0,0.7998596126435992,0.00014545086290436107,96.0,0.06971677559912855,,,,,5.096464755927111e-08,-0.15904139433551198,1.4978463551588634,0.09663554621191935,-0.15904139433551198,1.4978463551588652,1377.0,1377,1.0,0.7998596126435992,0.00014545086290436107
ZN-coin,ZN-coin_438-3_20231227204754_04_5.pkl,MnO2,1082,TRUNCATED_AT_EOL,1,1082,0,0.0,0,0.000e+00,95.0,0.0878003696857671,500.2155778894472,0.4623064490660326,,,2.059374272624248e-07,-0.12014787430683918,3.03870327151641,0.24109588859437525,-0.12014787430683918,3.038703271516427,1082.0,1082,1.0,0.7993638534282791,0.0001856023557555235,95.0,0.0878003696857671,500.2155778894472,0.4623064490660326,,,2.059374272624248e-07,-0.12014787430683918,3.03870327151641,0.24109588859437525,-0.12014787430683918,3.038703271516427,1082.0,1082,1.0,0.7993638534282791,0.0001856023557555235
ZN-coin,ZN-coin_439-1_20231227204804_04_6.pkl,MnO2,447,TRUNCATED_AT_EOL,1,447,0,0.0,0,0.000e+00,48.0,0.10738255033557047,106.5608040201005,0.23839106044765213,136.27563845249605,0.30486720011744084,-3.78494330072388e-06,-0.03803131991051454,-0.683142995084767,-0.7562657359743385,-0.03803131991051454,-0.6831429950847652,447.0,447,1.0,0.7986009752553352,0.00045156732005530213,48.0,0.10738255033557047,106.5608040201005,0.23839106044765213,136.27563845249605,0.30486720011744084,-3.78494330072388e-06,-0.03803131991051454,-0.683142995084767,-0.7562657359743385,-0.03803131991051454,-0.6831429950847652,447.0,447,1.0,0.7986009752553352,0.00045156732005530213
ZN-coin,ZN-coin_439-2_20231227204810_04_7.pkl,MnO2,1380,TRUNCATED_AT_EOL,1,1380,0,0.0,0,0.000e+00,101.0,0.07318840579710145,576.8537688442211,0.41800997742334867,169.70895411266363,0.12297750298019104,9.995581300334378e-08,0.021739130434782608,2.252616734791475,0.19035585028356566,0.021739130434782608,2.252616734791468,1380.0,1380,1.0,0.7998174764151079,0.00014516499172218425,101.0,0.07318840579710145,576.8537688442211,0.41800997742334867,169.70895411266363,0.12297750298019104,9.995581300334378e-08,0.021739130434782608,2.252616734791475,0.19035585028356566,0.021739130434782608,2.252616734791468,1380.0,1380,1.0,0.7998174764151079,0.00014516499172218425
ZN-coin,ZN-coin_439-3_20231227204817_04_8.pkl,MnO2,1173,TRUNCATED_AT_EOL,1,1173,0,0.0,0,0.000e+00,78.0,0.06649616368286446,537.5286432160804,0.4582511877374939,,,1.5525752292321314e-07,-0.028132992327365727,2.278004075851118,0.21362332825821637,-0.028132992327365727,2.2780040758511255,1173.0,1173,1.0,0.7994124324485451,0.00017114980166506392,78.0,0.06649616368286446,537.5286432160804,0.4582511877374939,,,1.5525752292321314e-07,-0.028132992327365727,2.278004075851118,0.21362332825821637,-0.028132992327365727,2.2780040758511255,1173.0,1173,1.0,0.7994124324485451,0.00017114980166506392
ZN-coin,ZN-coin_440-1_20231227204827_08_1.pkl,MnO2,1023,TRUNCATED_AT_EOL,1,1023,0,0.0,0,0.000e+00,71.0,0.06940371456500488,205.913567839196,0.20128403503342718,,,7.43614566909114e-08,0.12805474095796676,1.0195990614291803,0.07782142090928112,0.12805474095796676,1.0195990614291695,1023.0,1023,1.0,0.7994611507511156,0.0001962219659969515,71.0,0.06940371456500488,205.913567839196,0.20128403503342718,,,7.43614566909114e-08,0.12805474095796676,1.0195990614291803,0.07782142090928112,0.12805474095796676,1.0195990614291695,1023.0,1023,1.0,0.7994611507511156,0.0001962219659969515
ZN-coin,ZN-coin_440-2_20231227204832_08_2.pkl,MnO2,186,TRUNCATED_AT_EOL,1,186,0,0.0,0,0.000e+00,21.0,0.11290322580645161,76.76633165829146,0.4127222132166208,85.29147172755886,0.4585562996105315,-1.7951856138226148e-05,0.11827956989247312,-0.2815169396850071,-0.6210624149580697,0.11827956989247312,-0.2815169396850041,186.0,186,1.0,0.7992229055411789,0.0010852815916693032,21.0,0.11290322580645161,76.76633165829146,0.4127222132166208,85.29147172755886,0.4585562996105315,-1.7951856138226148e-05,0.11827956989247312,-0.2815169396850071,-0.6210624149580697,0.11827956989247312,-0.2815169396850041,186.0,186,1.0,0.7992229055411789,0.0010852815916693032
ZN-coin,ZN-coin_440-3_20231227204837_08_3.pkl,MnO2,197,TRUNCATED_AT_EOL,1,197,0,0.0,0,0.000e+00,28.0,0.14213197969543148,98.60603015075378,0.5005382241155014,193.90717377980272,0.9843003745167651,-1.0824428267118602e-05,0.12690355329949238,0.05693116121011166,-0.4200852366186093,0.12690355329949238,0.056931161210114586,197.0,197,1.0,0.7983018242165563,0.0010290723254257333,28.0,0.14213197969543148,98.60603015075378,0.5005382241155014,193.90717377980272,0.9843003745167651,-1.0824428267118602e-05,0.12690355329949238,0.05693116121011166,-0.4200852366186093,0.12690355329949238,0.056931161210114586,197.0,197,1.0,0.7983018242165563,0.0010290723254257333
ZN-coin,ZN-coin_441-1_20231227204855_08_4.pkl,MnO2,219,TRUNCATED_AT_EOL,1,219,0,0.0,0,0.000e+00,39.0,0.1780821917808219,159.51557788944723,0.7283816341983892,154.00586450350693,0.7032231255867897,-2.2392651460217787e-05,0.1780821917808219,-1.1893291929337397,-1.0739739566835096,0.1780821917808219,-1.1893291929337395,219.0,219,1.0,0.7099523290372715,0.0013304939034987548,39.0,0.1780821917808219,159.51557788944723,0.7283816341983892,154.00586450350693,0.7032231255867897,-2.2392651460217787e-05,0.1780821917808219,-1.1893291929337397,-1.0739739566835096,0.1780821917808219,-1.1893291929337395,219.0,219,1.0,0.7099523290372715,0.0013304939034987548
ZN-coin,ZN-coin_442-1_20240104212418_09_1.pkl,MnO2,442,TRUNCATED_AT_EOL,1,442,0,0.0,0,0.000e+00,89.0,0.20135746606334842,57.51005025125628,0.13011323586257076,42.92414818922695,0.09711345744168992,-1.2992692526102318e-06,0.03167420814479638,0.5917395487620333,-0.25383043826694274,0.03167420814479638,0.5917395487620388,442.0,442,0.9999999999999998,0.7999772870664789,0.00045356624247963926,89.0,0.20135746606334842,57.51005025125628,0.13011323586257076,42.92414818922695,0.09711345744168992,-1.2992692526102318e-06,0.03167420814479638,0.5917395487620333,-0.25383043826694274,0.03167420814479638,0.5917395487620388,442.0,442,0.9999999999999998,0.7999772870664789,0.00045356624247963926
ZN-coin,ZN-coin_442-2_20240104212424_09_2.pkl,MnO2,324,TRUNCATED_AT_EOL,1,324,0,0.0,0,0.000e+00,306.0,0.9444444444444444,76.15025125628141,0.2350316396798809,82.15433167617576,0.2535627520869622,-7.99097803513046e-06,0.12345679012345678,-0.3206743970353701,-0.8388609102158544,0.12345679012345678,-0.3206743970353704,324.0,324,1.0,0.6410507373455335,0.0011112980267940138,306.0,0.9444444444444444,76.15025125628141,0.2350316396798809,82.15433167617576,0.2535627520869622,-7.99097803513046e-06,0.12345679012345678,-0.3206743970353701,-0.8388609102158544,0.12345679012345678,-0.3206743970353704,324.0,324,1.0,0.6410507373455335,0.0011112980267940138
ZN-coin,ZN-coin_442-3_20240104212433_09_3.pkl,MnO2,237,TRUNCATED_AT_EOL,1,237,0,0.0,0,0.000e+00,50.0,0.2109704641350211,46.4211055276382,0.19586964357653247,32.44609283024094,0.13690334527527823,-1.2284105598686115e-05,0.029535864978902954,-0.1314075712298563,-0.6899859273726,0.029535864978902954,-0.1314075712298555,237.0,237,1.0,0.7998729784360804,0.000847995854084405,50.0,0.2109704641350211,46.4211055276382,0.19586964357653247,32.44609283024094,0.13690334527527823,-1.2284105598686115e-05,0.029535864978902954,-0.1314075712298563,-0.6899859273726,0.029535864978902954,-0.1314075712298555,237.0,237,1.0,0.7998729784360804,0.000847995854084405
ZN-coin,ZN-coin_443-2_20240104212500_09_5.pkl,MnO2,175,TRUNCATED_AT_EOL,1,175,0,0.0,0,0.000e+00,46.0,0.26285714285714284,49.87738693467337,0.28501363962670495,47.95171570857046,0.27400980404897407,-3.373636257132252e-05,0.10857142857142857,-0.3888030523046359,-1.0331761037467548,0.10857142857142857,-0.38880305230463547,175.0,175,1.0,0.7992686220557014,0.0011536286088752795,46.0,0.26285714285714284,49.87738693467337,0.28501363962670495,47.95171570857046,0.27400980404897407,-3.373636257132252e-05,0.10857142857142857,-0.3888030523046359,-1.0331761037467548,0.10857142857142857,-0.38880305230463547,175.0,175,1.0,0.7992686220557014,0.0011536286088752795
ZN-coin,ZN-coin_445-1_20240104212517_09_7.pkl,MnO2,365,TRUNCATED_AT_EOL,1,365,0,0.0,0,0.000e+00,53.0,0.14520547945205478,,,,,1.2154268102690497e-07,-0.024657534246575342,1.4672091957018942,0.01619252367981111,-0.024657534246575342,1.467209195701892,365.0,365,1.0,0.7999923622109153,0.0005494715323875953,53.0,0.14520547945205478,,,,,1.2154268102690497e-07,-0.024657534246575342,1.4672091957018942,0.01619252367981111,-0.024657534246575342,1.467209195701892,365.0,365,1.0,0.7999923622109153,0.0005494715323875953
ZN-coin,ZN-coin_445-2_20240104212521_09_8.pkl,MnO2,415,TRUNCATED_AT_EOL,1,415,0,0.0,0,0.000e+00,74.0,0.1783132530120482,49.05728643216081,0.11821032875219471,56.48623571390871,0.1361114113588162,-1.5196285892521213e-06,-0.1614457831325301,0.597980078540704,-0.2617180337839464,-0.1614457831325301,0.597980078540707,415.0,415,1.0,0.7989361930446793,0.0004856613694572963,74.0,0.1783132530120482,49.05728643216081,0.11821032875219471,56.48623571390871,0.1361114113588162,-1.5196285892521213e-06,-0.1614457831325301,0.597980078540704,-0.2617180337839464,-0.1614457831325301,0.597980078540707,415.0,415,1.0,0.7989361930446793,0.0004856613694572963
ZN-coin,ZN-coin_445-3_20240104212530_07_1.pkl,MnO2,183,TRUNCATED_AT_EOL,1,183,0,0.0,0,0.000e+00,45.0,0.2459016393442623,42.61306532663317,0.2328582804734053,44.05781458773901,0.2407530851789017,-2.3580436175001202e-05,0.04918032786885246,-0.2772935815947329,-0.7896852270646157,0.04918032786885246,-0.2772935815947301,183.0,183,1.0,0.7979781958304077,0.0011100099130197376,45.0,0.2459016393442623,42.61306532663317,0.2328582804734053,44.05781458773901,0.2407530851789017,-2.3580436175001202e-05,0.04918032786885246,-0.2772935815947329,-0.7896852270646157,0.04918032786885246,-0.2772935815947301,183.0,183,1.0,0.7979781958304077,0.0011100099130197376
ZN-coin,ZN-coin_446-1_20240104212538_07_2.pkl,MnO2,139,TRUNCATED_AT_EOL,1,139,0,0.0,0,0.000e+00,101.0,0.7266187050359713,85.81105527638191,0.6173457214128195,66.8367012152089,0.48083957708783387,-8.06481821037212e-05,0.06474820143884892,-0.47560788459527475,-1.5582035264260004,0.06474820143884892,-0.47560788459527553,139.0,139,1.0,0.7956114862487986,0.0014810761866029085,101.0,0.7266187050359713,85.81105527638191,0.6173457214128195,66.8367012152089,0.48083957708783387,-8.06481821037212e-05,0.06474820143884892,-0.47560788459527475,-1.5582035264260004,0.06474820143884892,-0.47560788459527553,139.0,139,1.0,0.7956114862487986,0.0014810761866029085
ZN-coin,ZN-coin_450-1_20240116203402_01_2_Batch-3.pkl,MnO2,567,TRUNCATED_AT_EOL,1,567,0,0.0,0,0.000e+00,79.0,0.13932980599647266,,,94.42511314014246,0.16653459107608898,-6.948214886470362e-07,0.005291005291005291,0.6422047526643073,-0.22337746556364968,0.005291005291005291,0.6422047526643048,567.0,567,0.9990351555322777,0.7987382858703808,0.00035388139516236215,79.0,0.13932980599647266,,,94.42511314014246,0.16653459107608898,-6.948214886470362e-07,0.005291005291005291,0.6422047526643073,-0.22337746556364968,0.005291005291005291,0.6422047526643048,567.0,567,0.9990351555322777,0.7987382858703808,0.00035388139516236215
ZN-coin,ZN-coin_450-2_20240116203410_01_4_Batch-3.pkl,MnO2,402,TRUNCATED_AT_EOL,1,402,0,0.0,0,0.000e+00,109.0,0.27114427860696516,76.56532663316584,0.19046101152528816,67.9381260635234,0.1690003135908542,-4.038100001407832e-06,-0.0945273631840796,-0.17345599792966512,-0.6525731126275126,-0.0945273631840796,-0.17345599792967048,402.0,402,0.998607694986878,0.7997101140623678,0.0004960039424551375,109.0,0.27114427860696516,76.56532663316584,0.19046101152528816,67.9381260635234,0.1690003135908542,-4.038100001407832e-06,-0.0945273631840796,-0.17345599792966512,-0.6525731126275126,-0.0945273631840796,-0.17345599792967048,402.0,402,0.998607694986878,0.7997101140623678,0.0004960039424551375
ZN-coin,ZN-coin_450-3_20240116203417_03_3_Batch-3.pkl,MnO2,505,TRUNCATED_AT_EOL,1,505,0,0.0,0,0.000e+00,73.0,0.14455445544554454,,,34.35616803482177,0.06803201591053816,-4.509671894882091e-07,-0.13267326732673268,0.9293330342568126,-0.11500790749922665,-0.13267326732673268,0.9293330342568077,505.0,505,0.9991231378774547,0.7986827371160445,0.00039769920785994074,73.0,0.14455445544554454,,,34.35616803482177,0.06803201591053816,-4.509671894882091e-07,-0.13267326732673268,0.9293330342568126,-0.11500790749922665,-0.13267326732673268,0.9293330342568077,505.0,505,0.9991231378774547,0.7986827371160445,0.00039769920785994074
ZN-coin,ZN-coin_451-1_20240116203425_03_4_Batch-3.pkl,MnO2,749,TRUNCATED_AT_EOL,1,749,0,0.0,0,0.000e+00,51.0,0.06809078771695594,211.11658291457286,0.2818645966816727,,,4.3587909511620134e-07,0.11882510013351134,1.9548499115637368,0.24452860823928288,0.11882510013351134,1.9548499115637439,749.0,749,0.9986591159867756,0.7999014042262449,0.0002657188659900143,51.0,0.06809078771695594,211.11658291457286,0.2818645966816727,,,4.3587909511620134e-07,0.11882510013351134,1.9548499115637368,0.24452860823928288,0.11882510013351134,1.9548499115637439,749.0,749,0.9986591159867756,0.7999014042262449,0.0002657188659900143
ZN-coin,ZN-coin_453-1_20240116203617_08_6_Batch-3.pkl,MnO2,13,TRUNCATED_AT_EOL,1,13,0,0.0,0,0.000e+00,,,,,,,,,,,,,13.0,13,0.9996640354158184,0.7964855613771491,0.016931539503222442,,,,,,,,,,,,,13.0,13,0.9996640354158184,0.7964855613771491,0.016931539503222442
ZN-coin,ZN-coin_453-2_20240116203622_08_7_Batch-3.pkl,MnO2,12,TRUNCATED_AT_EOL,1,12,0,0.0,0,0.000e+00,,,,,,,,,,,,,12.0,12,0.9983407219559627,0.7986752237444306,0.0181514089283211,,,,,,,,,,,,,12.0,12,0.9983407219559627,0.7986752237444306,0.0181514089283211
ZN-coin,ZN-coin_453-3_20240116203627_08_8_Batch-3.pkl,MnO2,13,TRUNCATED_AT_EOL,1,13,0,0.0,0,0.000e+00,,,,,,,,,,,,,13.0,13,0.99781127277943,0.7959468194782329,0.016822037775099764,,,,,,,,,,,,,13.0,13,0.99781127277943,0.7959468194782329,0.016822037775099764
total_MICH,MICH_01R_pouch_NMC_25C_0-100_0.2-0.2C.pkl,NMC,269,TRUNCATED_AT_EOL,1,269,0,0.0,,,30.0,0.11152416356877323,66.58592964824122,0.24753133698230936,,,4.863556687386889e-08,0.040892193308550186,1.0170761931880203,0.0035193182545588493,0.040892193308550186,1.0170761931880214,269.0,269,0.9746,0.7998000000000001,0.0006522388059701491,30.0,0.11152416356877323,66.58592964824122,0.24753133698230936,,,4.863556687386889e-08,0.040892193308550186,1.0170761931880203,0.0035193182545588493,0.040892193308550186,1.0170761931880214,269.0,269,0.9746,0.7998000000000001,0.0006522388059701491
total_MICH,MICH_02C_pouch_NMC_-5C_0-100_0.2-0.2C.pkl,NMC,204,TRUNCATED_AT_EOL,1,204,0,0.0,,,91.0,0.44607843137254904,115.1492462311558,0.5644570893684108,98.48104027835073,0.48275019744289577,-8.765364418034311e-07,0.18627450980392157,0.5442052698007328,-0.03647794056209069,0.18627450980392157,0.544205269800733,204.0,204,0.8622,0.8,0.00030640394088669913,91.0,0.44607843137254904,115.1492462311558,0.5644570893684108,98.48104027835073,0.48275019744289577,-8.765364418034311e-07,0.18627450980392157,0.5442052698007328,-0.03647794056209069,0.18627450980392157,0.544205269800733,204.0,204,0.8622,0.8,0.00030640394088669913
total_MICH,MICH_03H_pouch_NMC_45C_0-100_0.2-0.2C.pkl,NMC,103,EXTRAPOLATED,1,108,5,0.046296,,,55.0,0.5339805825242718,,,13.872585479131875,0.1346852959139017,7.508825229528522e-07,0.009708737864077669,1.0970336152028812,0.007966112686007406,0.009708737864077669,1.0970336152028801,103.0,103,0.9366,0.8076000000000001,0.0012647058823529401,55.0,0.5092592592592593,,,,,8.060793876792294e-07,-0.018518518518518517,1.0972671666905953,0.009402109977892615,-0.018518518518518517,1.097267166690591,108.0,108,0.9366,0.8,0.001276635514018691
total_MICH,MICH_04R_pouch_NMC_25C_0-100_1.5-1.5C.pkl,NMC,174,TRUNCATED_AT_EOL,1,174,0,0.0,,,13.0,0.07471264367816093,65.59246231155778,0.3769681742043551,83.76618232245596,0.48141484093365494,-2.006802250888948e-06,0.06896551724137931,0.5724056297670475,-0.0607579449479127,0.06896551724137931,0.5724056297670495,174.0,174,0.9258,0.7992,0.0007317919075144505,13.0,0.07471264367816093,65.59246231155778,0.3769681742043551,83.76618232245596,0.48141484093365494,-2.006802250888948e-06,0.06896551724137931,0.5724056297670475,-0.0607579449479127,0.06896551724137931,0.5724056297670495,174.0,174,0.9258,0.7992,0.0007317919075144505
total_MICH,MICH_05C_pouch_NMC_-5C_0-100_1.5-1.5C.pkl,NMC,1,TRUNCATED_AT_EOL,1,1,0,0.0,,,,,,,,,,,,,,,,,,,,,,,,,,,,,,,,1.0,1,0.7346,0.7346,
total_MICH,MICH_06H_pouch_NMC_45C_0-100_1.5-1.5C.pkl,NMC,131,TRUNCATED_AT_EOL,1,131,0,0.0,,,92.0,0.7022900763358778,114.34170854271358,0.8728374697917067,,,1.4485111930597502e-07,-0.20610687022900764,1.006424886002344,0.002485790058408149,-0.20610687022900764,1.0064248860023546,131.0,131,0.9582,0.7998000000000001,0.0012184615384615383,92.0,0.7022900763358778,114.34170854271358,0.8728374697917067,,,1.4485111930597502e-07,-0.20610687022900764,1.006424886002344,0.002485790058408149,-0.20610687022900764,1.0064248860023546,131.0,131,0.9582,0.7998000000000001,0.0012184615384615383
total_MICH,MICH_07R_pouch_NMC_25C_0-100_2-2C.pkl,NMC,112,TRUNCATED_AT_EOL,1,112,0,0.0,,,44.0,0.39285714285714285,57.61557788944724,0.5144248025843503,94.05468150422193,0.8397739420019815,-5.288443207632829e-06,-0.14285714285714285,0.5093914613976267,-0.06633823159654585,-0.14285714285714285,0.5093914613976228,112.0,112,0.9194000000000001,0.7984,0.0010900900900900911,44.0,0.39285714285714285,57.61557788944724,0.5144248025843503,94.05468150422193,0.8397739420019815,-5.288443207632829e-06,-0.14285714285714285,0.5093914613976267,-0.06633823159654585,-0.14285714285714285,0.5093914613976228,112.0,112,0.9194000000000001,0.7984,0.0010900900900900911
total_MICH,MICH_08C_pouch_NMC_-5C_0-100_2-2C.pkl,NMC,1,TRUNCATED_AT_EOL,1,1,0,0.0,,,,,,,,,,,,,,,,,,,,,,,,,,,,,,,,1.0,1,0.6904,0.6904,
total_MICH,MICH_09H_pouch_NMC_45C_0-100_2-2C.pkl,NMC,99,TRUNCATED_AT_EOL,1,99,0,0.0,,,80.0,0.8080808080808081,84.078391959799,0.8492766864626162,50.95198947714809,0.5146665603752332,-1.7625326597459995e-06,-0.010101010101010102,0.9029816919471029,-0.017274582598171016,-0.010101010101010102,0.9029816919471041,99.0,99,0.9618,0.7992,0.0016591836734693875,80.0,0.8080808080808081,84.078391959799,0.8492766864626162,50.95198947714809,0.5146665603752332,-1.7625326597459995e-06,-0.010101010101010102,0.9029816919471029,-0.017274582598171016,-0.010101010101010102,0.9029816919471041,99.0,99,0.9618,0.7992,0.0016591836734693875
total_MICH,MICH_10R_pouch_NMC_25C_0-100_0.2-1.5C.pkl,NMC,268,TRUNCATED_AT_EOL,1,268,0,0.0,,,34.0,0.12686567164179105,65.2678391959799,0.24353671341783545,73.38506295806751,0.273824861783834,-8.473847941267683e-07,0.1791044776119403,0.548358154836598,-0.06086256545336137,0.1791044776119403,0.5483581548365821,268.0,268,0.8981999999999999,0.7992,0.00037078651685393206,34.0,0.12686567164179105,65.2678391959799,0.24353671341783545,73.38506295806751,0.273824861783834,-8.473847941267683e-07,0.1791044776119403,0.548358154836598,-0.06086256545336137,0.1791044776119403,0.5483581548365821,268.0,268,0.8981999999999999,0.7992,0.00037078651685393206
total_MICH,MICH_11C_pouch_NMC_-5C_0-100_0.2-1.5C.pkl,NMC,1,TRUNCATED_AT_EOL,1,1,0,0.0,,,,,,,,,,,,,,,,,,,,,,,,,,,,,,,,1.0,1,0.7278,0.7278,
total_MICH,MICH_12H_pouch_NMC_45C_0-100_0.2-1.5C.pkl,NMC,115,TRUNCATED_AT_EOL,1,115,0,0.0,,,97.0,0.8434782608695652,29.815075376884423,0.2592615250163863,,,1.8814374478967363e-06,-0.1826086956521739,1.162680326968915,0.02488201024843219,-0.1826086956521739,1.162680326968918,115.0,115,0.9743999999999999,0.7982,0.0015456140350877186,97.0,0.8434782608695652,29.815075376884423,0.2592615250163863,,,1.8814374478967363e-06,-0.1826086956521739,1.162680326968915,0.02488201024843219,-0.1826086956521739,1.162680326968918,115.0,115,0.9743999999999999,0.7982,0.0015456140350877186
total_MICH,MICH_BLForm10_pouch_NMC_25C_0-100_1-1C_j.pkl,NMC,323,TRUNCATED_AT_EOL,1,323,0,0.0,,,163.0,0.5046439628482973,257.14371859296483,0.7961105838791481,226.3255084112691,0.7006981684559416,-2.2022540976297833e-06,0.23839009287925697,0.2413656948141974,-0.2297589677516178,0.23839009287925697,0.24136569481419048,323.0,323,0.9957627118644069,0.7978813559322034,0.0006145383724602592,163.0,0.5046439628482973,257.14371859296483,0.7961105838791481,226.3255084112691,0.7006981684559416,-2.2022540976297833e-06,0.23839009287925697,0.2413656948141974,-0.2297589677516178,0.23839009287925697,0.24136569481419048,323.0,323,0.9957627118644069,0.7978813559322034,0.0006145383724602592
total_MICH,MICH_BLForm11_pouch_NMC_25C_0-100_1-1C_a.pkl,NMC,314,TRUNCATED_AT_EOL,1,314,0,0.0,,,31.0,0.09872611464968153,243.69296482412062,0.7760922446628046,227.45257691232965,0.7243712640520052,-2.3866484509796486e-06,0.12738853503184713,0.06293468843975863,-0.2353139906727909,0.12738853503184713,0.062934688439759,314.0,314,0.9406779661016951,0.7970338983050848,0.0004589267341744739,31.0,0.09872611464968153,243.69296482412062,0.7760922446628046,227.45257691232965,0.7243712640520052,-2.3866484509796486e-06,0.12738853503184713,0.06293468843975863,-0.2353139906727909,0.12738853503184713,0.062934688439759,314.0,314,0.9406779661016951,0.7970338983050848,0.0004589267341744739
total_MICH,MICH_BLForm12_pouch_NMC_25C_0-100_1-1C_b.pkl,NMC,289,TRUNCATED_AT_EOL,1,289,0,0.0,,,27.0,0.09342560553633218,232.41306532663316,0.8041974578776234,210.83499808242996,0.7295328653371279,-2.600432250306502e-06,0.1695501730103806,0.07542379225540133,-0.21719070197784646,0.1695501730103806,0.07542379225539667,289.0,289,0.9343220338983051,0.7991525423728814,0.00046933851224105483,27.0,0.09342560553633218,232.41306532663316,0.8041974578776234,210.83499808242996,0.7295328653371279,-2.600432250306502e-06,0.1695501730103806,0.07542379225540133,-0.21719070197784646,0.1695501730103806,0.07542379225539667,289.0,289,0.9343220338983051,0.7991525423728814,0.00046933851224105483
total_MICH,MICH_BLForm13_pouch_NMC_25C_0-100_1-1C_c.pkl,NMC,283,TRUNCATED_AT_EOL,1,283,0,0.0,,,36.0,0.127208480565371,221.92361809045227,0.7841823960793366,204.60287860278285,0.7229783696211408,-2.8454052509768387e-06,0.16607773851590105,0.0714010053697963,-0.22788566114548406,0.16607773851590105,0.07140100536979387,283.0,283,0.9406779661016951,0.7983050847457627,0.0005048683736025972,36.0,0.127208480565371,221.92361809045227,0.7841823960793366,204.60287860278285,0.7229783696211408,-2.8454052509768387e-06,0.16607773851590105,0.0714010053697963,-0.22788566114548406,0.16607773851590105,0.07140100536979387,283.0,283,0.9406779661016951,0.7983050847457627,0.0005048683736025972
total_MICH,MICH_BLForm14_pouch_NMC_25C_0-100_1-1C_d.pkl,NMC,325,TRUNCATED_AT_EOL,1,325,0,0.0,,,31.0,0.09538461538461539,235.2894472361809,0.7239675299574797,224.47399742188827,0.6906892228365793,-2.2497746391542846e-06,0.1076923076923077,0.0698921412639164,-0.23763244626066932,0.1076923076923077,0.06989214126391383,325.0,325,0.9377118644067798,0.8,0.0004250366185394436,31.0,0.09538461538461539,235.2894472361809,0.7239675299574797,224.47399742188827,0.6906892228365793,-2.2497746391542846e-06,0.1076923076923077,0.0698921412639164,-0.23763244626066932,0.1076923076923077,0.06989214126391383,325.0,325,0.9377118644067798,0.8,0.0004250366185394436
total_MICH,MICH_BLForm15_pouch_NMC_25C_0-100_1-1C_e.pkl,NMC,294,TRUNCATED_AT_EOL,1,294,0,0.0,,,27.0,0.09183673469387756,231.71909547738696,0.788160188698595,211.4957863332211,0.7193734229021126,-2.624844063343061e-06,0.1564625850340136,0.07603395285126403,-0.22688102145912215,0.1564625850340136,0.07603395285126492,294.0,294,0.939406779661017,0.7987288135593221,0.0004801295771388905,27.0,0.09183673469387756,231.71909547738696,0.788160188698595,211.4957863332211,0.7193734229021126,-2.624844063343061e-06,0.1564625850340136,0.07603395285126403,-0.22688102145912215,0.1564625850340136,0.07603395285126492,294.0,294,0.939406779661017,0.7987288135593221,0.0004801295771388905
total_MICH,MICH_BLForm16_pouch_NMC_25C_0-100_1-1C_f.pkl,NMC,304,TRUNCATED_AT_EOL,1,304,0,0.0,,,32.0,0.10526315789473684,206.70502512562817,0.6799507405448295,200.946559044685,0.661008417910148,-2.864463698061583e-06,0.13157894736842105,0.03781401423269157,-0.2647222771200595,0.13157894736842105,0.03781401423269567,304.0,304,0.9338983050847459,0.7991525423728814,0.0004447054874979028,32.0,0.10526315789473684,206.70502512562817,0.6799507405448295,200.946559044685,0.661008417910148,-2.864463698061583e-06,0.13157894736842105,0.03781401423269157,-0.2647222771200595,0.13157894736842105,0.03781401423269567,304.0,304,0.9338983050847459,0.7991525423728814,0.0004447054874979028
total_MICH,MICH_BLForm17_pouch_NMC_25C_0-100_1-1C_g.pkl,NMC,267,TRUNCATED_AT_EOL,1,267,0,0.0,,,36.0,0.1348314606741573,201.90351758793972,0.7561929497675645,190.12010072587174,0.7120603023440889,-3.1185363128154626e-06,0.16853932584269662,0.06614162456854919,-0.22231733520430197,0.16853932584269662,0.06614162456855377,267.0,267,0.936864406779661,0.7983050847457627,0.0005208997068943546,36.0,0.1348314606741573,201.90351758793972,0.7561929497675645,190.12010072587174,0.7120603023440889,-3.1185363128154626e-06,0.16853932584269662,0.06614162456854919,-0.22231733520430197,0.16853932584269662,0.06614162456855377,267.0,267,0.936864406779661,0.7983050847457627,0.0005208997068943546
total_MICH,MICH_BLForm18_pouch_NMC_25C_0-100_1-1C_h.pkl,NMC,273,TRUNCATED_AT_EOL,1,273,0,0.0,,,238.0,0.8717948717948718,198.78090452261307,0.7281351814015131,190.06539122319612,0.6962102242607916,-3.015603680546591e-06,0.14285714285714285,0.04499650953428724,-0.22474992670745977,0.14285714285714285,0.04499650953428899,273.0,273,0.9351694915254237,0.7987288135593221,0.0005016201395812559,238.0,0.8717948717948718,198.78090452261307,0.7281351814015131,190.06539122319612,0.6962102242607916,-3.015603680546591e-06,0.14285714285714285,0.04499650953428724,-0.22474992670745977,0.14285714285714285,0.04499650953428899,273.0,273,0.9351694915254237,0.7987288135593221,0.0005016201395812559
total_MICH,MICH_BLForm19_pouch_NMC_25C_0-100_1-1C_i.pkl,NMC,293,TRUNCATED_AT_EOL,1,293,0,0.0,,,36.0,0.12286689419795221,223.8884422110553,0.7641243761469464,207.89727861100525,0.7095470259761272,-2.826550168157978e-06,0.15358361774744028,0.04579041760756847,-0.24265650538619718,0.15358361774744028,0.045790417607571444,293.0,293,0.9347457627118645,0.7983050847457627,0.0004672625957743213,36.0,0.12286689419795221,223.8884422110553,0.7641243761469464,207.89727861100525,0.7095470259761272,-2.826550168157978e-06,0.15358361774744028,0.04579041760756847,-0.24265650538619718,0.15358361774744028,0.045790417607571444,293.0,293,0.9347457627118645,0.7983050847457627,0.0004672625957743213
total_MICH,MICH_BLForm1_pouch_NMC_45C_0-100_1-1C_a.pkl,NMC,313,TRUNCATED_AT_EOL,1,313,0,0.0,,,162.0,0.5175718849840255,247.93467336683418,0.7921235570825373,220.14889998290798,0.7033511181562555,-2.5499353961308674e-06,0.21405750798722045,0.2147551102161564,-0.24981462082354597,0.21405750798722045,0.2147551102161544,313.0,313,1.0004237288135596,0.7974576271186441,0.0006505323772272931,162.0,0.5175718849840255,247.93467336683418,0.7921235570825373,220.14889998290798,0.7033511181562555,-2.5499353961308674e-06,0.21405750798722045,0.2147551102161564,-0.24981462082354597,0.21405750798722045,0.2147551102161544,313.0,313,1.0004237288135596,0.7974576271186441,0.0006505323772272931
total_MICH,MICH_BLForm20_pouch_NMC_25C_0-100_1-1C_j.pkl,NMC,272,TRUNCATED_AT_EOL,1,272,0,0.0,,,18.0,0.0661764705882353,210.03768844221108,0.7721973839787172,196.82040026512925,0.7236044127394458,-3.051459440923931e-06,0.16176470588235295,0.06111961496550202,-0.2257591752773162,0.16176470588235295,0.06111961496550309,272.0,272,0.9432203389830509,0.7970338983050848,0.0005394333604352995,18.0,0.0661764705882353,210.03768844221108,0.7721973839787172,196.82040026512925,0.7236044127394458,-3.051459440923931e-06,0.16176470588235295,0.06111961496550202,-0.2257591752773162,0.16176470588235295,0.06111961496550309,272.0,272,0.9432203389830509,0.7970338983050848,0.0005394333604352995
total_MICH,MICH_BLForm2_pouch_NMC_45C_0-100_1-1C_b.pkl,NMC,299,TRUNCATED_AT_EOL,1,299,0,0.0,,,161.0,0.5384615384615384,247.6361809045226,0.8282146518545906,214.71150533855743,0.718098680062065,-2.7470401096843207e-06,0.2508361204013378,0.19381216211854316,-0.24558813284588912,0.2508361204013378,0.19381216211854316,299.0,299,0.9991525423728814,0.7974576271186441,0.0006768285746786487,161.0,0.5384615384615384,247.6361809045226,0.8282146518545906,214.71150533855743,0.718098680062065,-2.7470401096843207e-06,0.2508361204013378,0.19381216211854316,-0.24558813284588912,0.2508361204013378,0.19381216211854316,299.0,299,0.9991525423728814,0.7974576271186441,0.0006768285746786487
total_MICH,MICH_BLForm3_pouch_NMC_45C_0-100_1-1C_c.pkl,NMC,373,TRUNCATED_AT_EOL,1,373,0,0.0,,,165.0,0.44235924932975873,253.548743718593,0.6797553450900616,232.80958233187616,0.624154376224869,-1.4509073506679568e-06,0.17962466487935658,0.3527103443011461,-0.20186328879108198,0.17962466487935658,0.35271034430114556,373.0,373,0.9987288135593222,0.7991525423728814,0.0005364953526517227,165.0,0.44235924932975873,253.548743718593,0.6797553450900616,232.80958233187616,0.624154376224869,-1.4509073506679568e-06,0.17962466487935658,0.3527103443011461,-0.20186328879108198,0.17962466487935658,0.35271034430114556,373.0,373,0.9987288135593222,0.7991525423728814,0.0005364953526517227
total_MICH,MICH_BLForm4_pouch_NMC_45C_0-100_1-1C_d.pkl,NMC,298,TRUNCATED_AT_EOL,1,298,0,0.0,,,161.0,0.540268456375839,244.4206030150754,0.8202033658224006,210.33264182896005,0.7058142343253693,-2.5220135337696137e-06,0.2348993288590604,0.21981064389999366,-0.22396488985287724,0.2348993288590604,0.21981064389999458,298.0,298,0.9915254237288136,0.7987288135593221,0.0006491468355875133,161.0,0.540268456375839,244.4206030150754,0.8202033658224006,210.33264182896005,0.7058142343253693,-2.5220135337696137e-06,0.2348993288590604,0.21981064389999366,-0.22396488985287724,0.2348993288590604,0.21981064389999458,298.0,298,0.9915254237288136,0.7987288135593221,0.0006491468355875133
total_MICH,MICH_BLForm5_pouch_NMC_45C_0-100_1-1C_e.pkl,NMC,319,TRUNCATED_AT_EOL,1,319,0,0.0,,,162.0,0.5078369905956113,252.68341708542715,0.7921110253461666,224.03760833219934,0.7023122518250763,-2.4224830656082484e-06,0.22884012539184953,0.2328976887395355,-0.24651429923936066,0.22884012539184953,0.23289768873953592,319.0,319,1.0021186440677967,0.7974576271186441,0.0006435881036136875,162.0,0.5078369905956113,252.68341708542715,0.7921110253461666,224.03760833219934,0.7023122518250763,-2.4224830656082484e-06,0.22884012539184953,0.2328976887395355,-0.24651429923936066,0.22884012539184953,0.23289768873953592,319.0,319,1.0021186440677967,0.7974576271186441,0.0006435881036136875
total_MICH,MICH_BLForm6_pouch_NMC_45C_0-100_1-1C_f.pkl,NMC,345,TRUNCATED_AT_EOL,1,345,0,0.0,,,164.0,0.4753623188405797,234.53969849246232,0.6798252130216299,208.9202130007908,0.6055658347849009,-2.3029329840866297e-06,0.1072463768115942,0.2272428929974663,-0.2741065984309106,0.1072463768115942,0.22724289299746314,345.0,345,0.9936440677966103,0.7987288135593221,0.0005666141111549074,164.0,0.4753623188405797,234.53969849246232,0.6798252130216299,208.9202130007908,0.6055658347849009,-2.3029329840866297e-06,0.1072463768115942,0.2272428929974663,-0.2741065984309106,0.1072463768115942,0.22724289299746314,345.0,345,0.9936440677966103,0.7987288135593221,0.0005666141111549074
total_MICH,MICH_BLForm7_pouch_NMC_45C_0-100_1-1C_g.pkl,NMC,321,TRUNCATED_AT_EOL,1,321,0,0.0,,,163.0,0.5077881619937694,251.69346733668343,0.7840917985566462,224.6222631840631,0.6997578292338414,-2.2976086140047365e-06,0.21495327102803738,0.24045536356360067,-0.23674788919566409,0.21495327102803738,0.24045536356360253,321.0,321,1.0,0.7987288135593221,0.0006289724576271184,163.0,0.5077881619937694,251.69346733668343,0.7840917985566462,224.6222631840631,0.6997578292338414,-2.2976086140047365e-06,0.21495327102803738,0.24045536356360067,-0.23674788919566409,0.21495327102803738,0.24045536356360253,321.0,321,1.0,0.7987288135593221,0.0006289724576271184
total_MICH,MICH_BLForm8_pouch_NMC_45C_0-100_1-1C_h.pkl,NMC,325,TRUNCATED_AT_EOL,1,325,0,0.0,,,163.0,0.5015384615384615,257.4321608040201,0.7920989563200619,226.57191760524606,0.6971443618622956,-2.2446309338654787e-06,0.23692307692307693,0.23755403923571494,-0.23708914238953943,0.23692307692307693,0.23755403923571303,325.0,325,1.0021186440677967,0.7991525423728814,0.0006264385854781339,163.0,0.5015384615384615,257.4321608040201,0.7920989563200619,226.57191760524606,0.6971443618622956,-2.2446309338654787e-06,0.23692307692307693,0.23755403923571494,-0.23708914238953943,0.23692307692307693,0.23755403923571303,325.0,325,1.0021186440677967,0.7991525423728814,0.0006264385854781339
total_MICH,MICH_BLForm9_pouch_NMC_45C_0-100_1-1C_i.pkl,NMC,191,TRUNCATED_AT_EOL,1,191,0,0.0,,,139.0,0.7277486910994765,138.39195979899498,0.7245652345497119,130.76597599990745,0.6846386178005626,-7.914298874488024e-06,0.1518324607329843,-0.06473720161766242,-0.2887215372401965,0.1518324607329843,-0.0647372016176667,191.0,191,0.9249999999999999,0.7987288135593221,0.0006645851917930411,139.0,0.7277486910994765,138.39195979899498,0.7245652345497119,130.76597599990745,0.6846386178005626,-7.914298874488024e-06,0.1518324607329843,-0.06473720161766242,-0.2887215372401965,0.1518324607329843,-0.0647372016176667,191.0,191,0.9249999999999999,0.7987288135593221,0.0006645851917930411
total_MICH,MICH_MCForm21_pouch_NMC_25C_0-100_1-1C_a.pkl,NMC,362,TRUNCATED_AT_EOL,1,362,0,0.0,,,344.0,0.9502762430939227,241.727135678392,0.6677545184485967,232.12514033012727,0.6412296694202411,-1.7248051642977739e-06,0.07734806629834254,0.09878995376469775,-0.22602536795023517,0.07734806629834254,0.09878995376470494,362.0,362,0.9432203389830509,0.7987288135593221,0.00040025353302971964,344.0,0.9502762430939227,241.727135678392,0.6677545184485967,232.12514033012727,0.6412296694202411,-1.7248051642977739e-06,0.07734806629834254,0.09878995376469775,-0.22602536795023517,0.07734806629834254,0.09878995376470494,362.0,362,0.9432203389830509,0.7987288135593221,0.00040025353302971964
total_MICH,MICH_MCForm22_pouch_NMC_25C_0-100_1-1C_b.pkl,NMC,302,TRUNCATED_AT_EOL,1,302,0,0.0,,,31.0,0.10264900662251655,245.27889447236183,0.8121817697760325,217.85842770074697,0.7213855221879039,-2.3463318527499937e-06,0.15894039735099338,0.09158747126698473,-0.21399485029820903,0.15894039735099338,0.09158747126698401,302.0,302,0.9423728813559323,0.7991525423728814,0.0004758150796779102,31.0,0.10264900662251655,245.27889447236183,0.8121817697760325,217.85842770074697,0.7213855221879039,-2.3463318527499937e-06,0.15894039735099338,0.09158747126698473,-0.21399485029820903,0.15894039735099338,0.09158747126698401,302.0,302,0.9423728813559323,0.7991525423728814,0.0004758150796779102
total_MICH,MICH_MCForm23_pouch_NMC_25C_0-100_1-1C_c.pkl,NMC,390,TRUNCATED_AT_EOL,1,390,0,0.0,,,342.0,0.8769230769230769,263.52613065326636,0.6757080273160676,261.79540185102655,0.6712702611564784,-1.3778261393957184e-06,0.13333333333333333,0.08217468766604183,-0.2095673558020865,0.13333333333333333,0.08217468766604522,390.0,390,0.9398305084745763,0.7974576271186441,0.00036599712430830894,342.0,0.8769230769230769,263.52613065326636,0.6757080273160676,261.79540185102655,0.6712702611564784,-1.3778261393957184e-06,0.13333333333333333,0.08217468766604183,-0.2095673558020865,0.13333333333333333,0.08217468766604522,390.0,390,0.9398305084745763,0.7974576271186441,0.00036599712430830894
total_MICH,MICH_MCForm24_pouch_NMC_25C_0-100_1-1C_d.pkl,NMC,329,TRUNCATED_AT_EOL,1,329,0,0.0,,,31.0,0.09422492401215805,247.41206030150758,0.7520123413419684,231.9568537941786,0.7050360297695398,-2.0613460631287634e-06,0.10030395136778116,0.06849936255773768,-0.2231221592191186,0.10030395136778116,0.06849936255773556,329.0,329,0.936864406779661,0.8,0.00041726953286481993,31.0,0.09422492401215805,247.41206030150758,0.7520123413419684,231.9568537941786,0.7050360297695398,-2.0613460631287634e-06,0.10030395136778116,0.06849936255773768,-0.2231221592191186,0.10030395136778116,0.06849936255773556,329.0,329,0.936864406779661,0.8,0.00041726953286481993
total_MICH,MICH_MCForm25_pouch_NMC_25C_0-100_1-1C_e.pkl,NMC,407,TRUNCATED_AT_EOL,1,407,0,0.0,,,27.0,0.06633906633906633,261.94170854271357,0.6435914214808687,268.35532852319204,0.6593497015311843,-1.2279535693672508e-06,0.14496314496314497,0.09016563322970668,-0.20340928081211587,0.14496314496314497,0.09016563322970675,407.0,407,0.936864406779661,0.7978813559322034,0.0003423227853385654,27.0,0.06633906633906633,261.94170854271357,0.6435914214808687,268.35532852319204,0.6593497015311843,-1.2279535693672508e-06,0.14496314496314497,0.09016563322970668,-0.20340928081211587,0.14496314496314497,0.09016563322970675,407.0,407,0.936864406779661,0.7978813559322034,0.0003423227853385654
total_MICH,MICH_MCForm26_pouch_NMC_25C_0-100_1-1C_f.pkl,NMC,413,TRUNCATED_AT_EOL,1,413,0,0.0,,,344.0,0.8329297820823245,287.32964824120603,0.6957134339980775,287.08985356707467,0.6951328173536917,-1.211608268578214e-06,0.13317191283292978,0.09143483385945773,-0.20666281076311852,0.13317191283292978,0.09143483385945794,413.0,413,0.9385593220338982,0.7978813559322034,0.0003414513740332398,344.0,0.8329297820823245,287.32964824120603,0.6957134339980775,287.08985356707467,0.6951328173536917,-1.211608268578214e-06,0.13317191283292978,0.09143483385945773,-0.20666281076311852,0.13317191283292978,0.09143483385945794,413.0,413,0.9385593220338982,0.7978813559322034,0.0003414513740332398
total_MICH,MICH_MCForm27_pouch_NMC_25C_0-100_1-1C_g.pkl,NMC,376,TRUNCATED_AT_EOL,1,376,0,0.0,,,336.0,0.8936170212765957,251.06281407035178,0.6677202501871058,242.96623608074069,0.6461867980870762,-1.5226447063242861e-06,0.11702127659574468,0.06197144146696958,-0.21526541800129972,0.11702127659574468,0.06197144146696597,376.0,376,0.9377118644067798,0.8,0.0003672316384180793,336.0,0.8936170212765957,251.06281407035178,0.6677202501871058,242.96623608074069,0.6461867980870762,-1.5226447063242861e-06,0.11702127659574468,0.06197144146696958,-0.21526541800129972,0.11702127659574468,0.06197144146696597,376.0,376,0.9377118644067798,0.8,0.0003672316384180793
total_MICH,MICH_MCForm28_pouch_NMC_25C_0-100_1-1C_h.pkl,NMC,380,TRUNCATED_AT_EOL,1,380,0,0.0,,,335.0,0.881578947368421,250.68291457286435,0.6596918804549062,248.7483020454016,0.6546007948563201,-1.4660191534437747e-06,0.08947368421052632,0.0703408993051902,-0.21169316575728334,0.08947368421052632,0.07034089930519315,380.0,380,0.9347457627118645,0.7974576271186441,0.0003622378247842227,335.0,0.881578947368421,250.68291457286435,0.6596918804549062,248.7483020454016,0.6546007948563201,-1.4660191534437747e-06,0.08947368421052632,0.0703408993051902,-0.21169316575728334,0.08947368421052632,0.07034089930519315,380.0,380,0.9347457627118645,0.7974576271186441,0.0003622378247842227
total_MICH,MICH_MCForm29_pouch_NMC_25C_0-100_1-1C_i.pkl,NMC,355,TRUNCATED_AT_EOL,1,355,0,0.0,,,335.0,0.9436619718309859,242.75175879396988,0.6838077712506194,230.41378886472268,0.6490529263795005,-1.7702949721057478e-06,0.09295774647887324,0.07113694893086715,-0.22310142385962764,0.09295774647887324,0.07113694893086829,355.0,355,0.9322033898305085,0.7995762711864407,0.0003746528775256154,335.0,0.9436619718309859,242.75175879396988,0.6838077712506194,230.41378886472268,0.6490529263795005,-1.7702949721057478e-06,0.09295774647887324,0.07113694893086715,-0.22310142385962764,0.09295774647887324,0.07113694893086829,355.0,355,0.9322033898305085,0.7995762711864407,0.0003746528775256154
total_MICH,MICH_MCForm30_pouch_NMC_25C_0-100_1-1C_j.pkl,NMC,375,TRUNCATED_AT_EOL,1,375,0,0.0,,,339.0,0.904,257.913567839196,0.6877695142378559,252.18845439355474,0.6725025450494793,-1.522448764429234e-06,0.09333333333333334,0.061466759539825784,-0.21409435749785943,0.09333333333333334,0.061466759539828164,375.0,375,0.9343220338983051,0.7966101694915254,0.00036821354119459824,339.0,0.904,257.913567839196,0.6877695142378559,252.18845439355474,0.6725025450494793,-1.522448764429234e-06,0.09333333333333334,0.061466759539825784,-0.21409435749785943,0.09333333333333334,0.061466759539828164,375.0,375,0.9343220338983051,0.7966101694915254,0.00036821354119459824
total_MICH,MICH_MCForm31_pouch_NMC_45C_0-100_1-1C_a.pkl,NMC,365,TRUNCATED_AT_EOL,1,365,0,0.0,,,165.0,0.4520547945205479,265.6773869346734,0.7278832518758175,237.60226184017733,0.6509651009319927,-1.3308734938594015e-06,0.21643835616438356,0.36139351901133787,-0.1773056212194184,0.21643835616438356,0.36139351901133726,365.0,365,0.9936440677966103,0.7978813559322034,0.0005378096479791397,165.0,0.4520547945205479,265.6773869346734,0.7278832518758175,237.60226184017733,0.6509651009319927,-1.3308734938594015e-06,0.21643835616438356,0.36139351901133787,-0.1773056212194184,0.21643835616438356,0.36139351901133726,365.0,365,0.9936440677966103,0.7978813559322034,0.0005378096479791397
total_MICH,MICH_MCForm32_pouch_NMC_45C_0-100_1-1C_b.pkl,NMC,379,TRUNCATED_AT_EOL,1,379,0,0.0,,,165.0,0.43535620052770446,272.8180904522613,0.7198366502698187,240.42200839786935,0.6343588612080986,-1.4731089141582195e-06,0.22955145118733508,0.30521387688337365,-0.21159883753859807,0.22955145118733508,0.3052138768833767,379.0,379,0.9953389830508476,0.7995762711864407,0.0005178907721280605,165.0,0.43535620052770446,272.8180904522613,0.7198366502698187,240.42200839786935,0.6343588612080986,-1.4731089141582195e-06,0.22955145118733508,0.30521387688337365,-0.21159883753859807,0.22955145118733508,0.3052138768833767,379.0,379,0.9953389830508476,0.7995762711864407,0.0005178907721280605
total_MICH,MICH_MCForm33_pouch_NMC_45C_0-100_1-1C_c.pkl,NMC,387,TRUNCATED_AT_EOL,1,387,0,0.0,,,166.0,0.4289405684754522,308.05427135678394,0.7960058691389766,252.6850568740446,0.6529329634988232,-1.2913783682477374e-06,0.29198966408268734,0.32636884758279255,-0.19340844683409542,0.29198966408268734,0.3263688475827933,387.0,387,0.9949152542372881,0.7987288135593221,0.0005082550276631243,166.0,0.4289405684754522,308.05427135678394,0.7960058691389766,252.6850568740446,0.6529329634988232,-1.2913783682477374e-06,0.29198966408268734,0.32636884758279255,-0.19340844683409542,0.29198966408268734,0.3263688475827933,387.0,387,0.9949152542372881,0.7987288135593221,0.0005082550276631243
total_MICH,MICH_MCForm34_pouch_NMC_45C_0-100_1-1C_d.pkl,NMC,457,TRUNCATED_AT_EOL,1,457,0,0.0,,,169.0,0.36980306345733044,328.90753768844223,0.7197101481147532,278.7642502716523,0.6099874185375325,-8.988022282737316e-07,0.23851203501094093,0.37428119331678295,-0.18771394657274015,0.23851203501094093,0.37428119331678505,457.0,457,0.9970338983050849,0.8,0.00043209188224799315,169.0,0.36980306345733044,328.90753768844223,0.7197101481147532,278.7642502716523,0.6099874185375325,-8.988022282737316e-07,0.23851203501094093,0.37428119331678295,-0.18771394657274015,0.23851203501094093,0.37428119331678505,457.0,457,0.9970338983050849,0.8,0.00043209188224799315
total_MICH,MICH_MCForm35_pouch_NMC_45C_0-100_1-1C_e.pkl,NMC,351,TRUNCATED_AT_EOL,1,351,0,0.0,,,164.0,0.4672364672364672,256.9045226130653,0.7319217168463399,229.470792978503,0.653762942958698,-1.7958916649272396e-06,0.20797720797720798,0.2956729700824083,-0.22125564901069875,0.20797720797720798,0.29567297008241017,351.0,351,0.9957627118644069,0.7991525423728814,0.0005617433414043587,164.0,0.4672364672364672,256.9045226130653,0.7319217168463399,229.470792978503,0.653762942958698,-1.7958916649272396e-06,0.20797720797720798,0.2956729700824083,-0.22125564901069875,0.20797720797720798,0.29567297008241017,351.0,351,0.9957627118644069,0.7991525423728814,0.0005617433414043587
total_MICH,MICH_MCForm36_pouch_NMC_45C_0-100_1-1C_f.pkl,NMC,379,TRUNCATED_AT_EOL,1,379,0,0.0,,,165.0,0.43535620052770446,271.2984924623116,0.7158271568926426,240.8161257535061,0.6353987486899897,-1.414040609808008e-06,0.20844327176781002,0.31123295182477584,-0.203114207233432,0.20844327176781002,0.3112329518247769,379.0,379,0.9936440677966103,0.8,0.000512285893641826,165.0,0.43535620052770446,271.2984924623116,0.7158271568926426,240.8161257535061,0.6353987486899897,-1.414040609808008e-06,0.20844327176781002,0.31123295182477584,-0.203114207233432,0.20844327176781002,0.3112329518247769,379.0,379,0.9936440677966103,0.8,0.000512285893641826
total_MICH,MICH_MCForm37_pouch_NMC_45C_0-100_1-1C_g.pkl,NMC,404,TRUNCATED_AT_EOL,1,404,0,0.0,,,167.0,0.41336633663366334,319.9572864321608,0.7919734812677247,268.4782631491599,0.6645501563098017,-1.0444078579259715e-06,0.30198019801980197,0.3926775090946582,-0.1704640729392446,0.30198019801980197,0.3926775090946548,404.0,404,0.9944915254237289,0.8,0.00048260924422761497,167.0,0.41336633663366334,319.9572864321608,0.7919734812677247,268.4782631491599,0.6645501563098017,-1.0444078579259715e-06,0.30198019801980197,0.3926775090946582,-0.1704640729392446,0.30198019801980197,0.3926775090946548,404.0,404,0.9944915254237289,0.8,0.00048260924422761497
total_MICH,MICH_MCForm38_pouch_NMC_45C_0-100_1-1C_h.pkl,NMC,363,TRUNCATED_AT_EOL,1,363,0,0.0,,,165.0,0.45454545454545453,259.85728643216083,0.715860293201545,228.9470543630184,0.6307081387410975,-1.6732898602850192e-06,0.23415977961432508,0.27334821577512797,-0.22048773159989998,0.23415977961432508,0.2733482157751382,363.0,363,0.9970338983050849,0.7983050847457627,0.0005489746230920504,165.0,0.45454545454545453,259.85728643216083,0.715860293201545,228.9470543630184,0.6307081387410975,-1.6732898602850192e-06,0.23415977961432508,0.27334821577512797,-0.22048773159989998,0.23415977961432508,0.2733482157751382,363.0,363,0.9970338983050849,0.7983050847457627,0.0005489746230920504
total_MICH,MICH_MCForm39_pouch_NMC_45C_0-100_1-1C_i.pkl,NMC,395,TRUNCATED_AT_EOL,1,395,0,0.0,,,166.0,0.42025316455696204,308.0824120603015,0.7799554735703836,255.15881140326258,0.6459716744386395,-1.2222790621242345e-06,0.30632911392405066,0.3485973519107227,-0.19070609066793437,0.30632911392405066,0.34859735191072255,395.0,395,0.9974576271186442,0.7983050847457627,0.0005054633055149276,166.0,0.42025316455696204,308.0824120603015,0.7799554735703836,255.15881140326258,0.6459716744386395,-1.2222790621242345e-06,0.30632911392405066,0.3485973519107227,-0.19070609066793437,0.30632911392405066,0.34859735191072255,395.0,395,0.9974576271186442,0.7983050847457627,0.0005054633055149276
total_MICH,MICH_MCForm40_pouch_NMC_45C_0-100_1-1C_j.pkl,NMC,392,TRUNCATED_AT_EOL,1,392,0,0.0,,,166.0,0.42346938775510207,299.456783919598,0.7639203671418316,250.75305134482755,0.6396761513898662,-1.2606695753235955e-06,0.3010204081632653,0.33665288593797243,-0.1937195296225247,0.3010204081632653,0.33665288593797404,392.0,392,0.9949152542372881,0.7995762711864407,0.0004995881919459013,166.0,0.42346938775510207,299.456783919598,0.7639203671418316,250.75305134482755,0.6396761513898662,-1.2606695753235955e-06,0.3010204081632653,0.33665288593797243,-0.1937195296225247,0.3010204081632653,0.33665288593797404,392.0,392,0.9949152542372881,0.7995762711864407,0.0004995881919459013
