subset,file,split,label,n_cycles,n_cycles_after,repro_denom,repro_both,branch_repo,label_gt_ncycles,cycle_number_at_label,soh_at_label_repo,soh_before_repo,max_soh_after_repo,n_above_after_repo,first_crossing_repo,last_crossing_repo,soh_at_label_dis1,soh_before_dis1,max_soh_after_dis1,n_above_after_dis1,first_crossing_dis1,last_crossing_dis1,soh_at_label,soh_before,max_soh_after,n_above_after,last_crossing,first_crossing
CALCE,CALCE_CS2_35.pkl,train,518,780,262,repo,False,first_cross,False,518.0,0.79664,0.80634,0.80477,20.0,518.0,550.0,0.78873,0.79834,0.79678,0.0,503.0,510.0,0.79664,0.80634,0.80477,20.0,550.0,518.0
CALCE,CALCE_CS2_36.pkl,train,487,832,345,repo,False,first_cross,False,487.0,0.79435,0.80499,0.79926,0.0,487.0,487.0,0.77673,0.78714,0.78153,0.0,485.0,485.0,0.79435,0.80499,0.79926,0.0,487.0,487.0
CALCE,CALCE_CS2_37.pkl,train,538,905,367,repo,False,first_cross,False,538.0,0.79662,0.80731,0.80316,2.0,538.0,544.0,0.78973,0.80033,0.79622,0.0,533.0,538.0,0.79662,0.80731,0.80316,2.0,544.0,538.0
CALCE,CALCE_CS2_38.pkl,train,568,903,335,repo,False,first_cross,False,568.0,0.79564,0.80052,0.80311,1.0,568.0,574.0,0.78555,0.79037,0.79293,0.0,530.0,567.0,0.79564,0.80052,0.80311,1.0,574.0,568.0
CALCE,CALCE_CS2_34.pkl,train,448,632,184,repo,False,first_cross,False,448.0,0.79936,0.80096,0.79686,0.0,448.0,448.0,0.76946,0.77099,0.76705,0.0,411.0,420.0,0.79936,0.80096,0.79686,0.0,448.0,448.0
CALCE,CALCE_CS2_33.pkl,train,473,660,187,repo,False,first_cross,False,473.0,0.79765,0.81297,0.79482,0.0,473.0,473.0,0.76244,0.77708,0.75973,0.0,448.0,448.0,0.79765,0.81297,0.79482,0.0,473.0,473.0
CALCE,CALCE_CX2_37.pkl,train,579,1072,493,repo,False,first_cross,False,579.0,0.8,0.80149,0.81683,44.0,579.0,626.0,0.80036,0.80185,0.8172,45.0,581.0,626.0,0.8,0.80149,0.81683,44.0,626.0,579.0
CALCE,CALCE_CX2_34.pkl,val,534,1363,829,repo,False,first_cross,False,534.0,0.799,0.80137,0.8045,12.0,534.0,550.0,0.80863,0.81103,0.8142,32.0,567.0,567.0,0.799,0.80137,0.8045,12.0,550.0,534.0
CALCE,CALCE_CX2_38.pkl,test,590,1579,989,repo,False,first_cross,False,590.0,0.79836,0.80109,0.81517,48.0,590.0,642.0,0.7966,0.79931,0.81336,44.0,583.0,642.0,0.79836,0.80109,0.81517,48.0,642.0,590.0
CALCE,CALCE_CX2_36.pkl,train,519,1568,1049,repo,False,first_cross,False,519.0,0.79851,0.81073,0.81143,39.0,519.0,602.0,0.80029,0.81254,0.81324,46.0,520.0,607.0,0.79851,0.81073,0.81143,39.0,602.0,519.0
CALCE,CALCE_CX2_33.pkl,train,534,1271,737,repo,False,first_cross,False,534.0,0.79956,0.80257,0.80045,1.0,534.0,538.0,0.83543,0.83858,0.83636,199.0,655.0,939.0,0.79956,0.80257,0.80045,1.0,538.0,534.0
CALCE,CALCE_CX2_35.pkl,val,739,1454,715,repo,False,first_cross,False,739.0,0.79961,0.80173,0.81353,32.0,739.0,823.0,0.79692,0.79903,0.8108,19.0,738.0,817.0,0.79961,0.80173,0.81353,32.0,823.0,739.0
CALCE,CALCE_CX2_16.pkl,test,828,1279,451,repo,False,first_cross,False,829.0,0.7996,0.80988,0.79936,0.0,828.0,828.0,0.85033,0.86127,0.85007,117.0,941.0,1178.0,0.7996,0.80988,0.79936,0.0,828.0,828.0
HNEI,HNEI_18650_NMC_LCO_25C_0-100_0.5-1.5C_n.pkl,val,246,1082,836,repo,False,first_cross,False,246.0,0.79536,0.80679,0.80286,6.0,246.0,253.0,0.84133,0.85342,0.84926,101.0,348.0,348.0,0.79536,0.80679,0.80286,6.0,253.0,246.0
HNEI,HNEI_18650_NMC_LCO_25C_0-100_0.5-1.5C_j.pkl,val,262,1076,814,repo,False,first_cross,False,262.0,0.79857,0.80036,0.80357,5.0,262.0,300.0,0.84314,0.84502,0.84842,90.0,353.0,353.0,0.79857,0.80036,0.80357,5.0,300.0,262.0
HNEI,HNEI_18650_NMC_LCO_25C_0-100_0.5-1.5C_e.pkl,train,259,1107,848,repo,False,first_cross,False,259.0,0.79714,0.80179,0.80286,11.0,259.0,304.0,0.84449,0.84941,0.85055,97.0,353.0,380.0,0.79714,0.80179,0.80286,11.0,304.0,259.0
HNEI,HNEI_18650_NMC_LCO_25C_0-100_0.5-1.5C_b.pkl,train,218,1080,862,repo,False,first_cross,False,218.0,0.7975,0.80321,0.8025,4.0,218.0,225.0,0.8497,0.85578,0.85502,109.0,328.0,328.0,0.7975,0.80321,0.8025,4.0,225.0,218.0
HNEI,HNEI_18650_NMC_LCO_25C_0-100_0.5-1.5C_c.pkl,train,255,1081,826,repo,False,first_cross,False,255.0,0.79857,0.8,0.79786,0.0,255.0,255.0,0.84155,0.84306,0.8408,86.0,339.0,345.0,0.79857,0.8,0.79786,0.0,255.0,255.0
HNEI,HNEI_18650_NMC_LCO_25C_0-100_0.5-1.5C_g.pkl,train,247,1082,835,repo,False,first_cross,False,247.0,0.79893,0.80036,0.7975,0.0,247.0,247.0,0.84543,0.84694,0.84392,84.0,332.0,332.0,0.79893,0.80036,0.7975,0.0,247.0,247.0
HNEI,HNEI_18650_NMC_LCO_25C_0-100_0.5-1.5C_l.pkl,train,228,1081,853,repo,False,first_cross,False,228.0,0.79786,0.80107,0.79786,0.0,228.0,228.0,0.84429,0.84769,0.84429,93.0,322.0,322.0,0.79786,0.80107,0.79786,0.0,228.0,228.0
HNEI,HNEI_18650_NMC_LCO_25C_0-100_0.5-1.5C_a.pkl,train,263,1086,823,repo,False,first_cross,False,263.0,0.79714,0.80214,0.79893,0.0,263.0,263.0,0.8461,0.8514,0.84799,95.0,359.0,359.0,0.79714,0.80214,0.79893,0.0,263.0,263.0
HNEI,HNEI_18650_NMC_LCO_25C_0-100_0.5-1.5C_d.pkl,test,257,1081,824,repo,False,first_cross,False,257.0,0.79714,0.80214,0.79964,0.0,257.0,257.0,0.84068,0.84595,0.84331,89.0,347.0,347.0,0.79714,0.80214,0.79964,0.0,257.0,257.0
HNEI,HNEI_18650_NMC_LCO_25C_0-100_0.5-1.5C_f.pkl,test,239,1075,836,repo,False,first_cross,False,239.0,0.7975,0.80214,0.79893,0.0,239.0,239.0,0.84519,0.85011,0.84671,95.0,334.0,337.0,0.7975,0.80214,0.79893,0.0,239.0,239.0
HNEI,HNEI_18650_NMC_LCO_25C_0-100_0.5-1.5C_p.pkl,train,263,1080,817,repo,False,first_cross,False,263.0,0.795,0.8,0.79786,0.0,263.0,262.0,0.83968,0.84496,0.8427,89.0,353.0,353.0,0.795,0.8,0.79786,0.0,262.0,263.0
HNEI,HNEI_18650_NMC_LCO_25C_0-100_0.5-1.5C_s.pkl,val,231,1088,857,repo,False,first_cross,False,231.0,0.79571,0.80179,0.79857,0.0,231.0,231.0,0.84394,0.85038,0.84697,92.0,324.0,324.0,0.79571,0.80179,0.79857,0.0,231.0,231.0
HNEI,HNEI_18650_NMC_LCO_25C_0-100_0.5-1.5C_o.pkl,train,266,1082,816,repo,False,first_cross,False,266.0,0.79964,0.80357,0.80571,13.0,266.0,302.0,0.84554,0.8497,0.85196,98.0,353.0,383.0,0.79964,0.80357,0.80571,13.0,302.0,266.0
HNEI,HNEI_18650_NMC_LCO_25C_0-100_0.5-1.5C_t.pkl,train,234,1083,849,repo,False,first_cross,False,234.0,0.79571,0.80179,0.79679,0.0,234.0,234.0,0.86023,0.8668,0.86139,90.0,325.0,325.0,0.79571,0.80179,0.79679,0.0,234.0,234.0
MATR,MATR_b2c1.pkl,train,147,169,22,repo,False,first_cross,False,147.0,0.79858,0.80041,0.79725,0.0,147.0,147.0,0.81938,0.82126,0.81802,9.0,157.0,157.0,0.79858,0.80041,0.79725,0.0,147.0,147.0
MATR,MATR_b4c33.pkl,val,505,530,25,repo,False,first_cross,False,505.0,0.7992,0.80181,0.79707,0.0,505.0,505.0,0.82615,0.82884,0.82394,9.0,515.0,515.0,0.7992,0.80181,0.79707,0.0,505.0,505.0
MATR,MATR_b2c0.pkl,train,299,325,26,repo,False,first_cross,False,299.0,0.79953,0.80145,0.79767,0.0,299.0,299.0,0.8219,0.82388,0.82,11.0,311.0,311.0,0.79953,0.80145,0.79767,0.0,299.0,299.0
MATR,MATR_b4c7.pkl,train,529,562,33,repo,False,first_cross,False,529.0,0.79971,0.80273,0.79701,0.0,529.0,529.0,0.83617,0.83932,0.83334,10.0,540.0,540.0,0.79971,0.80273,0.79701,0.0,529.0,529.0
MATR,MATR_b3c28.pkl,train,539,539,0,repo,False,regress,False,539.0,0.8001,0.80078,,0.0,,,0.83671,0.83743,,0.0,,,0.8001,0.80078,,0.0,,
MATR,MATR_b4c27.pkl,test,500,563,63,repo,False,first_cross,False,500.0,0.79845,0.80054,0.79599,0.0,500.0,500.0,0.84714,0.84936,0.84453,15.0,516.0,516.0,0.79845,0.80054,0.79599,0.0,500.0,500.0
MATR,MATR_b4c9.pkl,train,442,529,87,repo,False,first_cross,False,442.0,0.79885,0.80074,0.79693,0.0,442.0,442.0,0.83047,0.83244,0.82848,12.0,455.0,455.0,0.79885,0.80074,0.79693,0.0,442.0,442.0
MATR,MATR_b4c26.pkl,train,476,579,103,repo,False,first_cross,False,476.0,0.79759,0.80004,0.79467,0.0,476.0,476.0,0.84637,0.84897,0.84326,13.0,490.0,490.0,0.79759,0.80004,0.79467,0.0,476.0,476.0
MATR,MATR_b4c25.pkl,train,453,567,114,repo,False,first_cross,False,453.0,0.79987,0.80275,0.79723,0.0,453.0,453.0,0.85159,0.85466,0.84877,15.0,469.0,469.0,0.79987,0.80275,0.79723,0.0,453.0,453.0
MATR,MATR_b1c20.pkl,train,533,532,0,repo,False,regress,True,,,,,,,,,,,,,,,,,,,
MATR,MATR_b2c3.pkl,train,334,360,26,repo,False,first_cross,False,334.0,0.79953,0.80086,0.79752,0.0,334.0,334.0,0.82437,0.82574,0.8223,12.0,347.0,347.0,0.79953,0.80086,0.79752,0.0,334.0,334.0
MATR,MATR_b1c21.pkl,train,557,557,0,repo,False,regress,False,557.0,0.80015,0.80228,,0.0,,,0.81313,0.8153,,0.0,,,0.80015,0.80228,,0.0,,
MATR,MATR_b2c25.pkl,val,460,486,26,repo,False,first_cross,False,460.0,0.79942,0.80075,0.79767,0.0,460.0,460.0,0.82394,0.82531,0.82214,12.0,473.0,473.0,0.79942,0.80075,0.79767,0.0,460.0,460.0
MATR,MATR_b3c31.pkl,train,729,729,0,repo,False,regress,False,729.0,0.80029,0.8016,,0.0,,,0.82412,0.82548,,0.0,,,0.80029,0.8016,,0.0,,
MATR,MATR_b3c6.pkl,train,665,665,0,repo,False,regress,False,665.0,0.80048,0.80081,,0.0,,,0.82864,0.82898,,0.0,,,0.80048,0.80081,,0.0,,
MATR,MATR_b2c35.pkl,val,462,485,23,repo,False,first_cross,False,462.0,0.79946,0.80106,0.79777,0.0,462.0,462.0,0.82286,0.82451,0.82112,10.0,473.0,473.0,0.79946,0.80106,0.79777,0.0,462.0,462.0
MATR,MATR_b2c26.pkl,train,470,497,27,repo,False,first_cross,False,470.0,0.79949,0.80112,0.79784,0.0,470.0,470.0,0.81683,0.8185,0.81515,9.0,480.0,480.0,0.79949,0.80112,0.79784,0.0,470.0,470.0
MATR,MATR_b4c8.pkl,train,677,718,41,repo,False,first_cross,False,677.0,0.799,0.80014,0.7975,0.0,677.0,677.0,0.83758,0.83879,0.83601,20.0,698.0,698.0,0.799,0.80014,0.7975,0.0,677.0,677.0
MATR,MATR_b2c39.pkl,train,458,479,21,repo,False,first_cross,False,458.0,0.79803,0.80019,0.79607,0.0,458.0,458.0,0.81397,0.81617,0.81197,6.0,465.0,465.0,0.79803,0.80019,0.79607,0.0,458.0,458.0
MATR,MATR_b1c45.pkl,test,597,597,0,repo,False,regress,False,597.0,0.80095,0.8022,,0.0,,,0.8128,0.81408,,0.0,,,0.80095,0.8022,,0.0,,
MATR,MATR_b2c38.pkl,train,464,486,22,repo,False,first_cross,False,464.0,0.79814,0.80005,0.79607,0.0,464.0,464.0,0.82055,0.82252,0.81843,9.0,474.0,474.0,0.79814,0.80005,0.79607,0.0,464.0,464.0
MATR,MATR_b2c2.pkl,val,437,463,26,repo,False,first_cross,False,437.0,0.7994,0.80173,0.79779,0.0,437.0,437.0,0.8191,0.8215,0.81746,10.0,448.0,448.0,0.7994,0.80173,0.79779,0.0,437.0,437.0
MATR,MATR_b1c44.pkl,test,614,614,0,repo,False,regress,False,614.0,0.80044,0.80138,,0.0,,,0.81168,0.81263,,0.0,,,0.80044,0.80138,,0.0,,
MATR,MATR_b4c39.pkl,val,738,761,23,repo,False,first_cross,False,738.0,0.7996,0.80138,0.79802,0.0,738.0,738.0,0.83875,0.84062,0.8371,19.0,758.0,758.0,0.7996,0.80138,0.79802,0.0,738.0,738.0
MATR,MATR_b4c22.pkl,val,671,745,74,repo,False,first_cross,False,671.0,0.79869,0.80069,0.79685,0.0,671.0,671.0,0.83627,0.83836,0.83434,14.0,686.0,686.0,0.79869,0.80069,0.79685,0.0,671.0,671.0
MATR,MATR_b2c24.pkl,train,494,523,29,repo,False,first_cross,False,494.0,0.79986,0.8013,0.79894,0.0,494.0,494.0,0.82385,0.82533,0.8229,14.0,509.0,509.0,0.79986,0.8013,0.79894,0.0,494.0,494.0
MATR,MATR_b4c6.pkl,test,706,777,71,repo,False,first_cross,False,706.0,0.79946,0.8007,0.79801,0.0,706.0,706.0,0.84841,0.84973,0.84688,27.0,734.0,734.0,0.79946,0.8007,0.79801,0.0,706.0,706.0
MATR,MATR_b3c41.pkl,test,784,784,0,repo,False,regress,False,784.0,0.80057,0.8014,,0.0,,,0.83827,0.83915,,0.0,,,0.80057,0.8014,,0.0,,
MATR,MATR_b2c27.pkl,test,467,494,27,repo,False,first_cross,False,467.0,0.79943,0.80149,0.7983,0.0,467.0,467.0,0.82505,0.82717,0.82389,14.0,482.0,482.0,0.79943,0.80149,0.7983,0.0,467.0,467.0
MATR,MATR_b2c46.pkl,val,428,448,20,repo,False,first_cross,False,428.0,0.79809,0.80441,0.7981,0.0,428.0,428.0,0.81846,0.82495,0.81848,9.0,438.0,438.0,0.79809,0.80441,0.7981,0.0,428.0,428.0
MATR,MATR_b2c37.pkl,train,477,501,24,repo,False,first_cross,False,477.0,0.79984,0.80264,0.79867,0.0,477.0,477.0,0.81858,0.82145,0.81738,9.0,487.0,487.0,0.79984,0.80264,0.79867,0.0,477.0,477.0
MATR,MATR_b2c4.pkl,train,443,470,27,repo,False,first_cross,False,443.0,0.79867,0.80056,0.79724,0.0,443.0,443.0,0.81884,0.82078,0.81737,9.0,453.0,453.0,0.79867,0.80056,0.79724,0.0,443.0,443.0
MATR,MATR_b4c36.pkl,test,599,713,114,repo,False,first_cross,False,599.0,0.79971,0.80245,0.79721,0.0,599.0,599.0,0.83052,0.83337,0.82792,10.0,610.0,610.0,0.79971,0.80245,0.79721,0.0,599.0,599.0
MATR,MATR_b4c30.pkl,train,615,719,104,repo,False,first_cross,False,615.0,0.79933,0.80061,0.7979,0.0,615.0,615.0,0.83778,0.83912,0.83628,21.0,637.0,637.0,0.79933,0.80061,0.7979,0.0,615.0,615.0
MATR,MATR_b4c2.pkl,test,742,784,42,repo,False,first_cross,False,742.0,0.79948,0.8005,0.79792,0.0,742.0,742.0,0.83525,0.83632,0.83362,19.0,762.0,762.0,0.79948,0.8005,0.79792,0.0,742.0,742.0
MATR,MATR_b2c34.pkl,train,498,525,27,repo,False,first_cross,False,498.0,0.79993,0.80146,0.79834,0.0,498.0,498.0,0.82324,0.82482,0.8216,12.0,511.0,511.0,0.79993,0.80146,0.79834,0.0,498.0,498.0
MATR,MATR_b2c14.pkl,train,484,508,24,repo,False,first_cross,False,484.0,0.79861,0.80078,0.79675,0.0,484.0,484.0,0.81485,0.81707,0.81296,7.0,492.0,492.0,0.79861,0.80078,0.79675,0.0,484.0,484.0
MATR,MATR_b1c38.pkl,train,614,615,1,repo,False,regress,False,614.0,0.80244,0.80353,0.80101,1.0,,,0.82267,0.82379,0.8212,1.0,,,0.80244,0.80353,0.80101,1.0,,
MATR,MATR_b2c5.pkl,train,479,506,27,repo,False,first_cross,False,479.0,0.79912,0.80075,0.79736,0.0,479.0,479.0,0.82305,0.82473,0.82124,12.0,492.0,492.0,0.79912,0.80075,0.79736,0.0,479.0,479.0
MATR,MATR_b3c40.pkl,train,794,794,0,repo,False,regress,False,794.0,0.80064,0.80164,,0.0,,,0.83139,0.83242,,0.0,,,0.80064,0.80164,,0.0,,
MATR,MATR_b2c30.pkl,train,480,506,26,repo,False,first_cross,False,480.0,0.79969,0.80122,0.79788,0.0,480.0,480.0,0.8242,0.82579,0.82234,12.0,493.0,493.0,0.79969,0.80122,0.79788,0.0,480.0,480.0
MATR,MATR_b2c31.pkl,train,491,518,27,repo,False,first_cross,False,491.0,0.79989,0.80159,0.7984,0.0,491.0,491.0,0.81981,0.82155,0.81828,10.0,502.0,502.0,0.79989,0.80159,0.7984,0.0,491.0,491.0
MATR,MATR_b3c5.pkl,test,826,826,0,repo,False,regress,False,826.0,0.80061,0.80144,,0.0,,,0.83757,0.83845,,0.0,,,0.80061,0.80144,,0.0,,
MATR,MATR_b3c24.pkl,train,823,823,0,repo,False,regress,False,823.0,0.80019,0.80132,,0.0,,,0.84128,0.84247,,0.0,,,0.80019,0.80132,,0.0,,
MATR,MATR_b3c20.pkl,test,811,811,0,repo,False,regress,False,811.0,0.80054,0.80134,,0.0,,,0.82681,0.82763,,0.0,,,0.80054,0.80134,,0.0,,
MATR,MATR_b2c12.pkl,train,456,489,33,repo,False,first_cross,False,456.0,0.79976,0.8009,0.7981,0.0,456.0,456.0,0.82121,0.82238,0.8195,14.0,471.0,471.0,0.79976,0.8009,0.7981,0.0,456.0,456.0
MATR,MATR_b2c11.pkl,test,476,504,28,repo,False,first_cross,False,476.0,0.79912,0.80102,0.79755,0.0,476.0,476.0,0.82022,0.82216,0.8186,11.0,488.0,488.0,0.79912,0.80102,0.79755,0.0,476.0,476.0
MATR,MATR_b2c45.pkl,val,486,513,27,repo,False,first_cross,False,486.0,0.79473,0.80043,0.79697,0.0,486.0,486.0,0.81665,0.82251,0.81895,11.0,498.0,498.0,0.79473,0.80043,0.79697,0.0,486.0,486.0
MATR,MATR_b1c39.pkl,test,622,623,1,repo,False,regress,False,622.0,0.8009,0.80243,0.8001,1.0,,,0.81439,0.81595,0.81358,1.0,,,0.8009,0.80243,0.8001,1.0,,
MATR,MATR_b2c44.pkl,train,455,477,22,repo,False,first_cross,False,455.0,0.79972,0.8016,0.79743,0.0,455.0,455.0,0.82146,0.82339,0.81911,9.0,465.0,465.0,0.79972,0.8016,0.79743,0.0,455.0,455.0
MATR,MATR_b2c29.pkl,train,497,521,24,repo,False,first_cross,False,497.0,0.79925,0.80007,0.7975,0.0,497.0,497.0,0.81974,0.82058,0.81795,9.0,507.0,507.0,0.79925,0.80007,0.7975,0.0,497.0,497.0
MATR,MATR_b2c41.pkl,train,428,451,23,repo,False,first_cross,False,428.0,0.79968,0.80155,0.79795,0.0,428.0,428.0,0.82348,0.82541,0.8217,10.0,439.0,439.0,0.79968,0.80155,0.79795,0.0,428.0,428.0
MATR,MATR_b2c43.pkl,test,461,486,25,repo,False,first_cross,False,461.0,0.79854,0.80025,0.79658,0.0,461.0,461.0,0.8182,0.81995,0.8162,9.0,471.0,471.0,0.79854,0.80025,0.79658,0.0,461.0,461.0
MATR,MATR_b3c8.pkl,train,826,826,0,repo,False,regress,False,826.0,0.80086,0.80204,,0.0,,,0.82738,0.8286,,0.0,,,0.80086,0.80204,,0.0,,
MATR,MATR_b2c42.pkl,test,465,491,26,repo,False,first_cross,False,465.0,0.7984,0.80022,0.79652,0.0,465.0,465.0,0.81467,0.81653,0.81275,8.0,474.0,474.0,0.7984,0.80022,0.79652,0.0,465.0,465.0
MATR,MATR_b4c20.pkl,train,747,804,57,repo,False,first_cross,False,747.0,0.79981,0.80094,0.79892,0.0,747.0,747.0,0.84198,0.84317,0.84104,29.0,777.0,777.0,0.79981,0.80094,0.79892,0.0,747.0,747.0
MATR,MATR_b2c21.pkl,train,488,519,31,repo,False,first_cross,False,488.0,0.79949,0.80105,0.79786,0.0,488.0,488.0,0.81666,0.81824,0.81499,10.0,499.0,499.0,0.79949,0.80105,0.79786,0.0,488.0,488.0
MATR,MATR_b3c13.pkl,train,814,814,0,repo,False,regress,False,814.0,0.80022,0.80122,,0.0,,,0.82609,0.82712,,0.0,,,0.80022,0.80122,,0.0,,
MATR,MATR_b1c6.pkl,train,633,634,1,repo,False,regress,False,633.0,0.80136,0.8029,0.80005,1.0,,,0.81936,0.82093,0.81802,1.0,,,0.80136,0.8029,0.80005,1.0,,
MATR,MATR_b2c20.pkl,test,501,530,29,repo,False,first_cross,False,501.0,0.79869,0.80058,0.7971,0.0,501.0,501.0,0.81115,0.81307,0.80953,6.0,508.0,508.0,0.79869,0.80058,0.7971,0.0,501.0,501.0
MATR,MATR_b3c11.pkl,val,815,815,0,repo,False,regress,False,815.0,0.80103,0.80199,,0.0,,,0.82498,0.82596,,0.0,,,0.80103,0.80199,,0.0,,
MATR,MATR_b2c19.pkl,train,460,488,28,repo,False,first_cross,False,460.0,0.79963,0.80192,0.79911,0.0,460.0,460.0,0.83927,0.84168,0.83873,21.0,482.0,482.0,0.79963,0.80192,0.79911,0.0,460.0,460.0
MATR,MATR_b2c33.pkl,train,519,545,26,repo,False,first_cross,False,519.0,0.79969,0.80092,0.79807,0.0,519.0,519.0,0.81522,0.81646,0.81356,8.0,528.0,528.0,0.79969,0.80092,0.79807,0.0,519.0,519.0
MATR,MATR_b2c32.pkl,train,518,543,25,repo,False,first_cross,False,518.0,0.79863,0.80033,0.79707,0.0,518.0,518.0,0.81776,0.8195,0.81617,9.0,528.0,528.0,0.79863,0.80033,0.79707,0.0,518.0,518.0
MATR,MATR_b2c17.pkl,train,493,524,31,repo,False,first_cross,False,493.0,0.79898,0.80046,0.79689,0.0,493.0,493.0,0.82473,0.82627,0.82258,15.0,509.0,509.0,0.79898,0.80046,0.79689,0.0,493.0,493.0
MATR,MATR_b3c27.pkl,train,847,848,1,repo,False,regress,False,847.0,0.80085,0.80174,0.80002,1.0,,,0.83074,0.83167,0.82989,1.0,,,0.80085,0.80174,0.80002,1.0,,
MATR,MATR_b2c28.pkl,train,508,540,32,repo,False,first_cross,False,508.0,0.79956,0.80201,0.80053,1.0,508.0,510.0,0.82079,0.8233,0.82178,14.0,523.0,523.0,0.79956,0.80201,0.80053,1.0,510.0,508.0
MATR,MATR_b1c43.pkl,val,649,649,0,repo,False,regress,False,649.0,0.8004,0.80133,,0.0,,,0.8242,0.82515,,0.0,,,0.8004,0.80133,,0.0,,
MATR,MATR_b2c22.pkl,val,512,539,27,repo,False,first_cross,False,512.0,0.79907,0.80056,0.79745,0.0,512.0,512.0,0.81408,0.8156,0.81242,8.0,521.0,521.0,0.79907,0.80056,0.79745,0.0,512.0,512.0
MATR,MATR_b1c37.pkl,test,648,646,0,repo,False,regress,True,,,,,,,,,,,,,,,,,,,
MATR,MATR_b3c21.pkl,train,770,770,0,repo,False,regress,False,770.0,0.80018,0.80109,,0.0,,,0.82427,0.8252,,0.0,,,0.80018,0.80109,,0.0,,
MATR,MATR_b3c29.pkl,test,855,856,1,repo,False,regress,False,855.0,0.80102,0.80191,0.80007,1.0,,,0.82628,0.8272,0.8253,1.0,,,0.80102,0.80191,0.80007,1.0,,
MATR,MATR_b3c14.pkl,train,856,856,0,repo,False,regress,False,856.0,0.8006,0.80163,,0.0,,,0.82097,0.82202,,0.0,,,0.8006,0.80163,,0.0,,
MATR,MATR_b2c40.pkl,val,498,529,31,repo,False,first_cross,False,498.0,0.79677,0.80223,0.79941,0.0,498.0,498.0,0.81413,0.8197,0.81682,11.0,510.0,510.0,0.79677,0.80223,0.79941,0.0,498.0,498.0
MATR,MATR_b4c32.pkl,val,754,839,85,repo,False,first_cross,False,754.0,0.79862,0.8001,0.79685,0.0,754.0,754.0,0.8328,0.83435,0.83096,17.0,772.0,772.0,0.79862,0.8001,0.79685,0.0,754.0,754.0
MATR,MATR_b2c18.pkl,train,486,522,36,repo,False,first_cross,False,486.0,0.79923,0.80027,0.79702,0.0,486.0,486.0,0.8264,0.82747,0.82411,19.0,506.0,506.0,0.79923,0.80027,0.79702,0.0,486.0,486.0
MATR,MATR_b4c14.pkl,train,607,767,160,repo,False,first_cross,False,607.0,0.79985,0.80136,0.79853,0.0,607.0,607.0,0.82934,0.83091,0.82797,16.0,624.0,624.0,0.79985,0.80136,0.79853,0.0,607.0,607.0
MATR,MATR_b2c36.pkl,train,534,559,25,repo,False,first_cross,False,534.0,0.79817,0.80021,0.79661,0.0,534.0,534.0,0.81315,0.81523,0.81156,7.0,542.0,542.0,0.79817,0.80021,0.79661,0.0,534.0,534.0
MATR,MATR_b3c15.pkl,train,874,874,0,repo,False,regress,False,874.0,0.80053,0.80144,,0.0,,,0.82419,0.82513,,0.0,,,0.80053,0.80144,,0.0,,
MATR,MATR_b3c36.pkl,train,921,921,0,repo,False,regress,False,921.0,0.80055,0.80193,,0.0,,,0.8327,0.83413,,0.0,,,0.80055,0.80193,,0.0,,
MATR,MATR_b2c13.pkl,val,482,519,37,repo,False,first_cross,False,482.0,0.79973,0.80086,0.79797,0.0,482.0,482.0,0.81432,0.81548,0.81253,10.0,493.0,493.0,0.79973,0.80086,0.79797,0.0,482.0,482.0
MATR,MATR_b1c42.pkl,train,700,700,0,repo,False,regress,False,700.0,0.80032,0.80119,,0.0,,,0.81524,0.81612,,0.0,,,0.80032,0.80119,,0.0,,
MATR,MATR_b2c23.pkl,test,526,561,35,repo,False,first_cross,False,526.0,0.79938,0.80056,0.79855,0.0,526.0,526.0,0.81833,0.81955,0.81748,13.0,540.0,540.0,0.79938,0.80056,0.79855,0.0,526.0,526.0
MATR,MATR_b4c28.pkl,val,828,882,54,repo,False,first_cross,False,828.0,0.79893,0.80035,0.79729,0.0,828.0,828.0,0.82544,0.82691,0.82374,13.0,842.0,842.0,0.79893,0.80035,0.79729,0.0,828.0,828.0
MATR,MATR_b3c30.pkl,test,933,933,0,repo,False,regress,False,933.0,0.80023,0.80125,,0.0,,,0.82363,0.82468,,0.0,,,0.80023,0.80125,,0.0,,
MATR,MATR_b4c17.pkl,test,827,930,103,repo,False,first_cross,False,827.0,0.79998,0.801,0.79928,0.0,827.0,827.0,0.84617,0.84725,0.84543,33.0,861.0,861.0,0.79998,0.801,0.79928,0.0,827.0,827.0
MATR,MATR_b4c13.pkl,val,771,869,98,repo,False,first_cross,False,771.0,0.79971,0.80118,0.7983,0.0,771.0,771.0,0.82511,0.82662,0.82365,13.0,785.0,785.0,0.79971,0.80118,0.7983,0.0,771.0,771.0
MATR,MATR_b4c12.pkl,train,818,898,80,repo,False,first_cross,False,818.0,0.79973,0.80084,0.79811,0.0,818.0,818.0,0.83126,0.83241,0.82957,17.0,836.0,836.0,0.79973,0.80084,0.79811,0.0,818.0,818.0
MATR,MATR_b1c35.pkl,train,701,701,0,repo,False,regress,False,701.0,0.80022,0.80145,,0.0,,,0.82208,0.82335,,0.0,,,0.80022,0.80145,,0.0,,
MATR,MATR_b1c30.pkl,val,707,707,0,repo,False,regress,False,707.0,0.80049,0.80169,,0.0,,,0.81542,0.81664,,0.0,,,0.80049,0.80169,,0.0,,
MATR,MATR_b4c1.pkl,train,760,861,101,repo,False,first_cross,False,760.0,0.79966,0.80074,0.79866,0.0,760.0,760.0,0.83887,0.84,0.83782,21.0,782.0,782.0,0.79966,0.80074,0.79866,0.0,760.0,760.0
MATR,MATR_b3c44.pkl,train,938,938,0,repo,False,regress,False,938.0,0.80042,0.80175,,0.0,,,0.82308,0.82445,,0.0,,,0.80042,0.80175,,0.0,,
MATR,MATR_b1c36.pkl,val,704,702,0,repo,False,regress,True,,,,,,,,,,,,,,,,,,,
MATR,MATR_b1c15.pkl,train,719,717,0,repo,False,regress,True,,,,,,,,,,,,,,,,,,,
MATR,MATR_b3c12.pkl,test,930,930,0,repo,False,regress,False,930.0,0.80073,0.80156,,0.0,,,0.81999,0.82084,,0.0,,,0.80073,0.80156,,0.0,,
MATR,MATR_b2c10.pkl,train,560,595,35,repo,False,first_cross,False,560.0,0.79979,0.80094,0.7984,0.0,560.0,560.0,0.82294,0.82412,0.82151,15.0,576.0,576.0,0.79979,0.80094,0.7984,0.0,560.0,560.0
MATR,MATR_b1c32.pkl,val,729,729,0,repo,False,regress,False,729.0,0.80074,0.8018,,0.0,,,0.8172,0.81828,,0.0,,,0.80074,0.8018,,0.0,,
MATR,MATR_b4c21.pkl,train,773,903,130,repo,False,first_cross,False,773.0,0.79959,0.80083,0.79798,0.0,773.0,773.0,0.83343,0.83472,0.83175,19.0,793.0,793.0,0.79959,0.80083,0.79798,0.0,773.0,773.0
MATR,MATR_b3c22.pkl,train,1000,1000,0,repo,False,regress,False,1000.0,0.80086,0.80235,,0.0,,,0.83402,0.83557,,0.0,,,0.80086,0.80235,,0.0,,
MATR,MATR_b4c11.pkl,train,863,930,67,repo,False,first_cross,False,863.0,0.79967,0.80079,0.79846,0.0,863.0,863.0,0.83021,0.83137,0.82895,21.0,885.0,885.0,0.79967,0.80079,0.79846,0.0,863.0,863.0
MATR,MATR_b4c3.pkl,val,777,911,134,repo,False,first_cross,False,777.0,0.79865,0.8,0.79745,0.0,777.0,777.0,0.83892,0.84034,0.83765,24.0,802.0,802.0,0.79865,0.8,0.79745,0.0,777.0,777.0
MATR,MATR_b3c25.pkl,train,988,987,0,repo,False,regress,True,,,,,,,,,,,,,,,,,,,
MATR,MATR_b1c34.pkl,val,742,740,0,repo,False,regress,True,,,,,,,,,,,,,,,,,,,
MATR,MATR_b3c0.pkl,test,1007,1007,0,repo,False,regress,False,1007.0,0.80039,0.80117,,0.0,,,0.8248,0.82559,,0.0,,,0.80039,0.80117,,0.0,,
MATR,MATR_b4c29.pkl,train,887,956,69,repo,False,first_cross,False,887.0,0.79936,0.80033,0.79829,0.0,887.0,887.0,0.82491,0.82591,0.82381,18.0,906.0,906.0,0.79936,0.80033,0.79829,0.0,887.0,887.0
MATR,MATR_b4c16.pkl,val,909,983,74,repo,False,first_cross,False,909.0,0.79963,0.80076,0.79877,0.0,909.0,909.0,0.83224,0.83342,0.83135,22.0,932.0,932.0,0.79963,0.80076,0.79877,0.0,909.0,909.0
MATR,MATR_b1c33.pkl,train,754,755,1,repo,False,regress,False,754.0,0.8005,0.80147,0.8001,1.0,,,0.806,0.80697,0.8056,1.0,,,0.8005,0.80147,0.8001,1.0,,
MATR,MATR_b4c31.pkl,val,559,832,273,repo,False,first_cross,False,559.0,0.7983,0.80031,0.79599,0.0,559.0,559.0,0.83496,0.83706,0.83254,12.0,572.0,572.0,0.7983,0.80031,0.79599,0.0,559.0,559.0
MATR,MATR_b4c42.pkl,train,774,915,141,repo,False,first_cross,False,774.0,0.79939,0.80076,0.79795,0.0,774.0,774.0,0.83775,0.83919,0.83624,21.0,796.0,796.0,0.79939,0.80076,0.79795,0.0,774.0,774.0
MATR,MATR_b4c34.pkl,train,891,997,106,repo,False,first_cross,False,891.0,0.79916,0.80012,0.79837,0.0,891.0,891.0,0.83702,0.83803,0.83619,31.0,923.0,923.0,0.79916,0.80012,0.79837,0.0,891.0,891.0
MATR,MATR_b4c4.pkl,train,656,912,256,repo,False,first_cross,False,656.0,0.79978,0.80247,0.79759,0.0,656.0,656.0,0.84566,0.8485,0.84334,14.0,671.0,671.0,0.79978,0.80247,0.79759,0.0,656.0,656.0
MATR,MATR_b4c15.pkl,train,675,871,196,repo,False,first_cross,False,675.0,0.79958,0.80089,0.79825,0.0,675.0,675.0,0.82826,0.82963,0.82689,16.0,692.0,692.0,0.79958,0.80089,0.79825,0.0,675.0,675.0
MATR,MATR_b4c0.pkl,test,856,982,126,repo,False,first_cross,False,856.0,0.79959,0.8002,0.79868,0.0,856.0,856.0,0.845,0.84565,0.84404,31.0,888.0,888.0,0.79959,0.8002,0.79868,0.0,856.0,856.0
MATR,MATR_b4c37.pkl,train,863,1005,142,repo,False,first_cross,False,863.0,0.79965,0.80085,0.7987,0.0,863.0,863.0,0.84319,0.84446,0.84219,31.0,895.0,895.0,0.79965,0.80085,0.7987,0.0,863.0,863.0
MATR,MATR_b4c43.pkl,train,750,951,201,repo,False,first_cross,False,750.0,0.79956,0.80067,0.79799,0.0,750.0,750.0,0.84448,0.84565,0.84282,25.0,776.0,776.0,0.79956,0.80067,0.79799,0.0,750.0,750.0
MATR,MATR_b3c1.pkl,train,1061,1061,0,repo,False,regress,False,1061.0,0.80025,0.80095,,0.0,,,0.8265,0.82723,,0.0,,,0.80025,0.80095,,0.0,,
MATR,MATR_b3c26.pkl,train,1025,1026,1,repo,False,regress,False,1025.0,0.80086,0.80151,0.80021,1.0,,,0.82176,0.82243,0.8211,1.0,,,0.80086,0.80151,0.80021,1.0,,
MATR,MATR_b1c19.pkl,train,786,786,0,repo,False,regress,False,786.0,0.80085,0.80171,,0.0,,,0.81184,0.81271,,0.0,,,0.80085,0.80171,,0.0,,
MATR,MATR_b1c18.pkl,train,687,688,1,repo,False,regress,False,687.0,0.80209,0.80099,0.80104,1.0,,,0.82754,0.82641,0.82646,1.0,,,0.80209,0.80099,0.80104,1.0,,
MATR,MATR_b3c4.pkl,train,1045,1046,1,repo,False,regress,False,1045.0,0.80049,0.80102,0.80001,1.0,,,0.82103,0.82158,0.82054,1.0,,,0.80049,0.80102,0.80001,1.0,,
MATR,MATR_b2c6.pkl,train,510,544,34,repo,False,first_cross,False,510.0,0.79989,0.80065,0.79883,0.0,510.0,510.0,0.82328,0.82407,0.82219,17.0,528.0,528.0,0.79989,0.80065,0.79883,0.0,510.0,510.0
MATR,MATR_b3c9.pkl,train,1036,1037,1,repo,False,regress,False,1036.0,0.80085,0.80172,0.8001,1.0,,,0.8237,0.82459,0.82293,1.0,,,0.80085,0.80172,0.8001,1.0,,
MATR,MATR_b1c11.pkl,val,786,786,0,repo,False,regress,False,786.0,0.80049,0.80157,,0.0,,,0.83561,0.83673,,0.0,,,0.80049,0.80157,,0.0,,
MATR,MATR_b4c5.pkl,val,913,1067,154,repo,False,first_cross,False,913.0,0.79914,0.80003,0.79785,0.0,913.0,913.0,0.84752,0.84847,0.84616,32.0,946.0,946.0,0.79914,0.80003,0.79785,0.0,913.0,913.0
MATR,MATR_b4c23.pkl,train,1038,1094,56,repo,False,first_cross,False,1038.0,0.79972,0.80062,0.79871,0.0,1038.0,1038.0,0.83907,0.84002,0.83802,28.0,1067.0,1067.0,0.79972,0.80062,0.79871,0.0,1038.0,1038.0
MATR,MATR_b3c35.pkl,val,1091,1091,0,repo,False,regress,False,1091.0,0.80011,0.80068,,0.0,,,0.82766,0.82826,,0.0,,,0.80011,0.80068,,0.0,,
MATR,MATR_b3c3.pkl,train,1113,1113,0,repo,False,regress,False,1113.0,0.80053,0.80101,,0.0,,,0.82848,0.82898,,0.0,,,0.80053,0.80101,,0.0,,
MATR,MATR_b3c39.pkl,train,1154,1154,0,repo,False,regress,False,1154.0,0.80039,0.80142,,0.0,,,0.84058,0.84166,,0.0,,,0.80039,0.80142,,0.0,,
MATR,MATR_b3c10.pkl,train,1076,1076,0,repo,False,regress,False,1076.0,0.80058,0.80104,,0.0,,,0.8294,0.82988,,0.0,,,0.80058,0.80104,,0.0,,
MATR,MATR_b4c41.pkl,test,836,997,161,repo,False,first_cross,False,836.0,0.79887,0.8001,0.79731,0.0,836.0,836.0,0.83187,0.83315,0.83024,18.0,855.0,855.0,0.79887,0.8001,0.79731,0.0,836.0,836.0
MATR,MATR_b4c44.pkl,test,942,1077,135,repo,False,first_cross,False,942.0,0.7998,0.80097,0.79888,0.0,942.0,942.0,0.84268,0.84391,0.84171,28.0,971.0,971.0,0.7998,0.80097,0.79888,0.0,942.0,942.0
MATR,MATR_b3c34.pkl,val,1156,1156,0,repo,False,regress,False,1156.0,0.80016,0.8008,,0.0,,,0.82915,0.82982,,0.0,,,0.80016,0.8008,,0.0,,
MATR,MATR_b4c19.pkl,train,991,1111,120,repo,False,first_cross,False,991.0,0.79974,0.80067,0.79885,0.0,991.0,991.0,0.83766,0.83865,0.83673,27.0,1019.0,1019.0,0.79974,0.80067,0.79885,0.0,991.0,991.0
MATR,MATR_b4c18.pkl,train,906,1057,151,repo,False,first_cross,False,906.0,0.79929,0.80021,0.79806,0.0,906.0,906.0,0.83659,0.83756,0.83531,25.0,932.0,932.0,0.79929,0.80021,0.79806,0.0,906.0,906.0
MATR,MATR_b1c27.pkl,val,841,840,0,repo,False,regress,True,,,,,,,,,,,,,,,,,,,
MATR,MATR_b4c35.pkl,test,1081,1131,50,repo,False,first_cross,False,1081.0,0.79867,0.80014,0.79737,0.0,1081.0,1081.0,0.83369,0.83521,0.83233,17.0,1095.0,1100.0,0.79867,0.80014,0.79737,0.0,1081.0,1081.0
MATR,MATR_b1c17.pkl,train,858,855,0,repo,False,regress,True,,,,,,,,,,,,,,,,,,,
MATR,MATR_b4c40.pkl,train,871,1122,251,repo,False,first_cross,False,871.0,0.78635,0.91834,0.91505,215.0,871.0,1088.0,0.8171,0.95425,0.95083,244.0,1116.0,1116.0,0.78635,0.91834,0.91505,215.0,1088.0,871.0
MATR,MATR_b4c24.pkl,train,988,1115,127,repo,False,first_cross,False,988.0,0.79909,0.80005,0.79782,0.0,988.0,988.0,0.84056,0.84157,0.83923,26.0,1015.0,1015.0,0.79909,0.80005,0.79782,0.0,988.0,988.0
MATR,MATR_b3c18.pkl,train,1143,1144,1,repo,False,regress,False,1143.0,0.80037,0.8007,0.80004,1.0,,,0.82433,0.82467,0.82399,1.0,,,0.80037,0.8007,0.80004,1.0,,
MATR,MATR_b1c28.pkl,val,858,858,0,repo,False,regress,False,858.0,0.80053,0.80134,,0.0,,,0.81706,0.81788,,0.0,,,0.80053,0.80134,,0.0,,
MATR,MATR_b3c19.pkl,test,1152,1153,1,repo,False,regress,False,1152.0,0.80038,0.80092,0.80007,1.0,,,0.82134,0.82189,0.82102,1.0,,,0.80038,0.80092,0.80007,1.0,,
MATR,MATR_b1c16.pkl,train,860,860,0,repo,False,regress,False,860.0,0.80088,0.80195,,0.0,,,0.81483,0.81592,,0.0,,,0.80088,0.80195,,0.0,,
MATR,MATR_b1c25.pkl,val,852,852,0,repo,False,regress,False,852.0,0.80018,0.80098,,0.0,,,0.81861,0.81943,,0.0,,,0.80018,0.80098,,0.0,,
MATR,MATR_b1c7.pkl,train,869,868,0,repo,False,regress,True,,,,,,,,,,,,,,,,,,,
MATR,MATR_b1c14.pkl,val,877,878,1,repo,False,regress,False,877.0,0.80084,0.80164,0.80006,1.0,,,0.82255,0.82337,0.82175,1.0,,,0.80084,0.80164,0.80006,1.0,,
MATR,MATR_b1c31.pkl,train,875,874,0,repo,False,regress,True,,,,,,,,,,,,,,,,,,,
MATR,MATR_b1c26.pkl,train,868,868,0,repo,False,regress,False,868.0,0.80095,0.80158,,0.0,,,0.81005,0.81068,,0.0,,,0.80095,0.80158,,0.0,,
MATR,MATR_b4c10.pkl,train,872,1082,210,repo,False,first_cross,False,872.0,0.79978,0.80068,0.79846,0.0,872.0,872.0,0.82816,0.82911,0.8268,20.0,893.0,893.0,0.79978,0.80068,0.79846,0.0,872.0,872.0
MATR,MATR_b1c29.pkl,test,915,915,0,repo,False,regress,False,915.0,0.80032,0.80111,,0.0,,,0.81555,0.81636,,0.0,,,0.80032,0.80111,,0.0,,
MATR,MATR_b3c33.pkl,train,1282,1282,0,repo,False,regress,False,1282.0,0.80073,0.80142,,0.0,,,0.83073,0.83145,,0.0,,,0.80073,0.80142,,0.0,,
MATR,MATR_b4c38.pkl,train,1055,1230,175,repo,False,first_cross,False,1055.0,0.78764,0.87103,0.86607,108.0,1055.0,1165.0,0.81928,0.90602,0.90086,154.0,1096.0,1211.0,0.78764,0.87103,0.86607,108.0,1165.0,1055.0
MATR,MATR_b3c17.pkl,train,1313,1313,0,repo,False,regress,False,1313.0,0.80039,0.8008,,0.0,,,0.82557,0.82599,,0.0,,,0.80039,0.8008,,0.0,,
MATR,MATR_b1c40.pkl,test,964,964,0,repo,False,regress,False,964.0,0.80055,0.80196,,0.0,,,0.81289,0.81432,,0.0,,,0.80055,0.80196,,0.0,,
MATR,MATR_b1c24.pkl,test,1015,1015,0,repo,False,regress,False,1015.0,0.80042,0.80115,,0.0,,,0.81939,0.82014,,0.0,,,0.80042,0.80115,,0.0,,
MATR,MATR_b1c23.pkl,train,1012,1012,0,repo,False,regress,False,1012.0,0.8006,0.80152,,0.0,,,0.81596,0.81689,,0.0,,,0.8006,0.80152,,0.0,,
MATR,MATR_b2c47.pkl,val,712,744,32,repo,False,first_cross,False,712.0,0.79888,0.80034,0.79806,0.0,712.0,712.0,0.84324,0.84478,0.84237,28.0,741.0,741.0,0.79888,0.80034,0.79806,0.0,712.0,712.0
MATR,MATR_b1c41.pkl,train,1049,1049,0,repo,False,regress,False,1049.0,0.80097,0.80238,,0.0,,,0.81658,0.81802,,0.0,,,0.80097,0.80238,,0.0,,
MATR,MATR_b1c9.pkl,train,1052,1052,0,repo,False,regress,False,1052.0,0.80084,0.80187,,0.0,,,0.81343,0.81447,,0.0,,,0.80084,0.80187,,0.0,,
MATR,MATR_b1c5.pkl,train,1071,1072,1,repo,False,regress,False,1071.0,0.80107,0.80193,0.80049,1.0,,,0.81884,0.81972,0.81825,1.0,,,0.80107,0.80193,0.80049,1.0,,
MATR,MATR_b3c16.pkl,train,1635,1636,1,repo,False,regress,False,1635.0,0.80036,0.80072,0.80014,1.0,,,0.82977,0.83015,0.82954,1.0,,,0.80036,0.80072,0.80014,1.0,,
MATR,MATR_b3c45.pkl,train,1799,1799,0,repo,False,regress,False,1799.0,0.80043,0.80069,,0.0,,,0.82322,0.82348,,0.0,,,0.80043,0.80069,,0.0,,
MATR,MATR_b3c7.pkl,train,1834,1834,0,repo,False,regress,False,1834.0,0.80033,0.80057,,0.0,,,0.82468,0.82492,,0.0,,,0.80033,0.80057,,0.0,,
MATR,MATR_b3c38.pkl,val,1932,1933,1,repo,False,regress,False,1932.0,0.80021,0.80084,0.8,1.0,,,0.82253,0.82318,0.82232,1.0,,,0.80021,0.80084,0.8,1.0,,
MATR,MATR_b1c3.pkl,train,1431,1432,1,repo,False,regress,False,1431.0,0.80039,0.80074,0.80011,1.0,,,0.81542,0.81578,0.81514,1.0,,,0.80039,0.80074,0.80011,1.0,,
MATR,MATR_b1c4.pkl,test,1705,1707,2,repo,False,regress,False,1705.0,0.80068,0.80106,0.80027,2.0,,,0.81671,0.81709,0.81628,2.0,,,0.80068,0.80106,0.80027,2.0,,
MATR,MATR_b1c0.pkl,test,1858,1849,0,repo,False,regress,True,,,,,,,,,,,,,,,,,,,
MATR,MATR_b1c1.pkl,test,2154,2158,4,repo,False,regress,False,2154.0,0.80116,0.80063,0.80087,4.0,,,0.81956,0.81902,0.81927,4.0,,,0.80116,0.80063,0.80087,4.0,,
MATR,MATR_b1c2.pkl,val,2237,2235,0,repo,False,regress,True,,,,,,,,,,,,,,,,,,,
UL_PUR,UL-PUR_N10-NA7_18650_NCA_23C_0-100_0.5-0.5C_g.pkl,train,159,164,5,repo,False,regress,False,159.0,0.80029,0.80029,0.80029,5.0,,,0.90339,0.90339,0.90339,5.0,,,0.80029,0.80029,0.80029,5.0,,
UL_PUR,UL-PUR_N15-NA10_18650_NCA_23C_0-100_0.5-0.5C_j.pkl,train,259,259,0,repo,False,regress,False,259.0,0.80265,0.80265,,0.0,,,0.87077,0.87077,,0.0,,,0.80265,0.80265,,0.0,,
SNL,SNL_18650_NMC_15C_0-100_0.5-2C_b.pkl,train,143,389,246,repo,False,first_cross,False,143.0,0.79963,0.80037,0.79889,0.0,143.0,143.0,0.80861,0.80936,0.80787,8.0,152.0,152.0,0.79963,0.80037,0.79889,0.0,143.0,143.0
SNL,SNL_18650_NMC_15C_0-100_0.5-2C_a.pkl,train,152,389,237,repo,False,first_cross,False,152.0,0.8,0.80074,0.79926,0.0,152.0,152.0,0.79295,0.79369,0.79222,0.0,145.0,145.0,0.8,0.80074,0.79926,0.0,152.0,152.0
SNL,SNL_18650_NMC_15C_0-100_0.5-1C_b.pkl,val,143,513,370,repo,False,first_cross,False,143.0,0.79963,0.80037,0.79889,0.0,143.0,143.0,0.85134,0.85213,0.85055,92.0,236.0,236.0,0.79963,0.80037,0.79889,0.0,143.0,143.0
SNL,SNL_18650_NMC_15C_0-100_0.5-1C_a.pkl,test,147,513,366,repo,False,first_cross,False,147.0,0.79963,0.80074,0.79852,0.0,147.0,147.0,0.80052,0.80163,0.79941,0.0,148.0,148.0,0.79963,0.80074,0.79852,0.0,147.0,147.0
SNL,SNL_18650_NMC_25C_0-100_0.5-3C_b.pkl,train,428,552,124,repo,False,first_cross,False,428.0,0.8,0.80033,0.8,0.0,428.0,428.0,0.85991,0.86027,0.85991,124.0,,,0.8,0.80033,0.8,0.0,428.0,428.0
SNL,SNL_18650_NCA_15C_0-100_0.5-1C_a.pkl,train,331,522,191,repo,False,first_cross,False,331.0,0.79861,0.80035,0.83021,8.0,331.0,395.0,0.79011,0.79182,0.82137,8.0,307.0,395.0,0.79861,0.80035,0.83021,8.0,395.0,331.0
SNL,SNL_18650_NCA_35C_0-100_0.5-1C_b.pkl,train,337,464,127,repo,True,first_cross,False,337.0,0.74469,0.82344,0.75375,0.0,337.0,337.0,0.75579,0.83571,0.76499,0.0,337.0,337.0,0.74469,0.82344,0.75375,0.0,337.0,337.0
SNL,SNL_18650_NMC_25C_0-100_0.5-1C_c.pkl,train,333,397,64,repo,False,first_cross,False,333.0,0.8,0.80067,0.79967,0.0,333.0,333.0,0.81883,0.81952,0.81849,51.0,385.0,385.0,0.8,0.80067,0.79967,0.0,333.0,333.0
SNL,SNL_18650_NCA_35C_0-100_0.5-1C_a.pkl,train,395,515,120,repo,True,first_cross,False,395.0,0.78906,0.80187,0.81062,26.0,395.0,427.0,0.79228,0.80515,0.81393,31.0,395.0,432.0,0.78906,0.80187,0.81062,26.0,427.0,395.0
SNL,SNL_18650_NCA_25C_0-100_0.5-1C_b.pkl,val,310,522,212,repo,False,first_cross,False,310.0,0.79937,0.80031,0.82594,31.0,310.0,402.0,0.81987,0.82083,0.84712,113.0,360.0,463.0,0.79937,0.80031,0.82594,31.0,402.0,310.0
SNL,SNL_18650_NCA_35C_0-100_0.5-1C_c.pkl,train,406,515,109,repo,False,first_cross,False,406.0,0.8,0.80031,0.79937,0.0,406.0,406.0,0.80276,0.80307,0.80213,2.0,409.0,409.0,0.8,0.80031,0.79937,0.0,406.0,406.0
SNL,SNL_18650_NMC_25C_0-100_0.5-3C_a.pkl,train,422,730,308,repo,False,first_cross,False,422.0,0.79967,0.82067,0.81533,106.0,422.0,530.0,0.83443,0.85635,0.85078,308.0,,,0.79967,0.82067,0.81533,106.0,530.0,422.0
SNL,SNL_18650_NMC_25C_0-100_0.5-1C_a.pkl,train,406,521,115,repo,False,first_cross,False,406.0,0.8,0.805,0.80533,51.0,406.0,458.0,0.84537,0.85065,0.851,115.0,,,0.8,0.805,0.80533,51.0,458.0,406.0
SNL,SNL_18650_NCA_25C_0-100_0.5-1C_c.pkl,test,333,522,189,repo,False,first_cross,False,333.0,0.8,0.80094,0.82,8.0,333.0,395.0,0.8109,0.81185,0.83117,44.0,354.0,411.0,0.8,0.80094,0.82,8.0,395.0,333.0
SNL,SNL_18650_NCA_15C_0-100_0.5-2C_b.pkl,test,250,784,534,repo,False,first_cross,False,250.0,0.79792,0.80278,0.92743,65.0,250.0,657.0,0.79214,0.79697,0.92072,59.0,236.0,657.0,0.79792,0.80278,0.92743,65.0,657.0,250.0
SNL,SNL_18650_NCA_25C_0-100_0.5-2C_b.pkl,train,320,786,466,repo,False,first_cross,False,320.0,0.79969,0.80062,0.86875,12.0,320.0,527.0,0.87249,0.87351,0.94783,146.0,453.0,659.0,0.79969,0.80062,0.86875,12.0,527.0,320.0
SNL,SNL_18650_NMC_25C_0-100_0.5-1C_d.pkl,train,391,529,138,repo,False,first_cross,False,391.0,0.8,0.80033,0.80233,8.0,391.0,402.0,0.85137,0.85172,0.85385,138.0,,,0.8,0.80033,0.80233,8.0,402.0,391.0
SNL,SNL_18650_NMC_35C_0-100_0.5-2C_b.pkl,train,566,772,206,repo,False,first_cross,False,566.0,0.8,0.80033,0.8,0.0,566.0,566.0,0.86424,0.8646,0.86424,206.0,,,0.8,0.80033,0.8,0.0,566.0,566.0
SNL,SNL_18650_NCA_25C_0-100_0.5-1C_a.pkl,val,378,654,276,repo,False,first_cross,False,378.0,0.79969,0.80031,0.85031,45.0,378.0,527.0,0.83819,0.83885,0.89125,134.0,503.0,527.0,0.79969,0.80031,0.85031,45.0,527.0,378.0
SNL,SNL_18650_NMC_25C_0-100_0.5-3C_c.pkl,test,602,698,96,repo,False,first_cross,False,602.0,0.8,0.80033,0.8,0.0,602.0,602.0,0.85991,0.86027,0.85991,96.0,,,0.8,0.80033,0.8,0.0,602.0,602.0
SNL,SNL_18650_NCA_25C_0-100_0.5-1C_d.pkl,val,382,654,272,repo,False,first_cross,False,382.0,0.8,0.80062,0.83594,31.0,382.0,527.0,0.82448,0.82512,0.86151,95.0,467.0,530.0,0.8,0.80062,0.83594,31.0,527.0,382.0
SNL,SNL_18650_NCA_35C_0-100_0.5-2C_a.pkl,train,263,654,391,repo,False,first_cross,False,263.0,0.77875,0.90156,0.87844,17.0,263.0,653.0,0.78911,0.91355,0.89012,19.0,263.0,525.0,0.77875,0.90156,0.87844,17.0,653.0,263.0
SNL,SNL_18650_NMC_25C_0-100_0.5-2C_a.pkl,train,333,661,328,repo,False,first_cross,False,333.0,0.8,0.801,0.812,65.0,333.0,450.0,0.81939,0.82042,0.83168,227.0,561.0,561.0,0.8,0.801,0.812,65.0,450.0,333.0
SNL,SNL_18650_NCA_35C_0-100_0.5-1C_d.pkl,train,444,654,210,repo,False,first_cross,False,444.0,0.8,0.80094,0.79937,0.0,444.0,444.0,0.79875,0.79969,0.79813,0.0,443.0,443.0,0.8,0.80094,0.79937,0.0,444.0,444.0
SNL,SNL_18650_NCA_15C_0-100_0.5-2C_a.pkl,train,226,916,690,repo,False,first_cross,False,226.0,0.79931,0.80035,0.91389,56.0,226.0,658.0,0.80209,0.80314,0.91707,60.0,229.0,658.0,0.79931,0.80035,0.91389,56.0,658.0,226.0
SNL,SNL_18650_NCA_25C_0-100_0.5-2C_a.pkl,test,335,786,451,repo,False,first_cross,False,335.0,0.8,0.80062,0.86375,16.0,335.0,527.0,0.82157,0.82221,0.88703,94.0,376.0,660.0,0.8,0.80062,0.86375,16.0,527.0,335.0
SNL,SNL_18650_NMC_25C_0-100_0.5-3C_d.pkl,val,600,905,305,repo,False,first_cross,False,600.0,0.8,0.80033,0.80367,8.0,600.0,631.0,0.8596,0.85996,0.86354,305.0,,,0.8,0.80033,0.80367,8.0,631.0,600.0
SNL,SNL_18650_NCA_15C_0-100_0.5-1C_b.pkl,train,632,918,286,repo,False,first_cross,False,632.0,0.8,0.80069,0.85243,57.0,632.0,791.0,0.81098,0.81169,0.86413,98.0,725.0,791.0,0.8,0.80069,0.85243,57.0,791.0,632.0
SNL,SNL_18650_NMC_35C_0-100_0.5-2C_a.pkl,train,639,786,147,repo,False,first_cross,False,639.0,0.79467,0.80267,0.803,8.0,639.0,659.0,0.82377,0.83207,0.83241,147.0,,,0.79467,0.80267,0.803,8.0,659.0,639.0
SNL,SNL_18650_NMC_35C_0-100_0.5-1C_c.pkl,test,637,785,148,repo,False,first_cross,False,637.0,0.8,0.80033,0.80567,8.0,637.0,658.0,0.85531,0.85567,0.86137,148.0,,,0.8,0.80033,0.80567,8.0,658.0,637.0
SNL,SNL_18650_NCA_35C_0-100_0.5-2C_b.pkl,val,229,786,557,repo,False,first_cross,False,229.0,0.79844,0.80219,0.88938,27.0,229.0,527.0,0.8226,0.82646,0.91629,58.0,263.0,655.0,0.79844,0.80219,0.88938,27.0,527.0,229.0
SNL,SNL_18650_NMC_25C_0-100_0.5-1C_b.pkl,val,468,785,317,repo,False,first_cross,False,468.0,0.8,0.80033,0.80367,4.0,468.0,526.0,0.86705,0.86741,0.87103,317.0,,,0.8,0.80033,0.80367,4.0,526.0,468.0
SNL,SNL_18650_NMC_35C_0-100_0.5-1C_d.pkl,val,592,786,194,repo,False,first_cross,False,592.0,0.8,0.80033,0.8,0.0,592.0,592.0,0.8547,0.85506,0.8547,194.0,,,0.8,0.80033,0.8,0.0,592.0,592.0
SNL,SNL_18650_NMC_35C_0-100_0.5-1C_a.pkl,train,500,786,286,repo,False,first_cross,False,500.0,0.795,0.812,0.811,53.0,500.0,659.0,0.84544,0.86352,0.86246,286.0,,,0.795,0.812,0.811,53.0,659.0,500.0
SNL,SNL_18650_NMC_25C_0-100_0.5-0.5C_b.pkl,train,506,679,173,repo,False,first_cross,False,506.0,0.79967,0.80033,0.80033,2.0,506.0,550.0,0.80234,0.80301,0.80301,10.0,513.0,552.0,0.79967,0.80033,0.80033,2.0,550.0,506.0
SNL,SNL_18650_NMC_35C_0-100_0.5-1C_b.pkl,test,523,786,263,repo,False,first_cross,False,523.0,0.77333,0.81233,0.804,76.0,523.0,659.0,0.82211,0.86357,0.85471,263.0,,,0.77333,0.81233,0.804,76.0,659.0,523.0
SNL,SNL_18650_NCA_25C_0-100_0.5-0.5C_a.pkl,val,296,513,217,repo,False,first_cross,False,296.0,0.79875,0.80812,0.81594,49.0,296.0,363.0,0.8086,0.8181,0.826,80.0,377.0,377.0,0.79875,0.80812,0.81594,49.0,363.0,296.0
SNL,SNL_18650_NMC_25C_0-100_0.5-2C_b.pkl,train,492,1321,829,repo,False,first_cross,False,492.0,0.79333,0.80033,0.801,4.0,492.0,530.0,0.8497,0.85719,0.85791,668.0,1153.0,1194.0,0.79333,0.80033,0.801,4.0,530.0,492.0
SNL,SNL_18650_NCA_25C_0-100_0.5-0.5C_b.pkl,train,180,916,736,repo,False,first_cross,False,180.0,0.79719,0.8025,0.85406,88.0,180.0,311.0,0.80779,0.81317,0.86542,114.0,186.0,324.0,0.79719,0.8025,0.85406,88.0,311.0,180.0
SNL,SNL_18650_NCA_25C_20-80_0.5-0.5C_a.pkl,,711,1123,412,repo,False,first_cross,False,711.0,0.8,0.80052,0.84219,81.0,711.0,1019.0,0.76115,0.76165,0.80129,1.0,632.0,837.0,0.8,0.80052,0.84219,81.0,1019.0,711.0
SNL,SNL_18650_NCA_25C_20-80_0.5-0.5C_c.pkl,train,792,1251,459,repo,False,first_cross,False,792.0,0.79167,0.8099,0.88073,182.0,792.0,1037.0,0.75434,0.77171,0.83921,68.0,709.0,1003.0,0.79167,0.8099,0.88073,182.0,1037.0,792.0
SNL,SNL_18650_NCA_25C_20-80_0.5-0.5C_b.pkl,,976,1250,274,repo,False,first_cross,False,976.0,0.8,0.80052,0.86198,133.0,976.0,1169.0,0.7574,0.75789,0.81607,19.0,767.0,1022.0,0.8,0.80052,0.86198,133.0,1169.0,976.0
SNL,SNL_18650_NCA_25C_20-80_0.5-0.5C_d.pkl,val,840,1509,669,repo,False,first_cross,False,840.0,0.77812,0.81927,0.85156,36.0,840.0,927.0,0.75493,0.79485,0.82617,36.0,818.0,927.0,0.77812,0.81927,0.85156,36.0,927.0,840.0
SNL,SNL_18650_LFP_25C_0-100_0.5-3C_c.pkl,train,2325,3555,1230,repo,False,first_cross,False,2325.0,0.8,0.80091,0.80091,1.0,2325.0,2327.0,0.84697,0.84793,0.84793,587.0,2903.0,3055.0,0.8,0.80091,0.80091,1.0,2327.0,2325.0
SNL,SNL_18650_LFP_25C_0-100_0.5-3C_b.pkl,test,2902,4062,1160,repo,False,first_cross,False,2902.0,0.8,0.80091,0.83909,17.0,2902.0,3560.0,0.83969,0.84065,0.88073,679.0,3487.0,3641.0,0.8,0.80091,0.83909,17.0,3560.0,2902.0
SNL,SNL_18650_LFP_25C_0-100_0.5-3C_d.pkl,train,3139,4062,923,repo,False,first_cross,False,3139.0,0.8,0.80091,0.82909,8.0,3139.0,3560.0,0.82863,0.82957,0.85876,423.0,3488.0,3627.0,0.8,0.80091,0.82909,8.0,3560.0,3139.0
SNL,SNL_18650_LFP_35C_0-100_0.5-2C_b.pkl,train,2651,3598,947,repo,False,first_cross,False,2651.0,0.79545,0.81091,0.81818,162.0,2651.0,3089.0,0.84216,0.85852,0.86622,857.0,3501.0,3506.0,0.79545,0.81091,0.81818,162.0,3089.0,2651.0
SNL,SNL_18650_LFP_25C_0-100_0.5-3C_a.pkl,train,3197,4569,1372,repo,False,first_cross,False,3197.0,0.8,0.80091,0.82091,8.0,3197.0,3560.0,0.84942,0.85039,0.87162,858.0,4025.0,4090.0,0.8,0.80091,0.82091,8.0,3560.0,3197.0
SNL,SNL_18650_LFP_35C_0-100_0.5-1C_b.pkl,train,3162,3342,180,repo,False,first_cross,False,3162.0,0.79545,0.80273,0.80273,38.0,3162.0,3201.0,0.83652,0.84417,0.84417,180.0,,,0.79545,0.80273,0.80273,38.0,3201.0,3162.0
SNL,SNL_18650_LFP_35C_0-100_0.5-1C_c.pkl,test,3308,3342,34,repo,False,regress,False,3308.0,0.81364,0.81364,0.81818,34.0,,,0.84674,0.84674,0.85147,34.0,,,0.81364,0.81364,0.81818,34.0,,
SNL,SNL_18650_LFP_35C_0-100_0.5-2C_a.pkl,test,3842,3856,14,repo,False,regress,False,3842.0,0.80182,0.80182,0.81091,14.0,3824.0,3824.0,0.82895,0.82895,0.83835,14.0,,,0.80182,0.80182,0.81091,14.0,3824.0,3824.0
SNL,SNL_18650_LFP_35C_0-100_0.5-1C_d.pkl,train,3768,3798,30,repo,False,regress,False,3768.0,0.81,0.81,0.81364,30.0,,,0.84136,0.84136,0.84514,30.0,,,0.81,0.81,0.81364,30.0,,
MICH_EXP,MICH_09H_pouch_NMC_45C_0-100_2-2C.pkl,test,99,175,76,repo,False,first_cross,False,99.0,0.7992,0.801,0.7974,0.0,99.0,99.0,0.83094,0.83281,0.82907,18.0,118.0,118.0,0.7992,0.801,0.7974,0.0,99.0,99.0
MICH_EXP,MICH_06H_pouch_NMC_45C_0-100_1.5-1.5C.pkl,val,131,177,46,repo,False,first_cross,False,131.0,0.7998,0.8012,0.7984,0.0,131.0,131.0,0.83469,0.83615,0.83323,27.0,159.0,159.0,0.7998,0.8012,0.7984,0.0,131.0,131.0
MICH_EXP,MICH_07R_pouch_NMC_25C_0-100_2-2C.pkl,val,112,245,133,repo,False,first_cross,False,112.0,0.7984,0.8002,0.7968,0.0,112.0,112.0,0.86839,0.87035,0.86665,39.0,152.0,152.0,0.7984,0.8002,0.7968,0.0,112.0,112.0
MICH_EXP,MICH_04R_pouch_NMC_25C_0-100_1.5-1.5C.pkl,train,174,327,153,repo,False,first_cross,False,174.0,0.7992,0.8008,0.7978,0.0,174.0,174.0,0.86325,0.86498,0.86174,51.0,226.0,226.0,0.7992,0.8008,0.7978,0.0,174.0,174.0
MICH_EXP,MICH_12H_pouch_NMC_45C_0-100_0.2-1.5C.pkl,train,115,182,67,repo,False,first_cross,False,115.0,0.7982,0.8008,0.7956,0.0,115.0,115.0,0.81917,0.82184,0.8165,14.0,130.0,130.0,0.7982,0.8008,0.7956,0.0,115.0,115.0
MICH_EXP,MICH_08C_pouch_NMC_-5C_0-100_2-2C.pkl,train,1,573,572,repo,False,first_cross,False,1.0,0.6904,,0.6904,0.0,1.0,1.0,1.0,,1.0,209.0,211.0,211.0,0.6904,,0.6904,0.0,1.0,1.0
MICH_EXP,MICH_03H_pouch_NMC_45C_0-100_0.2-0.2C.pkl,train,107,103,0,repo,False,regress,True,,,,,,,,,,,,,,,,,,,
MICH_EXP,MICH_05C_pouch_NMC_-5C_0-100_1.5-1.5C.pkl,val,1,573,572,repo,False,first_cross,False,1.0,0.7346,,0.7336,0.0,1.0,1.0,1.0,,0.99864,287.0,289.0,289.0,0.7346,,0.7336,0.0,1.0,1.0
MICH_EXP,MICH_10R_pouch_NMC_25C_0-100_0.2-1.5C.pkl,train,268,439,171,repo,False,first_cross,False,268.0,0.7992,0.8002,0.7984,0.0,268.0,268.0,0.88978,0.89089,0.88889,135.0,404.0,404.0,0.7992,0.8002,0.7984,0.0,268.0,268.0
MICH_EXP,MICH_11C_pouch_NMC_-5C_0-100_0.2-1.5C.pkl,train,1,540,539,repo,False,first_cross,False,1.0,0.7278,,0.7268,0.0,1.0,1.0,1.0,,0.99863,324.0,326.0,326.0,0.7278,,0.7268,0.0,1.0,1.0
MICH_EXP,MICH_02C_pouch_NMC_-5C_0-100_0.2-0.2C.pkl,train,204,293,89,repo,False,first_cross,False,204.0,0.8,0.8008,0.8,0.0,204.0,204.0,0.92786,0.92879,0.92786,89.0,,,0.8,0.8008,0.8,0.0,204.0,204.0
MICH_EXP,MICH_01R_pouch_NMC_25C_0-100_0.2-0.2C.pkl,test,269,379,110,repo,False,first_cross,False,269.0,0.7998,0.8008,0.7994,0.0,269.0,269.0,0.82064,0.82167,0.82023,27.0,297.0,297.0,0.7998,0.8008,0.7994,0.0,269.0,269.0
MICH,MICH_MCForm35_pouch_NMC_45C_0-100_1-1C_e.pkl,train,351,446,95,repo,False,first_cross,False,351.0,0.79915,0.80424,0.79407,0.0,351.0,351.0,0.80255,0.80766,0.79745,0.0,352.0,352.0,0.79915,0.80424,0.79407,0.0,351.0,351.0
MICH,MICH_BLForm11_pouch_NMC_25C_0-100_1-1C_a.pkl,val,314,426,112,repo,False,first_cross,False,314.0,0.79703,0.80085,0.79407,0.0,314.0,314.0,0.8473,0.85135,0.84414,20.0,331.0,349.0,0.79703,0.80085,0.79407,0.0,314.0,314.0
MICH,MICH_BLForm6_pouch_NMC_45C_0-100_1-1C_f.pkl,test,345,454,109,repo,False,first_cross,False,345.0,0.79873,0.80085,0.79407,0.0,345.0,345.0,0.80384,0.80597,0.79915,0.0,346.0,346.0,0.79873,0.80085,0.79407,0.0,345.0,345.0
MICH,MICH_BLForm10_pouch_NMC_25C_0-100_1-1C_j.pkl,train,323,459,136,repo,False,first_cross,False,323.0,0.79788,0.80127,0.79449,0.0,323.0,323.0,0.80128,0.80468,0.79787,0.0,324.0,324.0,0.79788,0.80127,0.79449,0.0,323.0,323.0
MICH,MICH_BLForm7_pouch_NMC_45C_0-100_1-1C_g.pkl,test,321,457,136,repo,True,first_cross,False,321.0,0.79873,0.80169,0.79534,0.0,321.0,321.0,0.79873,0.80169,0.79534,0.0,321.0,321.0,0.79873,0.80169,0.79534,0.0,321.0,321.0
MICH,MICH_BLForm2_pouch_NMC_45C_0-100_1-1C_b.pkl,train,299,464,165,repo,True,first_cross,False,299.0,0.79746,0.80085,0.79449,0.0,299.0,299.0,0.79813,0.80153,0.79517,0.0,299.0,299.0,0.79746,0.80085,0.79449,0.0,299.0,299.0
MICH,MICH_BLForm16_pouch_NMC_25C_0-100_1-1C_f.pkl,train,304,442,138,repo,False,first_cross,False,304.0,0.79915,0.80127,0.79703,0.0,304.0,304.0,0.85572,0.85799,0.85345,25.0,330.0,330.0,0.79915,0.80127,0.79703,0.0,304.0,304.0
MICH,MICH_BLForm19_pouch_NMC_25C_0-100_1-1C_i.pkl,val,293,442,149,repo,False,first_cross,False,293.0,0.79831,0.80339,0.79492,0.0,293.0,293.0,0.85403,0.85947,0.85041,19.0,313.0,313.0,0.79831,0.80339,0.79492,0.0,293.0,293.0
MICH,MICH_BLForm12_pouch_NMC_25C_0-100_1-1C_b.pkl,val,289,433,144,repo,False,first_cross,False,289.0,0.79915,0.80254,0.79534,0.0,289.0,289.0,0.85533,0.85896,0.85125,20.0,310.0,310.0,0.79915,0.80254,0.79534,0.0,289.0,289.0
MICH,MICH_BLForm15_pouch_NMC_25C_0-100_1-1C_e.pkl,train,294,442,148,repo,False,first_cross,False,294.0,0.79873,0.80169,0.79661,0.0,294.0,294.0,0.85025,0.85341,0.84799,17.0,312.0,312.0,0.79873,0.80169,0.79661,0.0,294.0,294.0
MICH,MICH_BLForm13_pouch_NMC_25C_0-100_1-1C_c.pkl,val,283,438,155,repo,False,first_cross,False,283.0,0.79831,0.80042,0.79534,0.0,283.0,283.0,0.84865,0.8509,0.8455,17.0,301.0,301.0,0.79831,0.80042,0.79534,0.0,283.0,283.0
MICH,MICH_BLForm17_pouch_NMC_25C_0-100_1-1C_g.pkl,train,267,442,175,repo,False,first_cross,False,267.0,0.79831,0.80212,0.79449,0.0,267.0,267.0,0.8521,0.85617,0.84803,16.0,284.0,284.0,0.79831,0.80212,0.79449,0.0,267.0,267.0
MICH,MICH_BLForm18_pouch_NMC_25C_0-100_1-1C_h.pkl,train,273,439,166,repo,False,first_cross,False,273.0,0.79873,0.80169,0.79576,0.0,273.0,273.0,0.8541,0.85727,0.85093,18.0,292.0,292.0,0.79873,0.80169,0.79576,0.0,273.0,273.0
MICH,MICH_BLForm8_pouch_NMC_45C_0-100_1-1C_h.pkl,train,325,492,167,repo,True,first_cross,False,325.0,0.79915,0.80254,0.79534,0.0,325.0,325.0,0.79746,0.80085,0.79366,0.0,325.0,325.0,0.79915,0.80254,0.79534,0.0,325.0,325.0
MICH,MICH_BLForm20_pouch_NMC_25C_0-100_1-1C_j.pkl,test,272,442,170,repo,False,first_cross,False,272.0,0.79703,0.80042,0.79661,0.0,272.0,272.0,0.84501,0.84861,0.84456,13.0,286.0,286.0,0.79703,0.80042,0.79661,0.0,272.0,272.0
MICH,MICH_BLForm5_pouch_NMC_45C_0-100_1-1C_e.pkl,train,319,492,173,repo,False,first_cross,False,319.0,0.79746,0.80127,0.79407,0.0,319.0,319.0,0.79577,0.79958,0.79239,0.0,318.0,318.0,0.79746,0.80127,0.79407,0.0,319.0,319.0
MICH,MICH_BLForm1_pouch_NMC_45C_0-100_1-1C_a.pkl,train,313,492,179,repo,True,first_cross,False,313.0,0.79746,0.80127,0.79449,0.0,313.0,313.0,0.79712,0.80093,0.79416,0.0,313.0,313.0,0.79746,0.80127,0.79449,0.0,313.0,313.0
MICH,MICH_BLForm4_pouch_NMC_45C_0-100_1-1C_d.pkl,val,298,492,194,repo,False,first_cross,False,298.0,0.79873,0.80297,0.79492,0.0,298.0,298.0,0.80556,0.80983,0.80171,1.0,300.0,300.0,0.79873,0.80297,0.79492,0.0,298.0,298.0
MICH,MICH_MCForm21_pouch_NMC_25C_0-100_1-1C_a.pkl,test,362,477,115,repo,False,first_cross,False,362.0,0.79873,0.80297,0.79364,0.0,362.0,362.0,0.84681,0.8513,0.84142,23.0,381.0,399.0,0.79873,0.80297,0.79364,0.0,362.0,362.0
MICH,MICH_MCForm32_pouch_NMC_45C_0-100_1-1C_b.pkl,train,379,492,113,repo,False,first_cross,False,379.0,0.79958,0.80085,0.79873,0.0,379.0,379.0,0.80332,0.8046,0.80247,3.0,383.0,383.0,0.79958,0.80085,0.79873,0.0,379.0,379.0
MICH,MICH_MCForm33_pouch_NMC_45C_0-100_1-1C_c.pkl,test,387,502,115,repo,False,first_cross,False,387.0,0.79873,0.80042,0.79619,0.0,387.0,387.0,0.80281,0.80451,0.80026,1.0,389.0,389.0,0.79873,0.80042,0.79619,0.0,387.0,387.0
MICH,MICH_BLForm3_pouch_NMC_45C_0-100_1-1C_c.pkl,val,373,513,140,repo,False,first_cross,False,373.0,0.79915,0.80042,0.79788,0.0,373.0,373.0,0.80017,0.80144,0.7989,0.0,374.0,374.0,0.79915,0.80042,0.79788,0.0,373.0,373.0
MICH,MICH_MCForm24_pouch_NMC_25C_0-100_1-1C_d.pkl,val,329,477,148,repo,False,first_cross,False,329.0,0.8,0.80085,0.81949,4.0,329.0,349.0,0.85391,0.85482,0.87472,31.0,361.0,361.0,0.8,0.80085,0.81949,4.0,349.0,329.0
MICH,MICH_BLForm14_pouch_NMC_25C_0-100_1-1C_d.pkl,train,325,477,152,repo,False,first_cross,False,325.0,0.8,0.80339,0.81356,2.0,325.0,347.0,0.85314,0.85676,0.8676,32.0,358.0,358.0,0.8,0.80339,0.81356,2.0,347.0,325.0
MICH,MICH_MCForm31_pouch_NMC_45C_0-100_1-1C_a.pkl,train,365,512,147,repo,False,first_cross,False,365.0,0.79788,0.80085,0.79534,0.0,365.0,365.0,0.80299,0.80597,0.80043,1.0,367.0,367.0,0.79788,0.80085,0.79534,0.0,365.0,365.0
MICH,MICH_MCForm38_pouch_NMC_45C_0-100_1-1C_h.pkl,train,363,502,139,repo,False,first_cross,False,363.0,0.79831,0.80085,0.79576,0.0,363.0,363.0,0.80068,0.80323,0.79813,0.0,364.0,364.0,0.79831,0.80085,0.79576,0.0,363.0,363.0
MICH,MICH_MCForm22_pouch_NMC_25C_0-100_1-1C_b.pkl,train,302,491,189,repo,False,first_cross,False,302.0,0.79915,0.80254,0.80169,2.0,302.0,305.0,0.84802,0.85162,0.85072,20.0,322.0,346.0,0.79915,0.80254,0.80169,2.0,305.0,302.0
MICH,MICH_BLForm9_pouch_NMC_45C_0-100_1-1C_i.pkl,val,191,574,383,repo,False,first_cross,False,191.0,0.79873,0.80212,0.79576,0.0,191.0,191.0,0.86349,0.86716,0.86028,16.0,208.0,208.0,0.79873,0.80212,0.79576,0.0,191.0,191.0
MICH,MICH_MCForm37_pouch_NMC_45C_0-100_1-1C_g.pkl,train,404,541,137,repo,False,first_cross,False,404.0,0.8,0.80169,0.79831,0.0,404.0,404.0,0.80443,0.80614,0.80273,2.0,407.0,407.0,0.8,0.80169,0.79831,0.0,404.0,404.0
MICH,MICH_MCForm39_pouch_NMC_45C_0-100_1-1C_i.pkl,train,395,541,146,repo,False,first_cross,False,395.0,0.79831,0.80042,0.79619,0.0,395.0,395.0,0.80034,0.80246,0.79822,0.0,396.0,396.0,0.79831,0.80042,0.79619,0.0,395.0,395.0
MICH,MICH_MCForm36_pouch_NMC_45C_0-100_1-1C_f.pkl,train,379,541,162,repo,False,first_cross,False,379.0,0.8,0.80212,0.79831,0.0,379.0,379.0,0.80512,0.80725,0.80341,2.0,382.0,382.0,0.8,0.80212,0.79831,0.0,379.0,379.0
MICH,MICH_MCForm40_pouch_NMC_45C_0-100_1-1C_j.pkl,test,392,540,148,repo,False,first_cross,False,392.0,0.79958,0.80127,0.79703,0.0,392.0,392.0,0.80366,0.80537,0.80111,1.0,394.0,394.0,0.79958,0.80127,0.79703,0.0,392.0,392.0
MICH,MICH_MCForm34_pouch_NMC_45C_0-100_1-1C_d.pkl,test,457,581,124,repo,False,first_cross,False,457.0,0.8,0.80212,0.79746,0.0,457.0,457.0,0.80238,0.8045,0.79983,0.0,458.0,458.0,0.8,0.80212,0.79746,0.0,457.0,457.0
MICH,MICH_MCForm23_pouch_NMC_25C_0-100_1-1C_c.pkl,train,390,540,150,repo,False,first_cross,False,390.0,0.79746,0.80212,0.83051,6.0,390.0,400.0,0.84851,0.85347,0.88368,25.0,416.0,416.0,0.79746,0.80212,0.83051,6.0,400.0,390.0
MICH,MICH_MCForm30_pouch_NMC_25C_0-100_1-1C_j.pkl,train,375,540,165,repo,False,first_cross,False,375.0,0.79661,0.80042,0.80763,2.0,375.0,396.0,0.85261,0.85669,0.8644,33.0,409.0,409.0,0.79661,0.80042,0.80763,2.0,396.0,375.0
MICH,MICH_MCForm27_pouch_NMC_25C_0-100_1-1C_g.pkl,train,376,540,164,repo,False,first_cross,False,376.0,0.8,0.80169,0.81314,4.0,376.0,397.0,0.85314,0.85495,0.86715,33.0,410.0,410.0,0.8,0.80169,0.81314,4.0,397.0,376.0
MICH,MICH_MCForm29_pouch_NMC_25C_0-100_1-1C_i.pkl,train,355,553,198,repo,False,first_cross,False,355.0,0.79958,0.80297,0.79661,0.0,355.0,355.0,0.85773,0.86136,0.85455,28.0,380.0,398.0,0.79958,0.80297,0.79661,0.0,355.0,355.0
MICH,MICH_MCForm25_pouch_NMC_25C_0-100_1-1C_e.pkl,train,407,589,182,repo,False,first_cross,False,407.0,0.79788,0.80042,0.79492,0.0,407.0,407.0,0.85165,0.85436,0.84848,28.0,431.0,448.0,0.79788,0.80042,0.79492,0.0,407.0,407.0
MICH,MICH_MCForm26_pouch_NMC_25C_0-100_1-1C_f.pkl,train,413,589,176,repo,False,first_cross,False,413.0,0.79788,0.80042,0.79534,0.0,413.0,413.0,0.85011,0.85282,0.8474,32.0,438.0,451.0,0.79788,0.80042,0.79534,0.0,413.0,413.0
MICH,MICH_MCForm28_pouch_NMC_25C_0-100_1-1C_h.pkl,test,380,589,209,repo,False,first_cross,False,380.0,0.79746,0.80127,0.81822,4.0,380.0,398.0,0.85313,0.85721,0.87534,35.0,415.0,444.0,0.79746,0.80127,0.81822,4.0,398.0,380.0
RWTH,RWTH_030.pkl,train,678,1488,810,repo,False,first_cross,False,682.0,0.79878,0.80274,0.79998,0.0,678.0,678.0,0.82698,0.83109,0.82823,120.0,799.0,799.0,0.79878,0.80274,0.79998,0.0,678.0,678.0
RWTH,RWTH_045.pkl,train,636,1896,1260,repo,False,first_cross,False,640.0,0.79796,0.80123,0.80107,1.0,636.0,638.0,0.819,0.82234,0.82219,110.0,730.0,773.0,0.79796,0.80123,0.80107,1.0,638.0,636.0
RWTH,RWTH_042.pkl,train,599,1896,1297,repo,False,first_cross,False,602.0,0.79953,0.80124,0.8126,18.0,599.0,622.0,0.82763,0.82941,0.84116,139.0,729.0,770.0,0.79953,0.80124,0.8126,18.0,622.0,599.0
RWTH,RWTH_043.pkl,test,658,1895,1237,repo,False,first_cross,False,662.0,0.79914,0.80192,0.80042,2.0,658.0,664.0,0.82509,0.82796,0.82642,130.0,784.0,790.0,0.79914,0.80192,0.80042,2.0,664.0,658.0
RWTH,RWTH_044.pkl,train,651,1894,1243,repo,False,first_cross,False,655.0,0.79956,0.8001,0.79613,0.0,651.0,651.0,0.82288,0.82343,0.81935,129.0,781.0,781.0,0.79956,0.8001,0.79613,0.0,651.0,651.0
RWTH,RWTH_041.pkl,train,596,1944,1348,repo,False,first_cross,False,600.0,0.79934,0.80037,0.81498,23.0,596.0,660.0,0.82088,0.82194,0.83693,123.0,717.0,723.0,0.79934,0.80037,0.81498,23.0,660.0,596.0
RWTH,RWTH_040.pkl,train,533,1944,1411,repo,False,first_cross,False,537.0,0.79974,0.80083,0.80291,4.0,533.0,645.0,0.8304,0.83153,0.83369,165.0,698.0,700.0,0.79974,0.80083,0.80291,4.0,645.0,533.0
RWTH,RWTH_039.pkl,train,538,1948,1410,repo,False,first_cross,False,542.0,0.79923,0.80049,0.80612,7.0,538.0,649.0,0.82317,0.82447,0.83028,156.0,695.0,695.0,0.79923,0.80049,0.80612,7.0,649.0,538.0
RWTH,RWTH_038.pkl,test,510,1964,1454,repo,False,first_cross,False,514.0,0.79923,0.80089,0.80183,1.0,510.0,642.0,0.82931,0.83104,0.83202,188.0,694.0,701.0,0.79923,0.80089,0.80183,1.0,642.0,510.0
RWTH,RWTH_026.pkl,train,575,2007,1432,repo,False,first_cross,False,579.0,0.79807,0.8002,0.79991,0.0,575.0,575.0,0.82659,0.8288,0.82849,74.0,642.0,719.0,0.79807,0.8002,0.79991,0.0,575.0,575.0
RWTH,RWTH_028.pkl,train,607,2010,1403,repo,False,first_cross,False,611.0,0.79933,0.80015,0.80085,3.0,607.0,615.0,0.83574,0.8366,0.83732,160.0,768.0,768.0,0.79933,0.80015,0.80085,3.0,615.0,607.0
RWTH,RWTH_027.pkl,val,581,2012,1431,repo,False,first_cross,False,585.0,0.79969,0.80232,0.8019,2.0,581.0,584.0,0.83552,0.83827,0.83784,151.0,717.0,734.0,0.79969,0.80232,0.8019,2.0,584.0,581.0
RWTH,RWTH_029.pkl,val,643,2011,1368,repo,False,first_cross,False,647.0,0.79982,0.80077,0.80086,5.0,643.0,719.0,0.83014,0.83112,0.83122,135.0,769.0,798.0,0.79982,0.80077,0.80086,5.0,719.0,643.0
RWTH,RWTH_046.pkl,train,576,2136,1560,repo,False,first_cross,False,579.0,0.79972,0.80416,0.81407,54.0,576.0,670.0,0.82968,0.83428,0.84456,108.0,685.0,685.0,0.79972,0.80416,0.81407,54.0,670.0,576.0
RWTH,RWTH_034.pkl,train,663,2126,1463,repo,False,first_cross,False,668.0,0.78768,0.81403,0.79649,0.0,663.0,663.0,0.82337,0.85091,0.83258,119.0,766.0,838.0,0.78768,0.81403,0.79649,0.0,663.0,663.0
RWTH,RWTH_049.pkl,val,670,2135,1465,repo,False,first_cross,False,675.0,0.79708,0.81876,0.80677,6.0,670.0,677.0,0.82102,0.84335,0.831,80.0,747.0,832.0,0.79708,0.81876,0.80677,6.0,677.0,670.0
RWTH,RWTH_048.pkl,train,623,2136,1513,repo,False,first_cross,False,626.0,0.79839,0.80037,0.81914,33.0,623.0,670.0,0.82866,0.83071,0.85019,83.0,707.0,707.0,0.79839,0.80037,0.81914,33.0,670.0,623.0
RWTH,RWTH_036.pkl,train,710,2149,1439,repo,False,first_cross,False,715.0,0.79541,0.80944,0.80545,11.0,710.0,722.0,0.82756,0.84216,0.83801,183.0,894.0,894.0,0.79541,0.80944,0.80545,11.0,722.0,710.0
RWTH,RWTH_037.pkl,train,677,2168,1491,repo,False,first_cross,False,681.0,0.79987,0.80171,0.80023,1.0,677.0,696.0,0.82641,0.82832,0.82679,73.0,749.0,752.0,0.79987,0.80171,0.80023,1.0,696.0,677.0
RWTH,RWTH_047.pkl,train,629,2151,1522,repo,False,first_cross,False,632.0,0.79999,0.80099,0.81931,36.0,629.0,669.0,0.82849,0.82953,0.8485,73.0,703.0,703.0,0.79999,0.80099,0.81931,36.0,669.0,629.0
RWTH,RWTH_035.pkl,test,669,2153,1484,repo,False,first_cross,False,674.0,0.79167,0.8121,0.80064,1.0,669.0,671.0,0.82264,0.84387,0.83196,114.0,764.0,847.0,0.79167,0.8121,0.80064,1.0,671.0,669.0
RWTH,RWTH_018.pkl,train,678,2244,1566,repo,False,first_cross,False,682.0,0.79994,0.80004,0.8006,1.0,678.0,689.0,0.83337,0.83347,0.83406,117.0,796.0,796.0,0.79994,0.80004,0.8006,1.0,689.0,678.0
RWTH,RWTH_033.pkl,train,732,2259,1527,repo,False,first_cross,False,736.0,0.79972,0.80036,0.80426,3.0,732.0,800.0,0.82605,0.82671,0.83074,67.0,800.0,800.0,0.79972,0.80036,0.80426,3.0,800.0,732.0
RWTH,RWTH_020.pkl,test,695,2237,1542,repo,False,first_cross,False,699.0,0.79923,0.8004,0.80037,1.0,695.0,697.0,0.83171,0.83293,0.83289,100.0,796.0,796.0,0.79923,0.8004,0.80037,1.0,697.0,695.0
RWTH,RWTH_031.pkl,train,714,2264,1550,repo,False,first_cross,False,718.0,0.79993,0.8005,0.80438,7.0,714.0,800.0,0.82929,0.82989,0.83391,103.0,817.0,819.0,0.79993,0.8005,0.80438,7.0,800.0,714.0
RWTH,RWTH_017.pkl,test,627,2279,1652,repo,False,first_cross,False,630.0,0.79989,0.80015,0.81409,30.0,627.0,664.0,0.82513,0.8254,0.83977,169.0,766.0,822.0,0.79989,0.80015,0.81409,30.0,664.0,627.0
RWTH,RWTH_021.pkl,train,614,2283,1669,repo,False,first_cross,False,617.0,0.79997,0.80057,0.81355,22.0,614.0,659.0,0.82743,0.82805,0.84148,172.0,764.0,813.0,0.79997,0.80057,0.81355,22.0,659.0,614.0
RWTH,RWTH_022.pkl,train,616,2283,1667,repo,False,first_cross,False,619.0,0.79954,0.80114,0.81363,25.0,616.0,658.0,0.82741,0.82906,0.84199,187.0,776.0,821.0,0.79954,0.80114,0.81363,25.0,658.0,616.0
RWTH,RWTH_032.pkl,val,667,2283,1616,repo,False,first_cross,False,671.0,0.7995,0.80131,0.80064,2.0,667.0,670.0,0.82742,0.8293,0.82861,116.0,780.0,800.0,0.7995,0.80131,0.80064,2.0,670.0,667.0
RWTH,RWTH_016.pkl,train,740,2286,1546,repo,False,first_cross,False,744.0,0.79942,0.80024,0.80924,21.0,740.0,817.0,0.82679,0.82764,0.83694,93.0,833.0,835.0,0.79942,0.80024,0.80924,21.0,817.0,740.0
RWTH,RWTH_015.pkl,test,759,2287,1528,repo,False,first_cross,False,763.0,0.79978,0.80137,0.80966,27.0,759.0,820.0,0.82502,0.82667,0.83521,71.0,827.0,832.0,0.79978,0.80137,0.80966,27.0,820.0,759.0
RWTH,RWTH_014.pkl,val,579,2309,1730,repo,False,first_cross,False,582.0,0.79926,0.80382,0.80948,20.0,579.0,651.0,0.83222,0.83697,0.84286,246.0,793.0,828.0,0.79926,0.80382,0.80948,20.0,651.0,579.0
RWTH,RWTH_019.pkl,train,585,2287,1702,repo,False,first_cross,False,588.0,0.7991,0.8002,0.80684,12.0,585.0,649.0,0.82582,0.82696,0.83382,157.0,728.0,809.0,0.7991,0.8002,0.80684,12.0,649.0,585.0
RWTH,RWTH_023.pkl,test,722,2322,1600,repo,False,first_cross,False,726.0,0.79956,0.80336,0.811,45.0,722.0,821.0,0.83139,0.83533,0.84328,183.0,901.0,908.0,0.79956,0.80336,0.811,45.0,821.0,722.0
RWTH,RWTH_024.pkl,val,761,2321,1560,repo,False,first_cross,False,765.0,0.79896,0.80104,0.80127,11.0,761.0,802.0,0.83507,0.83724,0.83749,176.0,929.0,953.0,0.79896,0.80104,0.80127,11.0,802.0,761.0
RWTH,RWTH_005.pkl,test,740,2396,1656,repo,False,first_cross,False,744.0,0.7997,0.80067,0.80355,10.0,740.0,804.0,0.82873,0.82973,0.83271,193.0,934.0,934.0,0.7997,0.80067,0.80355,10.0,804.0,740.0
RWTH,RWTH_002.pkl,val,737,2413,1676,repo,False,first_cross,False,741.0,0.79933,0.80019,0.80547,12.0,737.0,779.0,0.82682,0.82771,0.83318,205.0,923.0,944.0,0.79933,0.80019,0.80547,12.0,779.0,737.0
RWTH,RWTH_009.pkl,train,629,2399,1770,repo,False,first_cross,False,632.0,0.7993,0.80011,0.81489,46.0,629.0,684.0,0.83309,0.83394,0.84935,298.0,926.0,934.0,0.7993,0.80011,0.81489,46.0,684.0,629.0
RWTH,RWTH_007.pkl,val,752,2414,1662,repo,False,first_cross,False,756.0,0.79973,0.80068,0.80697,19.0,752.0,786.0,0.82904,0.83003,0.83654,205.0,958.0,958.0,0.79973,0.80068,0.80697,19.0,786.0,752.0
RWTH,RWTH_008.pkl,test,688,2415,1727,repo,False,first_cross,False,692.0,0.79971,0.80053,0.80099,3.0,688.0,693.0,0.83405,0.8349,0.83538,192.0,879.0,928.0,0.79971,0.80053,0.80099,3.0,693.0,688.0
RWTH,RWTH_004.pkl,train,630,2416,1786,repo,False,first_cross,False,633.0,0.79998,0.80099,0.81459,41.0,630.0,676.0,0.84213,0.8432,0.85751,302.0,930.0,934.0,0.79998,0.80099,0.81459,41.0,676.0,630.0
RWTH,RWTH_011.pkl,train,669,2437,1768,repo,False,first_cross,False,673.0,0.79993,0.80147,0.80655,6.0,669.0,684.0,0.83669,0.8383,0.84361,247.0,912.0,960.0,0.79993,0.80147,0.80655,6.0,684.0,669.0
RWTH,RWTH_003.pkl,train,621,2437,1816,repo,False,first_cross,False,625.0,0.79197,0.80785,0.80072,1.0,621.0,623.0,0.82862,0.84524,0.83777,220.0,841.0,844.0,0.79197,0.80785,0.80072,1.0,623.0,621.0
RWTH,RWTH_010.pkl,val,696,2441,1745,repo,False,first_cross,False,700.0,0.79953,0.80152,0.80088,9.0,696.0,708.0,0.83105,0.83311,0.83245,197.0,890.0,959.0,0.79953,0.80152,0.80088,9.0,708.0,696.0
RWTH,RWTH_006.pkl,train,720,2418,1698,repo,False,first_cross,False,724.0,0.79935,0.80127,0.80152,5.0,720.0,798.0,0.83731,0.83932,0.83958,213.0,934.0,934.0,0.79935,0.80127,0.80152,5.0,798.0,720.0
RWTH,RWTH_013.pkl,train,700,2447,1747,repo,False,first_cross,False,704.0,0.79988,0.80164,0.80077,6.0,700.0,715.0,0.83419,0.83603,0.83512,268.0,936.0,981.0,0.79988,0.80164,0.80077,6.0,715.0,700.0
RWTH,RWTH_012.pkl,train,778,2448,1670,repo,False,first_cross,False,782.0,0.79995,0.80088,0.81017,22.0,778.0,815.0,0.82843,0.82939,0.83901,208.0,987.0,987.0,0.79995,0.80088,0.81017,22.0,815.0,778.0
RWTH,RWTH_025.pkl,train,706,2309,1603,repo,False,first_cross,False,710.0,0.79923,0.8007,0.81119,23.0,706.0,819.0,0.82837,0.82989,0.84077,116.0,822.0,824.0,0.79923,0.8007,0.81119,23.0,819.0,706.0
HUST,HUST_2-5.pkl,train,1441,1386,0,repo,False,regress,True,,,,,,,,,,,,1265.0,1265.0,,,,,,
HUST,HUST_4-3.pkl,train,1164,1142,0,repo,False,regress,True,,,,,,,,,,,,1046.0,1046.0,,,,,,
HUST,HUST_1-6.pkl,train,1179,1143,0,repo,False,regress,True,,,,,,,,,,,,969.0,969.0,,,,,,
HUST,HUST_5-7.pkl,val,1490,1448,0,repo,False,regress,True,,,,,,,,,,,,1320.0,1320.0,,,,,,
HUST,HUST_8-1.pkl,train,1338,1308,0,repo,False,regress,True,,,,,,,,,,,,1187.0,1187.0,,,,,,
HUST,HUST_3-3.pkl,train,1698,1649,0,repo,False,regress,True,,,,,,,,,,,,1520.0,1520.0,,,,,,
HUST,HUST_2-6.pkl,train,1621,1572,0,repo,False,regress,True,,,,,,,,,,,,1446.0,1446.0,,,,,,
HUST,HUST_4-6.pkl,train,1420,1380,0,repo,False,regress,True,,,,,,,,,,,,1253.0,1253.0,,,,,,
HUST,HUST_7-1.pkl,test,1752,1690,0,repo,False,regress,True,,,,,,,,,,,,1508.0,1508.0,,,,,,
HUST,HUST_2-4.pkl,train,1545,1499,0,repo,False,regress,True,,,,,,,,,,,,1331.0,1333.0,,,,,,
HUST,HUST_3-4.pkl,test,1829,1766,0,repo,False,regress,True,,,,,,,,,,,,1608.0,1608.0,,,,,,
HUST,HUST_10-2.pkl,test,1742,1697,0,repo,False,regress,True,,,,,,,,,,,,1550.0,1550.0,,,,,,
HUST,HUST_6-4.pkl,train,1779,1717,0,repo,False,regress,True,,,,,,,,,,,,1534.0,1534.0,,,,,,
HUST,HUST_2-8.pkl,val,1531,1481,0,repo,False,regress,True,,,,,,,,,,,,1336.0,1339.0,,,,,,
HUST,HUST_8-5.pkl,test,1382,1348,0,repo,False,regress,True,,,,,,,,,,,,1223.0,1223.0,,,,,,
HUST,HUST_10-1.pkl,val,1760,1702,0,repo,False,regress,True,,,,,,,,,,,,1548.0,1548.0,,,,,,
HUST,HUST_9-6.pkl,train,1793,1742,0,repo,False,regress,True,,,,,,,,,,,,1562.0,1564.0,,,,,,
HUST,HUST_7-6.pkl,val,1450,1419,0,repo,False,regress,True,,,,,,,,,,,,1299.0,1299.0,,,,,,
HUST,HUST_1-4.pkl,train,1549,1500,0,repo,False,regress,True,,,,,,,,,,,,1360.0,1360.0,,,,,,
HUST,HUST_5-5.pkl,val,1634,1583,0,repo,False,regress,True,,,,,,,,,,,,1422.0,1422.0,,,,,,
HUST,HUST_10-3.pkl,test,1901,1848,0,repo,False,regress,True,,,,,,,,,,,,1672.0,1674.0,,,,,,
HUST,HUST_4-4.pkl,train,1528,1491,0,repo,False,regress,True,,,,,,,,,,,,1358.0,1358.0,,,,,,
HUST,HUST_8-8.pkl,train,1722,1679,0,repo,False,regress,True,,,,,,,,,,,,1506.0,1506.0,,,,,,
HUST,HUST_10-8.pkl,val,1432,1400,0,repo,False,regress,True,,,,,,,,,,,,1247.0,1247.0,,,,,,
HUST,HUST_7-4.pkl,val,1421,1393,0,repo,False,regress,True,,,,,,,,,,,,1275.0,1275.0,,,,,,
HUST,HUST_6-3.pkl,train,1869,1804,0,repo,False,regress,True,,,,,,,,,,,,1611.0,1611.0,,,,,,
HUST,HUST_7-2.pkl,train,2088,2030,0,repo,False,regress,True,,,,,,,,,,,,1857.0,1860.0,,,,,,
HUST,HUST_4-5.pkl,train,1600,1561,0,repo,False,regress,True,,,,,,,,,,,,1380.0,1380.0,,,,,,
HUST,HUST_1-7.pkl,train,1726,1678,0,repo,False,regress,True,,,,,,,,,,,,1490.0,1490.0,,,,,,
HUST,HUST_7-3.pkl,test,1318,1295,0,repo,False,regress,True,,,,,,,,,,,,1180.0,1180.0,,,,,,
HUST,HUST_4-1.pkl,train,2278,2217,0,repo,False,regress,True,,,,,,,,,,,,2017.0,2017.0,,,,,,
HUST,HUST_6-1.pkl,train,1667,1609,0,repo,False,regress,True,,,,,,,,,,,,1433.0,1433.0,,,,,,
HUST,HUST_4-8.pkl,test,1747,1706,0,repo,False,regress,True,,,,,,,,,,,,1547.0,1547.0,,,,,,
HUST,HUST_3-1.pkl,train,1995,1938,0,repo,False,regress,True,,,,,,,,,,,,1757.0,1757.0,,,,,,
HUST,HUST_7-7.pkl,train,1726,1685,0,repo,False,regress,True,,,,,,,,,,,,1536.0,1536.0,,,,,,
HUST,HUST_8-4.pkl,train,1938,1885,0,repo,False,regress,True,,,,,,,,,,,,1702.0,1702.0,,,,,,
HUST,HUST_5-2.pkl,val,1981,1926,0,repo,False,regress,True,,,,,,,,,,,,1757.0,1759.0,,,,,,
HUST,HUST_1-1.pkl,train,1542,1504,0,repo,False,regress,True,,,,,,,,,,,,1354.0,1358.0,,,,,,
HUST,HUST_9-4.pkl,test,2023,1975,0,repo,False,regress,True,,,,,,,,,,,,1781.0,1781.0,,,,,,
HUST,HUST_6-2.pkl,train,1972,1908,0,repo,False,regress,True,,,,,,,,,,,,1702.0,1707.0,,,,,,
HUST,HUST_2-3.pkl,val,1810,1751,0,repo,False,regress,True,,,,,,,,,,,,1587.0,1587.0,,,,,,
HUST,HUST_9-1.pkl,val,2106,2057,0,repo,False,regress,True,,,,,,,,,,,,1853.0,1853.0,,,,,,
HUST,HUST_9-3.pkl,test,1946,1905,0,repo,False,regress,True,,,,,,,,,,,,1715.0,1715.0,,,,,,
HUST,HUST_10-7.pkl,train,1821,1783,0,repo,False,regress,True,,,,,,,,,,,,1614.0,1614.0,,,,,,
HUST,HUST_2-7.pkl,test,2261,2202,0,repo,False,regress,True,,,,,,,,,,,,2018.0,2018.0,,,,,,
HUST,HUST_6-5.pkl,test,2255,2178,0,repo,False,regress,True,,,,,,,,,,,,1933.0,1933.0,,,,,,
HUST,HUST_9-5.pkl,train,2230,2168,0,repo,False,regress,True,,,,,,,,,,,,1944.0,1947.0,,,,,,
HUST,HUST_3-2.pkl,train,2353,2283,0,repo,False,regress,True,,,,,,,,,,,,2037.0,2037.0,,,,,,
HUST,HUST_1-3.pkl,train,1911,1858,0,repo,False,regress,True,,,,,,,,,,,,1695.0,1695.0,,,,,,
HUST,HUST_3-8.pkl,val,2412,2342,0,repo,False,regress,True,,,,,,,,,,,,2098.0,2098.0,,,,,,
HUST,HUST_1-5.pkl,train,2033,1971,0,repo,False,regress,True,,,,,,,,,,,,1809.0,1817.0,,,,,,
HUST,HUST_8-7.pkl,test,2116,2047,0,repo,False,regress,True,,,,,,,,,,,,1803.0,1807.0,,,,,,
HUST,HUST_3-7.pkl,train,2569,2479,0,repo,False,regress,True,,,,,,,,,,,,2179.0,2179.0,,,,,,
HUST,HUST_8-2.pkl,test,2100,2041,0,repo,False,regress,True,,,,,,,,,,,,1771.0,1771.0,,,,,,
HUST,HUST_7-5.pkl,train,1907,1873,0,repo,False,regress,True,,,,,,,,,,,,1716.0,1716.0,,,,,,
HUST,HUST_10-5.pkl,train,2080,2030,0,repo,False,regress,True,,,,,,,,,,,,1853.0,1853.0,,,,,,
HUST,HUST_6-8.pkl,val,2574,2450,0,repo,False,regress,True,,,,,,,,,,,,2010.0,2010.0,,,,,,
HUST,HUST_10-4.pkl,train,1849,1811,0,repo,False,regress,True,,,,,,,,,,,,1655.0,1657.0,,,,,,
HUST,HUST_9-7.pkl,test,2061,2012,0,repo,False,regress,True,,,,,,,,,,,,1820.0,1820.0,,,,,,
HUST,HUST_5-4.pkl,train,2025,1962,0,repo,False,regress,True,,,,,,,,,,,,1726.0,1726.0,,,,,,
HUST,HUST_1-8.pkl,val,2359,2285,0,repo,False,regress,True,,,,,,,,,,,,1989.0,1991.0,,,,,,
HUST,HUST_9-8.pkl,train,2377,2308,0,repo,False,regress,True,,,,,,,,,,,,2101.0,2101.0,,,,,,
HUST,HUST_3-6.pkl,train,2575,2491,0,repo,False,regress,True,,,,,,,,,,,,2242.0,2244.0,,,,,,
HUST,HUST_4-2.pkl,test,1812,1782,0,repo,False,regress,True,,,,,,,,,,,,1623.0,1623.0,,,,,,
HUST,HUST_8-3.pkl,val,2338,2290,0,repo,False,regress,True,,,,,,,,,,,,2061.0,2063.0,,,,,,
HUST,HUST_7-8.pkl,val,1975,1938,0,repo,False,regress,True,,,,,,,,,,,,1759.0,1759.0,,,,,,
HUST,HUST_5-6.pkl,train,2538,2460,0,repo,False,regress,True,,,,,,,,,,,,2084.0,2084.0,,,,,,
HUST,HUST_9-2.pkl,train,2189,2143,0,repo,False,regress,True,,,,,,,,,,,,1915.0,1915.0,,,,,,
HUST,HUST_2-2.pkl,train,2716,2651,0,repo,False,regress,True,,,,,,,,,,,,2303.0,2303.0,,,,,,
HUST,HUST_10-6.pkl,train,2344,2285,0,repo,False,regress,True,,,,,,,,,,,,1892.0,1892.0,,,,,,
HUST,HUST_5-1.pkl,train,2583,2507,0,repo,False,regress,True,,,,,,,,,,,,2115.0,2115.0,,,,,,
HUST,HUST_8-6.pkl,train,2436,2365,0,repo,False,regress,True,,,,,,,,,,,,1978.0,1981.0,,,,,,
HUST,HUST_5-3.pkl,train,2764,2689,0,repo,False,regress,True,,,,,,,,,,,,2323.0,2329.0,,,,,,
HUST,HUST_4-7.pkl,train,2272,2216,0,repo,False,regress,True,,,,,,,,,,,,1814.0,1814.0,,,,,,
HUST,HUST_6-6.pkl,train,2542,2468,0,repo,False,regress,True,,,,,,,,,,,,2204.0,2204.0,,,,,,
HUST,HUST_3-5.pkl,train,2768,2657,0,repo,False,regress,True,,,,,,,,,,,,2160.0,2160.0,,,,,,
HUST,HUST_1-2.pkl,train,2755,2678,0,repo,False,regress,True,,,,,,,,,,,,2258.0,2265.0,,,,,,
Tongji,Tongji1_CY25-1_1--6.pkl,train,20,27,7,,False,first_cross,False,21.0,0.79432,0.79928,0.78779,0.0,19.0,19.0,0.90474,0.91038,0.89729,7.0,,,,,,,,
Tongji,Tongji1_CY25-1_1--3.pkl,val,24,27,3,,False,first_cross,False,25.0,0.78605,0.79988,0.75983,0.0,23.0,23.0,0.89236,0.90807,0.8626,3.0,,,,,,,,
Tongji,Tongji1_CY25-1_1--8.pkl,val,18,28,10,,False,first_cross,False,19.0,0.79055,0.79838,0.78276,0.0,17.0,17.0,0.88578,0.89455,0.87705,10.0,,,,,,,,
Tongji,Tongji1_CY25-1_1--4.pkl,train,26,29,3,,False,first_cross,False,28.0,0.76153,0.77617,0.74798,0.0,25.0,25.0,0.86928,0.88598,0.85381,3.0,,,,,,,,
Tongji,Tongji1_CY25-1_1--5.pkl,train,21,31,10,,False,first_cross,False,22.0,0.79344,0.79858,0.7877,0.0,20.0,20.0,0.89433,0.90012,0.88786,10.0,,,,,,,,
Tongji,Tongji1_CY25-1_1--9.pkl,train,27,32,5,repo,False,first_cross,False,29.0,0.79781,0.80742,0.78617,0.0,27.0,27.0,0.89032,0.90104,0.87733,5.0,,,0.79781,0.80742,0.78617,0.0,27.0,27.0
Tongji,Tongji1_CY25-1_1--7.pkl,test,20,33,13,repo,False,first_cross,False,21.0,0.79494,0.80077,0.78872,0.0,20.0,20.0,0.87864,0.88509,0.87177,12.0,33.0,33.0,0.79494,0.80077,0.78872,0.0,20.0,20.0
Tongji,Tongji1_CY25-1_1--1.pkl,test,27,34,7,repo,False,first_cross,False,29.0,0.79733,0.80315,0.79049,0.0,27.0,27.0,0.88819,0.89467,0.88057,6.0,34.0,34.0,0.79733,0.80315,0.79049,0.0,27.0,27.0
Tongji,Tongji1_CY25-1_1--2.pkl,test,24,35,11,,False,first_cross,False,25.0,0.78961,0.79579,0.78151,0.0,23.0,23.0,0.87301,0.87984,0.86406,10.0,35.0,35.0,,,,,,
Tongji,Tongji1_CY25-05_1--1.pkl,test,120,145,25,,False,first_cross,False,121.0,0.79443,0.7976,0.79137,0.0,119.0,119.0,0.8575,0.86092,0.8542,18.0,139.0,139.0,,,,,,
Tongji,Tongji1_CY25-05_1--19.pkl,test,127,153,26,,False,first_cross,False,128.0,0.79666,0.79916,0.79391,0.0,126.0,126.0,0.85684,0.85953,0.85388,18.0,146.0,146.0,,,,,,
Tongji,Tongji1_CY25-05_1--16.pkl,train,124,161,37,,False,first_cross,False,125.0,0.79737,0.79939,0.79559,0.0,123.0,123.0,0.86244,0.86462,0.86052,27.0,152.0,152.0,,,,,,
Tongji,Tongji1_CY25-05_1--12.pkl,train,127,155,28,,False,first_cross,False,133.0,0.79419,0.7969,0.79164,0.0,126.0,126.0,0.85712,0.86004,0.85436,21.0,149.0,149.0,,,,,,
Tongji,Tongji1_CY25-05_1--11.pkl,val,130,157,27,,False,first_cross,False,136.0,0.79533,0.79814,0.79279,0.0,129.0,129.0,0.85883,0.86186,0.85609,20.0,151.0,151.0,,,,,,
Tongji,Tongji1_CY25-05_1--7.pkl,val,143,172,29,,False,first_cross,False,144.0,0.7971,0.79925,0.79479,0.0,142.0,142.0,0.85575,0.85806,0.85327,19.0,163.0,163.0,,,,,,
Tongji,Tongji1_CY25-05_1--2.pkl,train,138,178,40,,False,first_cross,False,139.0,0.79751,0.79919,0.79647,0.0,137.0,137.0,0.86012,0.86194,0.859,28.0,167.0,167.0,,,,,,
Tongji,Tongji1_CY25-05_1--6.pkl,test,155,182,27,,False,first_cross,False,156.0,0.79651,0.79871,0.79416,0.0,154.0,154.0,0.85423,0.85659,0.8517,18.0,174.0,174.0,,,,,,
Tongji,Tongji1_CY45-05_1--6.pkl,train,255,199,0,,False,regress,True,,,,,,,,,,,,,,,,,,,
Tongji,Tongji1_CY45-05_1--5.pkl,train,219,199,0,,False,regress,True,,,,,,,,,,,,,,,,,,,
Tongji,Tongji1_CY25-05_1--18.pkl,train,150,188,38,,False,first_cross,False,151.0,0.79737,0.79896,0.79575,0.0,149.0,149.0,0.85621,0.85792,0.85447,26.0,177.0,177.0,,,,,,
Tongji,Tongji1_CY25-05_1--14.pkl,train,161,192,31,,False,first_cross,False,162.0,0.79687,0.79916,0.79481,0.0,160.0,160.0,0.85353,0.85599,0.85133,22.0,184.0,184.0,,,,,,
Tongji,Tongji1_CY25-05_1--3.pkl,val,169,192,23,,False,first_cross,False,170.0,0.79901,0.79985,0.79801,0.0,168.0,168.0,0.86171,0.86261,0.86062,23.0,,,,,,,,
Tongji,Tongji1_CY25-05_1--15.pkl,train,166,191,25,,False,first_cross,False,167.0,0.79777,0.7996,0.79625,0.0,165.0,165.0,0.8519,0.85386,0.85028,25.0,,,,,,,,
Tongji,Tongji1_CY25-05_1--4.pkl,train,160,193,33,,False,first_cross,False,161.0,0.79885,0.79955,0.798,0.0,159.0,159.0,0.85942,0.86018,0.85851,33.0,,,,,,,,
Tongji,Tongji1_CY25-05_1--17.pkl,train,149,192,43,,False,first_cross,False,150.0,0.79872,0.79973,0.7978,0.0,148.0,148.0,0.85955,0.86063,0.85856,39.0,189.0,189.0,,,,,,
Tongji,Tongji1_CY25-05_1--5.pkl,train,150,193,43,,False,first_cross,False,151.0,0.79861,0.79962,0.79779,0.0,149.0,149.0,0.8597,0.86079,0.85882,43.0,,,,,,,,
Tongji,Tongji1_CY25-05_1--13.pkl,train,139,193,54,,False,first_cross,False,140.0,0.79926,0.79976,0.79847,0.0,138.0,138.0,0.85469,0.85521,0.85384,45.0,185.0,185.0,,,,,,
Tongji,Tongji2_CY25-05_1--2.pkl,test,222,189,0,,False,regress,True,,,,,,,,,,,,,,,,,,,
Tongji,Tongji2_CY25-05_1--10.pkl,val,251,199,0,,False,regress,True,,,,,,,,,,,,,,,,,,,
Tongji,Tongji2_CY25-05_1--12.pkl,train,196,199,3,,False,first_cross,False,200.0,0.79831,0.79933,0.79734,0.0,195.0,195.0,0.88692,0.88806,0.88585,3.0,,,,,,,,
Tongji,Tongji1_CY25-05_1--10.pkl,val,174,207,33,,False,first_cross,False,175.0,0.79684,0.79849,0.79511,0.0,173.0,173.0,0.85271,0.85447,0.85086,25.0,200.0,200.0,,,,,,
Tongji,Tongji1_CY25-025_1--6.pkl,test,197,245,48,,False,first_cross,False,205.0,0.79722,0.79873,0.79582,0.0,196.0,196.0,0.86424,0.86588,0.86272,34.0,232.0,232.0,,,,,,
Tongji,Tongji1_CY25-025_1--7.pkl,test,201,251,50,repo,False,first_cross,False,210.0,0.79925,0.80055,0.798,0.0,201.0,201.0,0.8647,0.86611,0.86335,34.0,236.0,236.0,0.79925,0.80055,0.798,0.0,201.0,201.0
Tongji,Tongji2_CY25-05_1--15.pkl,train,228,300,72,,False,first_cross,False,233.0,0.79888,0.7999,0.79792,0.0,227.0,227.0,0.88011,0.88123,0.87904,60.0,289.0,289.0,,,,,,
Tongji,Tongji1_CY25-025_1--3.pkl,train,213,300,87,,False,first_cross,False,222.0,0.7989,0.79987,0.79831,0.0,212.0,212.0,0.87208,0.87314,0.87144,64.0,278.0,278.0,,,,,,
Tongji,Tongji2_CY25-05_1--17.pkl,train,329,335,6,,False,first_cross,False,330.0,0.79949,0.79974,0.79927,0.0,328.0,328.0,0.86805,0.86833,0.86781,6.0,,,,,,,,
Tongji,Tongji2_CY25-05_1--16.pkl,val,247,336,89,,False,first_cross,False,252.0,0.79893,0.79971,0.79819,0.0,246.0,246.0,0.87815,0.87901,0.87733,73.0,321.0,321.0,,,,,,
Tongji,Tongji1_CY25-025_1--4.pkl,val,229,331,102,,False,first_cross,False,239.0,0.79862,0.79941,0.79781,0.0,228.0,228.0,0.87721,0.87808,0.87633,82.0,312.0,312.0,,,,,,
Tongji,Tongji2_CY25-05_1--8.pkl,val,240,338,98,,False,first_cross,False,245.0,0.79919,0.79985,0.79868,0.0,239.0,239.0,0.88645,0.88718,0.88588,94.0,335.0,335.0,,,,,,
Tongji,Tongji1_CY45-05_1--8.pkl,val,207,399,192,,False,first_cross,False,216.0,0.79478,0.79991,0.79908,0.0,206.0,206.0,0.83354,0.83892,0.83805,111.0,319.0,319.0,,,,,,
Tongji,Tongji2_CY25-05_1--9.pkl,test,308,349,41,,False,first_cross,False,315.0,0.7995,0.7998,0.79919,0.0,307.0,307.0,0.88566,0.88599,0.88532,41.0,,,,,,,,
Tongji,Tongji1_CY45-05_1--10.pkl,val,322,399,77,,False,first_cross,False,335.0,0.79969,0.79991,0.79944,0.0,321.0,321.0,0.84029,0.84052,0.84002,77.0,,,,,,,,
Tongji,Tongji1_CY45-05_1--7.pkl,train,433,399,0,,False,regress,True,,,,,,,,,,,,,,,,,,,
Tongji,Tongji1_CY25-025_1--5.pkl,train,216,338,122,,False,first_cross,False,225.0,0.79886,0.79945,0.7991,0.0,215.0,215.0,0.88055,0.8812,0.88082,102.0,319.0,319.0,,,,,,
Tongji,Tongji1_CY45-05_1--9.pkl,train,436,399,0,,False,regress,True,,,,,,,,,,,,,,,,,,,
Tongji,Tongji2_CY45-05_1--15.pkl,train,393,403,10,,False,first_cross,False,394.0,0.7995,0.79996,0.79962,0.0,392.0,392.0,0.84134,0.84182,0.84146,10.0,,,,,,,,
Tongji,Tongji2_CY45-05_1--10.pkl,val,400,399,0,,False,first_cross,True,,,,,,399.0,399.0,,,,,,,,,,,,
Tongji,Tongji2_CY45-05_1--8.pkl,val,399,399,0,,False,first_cross,False,407.0,0.79969,0.79978,,0.0,398.0,398.0,0.84947,0.84957,,0.0,,,,,,,,
Tongji,Tongji2_CY45-05_1--9.pkl,train,419,399,0,,False,regress,True,,,,,,,,,,,,,,,,,,,
Tongji,Tongji2_CY45-05_1--7.pkl,train,399,399,0,,False,first_cross,False,407.0,0.79968,0.79982,,0.0,398.0,398.0,0.85143,0.85158,,0.0,,,,,,,,
Tongji,Tongji2_CY25-05_1--13.pkl,train,321,399,78,,False,first_cross,False,328.0,0.79957,0.79994,0.79934,0.0,320.0,320.0,0.87959,0.88,0.87934,78.0,,,,,,,,
Tongji,Tongji2_CY45-05_1--1.pkl,val,403,455,52,,False,first_cross,False,412.0,0.79959,0.79978,0.79954,0.0,402.0,402.0,0.84851,0.84872,0.84846,52.0,,,,,,,,
Tongji,Tongji1_CY45-05_1--15.pkl,train,210,495,285,,False,first_cross,False,211.0,0.79947,0.79984,0.79911,0.0,209.0,209.0,0.83527,0.83567,0.8349,104.0,315.0,315.0,,,,,,
Tongji,Tongji2_CY45-05_1--2.pkl,test,413,453,40,,False,first_cross,False,422.0,0.79938,0.7997,0.79925,0.0,412.0,412.0,0.84513,0.84547,0.84498,40.0,,,,,,,,
Tongji,Tongji1_CY45-05_1--17.pkl,train,183,528,345,,False,first_cross,False,184.0,0.79984,0.79986,0.79977,0.0,182.0,182.0,0.83361,0.83362,0.83353,130.0,314.0,314.0,,,,,,
Tongji,Tongji2_CY25-05_1--5.pkl,train,339,479,140,,False,first_cross,False,340.0,0.799,0.79968,0.79853,0.0,338.0,338.0,0.8713,0.87204,0.87079,105.0,445.0,445.0,,,,,,
Tongji,Tongji1_CY25-025_1--2.pkl,train,274,234,0,,False,regress,True,,,,,,,,,,,,,,,,,,,
Tongji,Tongji1_CY35-05_1--2.pkl,train,369,531,162,,False,first_cross,False,385.0,0.79957,0.79984,0.79938,0.0,368.0,368.0,0.84216,0.84244,0.84195,93.0,463.0,463.0,,,,,,
Tongji,Tongji1_CY45-05_1--22.pkl,train,223,577,354,,False,first_cross,False,225.0,0.79964,0.79988,0.79932,0.0,222.0,222.0,0.8338,0.83405,0.83347,99.0,323.0,323.0,,,,,,
Tongji,Tongji1_CY35-05_1--1.pkl,train,404,548,144,,False,first_cross,False,421.0,0.79947,0.79975,0.79909,0.0,403.0,403.0,0.84903,0.84932,0.84862,96.0,501.0,501.0,,,,,,
Tongji,Tongji1_CY45-05_1--16.pkl,val,219,596,377,,False,first_cross,False,220.0,1.0642,0.79994,0.7985,0.0,218.0,220.0,1.10825,0.83305,0.83155,125.0,345.0,345.0,,,,,,
Tongji,Tongji1_CY45-05_1--18.pkl,train,322,596,274,,False,first_cross,False,323.0,0.7997,0.79994,0.79951,0.0,321.0,321.0,0.83417,0.83442,0.83398,141.0,464.0,464.0,,,,,,
Tongji,Tongji1_CY45-05_1--21.pkl,train,276,637,361,,False,first_cross,False,278.0,0.79946,0.79971,0.79917,0.0,275.0,275.0,0.83503,0.83528,0.83472,161.0,438.0,438.0,,,,,,
Tongji,Tongji2_CY45-05_1--18.pkl,val,384,596,212,,False,first_cross,False,385.0,0.79969,0.79997,0.79954,0.0,383.0,383.0,0.84605,0.84635,0.84588,211.0,596.0,596.0,,,,,,
Tongji,Tongji2_CY45-05_1--16.pkl,train,404,595,191,,False,first_cross,False,406.0,0.79958,0.79957,0.79929,0.0,403.0,403.0,0.84119,0.84119,0.84089,190.0,595.0,595.0,,,,,,
Tongji,Tongji2_CY45-05_1--17.pkl,test,425,596,171,,False,first_cross,False,426.0,0.79972,0.79996,0.79954,0.0,424.0,424.0,0.83906,0.83931,0.83887,171.0,,,,,,,,
Tongji,Tongji1_CY45-05_1--27.pkl,train,299,649,350,,False,first_cross,False,301.0,0.79947,0.79978,0.79926,0.0,298.0,298.0,0.83647,0.8368,0.83626,161.0,461.0,461.0,,,,,,
Tongji,Tongji1_CY45-05_1--11.pkl,train,296,648,352,,False,first_cross,False,297.0,0.79963,0.79979,0.79928,0.0,295.0,295.0,0.83882,0.83899,0.83845,186.0,483.0,483.0,,,,,,
Tongji,Tongji1_CY45-05_1--19.pkl,train,202,685,483,,False,first_cross,False,203.0,0.83537,0.69443,0.83512,129.0,201.0,332.0,0.87109,0.72412,0.87083,282.0,201.0,485.0,,,,,,
Tongji,Tongji1_CY45-05_1--23.pkl,train,451,690,239,,False,first_cross,False,452.0,0.79968,0.79999,0.79952,0.0,450.0,450.0,0.83537,0.8357,0.8352,120.0,572.0,572.0,,,,,,
Tongji,Tongji1_CY45-05_1--26.pkl,train,355,709,354,,False,first_cross,False,356.0,0.79953,0.79976,0.79936,0.0,354.0,354.0,0.83283,0.83306,0.83265,129.0,485.0,485.0,,,,,,
Tongji,Tongji1_CY45-05_1--2.pkl,test,389,699,310,,False,first_cross,False,405.0,0.79959,0.79984,0.79942,0.0,388.0,388.0,0.83626,0.83652,0.83608,141.0,531.0,531.0,,,,,,
Tongji,Tongji1_CY45-05_1--24.pkl,train,330,721,391,,False,first_cross,False,331.0,0.79973,0.7999,0.79939,0.0,329.0,329.0,0.83485,0.83503,0.8345,161.0,492.0,492.0,,,,,,
Tongji,Tongji1_CY45-05_1--28.pkl,train,434,716,282,,False,first_cross,False,435.0,0.7995,0.7997,0.79926,0.0,433.0,433.0,0.83449,0.83469,0.83424,124.0,559.0,559.0,,,,,,
Tongji,Tongji1_CY45-05_1--13.pkl,train,415,711,296,,False,first_cross,False,416.0,0.79968,0.79989,0.79949,0.0,414.0,414.0,0.83778,0.83801,0.83758,146.0,562.0,562.0,,,,,,
Tongji,Tongji1_CY45-05_1--20.pkl,train,409,728,319,,False,first_cross,False,410.0,0.79971,0.79994,0.79947,0.0,408.0,408.0,0.83892,0.83916,0.83867,157.0,567.0,567.0,,,,,,
Tongji,Tongji1_CY45-05_1--1.pkl,train,432,711,279,,False,first_cross,False,450.0,0.79947,0.79979,0.79924,0.0,431.0,431.0,0.83608,0.83641,0.83583,129.0,559.0,563.0,,,,,,
Tongji,Tongji1_CY45-05_1--14.pkl,val,433,727,294,,False,first_cross,False,434.0,0.79959,0.79984,0.79937,0.0,432.0,432.0,0.83793,0.83819,0.8377,141.0,575.0,575.0,,,,,,
Tongji,Tongji1_CY45-05_1--25.pkl,test,440,738,298,,False,first_cross,False,441.0,0.79958,0.79984,0.7995,0.0,439.0,439.0,0.83795,0.83823,0.83787,143.0,584.0,584.0,,,,,,
Tongji,Tongji1_CY45-05_1--12.pkl,train,472,799,327,,False,first_cross,False,473.0,0.79973,0.79997,0.79996,0.0,471.0,471.0,0.83637,0.83662,0.83661,161.0,634.0,634.0,,,,,,
Tongji,Tongji2_CY45-05_1--20.pkl,train,394,796,402,,False,first_cross,False,395.0,0.79979,0.79999,0.79955,0.0,393.0,393.0,0.84425,0.84447,0.844,201.0,596.0,596.0,,,,,,
Tongji,Tongji2_CY45-05_1--19.pkl,test,408,795,387,,False,first_cross,False,410.0,0.79979,0.79999,0.79958,0.0,407.0,407.0,0.84307,0.84328,0.84284,200.0,609.0,609.0,,,,,,
Tongji,Tongji2_CY45-05_1--11.pkl,train,377,799,422,,False,first_cross,False,378.0,0.79969,0.79983,0.79931,0.0,376.0,376.0,0.84925,0.8494,0.84885,234.0,612.0,612.0,,,,,,
Tongji,Tongji2_CY45-05_1--12.pkl,val,435,799,364,,False,first_cross,False,436.0,0.80007,0.79992,0.79942,0.0,434.0,436.0,0.84372,0.84356,0.84303,216.0,652.0,652.0,,,,,,
Tongji,Tongji2_CY45-05_1--26.pkl,train,407,853,446,,False,first_cross,False,409.0,0.79974,0.79987,0.79952,0.0,406.0,406.0,0.84336,0.8435,0.84313,199.0,607.0,607.0,,,,,,
Tongji,Tongji2_CY45-05_1--22.pkl,train,409,859,450,,False,first_cross,False,411.0,0.79961,0.79985,0.79935,0.0,408.0,408.0,0.8441,0.84435,0.84382,206.0,616.0,616.0,,,,,,
Tongji,Tongji2_CY45-05_1--14.pkl,train,387,863,476,,False,first_cross,False,388.0,0.79975,0.79995,0.79952,0.0,386.0,386.0,0.84849,0.8487,0.84825,239.0,627.0,627.0,,,,,,
Tongji,Tongji2_CY45-05_1--13.pkl,test,385,867,482,,False,first_cross,False,386.0,0.79976,0.79994,0.79951,0.0,384.0,384.0,0.84727,0.84746,0.847,233.0,619.0,619.0,,,,,,
Tongji,Tongji2_CY45-05_1--24.pkl,train,423,888,465,,False,first_cross,False,425.0,0.79958,0.79971,0.79939,0.0,422.0,422.0,0.84409,0.84423,0.84389,211.0,635.0,635.0,,,,,,
Tongji,Tongji2_CY45-05_1--28.pkl,test,414,884,470,,False,first_cross,False,415.0,0.79972,0.79981,0.79945,0.0,413.0,413.0,0.84281,0.8429,0.84253,204.0,618.0,620.0,,,,,,
Tongji,Tongji2_CY45-05_1--21.pkl,val,435,901,466,,False,first_cross,False,436.0,0.79954,0.79984,0.79951,0.0,434.0,434.0,0.83671,0.83702,0.83667,175.0,611.0,611.0,,,,,,
Tongji,Tongji2_CY45-05_1--23.pkl,train,432,918,486,,False,first_cross,False,434.0,0.79957,0.79978,0.79943,0.0,431.0,431.0,0.84264,0.84286,0.8425,217.0,650.0,650.0,,,,,,
Tongji,Tongji2_CY45-05_1--27.pkl,train,450,928,478,,False,first_cross,False,451.0,0.79975,0.79995,0.79949,0.0,449.0,449.0,0.8417,0.84191,0.84142,204.0,646.0,657.0,,,,,,
Tongji,Tongji2_CY45-05_1--25.pkl,train,453,932,479,,False,first_cross,False,454.0,0.79975,0.79993,0.79953,0.0,452.0,452.0,0.83909,0.83929,0.83887,193.0,647.0,647.0,,,,,,
Tongji,Tongji1_CY25-025_1--1.pkl,val,300,487,187,,False,first_cross,False,301.0,0.79955,0.79967,0.79894,0.0,299.0,299.0,0.86168,0.86181,0.86103,138.0,439.0,439.0,,,,,,
Tongji,Tongji2_CY35-05_1--1.pkl,test,419,1101,682,,False,first_cross,False,428.0,0.79989,0.79991,0.7997,0.0,418.0,418.0,0.87298,0.873,0.87277,518.0,937.0,939.0,,,,,,
Tongji,Tongji2_CY35-05_1--4.pkl,train,460,1150,690,,False,first_cross,False,470.0,0.79972,0.79993,0.79951,0.0,459.0,459.0,0.86438,0.8646,0.86415,459.0,920.0,920.0,,,,,,
Tongji,Tongji2_CY35-05_1--3.pkl,train,472,1206,734,,False,first_cross,False,482.0,0.79966,0.79982,0.7995,0.0,471.0,471.0,0.86648,0.86666,0.86631,507.0,980.0,980.0,,,,,,
Tongji,Tongji2_CY35-05_1--2.pkl,test,569,1251,682,,False,first_cross,False,581.0,0.79975,0.79993,0.79947,0.0,568.0,568.0,0.85785,0.85804,0.85755,434.0,1004.0,1004.0,,,,,,
Tongji,Tongji3_CY25-05_4--3.pkl,test,452,905,453,,False,first_cross,False,458.0,0.79959,0.79986,1.05783,4.0,451.0,738.0,0.80421,0.80448,1.06394,15.0,464.0,738.0,,,,,,
Tongji,Tongji3_CY25-05_4--2.pkl,train,469,976,507,,False,first_cross,False,475.0,0.79968,0.79995,1.06754,5.0,468.0,845.0,0.80407,0.80435,1.07341,19.0,484.0,845.0,,,,,,
Tongji,Tongji3_CY25-05_2--2.pkl,train,435,957,522,,False,first_cross,False,440.0,0.7987,0.79946,1.04278,5.0,434.0,945.0,0.80867,0.80944,1.05579,32.0,462.0,945.0,,,,,,
Tongji,Tongji3_CY25-05_4--1.pkl,train,482,985,503,,False,first_cross,False,488.0,0.79916,0.79981,1.07479,6.0,481.0,937.0,0.79902,0.79968,1.07461,6.0,481.0,937.0,,,,,,
Tongji,Tongji3_CY25-05_2--1.pkl,train,446,978,532,,False,first_cross,False,452.0,0.79951,0.79977,1.05674,6.0,445.0,945.0,0.80863,0.8089,1.0688,28.0,469.0,945.0,,,,,,
Tongji,Tongji3_CY25-05_2--3.pkl,train,470,1025,555,,False,first_cross,False,476.0,0.80037,0.79972,1.06965,6.0,469.0,945.0,0.81007,0.80942,1.08261,37.0,503.0,945.0,,,,,,
Tongji,Tongji3_CY25-05_1--1.pkl,test,481,935,454,,False,first_cross,False,487.0,0.79959,0.79995,1.07608,5.0,480.0,845.0,0.80418,0.80453,1.08225,21.0,499.0,845.0,,,,,,
Tongji,Tongji3_CY25-05_1--2.pkl,train,458,954,496,,False,first_cross,False,464.0,0.79969,0.79958,1.05806,6.0,457.0,945.0,0.80426,0.80414,1.06409,18.0,471.0,945.0,,,,,,
Tongji,Tongji3_CY25-05_1--3.pkl,train,469,993,524,,False,first_cross,False,475.0,0.79909,0.79952,1.06772,6.0,468.0,945.0,0.80416,0.80459,1.0745,21.0,484.0,945.0,,,,,,
Stanford,Stanford_Nova_Regular_Ref_102.pkl,train,473,719,246,repo,False,first_cross,False,473.0,0.79961,0.80044,0.79822,0.0,473.0,473.0,0.78984,0.79066,0.78847,0.0,466.0,466.0,0.79961,0.80044,0.79822,0.0,473.0,473.0
Stanford,Stanford_Nova_Regular_208.pkl,train,629,776,147,repo,False,first_cross,False,629.0,0.79718,0.80034,0.79616,0.0,629.0,629.0,0.77729,0.78037,0.7763,0.0,617.0,617.0,0.79718,0.80034,0.79616,0.0,629.0,629.0
Stanford,Stanford_Nova_Regular_Ref_101.pkl,train,665,778,113,repo,False,first_cross,False,665.0,0.79968,0.80005,0.79884,0.0,665.0,665.0,0.79567,0.79604,0.79483,0.0,659.0,659.0,0.79968,0.80005,0.79884,0.0,665.0,665.0
Stanford,Stanford_Nova_Regular_Ref_100.pkl,test,668,785,117,repo,False,first_cross,False,668.0,0.79915,0.80026,0.79776,0.0,668.0,668.0,0.78656,0.78765,0.78519,0.0,659.0,659.0,0.79915,0.80026,0.79776,0.0,668.0,668.0
Stanford,Stanford_Nova_Regular_210.pkl,train,631,794,163,repo,False,first_cross,False,631.0,0.79822,0.80023,0.79623,0.0,631.0,631.0,0.79197,0.79395,0.78998,0.0,627.0,627.0,0.79822,0.80023,0.79623,0.0,631.0,631.0
Stanford,Stanford_Nova_Regular_212.pkl,train,672,804,132,repo,False,first_cross,False,672.0,0.79751,0.80055,0.79425,0.0,672.0,672.0,0.78309,0.78607,0.77989,0.0,667.0,667.0,0.79751,0.80055,0.79425,0.0,672.0,672.0
Stanford,Stanford_Nova_Regular_222.pkl,train,646,824,178,repo,False,first_cross,False,646.0,0.79968,0.80168,0.79889,0.0,646.0,646.0,0.77789,0.77984,0.77712,0.0,630.0,630.0,0.79968,0.80168,0.79889,0.0,646.0,646.0
Stanford,Stanford_Nova_Regular_203.pkl,train,642,831,189,repo,False,first_cross,False,642.0,0.79997,0.80198,0.7978,0.0,642.0,642.0,0.77073,0.77266,0.76864,0.0,631.0,631.0,0.79997,0.80198,0.7978,0.0,642.0,642.0
Stanford,Stanford_Nova_Regular_205.pkl,train,714,833,119,repo,False,first_cross,False,714.0,0.79792,0.80118,0.81325,4.0,714.0,724.0,0.76254,0.76566,0.7772,0.0,686.0,686.0,0.79792,0.80118,0.81325,4.0,724.0,714.0
Stanford,Stanford_Nova_Regular_204.pkl,test,587,835,248,repo,False,first_cross,False,587.0,0.79697,0.80002,0.79573,0.0,587.0,587.0,0.78082,0.78381,0.77961,0.0,578.0,578.0,0.79697,0.80002,0.79573,0.0,587.0,587.0
Stanford,Stanford_Nova_Regular_219.pkl,train,597,838,241,repo,False,first_cross,False,597.0,0.79968,0.80096,0.79931,0.0,597.0,597.0,0.78253,0.78378,0.78217,0.0,578.0,578.0,0.79968,0.80096,0.79931,0.0,597.0,597.0
Stanford,Stanford_Nova_Regular_221.pkl,train,596,848,252,repo,False,first_cross,False,596.0,0.79842,0.80104,0.79573,0.0,596.0,596.0,0.77737,0.77992,0.77475,0.0,586.0,586.0,0.79842,0.80104,0.79573,0.0,596.0,596.0
Stanford,Stanford_Nova_Regular_193.pkl,train,612,847,235,repo,False,first_cross,False,612.0,0.79978,0.80168,0.79776,0.0,612.0,612.0,0.78044,0.78229,0.77847,0.0,597.0,597.0,0.79978,0.80168,0.79776,0.0,612.0,612.0
Stanford,Stanford_Nova_Regular_198.pkl,test,556,848,292,repo,False,first_cross,False,556.0,0.79963,0.80033,0.80005,1.0,556.0,558.0,0.78255,0.78323,0.78297,0.0,541.0,541.0,0.79963,0.80033,0.80005,1.0,558.0,556.0
Stanford,Stanford_Nova_Regular_209.pkl,test,618,899,281,repo,False,first_cross,False,618.0,0.79904,0.80106,0.81553,9.0,618.0,628.0,0.77386,0.77582,0.78983,0.0,591.0,594.0,0.79904,0.80106,0.81553,9.0,628.0,618.0
Stanford,Stanford_Nova_Regular_201.pkl,train,669,919,250,repo,False,first_cross,False,669.0,0.79834,0.80035,0.79758,0.0,669.0,669.0,0.78095,0.78292,0.78021,0.0,660.0,660.0,0.79834,0.80035,0.79758,0.0,669.0,669.0
Stanford,Stanford_Nova_Regular_216.pkl,train,805,922,117,repo,False,first_cross,False,805.0,0.79952,0.80115,0.79782,0.0,805.0,805.0,0.78743,0.78904,0.78576,0.0,798.0,798.0,0.79952,0.80115,0.79782,0.0,805.0,805.0
Stanford,Stanford_Nova_Regular_214.pkl,val,885,925,40,repo,False,first_cross,False,885.0,0.79643,0.80043,0.79346,0.0,885.0,885.0,0.77794,0.78185,0.77504,0.0,875.0,875.0,0.79643,0.80043,0.79346,0.0,885.0,885.0
Stanford,Stanford_Nova_Regular_196.pkl,train,647,932,285,repo,False,first_cross,False,647.0,0.79871,0.80218,0.79839,0.0,647.0,647.0,0.78742,0.79084,0.78711,0.0,639.0,639.0,0.79871,0.80218,0.79839,0.0,647.0,647.0
Stanford,Stanford_Nova_Regular_192.pkl,train,621,934,313,,False,first_cross,False,621.0,0.79611,0.8,0.79483,0.0,620.0,620.0,0.78247,0.78629,0.7812,0.0,613.0,613.0,,,,,,
Stanford,Stanford_Nova_Regular_229.pkl,train,834,936,102,repo,False,first_cross,False,834.0,0.7969,0.80053,0.79541,0.0,834.0,834.0,0.77804,0.78158,0.77658,0.0,824.0,824.0,0.7969,0.80053,0.79541,0.0,834.0,834.0
Stanford,Stanford_Nova_Regular_194.pkl,val,621,971,350,repo,False,first_cross,False,621.0,0.79754,0.8093,0.79473,0.0,621.0,621.0,0.77241,0.7838,0.76969,0.0,598.0,598.0,0.79754,0.8093,0.79473,0.0,621.0,621.0
Stanford,Stanford_Nova_Regular_211.pkl,train,722,981,259,repo,False,first_cross,False,722.0,0.79958,0.80438,0.79125,0.0,722.0,722.0,0.77385,0.7785,0.7658,0.0,711.0,711.0,0.79958,0.80438,0.79125,0.0,722.0,722.0
Stanford,Stanford_Nova_Regular_199.pkl,train,606,1006,400,repo,False,first_cross,False,606.0,0.79913,0.8003,0.80272,2.0,606.0,610.0,0.77917,0.78031,0.78266,0.0,587.0,594.0,0.79913,0.8003,0.80272,2.0,610.0,606.0
Stanford,Stanford_Nova_Regular_202.pkl,test,613,1016,403,repo,False,first_cross,False,613.0,0.79988,0.80408,0.80135,1.0,613.0,621.0,0.78169,0.78579,0.78312,0.0,603.0,603.0,0.79988,0.80408,0.80135,1.0,621.0,613.0
Stanford,Stanford_Nova_Regular_220.pkl,train,736,1019,283,repo,False,first_cross,False,736.0,0.79978,0.80286,0.80167,2.0,736.0,740.0,0.77604,0.77903,0.77787,0.0,711.0,711.0,0.79978,0.80286,0.80167,2.0,740.0,736.0
Stanford,Stanford_Nova_Regular_213.pkl,test,613,1020,407,repo,False,first_cross,False,613.0,0.79939,0.8008,0.80734,4.0,613.0,625.0,0.7803,0.78167,0.78806,0.0,596.0,596.0,0.79939,0.8008,0.80734,4.0,625.0,613.0
Stanford,Stanford_Nova_Regular_195.pkl,val,603,1019,416,repo,False,first_cross,False,603.0,0.799,0.80086,0.80554,2.0,603.0,622.0,0.78007,0.78189,0.78646,0.0,576.0,576.0,0.799,0.80086,0.80554,2.0,622.0,603.0
Stanford,Stanford_Nova_Regular_200.pkl,train,572,1027,455,repo,False,first_cross,False,572.0,0.79987,0.80088,0.79925,0.0,572.0,572.0,0.78494,0.78593,0.78433,0.0,562.0,562.0,0.79987,0.80088,0.79925,0.0,572.0,572.0
Stanford,Stanford_Nova_Regular_223.pkl,test,886,1037,151,repo,False,first_cross,False,886.0,0.79991,0.80284,0.79683,0.0,886.0,886.0,0.7799,0.78275,0.7769,0.0,878.0,878.0,0.79991,0.80284,0.79683,0.0,886.0,886.0
Stanford,Stanford_Nova_Regular_225.pkl,train,859,1042,183,repo,False,first_cross,False,859.0,0.79922,0.8011,0.79895,0.0,859.0,859.0,0.78664,0.78849,0.78637,0.0,848.0,852.0,0.79922,0.8011,0.79895,0.0,859.0,859.0
Stanford,Stanford_Nova_Regular_191.pkl,val,665,1042,377,repo,False,first_cross,False,665.0,0.79552,0.8022,0.79707,0.0,665.0,665.0,0.78272,0.7893,0.78425,0.0,656.0,656.0,0.79552,0.8022,0.79707,0.0,665.0,665.0
Stanford,Stanford_Nova_Regular_217.pkl,val,640,1044,404,repo,False,first_cross,False,640.0,0.79791,0.8011,0.80214,2.0,640.0,643.0,0.77953,0.78265,0.78366,0.0,633.0,633.0,0.79791,0.8011,0.80214,2.0,643.0,640.0
Stanford,Stanford_Nova_Regular_206.pkl,val,718,1050,332,repo,False,first_cross,False,718.0,0.79935,0.80048,0.81428,9.0,718.0,729.0,0.78196,0.78307,0.79657,0.0,702.0,702.0,0.79935,0.80048,0.81428,9.0,729.0,718.0
Stanford,Stanford_Nova_Regular_215.pkl,train,749,1099,350,repo,False,first_cross,False,749.0,0.7975,0.80232,0.79147,0.0,749.0,749.0,0.78096,0.78568,0.77506,0.0,741.0,741.0,0.7975,0.80232,0.79147,0.0,749.0,749.0
Stanford,Stanford_Nova_Regular_207.pkl,test,682,1105,423,repo,False,first_cross,False,682.0,0.79977,0.80383,0.80711,10.0,682.0,725.0,0.77972,0.78368,0.78688,0.0,664.0,666.0,0.79977,0.80383,0.80711,10.0,725.0,682.0
Stanford,Stanford_Nova_Regular_228.pkl,train,917,1124,207,repo,False,first_cross,False,917.0,0.75542,0.81731,0.78264,0.0,917.0,917.0,0.73857,0.79908,0.76518,0.0,916.0,916.0,0.75542,0.81731,0.78264,0.0,917.0,917.0
Stanford,Stanford_Nova_Regular_226.pkl,train,824,1128,304,repo,False,first_cross,False,824.0,0.7979,0.80209,0.79318,0.0,824.0,824.0,0.77576,0.77983,0.77116,0.0,809.0,809.0,0.7979,0.80209,0.79318,0.0,824.0,824.0
Stanford,Stanford_Nova_Regular_227.pkl,val,909,1133,224,repo,True,first_cross,False,909.0,0.78318,0.83293,0.81499,12.0,909.0,932.0,0.76264,0.81108,0.79361,0.0,909.0,909.0,0.78318,0.83293,0.81499,12.0,932.0,909.0
Stanford,Stanford_Nova_Regular_230.pkl,train,881,1219,338,repo,False,first_cross,False,881.0,0.79743,0.80074,0.79899,0.0,881.0,881.0,0.77785,0.78108,0.77938,0.0,858.0,858.0,0.79743,0.80074,0.79899,0.0,881.0,881.0
Stanford,Stanford_Nova_Regular_224.pkl,val,1004,1420,416,repo,False,first_cross,False,1004.0,0.79922,0.80063,0.80342,1.0,1004.0,1006.0,0.79006,0.79145,0.79421,0.0,989.0,989.0,0.79922,0.80063,0.80342,1.0,1006.0,1004.0
XJTU,XJTU_3C_battery-11.pkl,train,130,130,0,repo,False,first_cross,False,130.0,0.798,0.804,,0.0,130.0,130.0,0.88667,0.89333,,0.0,,,0.798,0.804,,0.0,130.0,130.0
XJTU,XJTU_3C_battery-14.pkl,val,146,146,0,repo,False,first_cross,False,146.0,0.797,0.802,,0.0,146.0,146.0,0.88852,0.89409,,0.0,,,0.797,0.802,,0.0,146.0,146.0
XJTU,XJTU_3C_battery-10.pkl,train,163,163,0,repo,False,first_cross,False,163.0,0.7995,0.8045,,0.0,163.0,163.0,0.88343,0.88895,,0.0,,,0.7995,0.8045,,0.0,163.0,163.0
XJTU,XJTU_3C_battery-15.pkl,train,167,167,0,repo,False,first_cross,False,167.0,0.799,0.8025,,0.0,167.0,167.0,0.89424,0.89815,,0.0,,,0.799,0.8025,,0.0,167.0,167.0
XJTU,XJTU_3C_battery-12.pkl,test,211,211,0,repo,False,first_cross,False,211.0,0.799,0.803,,0.0,211.0,211.0,0.89124,0.89571,,0.0,,,0.799,0.803,,0.0,211.0,211.0
XJTU,XJTU_3C_battery-13.pkl,train,225,225,0,repo,False,first_cross,False,225.0,0.7995,0.8025,,0.0,225.0,225.0,0.88784,0.89117,,0.0,,,0.7995,0.8025,,0.0,225.0,225.0
XJTU,XJTU_3C_battery-8.pkl,val,269,269,0,repo,False,first_cross,False,269.0,0.798,0.8035,,0.0,269.0,269.0,0.85668,0.86259,,0.0,,,0.798,0.8035,,0.0,269.0,269.0
XJTU,XJTU_3C_battery-3.pkl,train,285,285,0,repo,False,first_cross,False,285.0,0.799,0.8005,,0.0,285.0,285.0,0.85091,0.8525,,0.0,,,0.799,0.8005,,0.0,285.0,285.0
XJTU,XJTU_3C_battery-9.pkl,test,286,286,0,repo,False,first_cross,False,286.0,0.7985,0.801,,0.0,286.0,286.0,0.88624,0.88901,,0.0,,,0.7985,0.801,,0.0,286.0,286.0
XJTU,XJTU_3C_battery-5.pkl,train,296,296,0,repo,False,first_cross,False,296.0,0.799,0.801,,0.0,296.0,296.0,0.85455,0.85668,,0.0,,,0.799,0.801,,0.0,296.0,296.0
XJTU,XJTU_3C_battery-1.pkl,test,298,298,0,repo,False,first_cross,False,298.0,0.7995,0.8025,,0.0,298.0,298.0,0.85691,0.86013,,0.0,,,0.7995,0.8025,,0.0,298.0,298.0
XJTU,XJTU_3C_battery-2.pkl,train,291,291,0,repo,False,first_cross,False,291.0,0.7975,0.8015,,0.0,291.0,291.0,0.84705,0.8513,,0.0,,,0.7975,0.8015,,0.0,291.0,291.0
XJTU,XJTU_3C_battery-4.pkl,train,321,321,0,repo,False,first_cross,False,321.0,0.7995,0.8015,,0.0,321.0,321.0,0.85737,0.85952,,0.0,,,0.7995,0.8015,,0.0,321.0,321.0
XJTU,XJTU_3C_battery-7.pkl,train,318,318,0,repo,False,first_cross,False,318.0,0.799,0.8015,,0.0,318.0,318.0,0.85136,0.85402,,0.0,,,0.799,0.8015,,0.0,318.0,318.0
XJTU,XJTU_3C_battery-6.pkl,train,321,321,0,repo,False,first_cross,False,321.0,0.797,0.8025,,0.0,321.0,321.0,0.85653,0.86244,,0.0,,,0.797,0.8025,,0.0,321.0,321.0
XJTU,XJTU_2C_battery-1.pkl,train,389,389,0,repo,False,first_cross,False,389.0,0.796,0.821,,0.0,389.0,389.0,0.85454,0.88137,,0.0,,,0.796,0.821,,0.0,389.0,389.0
XJTU,XJTU_2C_battery-3.pkl,val,392,392,0,repo,False,first_cross,False,392.0,0.7905,0.8045,,0.0,392.0,392.0,0.84954,0.86459,,0.0,,,0.7905,0.8045,,0.0,392.0,392.0
XJTU,XJTU_2C_battery-4.pkl,train,396,395,0,repo,False,regress,True,,,,,,,,,,,,,,,,,,,
XJTU,XJTU_2C_battery-7.pkl,val,401,401,0,repo,False,first_cross,False,401.0,0.7985,0.8005,,0.0,401.0,401.0,0.82405,0.82611,,0.0,,,0.7985,0.8005,,0.0,401.0,401.0
XJTU,XJTU_2C_battery-5.pkl,test,401,402,1,repo,False,first_cross,False,401.0,0.8,0.801,0.7985,0.0,401.0,401.0,0.84166,0.84271,0.84008,1.0,,,0.8,0.801,0.7985,0.0,401.0,401.0
XJTU,XJTU_2C_battery-2.pkl,train,405,406,1,repo,False,first_cross,False,405.0,0.8,0.8015,0.799,0.0,405.0,405.0,0.85975,0.86136,0.85868,1.0,,,0.8,0.8015,0.799,0.0,405.0,405.0
XJTU,XJTU_2C_battery-6.pkl,train,406,407,1,repo,False,first_cross,False,406.0,0.8,0.8015,0.7985,0.0,406.0,406.0,0.83945,0.84103,0.83788,1.0,,,0.8,0.8015,0.7985,0.0,406.0,406.0
XJTU,XJTU_2C_battery-8.pkl,train,418,419,1,repo,False,first_cross,False,418.0,0.8,0.8025,0.799,0.0,418.0,418.0,0.84522,0.84786,0.84416,1.0,,,0.8,0.8025,0.799,0.0,418.0,418.0
ISU_ILCC,ISU-ILCC_G14C4.pkl,test,169,168,0,,False,first_cross,True,,,,,,127.0,143.0,,,,,,,,,,,,
ISU_ILCC,ISU-ILCC_G14C3.pkl,train,134,168,34,dis1,False,first_cross,False,134.0,0.77918,0.78769,0.78025,0.0,112.0,112.0,0.7963,0.805,0.79739,0.0,134.0,134.0,0.7963,0.805,0.79739,0.0,134.0,134.0
ISU_ILCC,ISU-ILCC_G14C2.pkl,test,190,250,60,dis1,False,first_cross,False,190.0,0.78563,0.78907,0.7917,0.0,178.0,178.0,0.79777,0.80126,0.80393,5.0,190.0,205.0,0.79777,0.80126,0.80393,5.0,205.0,190.0
ISU_ILCC,ISU-ILCC_G53C1.pkl,train,229,466,237,repo,False,first_cross,False,229.0,0.79686,0.80092,0.79556,0.0,229.0,229.0,0.76067,0.76455,0.75943,0.0,181.0,181.0,0.79686,0.80092,0.79556,0.0,229.0,229.0
ISU_ILCC,ISU-ILCC_G14C1.pkl,train,276,420,144,dis1,False,first_cross,False,276.0,0.80078,0.8039,0.80325,5.0,278.0,284.0,0.79806,0.80116,0.80051,1.0,276.0,282.0,0.79806,0.80116,0.80051,1.0,282.0,276.0
ISU_ILCC,ISU-ILCC_G19C4.pkl,train,253,417,164,dis1,False,first_cross,False,253.0,0.78133,0.80104,0.78245,0.0,248.0,253.0,0.78704,0.80689,0.78817,0.0,253.0,253.0,0.78704,0.80689,0.78817,0.0,253.0,253.0
ISU_ILCC,ISU-ILCC_G53C2.pkl,train,262,520,258,repo,False,first_cross,False,262.0,0.79935,0.80175,0.802,4.0,262.0,268.0,0.76273,0.76502,0.76526,0.0,224.0,230.0,0.79935,0.80175,0.802,4.0,268.0,262.0
ISU_ILCC,ISU-ILCC_G53C3.pkl,test,250,586,336,repo,False,first_cross,False,250.0,0.79943,0.8175,0.79582,0.0,250.0,250.0,0.75289,0.76991,0.74949,0.0,212.0,212.0,0.79943,0.8175,0.79582,0.0,250.0,250.0
ISU_ILCC,ISU-ILCC_G9C1.pkl,train,331,354,23,repo,False,first_cross,False,331.0,0.79872,0.80007,0.79646,0.0,331.0,331.0,0.73348,0.73472,0.7314,0.0,277.0,277.0,0.79872,0.80007,0.79646,0.0,331.0,331.0
ISU_ILCC,ISU-ILCC_G9C2.pkl,train,312,345,33,repo,False,first_cross,False,312.0,0.79848,0.80306,0.79386,0.0,312.0,312.0,0.72355,0.7277,0.71936,0.0,276.0,276.0,0.79848,0.80306,0.79386,0.0,312.0,312.0
ISU_ILCC,ISU-ILCC_G36C4.pkl,train,297,427,130,repo,False,first_cross,False,297.0,0.7824,0.80158,0.78106,0.0,297.0,297.0,0.71342,0.73091,0.7122,0.0,236.0,236.0,0.7824,0.80158,0.78106,0.0,297.0,297.0
ISU_ILCC,ISU-ILCC_G9C3.pkl,train,382,384,2,repo,False,first_cross,False,382.0,0.79858,0.80158,0.79561,0.0,382.0,382.0,0.70897,0.71164,0.70634,0.0,326.0,328.0,0.79858,0.80158,0.79561,0.0,382.0,382.0
ISU_ILCC,ISU-ILCC_G35C2.pkl,val,358,431,73,repo,False,first_cross,False,358.0,0.79696,0.8016,0.79848,0.0,358.0,358.0,0.72598,0.73021,0.72737,0.0,314.0,314.0,0.79696,0.8016,0.79848,0.0,358.0,358.0
ISU_ILCC,ISU-ILCC_G20C1.pkl,train,325,377,52,repo,False,first_cross,False,325.0,0.79916,0.80436,0.793,0.0,325.0,325.0,0.71965,0.72434,0.7141,0.0,301.0,301.0,0.79916,0.80436,0.793,0.0,325.0,325.0
ISU_ILCC,ISU-ILCC_G22C2.pkl,test,308,514,206,repo,False,first_cross,False,308.0,0.79673,0.80003,0.79358,0.0,308.0,308.0,0.7094,0.71234,0.7066,0.0,275.0,275.0,0.79673,0.80003,0.79358,0.0,308.0,308.0
ISU_ILCC,ISU-ILCC_G20C2.pkl,train,372,418,46,repo,False,first_cross,False,372.0,0.7984,0.80262,0.79434,0.0,372.0,372.0,0.71279,0.71656,0.70917,0.0,346.0,346.0,0.7984,0.80262,0.79434,0.0,372.0,372.0
ISU_ILCC,ISU-ILCC_G64C3.pkl,train,584,974,390,repo,False,first_cross,False,584.0,0.79714,0.80022,0.79914,0.0,584.0,584.0,0.77234,0.77532,0.77427,0.0,522.0,525.0,0.79714,0.80022,0.79914,0.0,584.0,584.0
ISU_ILCC,ISU-ILCC_G5C4.pkl,test,334,556,222,repo,False,first_cross,False,334.0,0.78774,0.80352,0.77528,0.0,334.0,334.0,0.70227,0.71634,0.69116,0.0,322.0,322.0,0.78774,0.80352,0.77528,0.0,334.0,334.0
ISU_ILCC,ISU-ILCC_G12C2.pkl,test,836,1518,682,dis1,False,first_cross,False,836.0,0.78996,0.79263,0.80014,1.0,795.0,845.0,0.79916,0.80187,0.80946,25.0,836.0,912.0,0.79916,0.80187,0.80946,25.0,912.0,836.0
ISU_ILCC,ISU-ILCC_G19C2.pkl,train,393,844,451,dis1,False,first_cross,False,393.0,0.78417,0.78549,0.78555,0.0,346.0,346.0,0.79918,0.80053,0.80059,1.0,393.0,402.0,0.79918,0.80053,0.80059,1.0,402.0,393.0
ISU_ILCC,ISU-ILCC_G38C2.pkl,train,395,564,169,repo,False,first_cross,False,395.0,0.79938,0.80141,0.79964,0.0,395.0,395.0,0.72071,0.72254,0.72095,0.0,341.0,341.0,0.79938,0.80141,0.79964,0.0,395.0,395.0
ISU_ILCC,ISU-ILCC_G22C4.pkl,val,428,523,95,repo,False,first_cross,False,428.0,0.79767,0.80054,0.79472,0.0,428.0,428.0,0.69754,0.70005,0.69496,0.0,383.0,383.0,0.79767,0.80054,0.79472,0.0,428.0,428.0
ISU_ILCC,ISU-ILCC_G24C3.pkl,test,420,552,132,repo,False,first_cross,False,420.0,0.79869,0.8003,0.7971,0.0,420.0,420.0,0.72355,0.72501,0.72211,0.0,373.0,373.0,0.79869,0.8003,0.7971,0.0,420.0,420.0
ISU_ILCC,ISU-ILCC_G28C4.pkl,train,398,1633,1235,dis1,False,first_cross,False,398.0,0.79095,0.79123,0.79308,0.0,381.0,381.0,0.79976,0.80005,0.80192,2.0,398.0,415.0,0.79976,0.80005,0.80192,2.0,415.0,398.0
ISU_ILCC,ISU-ILCC_G64C1.pkl,val,509,1500,991,repo,False,first_cross,False,509.0,0.79986,0.8023,0.79754,0.0,509.0,509.0,0.77601,0.77838,0.77376,0.0,491.0,491.0,0.79986,0.8023,0.79754,0.0,509.0,509.0
ISU_ILCC,ISU-ILCC_G30C4.pkl,train,499,943,444,dis1,False,first_cross,False,499.0,0.7971,0.7989,0.79653,0.0,496.0,496.0,0.79971,0.80152,0.79914,0.0,499.0,499.0,0.79971,0.80152,0.79914,0.0,499.0,499.0
ISU_ILCC,ISU-ILCC_G61C3.pkl,train,575,2952,2377,dis1,False,first_cross,False,575.0,0.8068,0.80698,0.80928,11.0,585.0,588.0,0.79987,0.80005,0.80233,2.0,575.0,580.0,0.79987,0.80005,0.80233,2.0,580.0,575.0
ISU_ILCC,ISU-ILCC_G35C4.pkl,test,445,656,211,repo,False,first_cross,False,445.0,0.79947,0.8004,0.80036,1.0,445.0,447.0,0.72028,0.72112,0.72109,0.0,378.0,378.0,0.79947,0.8004,0.80036,1.0,447.0,445.0
ISU_ILCC,ISU-ILCC_G22C1.pkl,train,492,586,94,repo,False,first_cross,False,492.0,0.79796,0.80189,0.79428,0.0,492.0,492.0,0.70966,0.71316,0.70639,0.0,466.0,466.0,0.79796,0.80189,0.79428,0.0,492.0,492.0
ISU_ILCC,ISU-ILCC_G21C1.pkl,train,472,586,114,repo,False,first_cross,False,472.0,0.79691,0.80079,0.79338,0.0,472.0,472.0,0.70931,0.71276,0.70617,0.0,430.0,430.0,0.79691,0.80079,0.79338,0.0,472.0,472.0
ISU_ILCC,ISU-ILCC_G23C3.pkl,train,466,629,163,repo,False,first_cross,False,466.0,0.79967,0.80086,0.79867,0.0,466.0,466.0,0.72303,0.7241,0.72212,0.0,399.0,399.0,0.79967,0.80086,0.79867,0.0,466.0,466.0
ISU_ILCC,ISU-ILCC_G24C1.pkl,train,507,631,124,repo,False,first_cross,False,507.0,0.7996,0.80048,0.79836,0.0,507.0,507.0,0.72995,0.73075,0.72881,0.0,437.0,437.0,0.7996,0.80048,0.79836,0.0,507.0,507.0
ISU_ILCC,ISU-ILCC_G64C2.pkl,val,419,1993,1574,repo,False,first_cross,False,419.0,0.79803,0.8007,0.79576,0.0,419.0,419.0,0.7705,0.77307,0.76831,0.0,404.0,404.0,0.79803,0.8007,0.79576,0.0,419.0,419.0
ISU_ILCC,ISU-ILCC_G24C4.pkl,test,444,634,190,repo,False,first_cross,False,444.0,0.79923,0.80005,0.79859,0.0,444.0,444.0,0.72612,0.72687,0.72554,0.0,357.0,357.0,0.79923,0.80005,0.79859,0.0,444.0,444.0
ISU_ILCC,ISU-ILCC_G63C1.pkl,val,411,2073,1662,dis1,False,first_cross,False,411.0,0.79318,0.79459,0.79155,0.0,404.0,404.0,0.79929,0.80071,0.79764,0.0,411.0,411.0,0.79929,0.80071,0.79764,0.0,411.0,411.0
ISU_ILCC,ISU-ILCC_G19C1.pkl,val,476,1002,526,dis1,False,first_cross,False,476.0,0.78064,0.78322,0.78708,0.0,410.0,419.0,0.79874,0.80137,0.80532,8.0,476.0,485.0,0.79874,0.80137,0.80532,8.0,485.0,476.0
ISU_ILCC,ISU-ILCC_G63C2.pkl,val,320,2328,2008,dis1,False,first_cross,False,320.0,0.79514,0.79735,0.79362,0.0,311.0,317.0,0.79992,0.80213,0.79838,0.0,320.0,320.0,0.79992,0.80213,0.79838,0.0,320.0,320.0
ISU_ILCC,ISU-ILCC_G28C1.pkl,train,607,1693,1086,dis1,False,first_cross,False,607.0,0.78825,0.79024,0.7899,0.0,562.0,582.0,0.79895,0.80097,0.80062,5.0,607.0,618.0,0.79895,0.80097,0.80062,5.0,618.0,607.0
ISU_ILCC,ISU-ILCC_G22C3.pkl,test,514,650,136,repo,False,first_cross,False,514.0,0.79875,0.80052,0.79714,0.0,514.0,514.0,0.71993,0.72152,0.71848,0.0,440.0,440.0,0.79875,0.80052,0.79714,0.0,514.0,514.0
ISU_ILCC,ISU-ILCC_G21C4.pkl,train,536,659,123,repo,False,first_cross,False,536.0,0.79734,0.80209,0.79248,0.0,536.0,536.0,0.7129,0.71715,0.70855,0.0,491.0,491.0,0.79734,0.80209,0.79248,0.0,536.0,536.0
ISU_ILCC,ISU-ILCC_G38C1.pkl,train,431,770,339,repo,False,first_cross,False,431.0,0.79778,0.80302,0.79676,0.0,431.0,431.0,0.73591,0.74074,0.73496,0.0,363.0,363.0,0.79778,0.80302,0.79676,0.0,431.0,431.0
ISU_ILCC,ISU-ILCC_G23C1.pkl,test,499,679,180,repo,False,first_cross,False,499.0,0.79148,0.80694,0.79709,0.0,499.0,499.0,0.71144,0.72533,0.71648,0.0,425.0,425.0,0.79148,0.80694,0.79709,0.0,499.0,499.0
ISU_ILCC,ISU-ILCC_G37C4.pkl,test,487,587,100,repo,False,first_cross,False,487.0,0.79937,0.805,0.79456,0.0,487.0,487.0,0.7177,0.72276,0.71339,0.0,429.0,431.0,0.79937,0.805,0.79456,0.0,487.0,487.0
ISU_ILCC,ISU-ILCC_G39C2.pkl,test,507,716,209,repo,False,first_cross,False,507.0,0.79957,0.80404,0.80124,1.0,507.0,510.0,0.71876,0.72278,0.72026,0.0,445.0,445.0,0.79957,0.80404,0.80124,1.0,510.0,507.0
ISU_ILCC,ISU-ILCC_G39C1.pkl,train,490,732,242,repo,False,first_cross,False,490.0,0.79913,0.80449,0.8015,3.0,490.0,496.0,0.74141,0.74638,0.74361,0.0,439.0,441.0,0.79913,0.80449,0.8015,3.0,496.0,490.0
ISU_ILCC,ISU-ILCC_G39C3.pkl,val,477,728,251,repo,False,first_cross,False,477.0,0.79518,0.80337,0.79536,0.0,477.0,477.0,0.70251,0.70974,0.70267,0.0,436.0,438.0,0.79518,0.80337,0.79536,0.0,477.0,477.0
ISU_ILCC,ISU-ILCC_G19C3.pkl,val,570,1126,556,dis1,False,first_cross,False,570.0,0.77966,0.78628,0.78581,0.0,503.0,524.0,0.7979,0.80468,0.80419,6.0,570.0,578.0,0.7979,0.80468,0.80419,6.0,578.0,570.0
ISU_ILCC,ISU-ILCC_G35C3.pkl,train,507,761,254,repo,False,first_cross,False,507.0,0.79517,0.8003,0.80039,1.0,507.0,512.0,0.70763,0.71219,0.71228,0.0,429.0,436.0,0.79517,0.8003,0.80039,1.0,512.0,507.0
ISU_ILCC,ISU-ILCC_G21C3.pkl,val,448,737,289,repo,True,first_cross,False,448.0,0.0,0.94448,0.9474,147.0,448.0,633.0,0.0,0.83935,0.84194,67.0,448.0,553.0,0.0,0.94448,0.9474,147.0,633.0,448.0
ISU_ILCC,ISU-ILCC_G25C1.pkl,train,726,1523,797,dis1,False,first_cross,False,726.0,0.80157,0.80439,0.84,62.0,728.0,872.0,0.79889,0.8017,0.83719,48.0,726.0,870.0,0.79889,0.8017,0.83719,48.0,870.0,726.0
ISU_ILCC,ISU-ILCC_G23C4.pkl,train,547,732,185,repo,False,first_cross,False,547.0,0.79691,0.80126,0.79812,0.0,547.0,547.0,0.71852,0.72244,0.71961,0.0,456.0,456.0,0.79691,0.80126,0.79812,0.0,547.0,547.0
ISU_ILCC,ISU-ILCC_G24C2.pkl,train,603,756,153,repo,False,first_cross,False,603.0,0.79918,0.80026,0.79768,0.0,603.0,603.0,0.72459,0.72557,0.72323,0.0,528.0,528.0,0.79918,0.80026,0.79768,0.0,603.0,603.0
ISU_ILCC,ISU-ILCC_G23C2.pkl,train,569,741,172,repo,False,first_cross,False,569.0,0.79978,0.80107,0.7988,0.0,569.0,569.0,0.72704,0.72822,0.72616,0.0,495.0,495.0,0.79978,0.80107,0.7988,0.0,569.0,569.0
ISU_ILCC,ISU-ILCC_G5C1.pkl,train,526,728,202,repo,False,first_cross,False,526.0,0.79264,0.80159,0.79238,0.0,526.0,526.0,0.71639,0.72448,0.71616,0.0,497.0,497.0,0.79264,0.80159,0.79238,0.0,526.0,526.0
ISU_ILCC,ISU-ILCC_G48C1.pkl,val,677,3936,3259,dis1,False,first_cross,False,677.0,0.81803,0.81918,0.83297,82.0,725.0,774.0,0.79891,0.80003,0.8135,10.0,677.0,749.0,0.79891,0.80003,0.8135,10.0,749.0,677.0
ISU_ILCC,ISU-ILCC_G62C4.pkl,train,505,4441,3936,repo,True,first_cross,False,505.0,0.79885,0.80179,0.79863,0.0,505.0,505.0,0.79802,0.80095,0.79779,0.0,505.0,505.0,0.79885,0.80179,0.79863,0.0,505.0,505.0
ISU_ILCC,ISU-ILCC_G30C1.pkl,train,440,1452,1012,dis1,False,first_cross,False,440.0,0.79617,0.79633,0.79525,0.0,435.0,435.0,0.79986,0.80002,0.79894,0.0,440.0,440.0,0.79986,0.80002,0.79894,0.0,440.0,440.0
ISU_ILCC,ISU-ILCC_G36C1.pkl,train,555,827,272,repo,False,first_cross,False,555.0,0.79928,0.8044,0.79736,0.0,555.0,555.0,0.7186,0.7232,0.71687,0.0,502.0,509.0,0.79928,0.8044,0.79736,0.0,555.0,555.0
ISU_ILCC,ISU-ILCC_G25C2.pkl,train,826,1589,763,dis1,False,first_cross,False,826.0,0.79783,0.80079,0.832,45.0,824.0,955.0,0.79846,0.80141,0.83266,48.0,826.0,956.0,0.79846,0.80141,0.83266,48.0,956.0,826.0
ISU_ILCC,ISU-ILCC_G8C1.pkl,test,560,1204,644,dis1,False,first_cross,False,560.0,0.80287,0.80393,0.80534,7.0,565.0,570.0,0.79912,0.80018,0.80158,2.0,560.0,565.0,0.79912,0.80018,0.80158,2.0,565.0,560.0
ISU_ILCC,ISU-ILCC_G48C4.pkl,val,699,5610,4911,dis1,False,first_cross,False,699.0,0.81601,0.81649,0.82409,77.0,777.0,777.0,0.79982,0.80029,0.80774,4.0,699.0,760.0,0.79982,0.80029,0.80774,4.0,760.0,699.0
ISU_ILCC,ISU-ILCC_G30C2.pkl,train,658,1231,573,dis1,False,first_cross,False,658.0,0.79654,0.79746,0.85328,116.0,649.0,781.0,0.79915,0.80007,0.85607,122.0,658.0,793.0,0.79915,0.80007,0.85607,122.0,793.0,658.0
ISU_ILCC,ISU-ILCC_G17C4.pkl,train,674,1069,395,repo,True,first_cross,False,674.0,0.79594,0.80665,0.82079,93.0,674.0,812.0,0.79188,0.80254,0.81661,50.0,674.0,806.0,0.79594,0.80665,0.82079,93.0,812.0,674.0
ISU_ILCC,ISU-ILCC_G29C1.pkl,val,1133,3117,1984,dis1,False,first_cross,False,1133.0,0.81675,0.82,0.81745,50.0,1178.0,1221.0,0.79929,0.80247,0.79998,0.0,1133.0,1133.0,0.79929,0.80247,0.79998,0.0,1133.0,1133.0
ISU_ILCC,ISU-ILCC_G31C3.pkl,train,744,2533,1789,dis1,False,first_cross,False,744.0,0.80365,0.80483,0.81521,35.0,765.0,793.0,0.8,0.80117,0.81151,12.0,744.0,788.0,0.8,0.80117,0.81151,12.0,788.0,744.0
ISU_ILCC,ISU-ILCC_G38C3.pkl,train,588,845,257,repo,False,first_cross,False,588.0,0.79654,0.80106,0.78987,0.0,588.0,588.0,0.72359,0.72769,0.71753,0.0,529.0,533.0,0.79654,0.80106,0.78987,0.0,588.0,588.0
ISU_ILCC,ISU-ILCC_G31C2.pkl,val,747,2618,1871,dis1,False,first_cross,False,747.0,0.80245,0.80321,0.81959,18.0,753.0,776.0,0.79978,0.80054,0.81687,11.0,747.0,774.0,0.79978,0.80054,0.81687,11.0,774.0,747.0
ISU_ILCC,ISU-ILCC_G20C4.pkl,train,639,715,76,repo,False,first_cross,False,639.0,0.79737,0.80097,0.79352,0.0,639.0,639.0,0.70803,0.71123,0.70461,0.0,516.0,516.0,0.79737,0.80097,0.79352,0.0,639.0,639.0
ISU_ILCC,ISU-ILCC_G28C2.pkl,train,440,2110,1670,dis1,False,first_cross,False,440.0,0.78759,0.78833,0.78597,0.0,421.0,421.0,0.79967,0.80043,0.79803,0.0,440.0,440.0,0.79967,0.80043,0.79803,0.0,440.0,440.0
ISU_ILCC,ISU-ILCC_G28C3.pkl,train,628,2109,1481,dis1,False,first_cross,False,628.0,0.78921,0.78998,0.79405,0.0,597.0,600.0,0.7995,0.80028,0.8044,12.0,628.0,694.0,0.7995,0.80028,0.8044,12.0,694.0,628.0
ISU_ILCC,ISU-ILCC_G20C3.pkl,train,625,763,138,repo,False,first_cross,False,625.0,0.79982,0.80052,0.79906,0.0,625.0,625.0,0.72506,0.7257,0.72438,0.0,410.0,410.0,0.79982,0.80052,0.79906,0.0,625.0,625.0
ISU_ILCC,ISU-ILCC_G46C3.pkl,train,502,4849,4347,dis1,False,first_cross,False,502.0,0.79493,0.79683,0.79353,0.0,499.0,499.0,0.79821,0.80011,0.7968,0.0,502.0,502.0,0.79821,0.80011,0.7968,0.0,502.0,502.0
ISU_ILCC,ISU-ILCC_G31C4.pkl,val,716,2992,2276,dis1,False,first_cross,False,716.0,0.80183,0.80231,0.80538,6.0,720.0,766.0,0.79997,0.80045,0.80351,3.0,716.0,766.0,0.79997,0.80045,0.80351,3.0,766.0,716.0
ISU_ILCC,ISU-ILCC_G60C2.pkl,train,320,2470,2150,dis1,False,first_cross,False,320.0,0.79462,0.79561,0.80814,8.0,316.0,339.0,0.79987,0.80087,0.81348,13.0,320.0,344.0,0.79987,0.80087,0.81348,13.0,344.0,320.0
ISU_ILCC,ISU-ILCC_G48C2.pkl,val,593,5711,5118,dis1,False,first_cross,False,593.0,0.81563,0.81737,0.81437,26.0,620.0,620.0,0.7991,0.8008,0.79786,0.0,593.0,593.0,0.7991,0.8008,0.79786,0.0,593.0,593.0
ISU_ILCC,ISU-ILCC_G60C3.pkl,test,408,3035,2627,dis1,False,first_cross,False,408.0,0.79509,0.7959,0.79597,0.0,401.0,401.0,0.79937,0.80019,0.80026,1.0,408.0,410.0,0.79937,0.80019,0.80026,1.0,410.0,408.0
ISU_ILCC,ISU-ILCC_G5C3.pkl,test,705,777,72,repo,False,first_cross,False,705.0,0.79989,0.80406,0.7965,0.0,705.0,705.0,0.72822,0.73201,0.72513,0.0,560.0,563.0,0.79989,0.80406,0.7965,0.0,705.0,705.0
ISU_ILCC,ISU-ILCC_G37C3.pkl,train,575,725,150,repo,False,first_cross,False,575.0,0.79911,0.80814,0.79438,0.0,575.0,575.0,0.70682,0.71482,0.70264,0.0,527.0,542.0,0.79911,0.80814,0.79438,0.0,575.0,575.0
ISU_ILCC,ISU-ILCC_G29C4.pkl,train,1166,3226,2060,dis1,False,first_cross,False,1166.0,0.8181,0.81938,0.84087,160.0,1312.0,1460.0,0.79876,0.80001,0.821,17.0,1166.0,1269.0,0.79876,0.80001,0.821,17.0,1269.0,1166.0
ISU_ILCC,ISU-ILCC_G13C3.pkl,val,818,1788,970,dis1,False,first_cross,False,818.0,0.79357,0.7956,0.7969,0.0,742.0,816.0,0.79896,0.801,0.80231,2.0,818.0,821.0,0.79896,0.801,0.80231,2.0,821.0,818.0
ISU_ILCC,ISU-ILCC_G39C4.pkl,train,553,912,359,repo,False,first_cross,False,553.0,0.79854,0.80162,0.80074,2.0,553.0,557.0,0.72269,0.72547,0.72468,0.0,469.0,473.0,0.79854,0.80162,0.80074,2.0,557.0,553.0
ISU_ILCC,ISU-ILCC_G51C3.pkl,test,779,5383,4604,dis1,False,first_cross,False,779.0,0.82025,0.82121,0.83537,84.0,832.0,907.0,0.79976,0.80069,0.81449,9.0,779.0,883.0,0.79976,0.80069,0.81449,9.0,883.0,779.0
ISU_ILCC,ISU-ILCC_G13C4.pkl,train,671,1886,1215,dis1,False,first_cross,False,671.0,0.78727,0.78975,0.78918,0.0,617.0,646.0,0.79954,0.80205,0.80148,2.0,671.0,674.0,0.79954,0.80205,0.80148,2.0,674.0,671.0
ISU_ILCC,ISU-ILCC_G13C1.pkl,test,676,1943,1267,dis1,False,first_cross,False,676.0,0.7818,0.78842,0.79597,0.0,544.0,601.0,0.7998,0.80658,0.8143,40.0,676.0,737.0,0.7998,0.80658,0.8143,40.0,737.0,676.0
ISU_ILCC,ISU-ILCC_G36C2.pkl,train,609,971,362,repo,False,first_cross,False,609.0,0.79771,0.80226,0.80126,2.0,609.0,613.0,0.72561,0.72975,0.72884,0.0,548.0,552.0,0.79771,0.80226,0.80126,2.0,613.0,609.0
ISU_ILCC,ISU-ILCC_G31C1.pkl,train,537,2395,1858,dis1,False,first_cross,False,537.0,0.80011,0.80435,0.80031,1.0,539.0,539.0,0.7969,0.80113,0.7971,0.0,537.0,537.0,0.7969,0.80113,0.7971,0.0,537.0,537.0
ISU_ILCC,ISU-ILCC_G47C1.pkl,train,917,6027,5110,dis1,False,first_cross,False,917.0,0.82093,0.82363,0.82538,107.0,998.0,1068.0,0.79942,0.80206,0.80375,5.0,917.0,1049.0,0.79942,0.80206,0.80375,5.0,1049.0,917.0
ISU_ILCC,ISU-ILCC_G47C4.pkl,train,902,6086,5184,dis1,False,first_cross,False,902.0,0.82375,0.82651,0.84601,112.0,971.0,1051.0,0.79999,0.80268,0.82162,17.0,902.0,1021.0,0.79999,0.80268,0.82162,17.0,1021.0,902.0
ISU_ILCC,ISU-ILCC_G51C1.pkl,train,466,4969,4503,dis1,False,first_cross,False,466.0,0.81653,0.8176,0.81728,83.0,549.0,552.0,0.79943,0.80049,0.80017,1.0,466.0,470.0,0.79943,0.80049,0.80017,1.0,470.0,466.0
ISU_ILCC,ISU-ILCC_G16C2.pkl,train,544,679,135,repo,False,first_cross,False,544.0,0.79666,0.80622,0.79982,0.0,544.0,544.0,0.71295,0.7215,0.71577,0.0,505.0,505.0,0.79666,0.80622,0.79982,0.0,544.0,544.0
ISU_ILCC,ISU-ILCC_G37C2.pkl,test,653,782,129,repo,False,first_cross,False,653.0,0.79306,0.8003,0.79558,0.0,653.0,653.0,0.71178,0.71828,0.71404,0.0,574.0,574.0,0.79306,0.8003,0.79558,0.0,653.0,653.0
ISU_ILCC,ISU-ILCC_G45C4.pkl,train,546,4418,3872,dis1,False,first_cross,False,546.0,0.79783,0.79918,0.79989,0.0,545.0,545.0,0.79973,0.80109,0.8018,5.0,546.0,555.0,0.79973,0.80109,0.8018,5.0,555.0,546.0
ISU_ILCC,ISU-ILCC_G16C3.pkl,train,545,698,153,repo,False,first_cross,False,545.0,0.79905,0.80342,0.7966,0.0,545.0,545.0,0.71659,0.72051,0.7144,0.0,447.0,502.0,0.79905,0.80342,0.7966,0.0,545.0,545.0
ISU_ILCC,ISU-ILCC_G17C2.pkl,val,716,1237,521,dis1,False,first_cross,False,716.0,0.79451,0.80163,0.82396,127.0,689.0,950.0,0.79997,0.80713,0.82962,189.0,716.0,957.0,0.79997,0.80713,0.82962,189.0,957.0,716.0
ISU_ILCC,ISU-ILCC_G8C2.pkl,train,614,1362,748,dis1,False,first_cross,False,614.0,0.79425,0.80035,0.79754,0.0,603.0,614.0,0.79855,0.80468,0.80185,2.0,614.0,623.0,0.79855,0.80468,0.80185,2.0,623.0,614.0
ISU_ILCC,ISU-ILCC_G16C1.pkl,test,504,745,241,repo,False,first_cross,False,504.0,0.79819,0.80344,0.79931,0.0,504.0,504.0,0.73098,0.73579,0.73201,0.0,436.0,443.0,0.79819,0.80344,0.79931,0.0,504.0,504.0
ISU_ILCC,ISU-ILCC_G16C4.pkl,val,531,723,192,repo,False,first_cross,False,531.0,0.79923,0.80798,0.7754,0.0,531.0,531.0,0.71739,0.72524,0.696,0.0,468.0,491.0,0.79923,0.80798,0.7754,0.0,531.0,531.0
ISU_ILCC,ISU-ILCC_G45C1.pkl,train,497,4357,3860,,False,first_cross,False,497.0,0.79843,0.79918,0.80299,2.0,493.0,538.0,0.79942,0.80018,0.80399,3.0,495.0,538.0,,,,,,
ISU_ILCC,ISU-ILCC_G27C3.pkl,train,446,3679,3233,dis1,False,first_cross,False,446.0,0.81547,0.8174,0.84294,54.0,500.0,511.0,0.79996,0.80186,0.82691,20.0,446.0,481.0,0.79996,0.80186,0.82691,20.0,481.0,446.0
ISU_ILCC,ISU-ILCC_G10C3.pkl,train,602,1952,1350,dis1,False,first_cross,False,602.0,0.79092,0.79408,0.80438,12.0,580.0,649.0,0.79796,0.80115,0.81154,44.0,602.0,655.0,0.79796,0.80115,0.81154,44.0,655.0,602.0
ISU_ILCC,ISU-ILCC_G10C1.pkl,val,715,2035,1320,dis1,False,first_cross,False,715.0,0.78688,0.79075,0.79866,0.0,622.0,707.0,0.7972,0.80112,0.80914,24.0,715.0,798.0,0.7972,0.80112,0.80914,24.0,798.0,715.0
ISU_ILCC,ISU-ILCC_G47C3.pkl,val,925,5977,5052,dis1,False,first_cross,False,925.0,0.823,0.82626,0.85343,142.0,1060.0,1069.0,0.79907,0.80224,0.82862,27.0,925.0,1023.0,0.79907,0.80224,0.82862,27.0,1023.0,925.0
ISU_ILCC,ISU-ILCC_G12C3.pkl,train,1910,2972,1062,dis1,False,first_cross,False,1910.0,0.77246,0.77787,0.79877,0.0,1759.0,1893.0,0.7963,0.80187,0.82341,70.0,1910.0,2137.0,0.7963,0.80187,0.82341,70.0,2137.0,1910.0
ISU_ILCC,ISU-ILCC_G48C3.pkl,test,817,4979,4162,dis1,False,first_cross,False,817.0,0.81616,0.81679,0.82241,77.0,870.0,937.0,0.79963,0.80025,0.80576,8.0,817.0,920.0,0.79963,0.80025,0.80576,8.0,920.0,817.0
ISU_ILCC,ISU-ILCC_G53C4.pkl,val,562,1472,910,repo,False,first_cross,False,562.0,0.79908,0.80265,0.80134,1.0,562.0,568.0,0.744,0.74732,0.7461,0.0,496.0,500.0,0.79908,0.80265,0.80134,1.0,568.0,562.0
ISU_ILCC,ISU-ILCC_G21C2.pkl,train,745,926,181,repo,False,first_cross,False,745.0,0.79999,0.80149,0.79838,0.0,745.0,745.0,0.7138,0.71514,0.71236,0.0,588.0,588.0,0.79999,0.80149,0.79838,0.0,745.0,745.0
ISU_ILCC,ISU-ILCC_G5C2.pkl,test,553,1673,1120,repo,False,first_cross,False,553.0,0.79464,0.8025,0.7935,0.0,553.0,553.0,0.72154,0.72868,0.72051,0.0,493.0,504.0,0.79464,0.8025,0.7935,0.0,553.0,553.0
ISU_ILCC,ISU-ILCC_G51C2.pkl,train,1021,5504,4483,dis1,False,first_cross,False,1021.0,0.81175,0.81259,0.83549,112.0,1075.0,1275.0,0.79941,0.80024,0.82279,24.0,1021.0,1101.0,0.79941,0.80024,0.82279,24.0,1101.0,1021.0
ISU_ILCC,ISU-ILCC_G44C1.pkl,train,1405,5108,3703,dis1,False,first_cross,False,1405.0,0.79705,0.79826,0.85005,23.0,1401.0,1554.0,0.79918,0.80039,0.85232,25.0,1405.0,1554.0,0.79918,0.80039,0.85232,25.0,1554.0,1405.0
ISU_ILCC,ISU-ILCC_G60C4.pkl,val,411,3392,2981,dis1,False,first_cross,False,411.0,0.79586,0.79699,0.79582,0.0,406.0,406.0,0.79978,0.80092,0.79975,0.0,411.0,411.0,0.79978,0.80092,0.79975,0.0,411.0,411.0
ISU_ILCC,ISU-ILCC_G51C4.pkl,train,980,5400,4420,dis1,False,first_cross,False,980.0,0.81944,0.82138,0.83849,110.0,1046.0,1100.0,0.79946,0.80135,0.81804,14.0,980.0,1073.0,0.79946,0.80135,0.81804,14.0,1073.0,980.0
ISU_ILCC,ISU-ILCC_G36C3.pkl,val,569,1053,484,repo,False,first_cross,False,569.0,0.79671,0.80049,0.80111,1.0,569.0,573.0,0.71612,0.71951,0.72007,0.0,454.0,456.0,0.79671,0.80049,0.80111,1.0,573.0,569.0
ISU_ILCC,ISU-ILCC_G38C4.pkl,train,561,1135,574,repo,False,first_cross,False,561.0,0.79997,0.80326,0.80066,1.0,561.0,565.0,0.74991,0.753,0.75056,0.0,488.0,488.0,0.79997,0.80326,0.80066,1.0,565.0,561.0
ISU_ILCC,ISU-ILCC_G3C2.pkl,train,522,1155,633,dis1,False,first_cross,False,522.0,0.78176,0.78562,0.79691,0.0,456.0,499.0,0.79833,0.80227,0.8138,62.0,522.0,624.0,0.79833,0.80227,0.8138,62.0,624.0,522.0
ISU_ILCC,ISU-ILCC_G3C4.pkl,test,533,1164,631,dis1,False,first_cross,False,533.0,0.78953,0.79489,0.81193,12.0,530.0,605.0,0.79727,0.80269,0.81989,51.0,533.0,653.0,0.79727,0.80269,0.81989,51.0,653.0,533.0
ISU_ILCC,ISU-ILCC_G17C3.pkl,train,932,1304,372,dis1,False,first_cross,False,932.0,0.79433,0.79991,0.81882,18.0,918.0,954.0,0.79955,0.80518,0.82421,29.0,932.0,1006.0,0.79955,0.80518,0.82421,29.0,1006.0,932.0
ISU_ILCC,ISU-ILCC_G46C2.pkl,val,654,5141,4487,dis1,False,first_cross,False,654.0,0.79723,0.79937,0.80147,2.0,647.0,664.0,0.79965,0.8018,0.8039,10.0,654.0,673.0,0.79965,0.8018,0.8039,10.0,673.0,654.0
ISU_ILCC,ISU-ILCC_G17C1.pkl,train,937,1466,529,repo,True,first_cross,False,937.0,0.79841,0.80201,0.80248,5.0,937.0,948.0,0.79937,0.80297,0.80344,5.0,937.0,948.0,0.79841,0.80201,0.80248,5.0,948.0,937.0
ISU_ILCC,ISU-ILCC_G46C1.pkl,train,643,5932,5289,dis1,False,first_cross,False,643.0,0.79643,0.80045,0.79665,0.0,636.0,643.0,0.79769,0.80171,0.79791,0.0,643.0,643.0,0.79769,0.80171,0.79791,0.0,643.0,643.0
ISU_ILCC,ISU-ILCC_G63C3.pkl,train,547,3695,3148,dis1,False,first_cross,False,547.0,0.79172,0.79487,0.79201,0.0,539.0,539.0,0.79866,0.80184,0.79895,0.0,547.0,547.0,0.79866,0.80184,0.79895,0.0,547.0,547.0
ISU_ILCC,ISU-ILCC_G45C3.pkl,train,532,5457,4925,dis1,False,first_cross,False,532.0,0.7965,0.79819,0.79549,0.0,514.0,531.0,0.7985,0.8002,0.79749,0.0,532.0,532.0,0.7985,0.8002,0.79749,0.0,532.0,532.0
ISU_ILCC,ISU-ILCC_G45C2.pkl,val,502,5296,4794,dis1,False,first_cross,False,502.0,0.79616,0.7978,0.80787,2.0,498.0,524.0,0.79923,0.80087,0.81098,4.0,502.0,526.0,0.79923,0.80087,0.81098,4.0,526.0,502.0
ISU_ILCC,ISU-ILCC_G12C1.pkl,val,1560,3281,1721,dis1,False,first_cross,False,1560.0,0.78979,0.79319,0.80985,24.0,1505.0,1799.0,0.79909,0.80254,0.81939,104.0,1560.0,1799.0,0.79909,0.80254,0.81939,104.0,1799.0,1560.0
ISU_ILCC,ISU-ILCC_G52C2.pkl,val,519,1895,1376,dis1,False,first_cross,False,519.0,0.79299,0.79549,0.79409,0.0,509.0,509.0,0.79935,0.80187,0.80046,2.0,519.0,551.0,0.79935,0.80187,0.80046,2.0,551.0,519.0
ISU_ILCC,ISU-ILCC_G29C3.pkl,train,1309,4246,2937,dis1,False,first_cross,False,1309.0,0.81703,0.81789,0.82052,138.0,1409.0,1630.0,0.79985,0.80069,0.80327,3.0,1309.0,1439.0,0.79985,0.80069,0.80327,3.0,1439.0,1309.0
ISU_ILCC,ISU-ILCC_G46C4.pkl,train,520,6206,5686,dis1,False,first_cross,False,520.0,0.80004,0.80155,0.80148,1.0,522.0,522.0,0.79867,0.80018,0.8001,1.0,520.0,522.0,0.79867,0.80018,0.8001,1.0,522.0,520.0
ISU_ILCC,ISU-ILCC_G52C3.pkl,test,661,2128,1467,repo,True,first_cross,False,661.0,0.79076,0.80624,0.80927,23.0,661.0,686.0,0.79365,0.80919,0.81223,29.0,661.0,696.0,0.79076,0.80624,0.80927,23.0,686.0,661.0
ISU_ILCC,ISU-ILCC_G62C2.pkl,train,855,6700,5845,dis1,False,first_cross,False,855.0,0.81011,0.81124,0.81199,20.0,876.0,876.0,0.79965,0.80077,0.80151,2.0,855.0,858.0,0.79965,0.80077,0.80151,2.0,858.0,855.0
ISU_ILCC,ISU-ILCC_G37C1.pkl,test,698,947,249,repo,False,first_cross,False,698.0,0.79945,0.80028,0.79774,0.0,698.0,698.0,0.73736,0.73813,0.73579,0.0,554.0,558.0,0.79945,0.80028,0.79774,0.0,698.0,698.0
ISU_ILCC,ISU-ILCC_G33C4.pkl,train,1472,5009,3537,dis1,False,first_cross,False,1472.0,0.80494,0.80835,0.8354,35.0,1485.0,1597.0,0.79926,0.80264,0.8295,18.0,1472.0,1591.0,0.79926,0.80264,0.8295,18.0,1591.0,1472.0
ISU_ILCC,ISU-ILCC_G32C2.pkl,train,1354,5857,4503,dis1,False,first_cross,False,1354.0,0.80818,0.80897,0.85722,133.0,1400.0,1671.0,0.79974,0.80052,0.84827,53.0,1354.0,1607.0,0.79974,0.80052,0.84827,53.0,1607.0,1354.0
ISU_ILCC,ISU-ILCC_G35C1.pkl,train,647,1142,495,repo,False,first_cross,False,647.0,0.79711,0.80183,0.80212,2.0,647.0,650.0,0.72852,0.73284,0.73311,0.0,484.0,496.0,0.79711,0.80183,0.80212,2.0,650.0,647.0
ISU_ILCC,ISU-ILCC_G10C2.pkl,val,842,2358,1516,dis1,False,first_cross,False,842.0,0.79544,0.804,0.81881,50.0,828.0,1032.0,0.79871,0.8073,0.82218,84.0,842.0,1140.0,0.79871,0.8073,0.82218,84.0,1140.0,842.0
ISU_ILCC,ISU-ILCC_G30C3.pkl,train,664,2002,1338,repo,True,first_cross,False,664.0,0.72086,0.80394,0.80398,10.0,664.0,678.0,0.72316,0.80651,0.80655,19.0,664.0,685.0,0.72086,0.80394,0.80398,10.0,678.0,664.0
ISU_ILCC,ISU-ILCC_G33C2.pkl,test,1500,5746,4246,dis1,False,first_cross,False,1500.0,0.80847,0.80982,0.8331,43.0,1523.0,1618.0,0.7997,0.80104,0.82406,13.0,1500.0,1611.0,0.7997,0.80104,0.82406,13.0,1611.0,1500.0
ISU_ILCC,ISU-ILCC_G4C4.pkl,train,1112,2124,1012,dis1,False,first_cross,False,1112.0,0.80233,0.80473,0.81991,37.0,1123.0,1284.0,0.79961,0.80201,0.81714,19.0,1112.0,1284.0,0.79961,0.80201,0.81714,19.0,1284.0,1112.0
ISU_ILCC,ISU-ILCC_G32C4.pkl,train,1569,5794,4225,dis1,False,first_cross,False,1569.0,0.80621,0.80722,0.85823,171.0,1680.0,2017.0,0.79962,0.80062,0.85122,115.0,1569.0,2015.0,0.79962,0.80062,0.85122,115.0,2015.0,1569.0
ISU_ILCC,ISU-ILCC_G60C1.pkl,train,515,3740,3225,,False,first_cross,False,515.0,0.79315,0.79699,0.7951,0.0,502.0,511.0,0.79692,0.80078,0.79888,0.0,513.0,515.0,,,,,,
ISU_ILCC,ISU-ILCC_G18C4.pkl,train,1597,3632,2035,dis1,False,first_cross,False,1597.0,0.78717,0.78995,0.83001,88.0,1577.0,1916.0,0.7994,0.80222,0.84291,196.0,1597.0,2111.0,0.7994,0.80222,0.84291,196.0,2111.0,1597.0
ISU_ILCC,ISU-ILCC_G52C4.pkl,train,755,2269,1514,dis1,False,first_cross,False,755.0,0.79208,0.79298,0.80041,1.0,712.0,786.0,0.79961,0.80051,0.80802,27.0,755.0,790.0,0.79961,0.80051,0.80802,27.0,790.0,755.0
ISU_ILCC,ISU-ILCC_G62C3.pkl,train,715,6861,6146,dis1,False,first_cross,False,715.0,0.79838,0.79971,0.80282,3.0,714.0,804.0,0.79963,0.80096,0.80408,9.0,715.0,805.0,0.79963,0.80096,0.80408,9.0,805.0,715.0
ISU_ILCC,ISU-ILCC_G56C3.pkl,train,1025,3690,2665,dis1,False,first_cross,False,1025.0,0.80317,0.80467,0.80606,20.0,1035.0,1109.0,0.79887,0.80036,0.80175,7.0,1025.0,1108.0,0.79887,0.80036,0.80175,7.0,1108.0,1025.0
ISU_ILCC,ISU-ILCC_G64C4.pkl,train,597,4357,3760,repo,False,first_cross,False,597.0,0.7998,0.80084,0.80042,1.0,597.0,601.0,0.77571,0.77673,0.77632,0.0,544.0,557.0,0.7998,0.80084,0.80042,1.0,601.0,597.0
ISU_ILCC,ISU-ILCC_G61C4.pkl,test,1164,6411,5247,dis1,False,first_cross,False,1164.0,0.82176,0.82397,0.8226,76.0,1227.0,1334.0,0.799,0.80115,0.79981,0.0,1164.0,1164.0,0.799,0.80115,0.79981,0.0,1164.0,1164.0
ISU_ILCC,ISU-ILCC_G25C3.pkl,train,935,3037,2102,dis1,False,first_cross,False,935.0,0.80027,0.80302,0.81816,16.0,937.0,996.0,0.79979,0.80253,0.81766,15.0,935.0,996.0,0.79979,0.80253,0.81766,15.0,996.0,935.0
ISU_ILCC,ISU-ILCC_G47C2.pkl,train,1334,7478,6144,dis1,False,first_cross,False,1334.0,0.82267,0.82593,0.83822,162.0,1494.0,1505.0,0.79936,0.80253,0.81447,31.0,1334.0,1461.0,0.79936,0.80253,0.81447,31.0,1461.0,1334.0
ISU_ILCC,ISU-ILCC_G61C2.pkl,train,836,7487,6651,dis1,False,first_cross,False,836.0,0.81223,0.84697,0.85009,231.0,1055.0,1141.0,0.7851,0.81867,0.82169,116.0,836.0,962.0,0.7851,0.81867,0.82169,116.0,962.0,836.0
ISU_ILCC,ISU-ILCC_G18C3.pkl,train,1701,4050,2349,dis1,False,first_cross,False,1701.0,0.78081,0.79328,0.87695,433.0,1682.0,2327.0,0.79783,0.81057,0.89606,607.0,1701.0,2353.0,0.79783,0.81057,0.89606,607.0,2353.0,1701.0
ISU_ILCC,ISU-ILCC_G18C2.pkl,val,1737,4062,2325,dis1,False,first_cross,False,1737.0,0.78677,0.79511,0.88706,576.0,1705.0,2356.0,0.79275,0.80116,0.89381,597.0,1737.0,2357.0,0.79275,0.80116,0.89381,597.0,2357.0,1737.0
ISU_ILCC,ISU-ILCC_G63C4.pkl,test,590,3667,3077,dis1,False,first_cross,False,590.0,0.79281,0.79322,0.80354,3.0,576.0,635.0,0.79995,0.80036,0.81077,9.0,590.0,641.0,0.79995,0.80036,0.81077,9.0,641.0,590.0
ISU_ILCC,ISU-ILCC_G55C3.pkl,test,738,7910,7172,dis1,False,first_cross,False,738.0,0.8016,0.80527,0.80518,18.0,757.0,757.0,0.79779,0.80144,0.80134,4.0,738.0,756.0,0.79779,0.80144,0.80134,4.0,756.0,738.0
ISU_ILCC,ISU-ILCC_G32C3.pkl,train,1593,7329,5736,repo,True,first_cross,False,1593.0,0.71752,0.83324,0.8549,186.0,1593.0,1914.0,0.70906,0.82342,0.84482,141.0,1593.0,1912.0,0.71752,0.83324,0.8549,186.0,1914.0,1593.0
ISU_ILCC,ISU-ILCC_G62C1.pkl,train,560,8929,8369,dis1,False,first_cross,False,560.0,0.80734,0.80871,0.81056,46.0,603.0,614.0,0.7996,0.80095,0.80279,5.0,560.0,570.0,0.7996,0.80095,0.80279,5.0,570.0,560.0
ISU_ILCC,ISU-ILCC_G33C1.pkl,val,1667,6453,4786,dis1,False,first_cross,False,1667.0,0.80389,0.84908,0.83219,66.0,1715.0,1811.0,0.79406,0.8387,0.82201,35.0,1667.0,1803.0,0.79406,0.8387,0.82201,35.0,1803.0,1667.0
ISU_ILCC,ISU-ILCC_G7C2.pkl,val,1166,2775,1609,dis1,False,first_cross,False,1166.0,0.79389,0.79612,0.82713,40.0,1155.0,1298.0,0.7985,0.80073,0.83192,64.0,1166.0,1303.0,0.7985,0.80073,0.83192,64.0,1303.0,1166.0
ISU_ILCC,ISU-ILCC_G52C1.pkl,train,646,2527,1881,dis1,False,first_cross,False,646.0,0.78793,0.79022,0.79336,0.0,611.0,623.0,0.79841,0.80074,0.80392,7.0,646.0,669.0,0.79841,0.80074,0.80392,7.0,669.0,646.0
ISU_ILCC,ISU-ILCC_G58C2.pkl,test,729,4047,3318,repo,True,first_cross,False,729.0,0.77802,0.83076,0.84441,190.0,729.0,934.0,0.77931,0.83214,0.84581,196.0,729.0,936.0,0.77802,0.83076,0.84441,190.0,934.0,729.0
ISU_ILCC,ISU-ILCC_G41C2.pkl,test,735,6628,5893,dis1,False,first_cross,False,735.0,0.7977,0.79882,0.80123,1.0,724.0,792.0,0.79918,0.80031,0.80272,1.0,735.0,792.0,0.79918,0.80031,0.80272,1.0,792.0,735.0
ISU_ILCC,ISU-ILCC_G33C3.pkl,test,2646,5985,3339,dis1,False,first_cross,False,2646.0,0.80309,0.80478,0.85551,40.0,2656.0,2930.0,0.79933,0.80101,0.8515,26.0,2646.0,2929.0,0.79933,0.80101,0.8515,26.0,2929.0,2646.0
ISU_ILCC,ISU-ILCC_G29C2.pkl,train,967,6560,5593,dis1,False,first_cross,False,967.0,0.81907,0.82096,0.81923,185.0,1152.0,1261.0,0.79892,0.80077,0.79908,0.0,967.0,967.0,0.79892,0.80077,0.79908,0.0,967.0,967.0
ISU_ILCC,ISU-ILCC_G2C1.pkl,val,1119,2566,1447,dis1,False,first_cross,False,1119.0,0.79895,0.8026,0.83495,90.0,1110.0,1293.0,0.79927,0.80291,0.83528,93.0,1119.0,1293.0,0.79927,0.80291,0.83528,93.0,1293.0,1119.0
ISU_ILCC,ISU-ILCC_G4C1.pkl,train,1271,2834,1563,dis1,False,first_cross,False,1271.0,0.79735,0.80016,0.82216,91.0,1269.0,1397.0,0.7988,0.80161,0.82365,106.0,1271.0,1404.0,0.7988,0.80161,0.82365,106.0,1404.0,1271.0
ISU_ILCC,ISU-ILCC_G32C1.pkl,val,1608,8273,6665,repo,True,first_cross,False,1608.0,0.71064,0.85753,0.87829,422.0,1608.0,2119.0,0.70245,0.84765,0.86817,388.0,1608.0,2114.0,0.71064,0.85753,0.87829,422.0,2119.0,1608.0
ISU_ILCC,ISU-ILCC_G7C1.pkl,train,1005,3033,2028,dis1,False,first_cross,False,1005.0,0.79471,0.80255,0.82543,26.0,944.0,1075.0,0.79763,0.8055,0.82847,36.0,1005.0,1166.0,0.79763,0.8055,0.82847,36.0,1166.0,1005.0
ISU_ILCC,ISU-ILCC_G44C4.pkl,train,1443,7304,5861,repo,True,first_cross,False,1443.0,0.69351,0.85612,0.86943,297.0,1443.0,1905.0,0.70529,0.87065,0.88419,365.0,1443.0,1916.0,0.69351,0.85612,0.86943,297.0,1905.0,1443.0
ISU_ILCC,ISU-ILCC_G13C2.pkl,train,906,3107,2201,dis1,False,first_cross,False,906.0,0.79408,0.79834,0.8147,29.0,861.0,1075.0,0.7983,0.80259,0.81903,68.0,906.0,1093.0,0.7983,0.80259,0.81903,68.0,1093.0,906.0
ISU_ILCC,ISU-ILCC_G4C2.pkl,train,1500,2794,1294,dis1,False,first_cross,False,1500.0,0.80015,0.80575,0.8307,75.0,1552.0,1962.0,0.79873,0.80433,0.82923,69.0,1500.0,1962.0,0.79873,0.80433,0.82923,69.0,1962.0,1500.0
ISU_ILCC,ISU-ILCC_G55C2.pkl,train,862,8625,7763,dis1,False,first_cross,False,862.0,0.81939,0.82368,0.83999,134.0,968.0,1049.0,0.79893,0.80311,0.81901,37.0,862.0,913.0,0.79893,0.80311,0.81901,37.0,913.0,862.0
ISU_ILCC,ISU-ILCC_G3C3.pkl,train,764,1770,1006,dis1,False,first_cross,False,764.0,0.79003,0.7951,0.79836,0.0,707.0,749.0,0.79961,0.80474,0.80804,16.0,764.0,811.0,0.79961,0.80474,0.80804,16.0,811.0,764.0
ISU_ILCC,ISU-ILCC_G27C1.pkl,val,665,8903,8238,dis1,False,first_cross,False,665.0,0.81893,0.82002,0.84115,169.0,781.0,874.0,0.79976,0.80083,0.82146,26.0,665.0,856.0,0.79976,0.80083,0.82146,26.0,856.0,665.0
ISU_ILCC,ISU-ILCC_G2C3.pkl,test,957,2546,1589,dis1,False,first_cross,False,957.0,0.79823,0.80009,0.83014,143.0,954.0,1282.0,0.79991,0.80178,0.83189,155.0,957.0,1282.0,0.79991,0.80178,0.83189,155.0,1282.0,957.0
ISU_ILCC,ISU-ILCC_G55C1.pkl,train,874,9788,8914,dis1,False,first_cross,False,874.0,0.81656,0.8201,0.8186,66.0,933.0,998.0,0.79916,0.80262,0.80116,3.0,874.0,881.0,0.79916,0.80262,0.80116,3.0,881.0,874.0
ISU_ILCC,ISU-ILCC_G2C4.pkl,test,1031,2787,1756,dis1,False,first_cross,False,1031.0,0.78359,0.78881,0.80296,2.0,890.0,1082.0,0.79799,0.80331,0.81772,49.0,1031.0,1295.0,0.79799,0.80331,0.81772,49.0,1295.0,1031.0
ISU_ILCC,ISU-ILCC_G55C4.pkl,val,786,9655,8869,dis1,False,first_cross,False,786.0,0.80833,0.81054,0.81818,57.0,825.0,852.0,0.79874,0.80093,0.80847,10.0,786.0,839.0,0.79874,0.80093,0.80847,10.0,839.0,786.0
ISU_ILCC,ISU-ILCC_G56C4.pkl,test,930,4672,3742,dis1,False,first_cross,False,930.0,0.81185,0.81652,0.82423,80.0,1010.0,1013.0,0.79828,0.80287,0.81045,14.0,930.0,983.0,0.79828,0.80287,0.81045,14.0,983.0,930.0
ISU_ILCC,ISU-ILCC_G44C2.pkl,train,1989,7742,5753,dis1,False,first_cross,False,1989.0,0.79661,0.79719,0.84511,18.0,1978.0,2061.0,0.79967,0.80026,0.84836,19.0,1989.0,2062.0,0.79967,0.80026,0.84836,19.0,2062.0,1989.0
ISU_ILCC,ISU-ILCC_G8C4.pkl,train,763,2345,1582,dis1,False,first_cross,False,763.0,0.79809,0.79986,0.80438,5.0,762.0,790.0,0.79969,0.80147,0.806,8.0,763.0,790.0,0.79969,0.80147,0.806,8.0,790.0,763.0
ISU_ILCC,ISU-ILCC_G50C2.pkl,train,2561,15269,12708,dis1,False,first_cross,False,2561.0,0.79862,0.80251,0.82881,31.0,2557.0,2727.0,0.79981,0.80372,0.83005,40.0,2561.0,2727.0,0.79981,0.80372,0.83005,40.0,2727.0,2561.0
ISU_ILCC,ISU-ILCC_G2C2.pkl,test,743,2610,1867,dis1,False,first_cross,False,743.0,0.79329,0.79604,0.82421,37.0,741.0,842.0,0.79978,0.80256,0.83096,63.0,743.0,846.0,0.79978,0.80256,0.83096,63.0,846.0,743.0
ISU_ILCC,ISU-ILCC_G12C4.pkl,train,2169,4920,2751,dis1,False,first_cross,False,2169.0,0.78634,0.79424,0.8294,22.0,1838.0,2627.0,0.79861,0.80663,0.84234,102.0,2169.0,2655.0,0.79861,0.80663,0.84234,102.0,2655.0,2169.0
ISU_ILCC,ISU-ILCC_G44C3.pkl,train,2144,6301,4157,dis1,False,first_cross,False,2144.0,0.79877,0.79923,0.83404,59.0,2142.0,2367.0,0.79961,0.80007,0.83492,64.0,2144.0,2367.0,0.79961,0.80007,0.83492,64.0,2367.0,2144.0
ISU_ILCC,ISU-ILCC_G58C3.pkl,train,1130,4332,3202,dis1,False,first_cross,False,1130.0,0.78897,0.79467,0.79547,0.0,1111.0,1122.0,0.7981,0.80386,0.80468,6.0,1130.0,1137.0,0.7981,0.80386,0.80468,6.0,1137.0,1130.0
ISU_ILCC,ISU-ILCC_G27C4.pkl,train,663,8837,8174,dis1,False,first_cross,False,663.0,0.82198,0.82301,0.83132,86.0,746.0,813.0,0.7999,0.8009,0.80898,17.0,663.0,700.0,0.7999,0.8009,0.80898,17.0,700.0,663.0
ISU_ILCC,ISU-ILCC_G58C4.pkl,test,1220,4209,2989,dis1,False,first_cross,False,1220.0,0.78595,0.79558,0.80921,12.0,1161.0,1235.0,0.79594,0.80569,0.81949,27.0,1220.0,1271.0,0.79594,0.80569,0.81949,27.0,1271.0,1220.0
ISU_ILCC,ISU-ILCC_G54C4.pkl,test,3005,9419,6414,dis1,False,first_cross,False,3005.0,0.79197,0.79641,0.8967,47.0,2998.0,3256.0,0.79727,0.80174,0.9027,59.0,3005.0,3258.0,0.79727,0.80174,0.9027,59.0,3258.0,3005.0
ISU_ILCC,ISU-ILCC_G4C3.pkl,train,1567,3024,1457,repo,True,first_cross,False,1567.0,0.79311,0.81269,0.82405,89.0,1567.0,2023.0,0.78934,0.80883,0.82014,45.0,1567.0,2020.0,0.79311,0.81269,0.82405,89.0,2023.0,1567.0
ISU_ILCC,ISU-ILCC_G34C3.pkl,train,2244,13646,11402,dis1,False,first_cross,False,2244.0,0.80715,0.81015,0.84481,93.0,2279.0,2409.0,0.79875,0.80171,0.83602,37.0,2244.0,2397.0,0.79875,0.80171,0.83602,37.0,2397.0,2244.0
ISU_ILCC,ISU-ILCC_G56C2.pkl,train,1019,4904,3885,dis1,False,first_cross,False,1019.0,0.80351,0.80865,0.81349,60.0,1045.0,1237.0,0.79864,0.80375,0.80857,22.0,1019.0,1108.0,0.79864,0.80375,0.80857,22.0,1108.0,1019.0
ISU_ILCC,ISU-ILCC_G7C4.pkl,train,1269,3538,2269,dis1,False,first_cross,False,1269.0,0.79682,0.80003,0.82298,46.0,1260.0,1439.0,0.79939,0.80261,0.82563,67.0,1269.0,1441.0,0.79939,0.80261,0.82563,67.0,1441.0,1269.0
ISU_ILCC,ISU-ILCC_G59C3.pkl,val,1371,13336,11965,repo,True,first_cross,False,1371.0,0.79353,0.94892,0.99859,1532.0,1371.0,3317.0,0.77532,0.92715,0.97568,1458.0,1371.0,3311.0,0.79353,0.94892,0.99859,1532.0,3317.0,1371.0
ISU_ILCC,ISU-ILCC_G3C1.pkl,test,886,1993,1107,dis1,False,first_cross,False,886.0,0.80163,0.8066,0.81552,55.0,919.0,947.0,0.79759,0.80253,0.81141,38.0,886.0,938.0,0.79759,0.80253,0.81141,38.0,938.0,886.0
ISU_ILCC,ISU-ILCC_G27C2.pkl,train,588,10367,9779,dis1,False,first_cross,False,588.0,0.81805,0.82155,0.81911,67.0,636.0,692.0,0.79981,0.80323,0.80085,1.0,588.0,590.0,0.79981,0.80323,0.80085,1.0,590.0,588.0
ISU_ILCC,ISU-ILCC_G1C4.pkl,train,2612,4596,1984,dis1,False,first_cross,False,2612.0,0.78144,0.78845,0.86793,36.0,2485.0,2780.0,0.79877,0.80594,0.88719,87.0,2612.0,2916.0,0.79877,0.80594,0.88719,87.0,2916.0,2612.0
ISU_ILCC,ISU-ILCC_G43C2.pkl,train,2042,13894,11852,dis1,False,first_cross,False,2042.0,0.80232,0.80561,0.8058,15.0,2051.0,2060.0,0.79959,0.80286,0.80306,6.0,2042.0,2049.0,0.79959,0.80286,0.80306,6.0,2049.0,2042.0
ISU_ILCC,ISU-ILCC_G10C4.pkl,val,1017,3912,2895,dis1,False,first_cross,False,1017.0,0.78844,0.79502,0.80748,15.0,882.0,1118.0,0.79738,0.80404,0.81664,53.0,1017.0,1118.0,0.79738,0.80404,0.81664,53.0,1118.0,1017.0
ISU_ILCC,ISU-ILCC_G56C1.pkl,test,1219,4840,3621,dis1,False,first_cross,False,1219.0,0.79692,0.80061,0.80235,1.0,1210.0,1323.0,0.79853,0.80223,0.80398,7.0,1219.0,1323.0,0.79853,0.80223,0.80398,7.0,1323.0,1219.0
ISU_ILCC,ISU-ILCC_G42C3.pkl,train,1185,13829,12644,dis1,False,first_cross,False,1185.0,0.82714,0.82985,0.85253,194.0,1369.0,1469.0,0.79951,0.80213,0.82405,29.0,1185.0,1308.0,0.79951,0.80213,0.82405,29.0,1308.0,1185.0
ISU_ILCC,ISU-ILCC_G54C1.pkl,val,3139,11093,7954,repo,True,first_cross,False,3139.0,0.79629,0.80556,0.89909,67.0,3139.0,3697.0,0.79839,0.80769,0.90147,75.0,3139.0,3697.0,0.79629,0.80556,0.89909,67.0,3697.0,3139.0
ISU_ILCC,ISU-ILCC_G40C3.pkl,train,16,8957,8941,dis1,False,first_cross,False,16.0,0.47912,0.71879,1.47464,3968.0,2.0,5386.0,0.55219,0.82842,1.69956,4423.0,16.0,5402.0,0.55219,0.82842,1.69956,4423.0,5402.0,16.0
ISU_ILCC,ISU-ILCC_G34C2.pkl,train,3109,16644,13535,dis1,False,first_cross,False,3109.0,0.58311,0.83845,0.86789,651.0,317.0,4055.0,0.58975,0.848,0.87777,783.0,3109.0,4376.0,0.58975,0.848,0.87777,783.0,4376.0,3109.0
ISU_ILCC,ISU-ILCC_G8C3.pkl,test,791,2902,2111,dis1,False,first_cross,False,791.0,0.78733,0.79191,0.79409,0.0,708.0,764.0,0.79983,0.80448,0.80671,11.0,791.0,812.0,0.79983,0.80448,0.80671,11.0,812.0,791.0
ISU_ILCC,ISU-ILCC_G34C4.pkl,val,2440,16586,14146,dis1,False,first_cross,False,2440.0,0.81112,0.81362,0.85257,161.0,2526.0,2622.0,0.79977,0.80223,0.84063,59.0,2440.0,2593.0,0.79977,0.80223,0.84063,59.0,2593.0,2440.0
ISU_ILCC,ISU-ILCC_G34C1.pkl,train,2593,13881,11288,repo,True,first_cross,False,2593.0,0.73262,0.85916,0.89084,410.0,2593.0,3414.0,0.7209,0.84542,0.87659,337.0,2593.0,3122.0,0.73262,0.85916,0.89084,410.0,3414.0,2593.0
ISU_ILCC,ISU-ILCC_G54C3.pkl,test,3107,10357,7250,dis1,False,first_cross,False,3107.0,0.78544,0.79102,0.88355,43.0,3058.0,3403.0,0.79993,0.8056,0.89984,92.0,3107.0,3635.0,0.79993,0.8056,0.89984,92.0,3635.0,3107.0
ISU_ILCC,ISU-ILCC_G41C3.pkl,train,781,8903,8122,dis1,False,first_cross,False,781.0,0.80427,0.8079,0.80668,31.0,808.0,817.0,0.79805,0.80166,0.80045,2.0,781.0,789.0,0.79805,0.80166,0.80045,2.0,789.0,781.0
ISU_ILCC,ISU-ILCC_G40C2.pkl,train,2739,9335,6596,dis1,False,first_cross,False,2739.0,0.80275,0.80595,0.88441,196.0,2862.0,3158.0,0.79933,0.80252,0.88064,174.0,2739.0,3157.0,0.79933,0.80252,0.88064,174.0,3157.0,2739.0
ISU_ILCC,ISU-ILCC_G43C4.pkl,train,2043,14465,12422,dis1,False,first_cross,False,2043.0,0.81063,0.81321,0.85775,136.0,2100.0,2376.0,0.79983,0.80237,0.84631,69.0,2043.0,2166.0,0.79983,0.80237,0.84631,69.0,2166.0,2043.0
ISU_ILCC,ISU-ILCC_G58C1.pkl,train,1521,5378,3857,dis1,False,first_cross,False,1521.0,0.79731,0.79977,0.82922,85.0,1509.0,1699.0,0.79936,0.80183,0.83136,101.0,1521.0,1706.0,0.79936,0.80183,0.83136,101.0,1706.0,1521.0
ISU_ILCC,ISU-ILCC_G50C1.pkl,train,3157,19073,15916,repo,True,first_cross,False,3157.0,0.62002,0.81907,0.85209,224.0,3157.0,3757.0,0.62544,0.82623,0.85955,312.0,3157.0,3761.0,0.62002,0.81907,0.85209,224.0,3757.0,3157.0
ISU_ILCC,ISU-ILCC_G41C4.pkl,train,799,10205,9406,dis1,False,first_cross,False,799.0,0.80691,0.80777,0.80861,21.0,821.0,821.0,0.7998,0.80065,0.80148,2.0,799.0,802.0,0.7998,0.80065,0.80148,2.0,802.0,799.0
ISU_ILCC,ISU-ILCC_G54C2.pkl,val,3323,11825,8502,dis1,False,first_cross,False,3323.0,0.78598,0.79215,0.89488,53.0,3284.0,3861.0,0.7996,0.80587,0.91039,80.0,3323.0,3863.0,0.7996,0.80587,0.91039,80.0,3863.0,3323.0
ISU_ILCC,ISU-ILCC_G49C1.pkl,val,342,11637,11295,dis1,False,first_cross,False,342.0,0.78679,0.78817,0.79546,0.0,322.0,326.0,0.79945,0.80085,0.80825,23.0,342.0,1181.0,0.79945,0.80085,0.80825,23.0,1181.0,342.0
ISU_ILCC,ISU-ILCC_G50C4.pkl,train,3151,19112,15961,repo,True,first_cross,False,3151.0,0.48672,0.85707,0.88998,435.0,3151.0,4116.0,0.48597,0.85574,0.88861,428.0,3151.0,4116.0,0.48672,0.85707,0.88998,435.0,4116.0,3151.0
ISU_ILCC,ISU-ILCC_G59C4.pkl,test,2512,20684,18172,dis1,False,first_cross,False,2512.0,0.8135,0.8161,0.86387,75.0,2528.0,3035.0,0.79903,0.80159,0.84851,33.0,2512.0,3030.0,0.79903,0.80159,0.84851,33.0,3030.0,2512.0
ISU_ILCC,ISU-ILCC_G49C3.pkl,train,4283,13673,9390,dis1,False,first_cross,False,4283.0,0.7726,0.77587,0.86837,98.0,3795.0,4929.0,0.79947,0.80286,0.89857,248.0,4283.0,5226.0,0.79947,0.80286,0.89857,248.0,5226.0,4283.0
ISU_ILCC,ISU-ILCC_G49C4.pkl,train,3713,10471,6758,dis1,False,first_cross,False,3713.0,0.78474,0.78579,0.85228,28.0,3558.0,4079.0,0.79981,0.80087,0.86864,55.0,3713.0,4319.0,0.79981,0.80087,0.86864,55.0,4319.0,3713.0
ISU_ILCC,ISU-ILCC_G49C2.pkl,val,2036,12010,9974,repo,True,first_cross,False,2036.0,0.64023,0.84872,0.87809,761.0,2036.0,3619.0,0.65029,0.86206,0.89188,987.0,2036.0,3867.0,0.64023,0.84872,0.87809,761.0,3619.0,2036.0
ISU_ILCC,ISU-ILCC_G6C1.pkl,val,3455,6223,2768,dis1,False,first_cross,False,3455.0,0.78042,0.78191,0.84942,66.0,2610.0,3817.0,0.7994,0.80094,0.87008,196.0,3455.0,3834.0,0.7994,0.80094,0.87008,196.0,3834.0,3455.0
ISU_ILCC,ISU-ILCC_G42C1.pkl,train,1700,13957,12257,dis1,False,first_cross,False,1700.0,0.82671,0.82763,0.85813,121.0,1803.0,1943.0,0.7999,0.80079,0.83031,26.0,1700.0,1931.0,0.7999,0.80079,0.83031,26.0,1931.0,1700.0
ISU_ILCC,ISU-ILCC_G59C2.pkl,val,2842,15040,12198,dis1,False,first_cross,False,2842.0,0.80458,0.85436,0.94901,512.0,3269.0,3654.0,0.7909,0.83984,0.93288,439.0,2842.0,3649.0,0.7909,0.83984,0.93288,439.0,3649.0,2842.0
ISU_ILCC,ISU-ILCC_G42C2.pkl,train,1463,16285,14822,dis1,False,first_cross,False,1463.0,0.84615,0.84839,0.85992,465.0,1869.0,2212.0,0.79978,0.8019,0.8128,23.0,1463.0,1607.0,0.79978,0.8019,0.8128,23.0,1607.0,1463.0
ISU_ILCC,ISU-ILCC_G57C2.pkl,train,2755,13984,11229,repo,True,first_cross,False,2755.0,0.74574,0.8858,0.96343,2576.0,2755.0,6906.0,0.7481,0.8886,0.96648,2621.0,2755.0,6906.0,0.74574,0.8858,0.96343,2576.0,6906.0,2755.0
ISU_ILCC,ISU-ILCC_G57C4.pkl,val,1882,13784,11902,repo,True,first_cross,False,1882.0,0.6911,0.95538,1.03222,3141.0,1882.0,6097.0,0.70093,0.96897,1.04691,3279.0,1882.0,6100.0,0.6911,0.95538,1.03222,3141.0,6097.0,1882.0
ISU_ILCC,ISU-ILCC_G57C1.pkl,val,3936,12620,8684,repo,True,first_cross,False,3936.0,0.77594,0.83263,0.91256,1243.0,3936.0,6710.0,0.79019,0.84792,0.92932,1515.0,3936.0,7070.0,0.77594,0.83263,0.91256,1243.0,6710.0,3936.0
ISU_ILCC,ISU-ILCC_G50C3.pkl,train,3343,21210,17867,repo,True,first_cross,False,3343.0,0.59337,0.83791,0.878,462.0,3343.0,4352.0,0.59302,0.83742,0.87749,460.0,3343.0,4352.0,0.59337,0.83791,0.878,462.0,4352.0,3343.0
ISU_ILCC,ISU-ILCC_G57C3.pkl,train,4999,12989,7990,dis1,False,first_cross,False,4999.0,0.78579,0.7909,0.84828,45.0,4830.0,5903.0,0.7984,0.80359,0.8619,98.0,4999.0,5906.0,0.7984,0.80359,0.8619,98.0,5906.0,4999.0
ISU_ILCC,ISU-ILCC_G59C1.pkl,train,3084,14109,11025,dis1,False,first_cross,False,3084.0,0.80985,0.81696,0.86776,156.0,3121.0,3758.0,0.79888,0.8059,0.85601,71.0,3084.0,3756.0,0.79888,0.8059,0.85601,71.0,3756.0,3084.0
ISU_ILCC,ISU-ILCC_G40C1.pkl,test,2953,8897,5944,repo,True,first_cross,False,2953.0,0.79244,0.80239,0.83633,52.0,2953.0,3241.0,0.79606,0.80605,0.84015,77.0,2953.0,3248.0,0.79244,0.80239,0.83633,52.0,3241.0,2953.0
ISU_ILCC,ISU-ILCC_G43C3.pkl,test,993,16463,15470,repo,True,first_cross,False,993.0,0.0,0.98394,0.989,1452.0,993.0,2861.0,0.0,0.97105,0.97605,1376.0,993.0,2619.0,0.0,0.98394,0.989,1452.0,2861.0,993.0
ISU_ILCC,ISU-ILCC_G40C4.pkl,train,2668,10420,7752,dis1,False,first_cross,False,2668.0,0.80115,0.80206,0.84945,83.0,2678.0,2892.0,0.79988,0.80079,0.8481,72.0,2668.0,2891.0,0.79988,0.80079,0.8481,72.0,2891.0,2668.0
ISU_ILCC,ISU-ILCC_G41C1.pkl,test,694,11199,10505,dis1,False,first_cross,False,694.0,0.81011,0.81173,0.81521,69.0,739.0,769.0,0.79979,0.80139,0.80483,10.0,694.0,753.0,0.79979,0.80139,0.80483,10.0,753.0,694.0
ISU_ILCC,ISU-ILCC_G43C1.pkl,train,2204,22037,19833,dis1,False,first_cross,False,2204.0,0.81932,0.82053,0.86985,200.0,2383.0,2506.0,0.79888,0.80006,0.84815,99.0,2204.0,2304.0,0.79888,0.80006,0.84815,99.0,2304.0,2204.0
ISU_ILCC,ISU-ILCC_G1C1.pkl,train,3323,10553,7230,repo,True,first_cross,False,3323.0,0.79657,0.90358,0.95787,1045.0,3323.0,4990.0,0.79917,0.90653,0.961,1061.0,3323.0,4990.0,0.79657,0.90358,0.95787,1045.0,4990.0,3323.0
ISU_ILCC,ISU-ILCC_G6C4.pkl,val,3474,12091,8617,dis1,False,first_cross,False,3474.0,0.77973,0.78335,0.83254,26.0,3315.0,3705.0,0.79888,0.80259,0.85299,169.0,3474.0,3744.0,0.79888,0.80259,0.85299,169.0,3744.0,3474.0
ISU_ILCC,ISU-ILCC_G6C2.pkl,train,4109,11885,7776,dis1,False,first_cross,False,4109.0,0.79133,0.7967,0.82989,56.0,3978.0,4666.0,0.7987,0.80412,0.83763,123.0,4109.0,4839.0,0.7987,0.80412,0.83763,123.0,4839.0,4109.0
ISU_ILCC,ISU-ILCC_G1C2.pkl,test,3204,11400,8196,repo,True,first_cross,False,3204.0,0.79637,0.80586,0.936,1562.0,3204.0,5390.0,0.79232,0.80177,0.93125,1504.0,3204.0,5249.0,0.79637,0.80586,0.936,1562.0,5390.0,3204.0
ISU_ILCC,ISU-ILCC_G7C3.pkl,train,1453,9179,7726,dis1,False,first_cross,False,1453.0,0.78766,0.79118,0.82326,73.0,1387.0,1744.0,0.79923,0.80281,0.83536,230.0,1453.0,1772.0,0.79923,0.80281,0.83536,230.0,1772.0,1453.0
ISU_ILCC,ISU-ILCC_G1C3.pkl,train,3211,11482,8271,dis1,False,first_cross,False,3211.0,0.77856,0.78423,0.91808,1349.0,3209.0,5200.0,0.79464,0.80043,0.93705,1625.0,3211.0,5496.0,0.79464,0.80043,0.93705,1625.0,5496.0,3211.0
ISU_ILCC,ISU-ILCC_G18C1.pkl,train,3285,14274,10989,repo,True,first_cross,False,3285.0,0.78421,0.81774,0.8539,348.0,3285.0,4126.0,0.78555,0.81914,0.85536,358.0,3285.0,4294.0,0.78421,0.81774,0.8539,348.0,4126.0,3285.0
ISU_ILCC,ISU-ILCC_G6C3.pkl,test,3791,16313,12522,repo,True,first_cross,False,3791.0,0.74631,0.81502,0.87127,311.0,3791.0,4542.0,0.74933,0.81832,0.8748,341.0,3791.0,4549.0,0.74631,0.81502,0.87127,311.0,4542.0,3791.0
