subset,file,cell_id,n_cycles,nominal_capacity_in_Ah,soc_lo,soc_hi,min_voltage_limit_in_V,max_voltage_limit_in_V,disc_sign,sign_votes_neg,sign_votes_pos,has_time,cycle_keys,top_keys,error
UL_PUR,UL-PUR_N10-NA7_18650_NCA_23C_0-100_0.5-0.5C_g.pkl,UL-PUR_N10-NA7_18650_NCA_23C_0-100_0.5-0.5C_g,164,3.4,0,1,2.7,4.2,-1,2813,0,1,charge_capacity_in_Ah|current_in_A|cycle_number|discharge_capacity_in_Ah|internal_resistance_in_ohm|temperature_in_C|time_in_s|voltage_in_V,SOC_interval|already_spent_cycles|anode_material|cathode_material|cell_id|charge_protocol|cycle_data|depth_of_charge|depth_of_discharge|description|discharge_protocol|electrolyte_material|form_factor|max_current_limit_in_A|max_voltage_limit_in_V|min_current_limit_in_A|min_voltage_limit_in_V|nominal_capacity_in_Ah|reference,
Tongji,Tongji1_CY25-1_1--6.pkl,Tongji1_CY25-1_1--6,27,3.5,0,1,2.65,4.2,-1,7515,0,1,charge_capacity_in_Ah|current_in_A|cycle_number|discharge_capacity_in_Ah|internal_resistance_in_ohm|temperature_in_C|time_in_s|voltage_in_V,SOC_interval|already_spent_cycles|anode_material|cathode_material|cell_id|charge_protocol|cycle_data|depth_of_charge|depth_of_discharge|description|discharge_protocol|electrolyte_material|form_factor|max_current_limit_in_A|max_voltage_limit_in_V|min_current_limit_in_A|min_voltage_limit_in_V|nominal_capacity_in_Ah|reference,
Tongji,Tongji1_CY25-1_1--3.pkl,Tongji1_CY25-1_1--3,27,3.5,0,1,2.65,4.2,-1,7483,0,1,charge_capacity_in_Ah|current_in_A|cycle_number|discharge_capacity_in_Ah|internal_resistance_in_ohm|temperature_in_C|time_in_s|voltage_in_V,SOC_interval|already_spent_cycles|anode_material|cathode_material|cell_id|charge_protocol|cycle_data|depth_of_charge|depth_of_discharge|description|discharge_protocol|electrolyte_material|form_factor|max_current_limit_in_A|max_voltage_limit_in_V|min_current_limit_in_A|min_voltage_limit_in_V|nominal_capacity_in_Ah|reference,
Tongji,Tongji1_CY35-05_1--3.pkl,Tongji1_CY35-05_1--3,30,3.5,0,1,2.65,4.2,-1,8595,0,1,charge_capacity_in_Ah|current_in_A|cycle_number|discharge_capacity_in_Ah|internal_resistance_in_ohm|temperature_in_C|time_in_s|voltage_in_V,SOC_interval|already_spent_cycles|anode_material|cathode_material|cell_id|charge_protocol|cycle_data|depth_of_charge|depth_of_discharge|description|discharge_protocol|electrolyte_material|form_factor|max_current_limit_in_A|max_voltage_limit_in_V|min_current_limit_in_A|min_voltage_limit_in_V|nominal_capacity_in_Ah|reference,
Tongji,Tongji1_CY25-1_1--8.pkl,Tongji1_CY25-1_1--8,28,3.5,0,1,2.65,4.2,-1,7815,0,1,charge_capacity_in_Ah|current_in_A|cycle_number|discharge_capacity_in_Ah|internal_resistance_in_ohm|temperature_in_C|time_in_s|voltage_in_V,SOC_interval|already_spent_cycles|anode_material|cathode_material|cell_id|charge_protocol|cycle_data|depth_of_charge|depth_of_discharge|description|discharge_protocol|electrolyte_material|form_factor|max_current_limit_in_A|max_voltage_limit_in_V|min_current_limit_in_A|min_voltage_limit_in_V|nominal_capacity_in_Ah|reference,
SNL,SNL_18650_NMC_15C_0-100_0.5-2C_b.pkl,SNL_18650_NMC_15C_0-100_0.5-2C_b,389,2.7,0,1,2.0,4.2,-1,1494,0,1,charge_capacity_in_Ah|current_in_A|cycle_number|discharge_capacity_in_Ah|internal_resistance_in_ohm|temperature_in_C|time_in_s|voltage_in_V,SOC_interval|already_spent_cycles|anode_material|cathode_material|cell_id|charge_protocol|cycle_data|depth_of_charge|depth_of_discharge|description|discharge_protocol|electrolyte_material|form_factor|max_current_limit_in_A|max_voltage_limit_in_V|min_current_limit_in_A|min_voltage_limit_in_V|nominal_capacity_in_Ah|reference,
Tongji,Tongji1_CY25-1_1--4.pkl,Tongji1_CY25-1_1--4,29,3.5,0,1,2.65,4.2,-1,8078,0,1,charge_capacity_in_Ah|current_in_A|cycle_number|discharge_capacity_in_Ah|internal_resistance_in_ohm|temperature_in_C|time_in_s|voltage_in_V,SOC_interval|already_spent_cycles|anode_material|cathode_material|cell_id|charge_protocol|cycle_data|depth_of_charge|depth_of_discharge|description|discharge_protocol|electrolyte_material|form_factor|max_current_limit_in_A|max_voltage_limit_in_V|min_current_limit_in_A|min_voltage_limit_in_V|nominal_capacity_in_Ah|reference,
Tongji,Tongji1_CY25-1_1--5.pkl,Tongji1_CY25-1_1--5,31,3.5,0,1,2.65,4.2,-1,8637,0,1,charge_capacity_in_Ah|current_in_A|cycle_number|discharge_capacity_in_Ah|internal_resistance_in_ohm|temperature_in_C|time_in_s|voltage_in_V,SOC_interval|already_spent_cycles|anode_material|cathode_material|cell_id|charge_protocol|cycle_data|depth_of_charge|depth_of_discharge|description|discharge_protocol|electrolyte_material|form_factor|max_current_limit_in_A|max_voltage_limit_in_V|min_current_limit_in_A|min_voltage_limit_in_V|nominal_capacity_in_Ah|reference,
Tongji,Tongji1_CY25-1_1--9.pkl,Tongji1_CY25-1_1--9,32,3.5,0,1,2.65,4.2,-1,8980,0,1,charge_capacity_in_Ah|current_in_A|cycle_number|discharge_capacity_in_Ah|internal_resistance_in_ohm|temperature_in_C|time_in_s|voltage_in_V,SOC_interval|already_spent_cycles|anode_material|cathode_material|cell_id|charge_protocol|cycle_data|depth_of_charge|depth_of_discharge|description|discharge_protocol|electrolyte_material|form_factor|max_current_limit_in_A|max_voltage_limit_in_V|min_current_limit_in_A|min_voltage_limit_in_V|nominal_capacity_in_Ah|reference,
UL_PUR,UL-PUR_N10-OV8_18650_NCA_23C_0-100_0.5-0.5C_h.pkl,UL-PUR_N10-OV8_18650_NCA_23C_0-100_0.5-0.5C_h,191,3.4,0,1,2.7,4.2,-1,3790,0,1,charge_capacity_in_Ah|current_in_A|cycle_number|discharge_capacity_in_Ah|internal_resistance_in_ohm|temperature_in_C|time_in_s|voltage_in_V,SOC_interval|already_spent_cycles|anode_material|cathode_material|cell_id|charge_protocol|cycle_data|depth_of_charge|depth_of_discharge|description|discharge_protocol|electrolyte_material|form_factor|max_current_limit_in_A|max_voltage_limit_in_V|min_current_limit_in_A|min_voltage_limit_in_V|nominal_capacity_in_Ah|reference,
UL_PUR,UL-PUR_N10-EX9_18650_NCA_23C_0-100_0.5-0.5C_i.pkl,UL-PUR_N10-EX9_18650_NCA_23C_0-100_0.5-0.5C_i,194,3.4,0,1,2.7,4.2,-1,3810,0,1,charge_capacity_in_Ah|current_in_A|cycle_number|discharge_capacity_in_Ah|internal_resistance_in_ohm|temperature_in_C|time_in_s|voltage_in_V,SOC_interval|already_spent_cycles|anode_material|cathode_material|cell_id|charge_protocol|cycle_data|depth_of_charge|depth_of_discharge|description|discharge_protocol|electrolyte_material|form_factor|max_current_limit_in_A|max_voltage_limit_in_V|min_current_limit_in_A|min_voltage_limit_in_V|nominal_capacity_in_Ah|reference,
Tongji,Tongji1_CY25-1_1--7.pkl,Tongji1_CY25-1_1--7,33,3.5,0,1,2.65,4.2,-1,9281,0,1,charge_capacity_in_Ah|current_in_A|cycle_number|discharge_capacity_in_Ah|internal_resistance_in_ohm|temperature_in_C|time_in_s|voltage_in_V,SOC_interval|already_spent_cycles|anode_material|cathode_material|cell_id|charge_protocol|cycle_data|depth_of_charge|depth_of_discharge|description|discharge_protocol|electrolyte_material|form_factor|max_current_limit_in_A|max_voltage_limit_in_V|min_current_limit_in_A|min_voltage_limit_in_V|nominal_capacity_in_Ah|reference,
SNL,SNL_18650_NMC_15C_0-100_0.5-2C_a.pkl,SNL_18650_NMC_15C_0-100_0.5-2C_a,389,2.7,0,1,2.0,4.2,-1,2194,0,1,charge_capacity_in_Ah|current_in_A|cycle_number|discharge_capacity_in_Ah|internal_resistance_in_ohm|temperature_in_C|time_in_s|voltage_in_V,SOC_interval|already_spent_cycles|anode_material|cathode_material|cell_id|charge_protocol|cycle_data|depth_of_charge|depth_of_discharge|description|discharge_protocol|electrolyte_material|form_factor|max_current_limit_in_A|max_voltage_limit_in_V|min_current_limit_in_A|min_voltage_limit_in_V|nominal_capacity_in_Ah|reference,
UL_PUR,UL-PUR_N15-OV3_18650_NCA_23C_0-100_0.5-0.5C_c.pkl,UL-PUR_N15-OV3_18650_NCA_23C_0-100_0.5-0.5C_c,191,3.4,0,1,2.7,4.2,-1,4501,0,1,charge_capacity_in_Ah|current_in_A|cycle_number|discharge_capacity_in_Ah|internal_resistance_in_ohm|temperature_in_C|time_in_s|voltage_in_V,SOC_interval|already_spent_cycles|anode_material|cathode_material|cell_id|charge_protocol|cycle_data|depth_of_charge|depth_of_discharge|description|discharge_protocol|electrolyte_material|form_factor|max_current_limit_in_A|max_voltage_limit_in_V|min_current_limit_in_A|min_voltage_limit_in_V|nominal_capacity_in_Ah|reference,
Tongji,Tongji1_CY25-1_1--1.pkl,Tongji1_CY25-1_1--1,34,3.5,0,1,2.65,4.2,-1,9502,0,1,charge_capacity_in_Ah|current_in_A|cycle_number|discharge_capacity_in_Ah|internal_resistance_in_ohm|temperature_in_C|time_in_s|voltage_in_V,SOC_interval|already_spent_cycles|anode_material|cathode_material|cell_id|charge_protocol|cycle_data|depth_of_charge|depth_of_discharge|description|discharge_protocol|electrolyte_material|form_factor|max_current_limit_in_A|max_voltage_limit_in_V|min_current_limit_in_A|min_voltage_limit_in_V|nominal_capacity_in_Ah|reference,
Tongji,Tongji1_CY25-1_1--2.pkl,Tongji1_CY25-1_1--2,35,3.5,0,1,2.65,4.2,-1,9818,0,1,charge_capacity_in_Ah|current_in_A|cycle_number|discharge_capacity_in_Ah|internal_resistance_in_ohm|temperature_in_C|time_in_s|voltage_in_V,SOC_interval|already_spent_cycles|anode_material|cathode_material|cell_id|charge_protocol|cycle_data|depth_of_charge|depth_of_discharge|description|discharge_protocol|electrolyte_material|form_factor|max_current_limit_in_A|max_voltage_limit_in_V|min_current_limit_in_A|min_voltage_limit_in_V|nominal_capacity_in_Ah|reference,
UL_PUR,UL-PUR_N20-NA5_18650_NCA_23C_0-100_0.5-0.5C_e.pkl,UL-PUR_N20-NA5_18650_NCA_23C_0-100_0.5-0.5C_e,212,3.4,0,1,2.7,4.2,-1,3787,0,1,charge_capacity_in_Ah|current_in_A|cycle_number|discharge_capacity_in_Ah|internal_resistance_in_ohm|temperature_in_C|time_in_s|voltage_in_V,SOC_interval|already_spent_cycles|anode_material|cathode_material|cell_id|charge_protocol|cycle_data|depth_of_charge|depth_of_discharge|description|discharge_protocol|electrolyte_material|form_factor|max_current_limit_in_A|max_voltage_limit_in_V|min_current_limit_in_A|min_voltage_limit_in_V|nominal_capacity_in_Ah|reference,
UL_PUR,UL-PUR_N20-NA6_18650_NCA_23C_0-100_0.5-0.5C_f.pkl,UL-PUR_N20-NA6_18650_NCA_23C_0-100_0.5-0.5C_f,211,3.4,0,1,2.7,4.2,-1,3842,0,1,charge_capacity_in_Ah|current_in_A|cycle_number|discharge_capacity_in_Ah|internal_resistance_in_ohm|temperature_in_C|time_in_s|voltage_in_V,SOC_interval|already_spent_cycles|anode_material|cathode_material|cell_id|charge_protocol|cycle_data|depth_of_charge|depth_of_discharge|description|discharge_protocol|electrolyte_material|form_factor|max_current_limit_in_A|max_voltage_limit_in_V|min_current_limit_in_A|min_voltage_limit_in_V|nominal_capacity_in_Ah|reference,
UL_PUR,UL-PUR_N15-EX4_18650_NCA_23C_0-100_0.5-0.5C_d.pkl,UL-PUR_N15-EX4_18650_NCA_23C_0-100_0.5-0.5C_d,224,3.4,0,1,2.7,4.2,-1,3934,0,1,charge_capacity_in_Ah|current_in_A|cycle_number|discharge_capacity_in_Ah|internal_resistance_in_ohm|temperature_in_C|time_in_s|voltage_in_V,SOC_interval|already_spent_cycles|anode_material|cathode_material|cell_id|charge_protocol|cycle_data|depth_of_charge|depth_of_discharge|description|discharge_protocol|electrolyte_material|form_factor|max_current_limit_in_A|max_voltage_limit_in_V|min_current_limit_in_A|min_voltage_limit_in_V|nominal_capacity_in_Ah|reference,
UL_PUR,UL-PUR_N15-NA10_18650_NCA_23C_0-100_0.5-0.5C_j.pkl,UL-PUR_N15-NA10_18650_NCA_23C_0-100_0.5-0.5C_j,259,3.4,0,1,2.7,4.2,-1,3152,0,1,charge_capacity_in_Ah|current_in_A|cycle_number|discharge_capacity_in_Ah|internal_resistance_in_ohm|temperature_in_C|time_in_s|voltage_in_V,SOC_interval|already_spent_cycles|anode_material|cathode_material|cell_id|charge_protocol|cycle_data|depth_of_charge|depth_of_discharge|description|discharge_protocol|electrolyte_material|form_factor|max_current_limit_in_A|max_voltage_limit_in_V|min_current_limit_in_A|min_voltage_limit_in_V|nominal_capacity_in_Ah|reference,
SNL,SNL_18650_NMC_15C_0-100_0.5-1C_b.pkl,SNL_18650_NMC_15C_0-100_0.5-1C_b,513,2.7,0,1,2.0,4.2,-1,2022,0,1,charge_capacity_in_Ah|current_in_A|cycle_number|discharge_capacity_in_Ah|internal_resistance_in_ohm|temperature_in_C|time_in_s|voltage_in_V,SOC_interval|already_spent_cycles|anode_material|cathode_material|cell_id|charge_protocol|cycle_data|depth_of_charge|depth_of_discharge|description|discharge_protocol|electrolyte_material|form_factor|max_current_limit_in_A|max_voltage_limit_in_V|min_current_limit_in_A|min_voltage_limit_in_V|nominal_capacity_in_Ah|reference,
Tongji,Tongji2_CY25-05_1--14.pkl,Tongji2_CY25-05_1--14,42,3.5,0,1,2.5,4.2,-1,12908,0,1,charge_capacity_in_Ah|current_in_A|cycle_number|discharge_capacity_in_Ah|internal_resistance_in_ohm|temperature_in_C|time_in_s|voltage_in_V,SOC_interval|already_spent_cycles|anode_material|cathode_material|cell_id|charge_protocol|cycle_data|depth_of_charge|depth_of_discharge|description|discharge_protocol|electrolyte_material|form_factor|max_current_limit_in_A|max_voltage_limit_in_V|min_current_limit_in_A|min_voltage_limit_in_V|nominal_capacity_in_Ah|reference,
SNL,SNL_18650_NMC_15C_0-100_0.5-1C_a.pkl,SNL_18650_NMC_15C_0-100_0.5-1C_a,513,2.7,0,1,2.0,4.2,-1,2074,0,1,charge_capacity_in_Ah|current_in_A|cycle_number|discharge_capacity_in_Ah|internal_resistance_in_ohm|temperature_in_C|time_in_s|voltage_in_V,SOC_interval|already_spent_cycles|anode_material|cathode_material|cell_id|charge_protocol|cycle_data|depth_of_charge|depth_of_discharge|description|discharge_protocol|electrolyte_material|form_factor|max_current_limit_in_A|max_voltage_limit_in_V|min_current_limit_in_A|min_voltage_limit_in_V|nominal_capacity_in_Ah|reference,
SNL,SNL_18650_NMC_25C_0-100_0.5-3C_b.pkl,SNL_18650_NMC_25C_0-100_0.5-3C_b,552,3,0,1,2.0,4.2,-1,1007,0,1,charge_capacity_in_Ah|current_in_A|cycle_number|discharge_capacity_in_Ah|internal_resistance_in_ohm|temperature_in_C|time_in_s|voltage_in_V,SOC_interval|already_spent_cycles|anode_material|cathode_material|cell_id|charge_protocol|cycle_data|depth_of_charge|depth_of_discharge|description|discharge_protocol|electrolyte_material|form_factor|max_current_limit_in_A|max_voltage_limit_in_V|min_current_limit_in_A|min_voltage_limit_in_V|nominal_capacity_in_Ah|reference,
SNL,SNL_18650_NCA_15C_0-100_0.5-1C_a.pkl,SNL_18650_NCA_15C_0-100_0.5-1C_a,522,2.8800000000000003,0,1,2.5,4.2,-1,3107,0,1,charge_capacity_in_Ah|current_in_A|cycle_number|discharge_capacity_in_Ah|internal_resistance_in_ohm|temperature_in_C|time_in_s|voltage_in_V,SOC_interval|already_spent_cycles|anode_material|cathode_material|cell_id|charge_protocol|cycle_data|depth_of_charge|depth_of_discharge|description|discharge_protocol|electrolyte_material|form_factor|max_current_limit_in_A|max_voltage_limit_in_V|min_current_limit_in_A|min_voltage_limit_in_V|nominal_capacity_in_Ah|reference,
SNL,SNL_18650_NCA_35C_0-100_0.5-1C_b.pkl,SNL_18650_NCA_35C_0-100_0.5-1C_b,464,3.2,0,1,2.5,4.2,-1,2925,0,1,charge_capacity_in_Ah|current_in_A|cycle_number|discharge_capacity_in_Ah|internal_resistance_in_ohm|temperature_in_C|time_in_s|voltage_in_V,SOC_interval|already_spent_cycles|anode_material|cathode_material|cell_id|charge_protocol|cycle_data|depth_of_charge|depth_of_discharge|description|discharge_protocol|electrolyte_material|form_factor|max_current_limit_in_A|max_voltage_limit_in_V|min_current_limit_in_A|min_voltage_limit_in_V|nominal_capacity_in_Ah|reference,
SNL,SNL_18650_NMC_25C_0-100_0.5-1C_c.pkl,SNL_18650_NMC_25C_0-100_0.5-1C_c,397,3,0,1,2.0,4.2,-1,3711,0,1,charge_capacity_in_Ah|current_in_A|cycle_number|discharge_capacity_in_Ah|internal_resistance_in_ohm|temperature_in_C|time_in_s|voltage_in_V,SOC_interval|already_spent_cycles|anode_material|cathode_material|cell_id|charge_protocol|cycle_data|depth_of_charge|depth_of_discharge|description|discharge_protocol|electrolyte_material|form_factor|max_current_limit_in_A|max_voltage_limit_in_V|min_current_limit_in_A|min_voltage_limit_in_V|nominal_capacity_in_Ah|reference,
SNL,SNL_18650_NCA_35C_0-100_0.5-1C_a.pkl,SNL_18650_NCA_35C_0-100_0.5-1C_a,515,3.2,0,1,2.5,4.2,-1,1824,0,1,charge_capacity_in_Ah|current_in_A|cycle_number|discharge_capacity_in_Ah|internal_resistance_in_ohm|temperature_in_C|time_in_s|voltage_in_V,SOC_interval|already_spent_cycles|anode_material|cathode_material|cell_id|charge_protocol|cycle_data|depth_of_charge|depth_of_discharge|description|discharge_protocol|electrolyte_material|form_factor|max_current_limit_in_A|max_voltage_limit_in_V|min_current_limit_in_A|min_voltage_limit_in_V|nominal_capacity_in_Ah|reference,
SNL,SNL_18650_NCA_25C_0-100_0.5-1C_b.pkl,SNL_18650_NCA_25C_0-100_0.5-1C_b,522,3.2,0,1,2.5,4.2,-1,3407,0,1,charge_capacity_in_Ah|current_in_A|cycle_number|discharge_capacity_in_Ah|internal_resistance_in_ohm|temperature_in_C|time_in_s|voltage_in_V,SOC_interval|already_spent_cycles|anode_material|cathode_material|cell_id|charge_protocol|cycle_data|depth_of_charge|depth_of_discharge|description|discharge_protocol|electrolyte_material|form_factor|max_current_limit_in_A|max_voltage_limit_in_V|min_current_limit_in_A|min_voltage_limit_in_V|nominal_capacity_in_Ah|reference,
SNL,SNL_18650_NCA_35C_0-100_0.5-1C_c.pkl,SNL_18650_NCA_35C_0-100_0.5-1C_c,515,3.2,0,1,2.5,4.2,-1,1828,0,1,charge_capacity_in_Ah|current_in_A|cycle_number|discharge_capacity_in_Ah|internal_resistance_in_ohm|temperature_in_C|time_in_s|voltage_in_V,SOC_interval|already_spent_cycles|anode_material|cathode_material|cell_id|charge_protocol|cycle_data|depth_of_charge|depth_of_discharge|description|discharge_protocol|electrolyte_material|form_factor|max_current_limit_in_A|max_voltage_limit_in_V|min_current_limit_in_A|min_voltage_limit_in_V|nominal_capacity_in_Ah|reference,
SNL,SNL_18650_NMC_25C_0-100_0.5-3C_a.pkl,SNL_18650_NMC_25C_0-100_0.5-3C_a,730,3,0,1,2.0,4.2,-1,1005,0,1,charge_capacity_in_Ah|current_in_A|cycle_number|discharge_capacity_in_Ah|internal_resistance_in_ohm|temperature_in_C|time_in_s|voltage_in_V,SOC_interval|already_spent_cycles|anode_material|cathode_material|cell_id|charge_protocol|cycle_data|depth_of_charge|depth_of_discharge|description|discharge_protocol|electrolyte_material|form_factor|max_current_limit_in_A|max_voltage_limit_in_V|min_current_limit_in_A|min_voltage_limit_in_V|nominal_capacity_in_Ah|reference,
MICH_EXP,MICH_09H_pouch_NMC_45C_0-100_2-2C.pkl,MICH_09H_pouch_NMC_45C_0-100_2-2C,175,5.0,0,1,3,4.2,-1,6511,0,1,charge_capacity_in_Ah|current_in_A|cycle_number|discharge_capacity_in_Ah|internal_resistance_in_ohm|temperature_in_C|time_in_s|voltage_in_V,SOC_interval|already_spent_cycles|anode_material|cathode_material|cell_id|charge_protocol|cycle_data|depth_of_charge|depth_of_discharge|description|discharge_protocol|electrolyte_material|form_factor|max_current_limit_in_A|max_voltage_limit_in_V|min_current_limit_in_A|min_voltage_limit_in_V|nominal_capacity_in_Ah|reference,
SNL,SNL_18650_NMC_25C_0-100_0.5-1C_a.pkl,SNL_18650_NMC_25C_0-100_0.5-1C_a,521,3,0,1,2.0,4.2,-1,2863,0,1,charge_capacity_in_Ah|current_in_A|cycle_number|discharge_capacity_in_Ah|internal_resistance_in_ohm|temperature_in_C|time_in_s|voltage_in_V,SOC_interval|already_spent_cycles|anode_material|cathode_material|cell_id|charge_protocol|cycle_data|depth_of_charge|depth_of_discharge|description|discharge_protocol|electrolyte_material|form_factor|max_current_limit_in_A|max_voltage_limit_in_V|min_current_limit_in_A|min_voltage_limit_in_V|nominal_capacity_in_Ah|reference,
SNL,SNL_18650_NCA_25C_0-100_0.5-1C_c.pkl,SNL_18650_NCA_25C_0-100_0.5-1C_c,522,3.2,0,1,2.5,4.2,-1,3414,0,1,charge_capacity_in_Ah|current_in_A|cycle_number|discharge_capacity_in_Ah|internal_resistance_in_ohm|temperature_in_C|time_in_s|voltage_in_V,SOC_interval|already_spent_cycles|anode_material|cathode_material|cell_id|charge_protocol|cycle_data|depth_of_charge|depth_of_discharge|description|discharge_protocol|electrolyte_material|form_factor|max_current_limit_in_A|max_voltage_limit_in_V|min_current_limit_in_A|min_voltage_limit_in_V|nominal_capacity_in_Ah|reference,
UL_PUR,UL-PUR_N20-OV1_18650_NCA_23C_0-100_0.5-0.5C_a.pkl,UL-PUR_N20-OV1_18650_NCA_23C_0-100_0.5-0.5C_a,290,3.4,0,1,2.7,4.2,-1,4193,0,1,charge_capacity_in_Ah|current_in_A|cycle_number|discharge_capacity_in_Ah|internal_resistance_in_ohm|temperature_in_C|time_in_s|voltage_in_V,SOC_interval|already_spent_cycles|anode_material|cathode_material|cell_id|charge_protocol|cycle_data|depth_of_charge|depth_of_discharge|description|discharge_protocol|electrolyte_material|form_factor|max_current_limit_in_A|max_voltage_limit_in_V|min_current_limit_in_A|min_voltage_limit_in_V|nominal_capacity_in_Ah|reference,
UL_PUR,UL-PUR_N20-EX2_18650_NCA_23C_0-100_0.5-0.5C_b.pkl,UL-PUR_N20-EX2_18650_NCA_23C_0-100_0.5-0.5C_b,309,3.4,0,1,2.7,4.2,-1,4473,0,1,charge_capacity_in_Ah|current_in_A|cycle_number|discharge_capacity_in_Ah|internal_resistance_in_ohm|temperature_in_C|time_in_s|voltage_in_V,SOC_interval|already_spent_cycles|anode_material|cathode_material|cell_id|charge_protocol|cycle_data|depth_of_charge|depth_of_discharge|description|discharge_protocol|electrolyte_material|form_factor|max_current_limit_in_A|max_voltage_limit_in_V|min_current_limit_in_A|min_voltage_limit_in_V|nominal_capacity_in_Ah|reference,
SNL,SNL_18650_NCA_15C_0-100_0.5-2C_b.pkl,SNL_18650_NCA_15C_0-100_0.5-2C_b,784,2.8800000000000003,0,1,2.5,4.2,-1,1079,0,1,charge_capacity_in_Ah|current_in_A|cycle_number|discharge_capacity_in_Ah|internal_resistance_in_ohm|temperature_in_C|time_in_s|voltage_in_V,SOC_interval|already_spent_cycles|anode_material|cathode_material|cell_id|charge_protocol|cycle_data|depth_of_charge|depth_of_discharge|description|discharge_protocol|electrolyte_material|form_factor|max_current_limit_in_A|max_voltage_limit_in_V|min_current_limit_in_A|min_voltage_limit_in_V|nominal_capacity_in_Ah|reference,
SNL,SNL_18650_NCA_25C_0-100_0.5-2C_b.pkl,SNL_18650_NCA_25C_0-100_0.5-2C_b,786,3.2,0,1,2.5,4.2,-1,488,0,1,charge_capacity_in_Ah|current_in_A|cycle_number|discharge_capacity_in_Ah|internal_resistance_in_ohm|temperature_in_C|time_in_s|voltage_in_V,SOC_interval|already_spent_cycles|anode_material|cathode_material|cell_id|charge_protocol|cycle_data|depth_of_charge|depth_of_discharge|description|discharge_protocol|electrolyte_material|form_factor|max_current_limit_in_A|max_voltage_limit_in_V|min_current_limit_in_A|min_voltage_limit_in_V|nominal_capacity_in_Ah|reference,
SNL,SNL_18650_NMC_25C_0-100_0.5-1C_d.pkl,SNL_18650_NMC_25C_0-100_0.5-1C_d,529,3,0,1,2.0,4.2,-1,1690,0,1,charge_capacity_in_Ah|current_in_A|cycle_number|discharge_capacity_in_Ah|internal_resistance_in_ohm|temperature_in_C|time_in_s|voltage_in_V,SOC_interval|already_spent_cycles|anode_material|cathode_material|cell_id|charge_protocol|cycle_data|depth_of_charge|depth_of_discharge|description|discharge_protocol|electrolyte_material|form_factor|max_current_limit_in_A|max_voltage_limit_in_V|min_current_limit_in_A|min_voltage_limit_in_V|nominal_capacity_in_Ah|reference,
SNL,SNL_18650_NMC_35C_0-100_0.5-2C_b.pkl,SNL_18650_NMC_35C_0-100_0.5-2C_b,772,3,0,1,2.0,4.2,-1,1151,0,1,charge_capacity_in_Ah|current_in_A|cycle_number|discharge_capacity_in_Ah|internal_resistance_in_ohm|temperature_in_C|time_in_s|voltage_in_V,SOC_interval|already_spent_cycles|anode_material|cathode_material|cell_id|charge_protocol|cycle_data|depth_of_charge|depth_of_discharge|description|discharge_protocol|electrolyte_material|form_factor|max_current_limit_in_A|max_voltage_limit_in_V|min_current_limit_in_A|min_voltage_limit_in_V|nominal_capacity_in_Ah|reference,
SNL,SNL_18650_NCA_25C_0-100_0.5-1C_a.pkl,SNL_18650_NCA_25C_0-100_0.5-1C_a,654,3.2,0,1,2.5,4.2,-1,1615,0,1,charge_capacity_in_Ah|current_in_A|cycle_number|discharge_capacity_in_Ah|internal_resistance_in_ohm|temperature_in_C|time_in_s|voltage_in_V,SOC_interval|already_spent_cycles|anode_material|cathode_material|cell_id|charge_protocol|cycle_data|depth_of_charge|depth_of_discharge|description|discharge_protocol|electrolyte_material|form_factor|max_current_limit_in_A|max_voltage_limit_in_V|min_current_limit_in_A|min_voltage_limit_in_V|nominal_capacity_in_Ah|reference,
SNL,SNL_18650_NMC_25C_0-100_0.5-3C_c.pkl,SNL_18650_NMC_25C_0-100_0.5-3C_c,698,3,0,1,2.0,4.2,-1,1593,0,1,charge_capacity_in_Ah|current_in_A|cycle_number|discharge_capacity_in_Ah|internal_resistance_in_ohm|temperature_in_C|time_in_s|voltage_in_V,SOC_interval|already_spent_cycles|anode_material|cathode_material|cell_id|charge_protocol|cycle_data|depth_of_charge|depth_of_discharge|description|discharge_protocol|electrolyte_material|form_factor|max_current_limit_in_A|max_voltage_limit_in_V|min_current_limit_in_A|min_voltage_limit_in_V|nominal_capacity_in_Ah|reference,
MICH_EXP,MICH_06H_pouch_NMC_45C_0-100_1.5-1.5C.pkl,MICH_06H_pouch_NMC_45C_0-100_1.5-1.5C,177,5.0,0,1,3,4.2,-1,9250,0,1,charge_capacity_in_Ah|current_in_A|cycle_number|discharge_capacity_in_Ah|internal_resistance_in_ohm|temperature_in_C|time_in_s|voltage_in_V,SOC_interval|already_spent_cycles|anode_material|cathode_material|cell_id|charge_protocol|cycle_data|depth_of_charge|depth_of_discharge|description|discharge_protocol|electrolyte_material|form_factor|max_current_limit_in_A|max_voltage_limit_in_V|min_current_limit_in_A|min_voltage_limit_in_V|nominal_capacity_in_Ah|reference,
SNL,SNL_18650_NCA_25C_0-100_0.5-1C_d.pkl,SNL_18650_NCA_25C_0-100_0.5-1C_d,654,3.2,0,1,2.5,4.2,-1,2279,0,1,charge_capacity_in_Ah|current_in_A|cycle_number|discharge_capacity_in_Ah|internal_resistance_in_ohm|temperature_in_C|time_in_s|voltage_in_V,SOC_interval|already_spent_cycles|anode_material|cathode_material|cell_id|charge_protocol|cycle_data|depth_of_charge|depth_of_discharge|description|discharge_protocol|electrolyte_material|form_factor|max_current_limit_in_A|max_voltage_limit_in_V|min_current_limit_in_A|min_voltage_limit_in_V|nominal_capacity_in_Ah|reference,
SNL,SNL_18650_NCA_35C_0-100_0.5-2C_a.pkl,SNL_18650_NCA_35C_0-100_0.5-2C_a,654,3.2,0,1,2.5,4.2,-1,1860,0,1,charge_capacity_in_Ah|current_in_A|cycle_number|discharge_capacity_in_Ah|internal_resistance_in_ohm|temperature_in_C|time_in_s|voltage_in_V,SOC_interval|already_spent_cycles|anode_material|cathode_material|cell_id|charge_protocol|cycle_data|depth_of_charge|depth_of_discharge|description|discharge_protocol|electrolyte_material|form_factor|max_current_limit_in_A|max_voltage_limit_in_V|min_current_limit_in_A|min_voltage_limit_in_V|nominal_capacity_in_Ah|reference,
SNL,SNL_18650_NMC_25C_0-100_0.5-2C_a.pkl,SNL_18650_NMC_25C_0-100_0.5-2C_a,661,3,0,1,2.0,4.2,-1,3138,0,1,charge_capacity_in_Ah|current_in_A|cycle_number|discharge_capacity_in_Ah|internal_resistance_in_ohm|temperature_in_C|time_in_s|voltage_in_V,SOC_interval|already_spent_cycles|anode_material|cathode_material|cell_id|charge_protocol|cycle_data|depth_of_charge|depth_of_discharge|description|discharge_protocol|electrolyte_material|form_factor|max_current_limit_in_A|max_voltage_limit_in_V|min_current_limit_in_A|min_voltage_limit_in_V|nominal_capacity_in_Ah|reference,
SNL,SNL_18650_NCA_35C_0-100_0.5-1C_d.pkl,SNL_18650_NCA_35C_0-100_0.5-1C_d,654,3.2,0,1,2.5,4.2,-1,2360,0,1,charge_capacity_in_Ah|current_in_A|cycle_number|discharge_capacity_in_Ah|internal_resistance_in_ohm|temperature_in_C|time_in_s|voltage_in_V,SOC_interval|already_spent_cycles|anode_material|cathode_material|cell_id|charge_protocol|cycle_data|depth_of_charge|depth_of_discharge|description|discharge_protocol|electrolyte_material|form_factor|max_current_limit_in_A|max_voltage_limit_in_V|min_current_limit_in_A|min_voltage_limit_in_V|nominal_capacity_in_Ah|reference,
SNL,SNL_18650_NCA_15C_0-100_0.5-2C_a.pkl,SNL_18650_NCA_15C_0-100_0.5-2C_a,916,2.8800000000000003,0,1,2.5,4.2,-1,1033,0,1,charge_capacity_in_Ah|current_in_A|cycle_number|discharge_capacity_in_Ah|internal_resistance_in_ohm|temperature_in_C|time_in_s|voltage_in_V,SOC_interval|already_spent_cycles|anode_material|cathode_material|cell_id|charge_protocol|cycle_data|depth_of_charge|depth_of_discharge|description|discharge_protocol|electrolyte_material|form_factor|max_current_limit_in_A|max_voltage_limit_in_V|min_current_limit_in_A|min_voltage_limit_in_V|nominal_capacity_in_Ah|reference,
SNL,SNL_18650_NCA_25C_0-100_0.5-2C_a.pkl,SNL_18650_NCA_25C_0-100_0.5-2C_a,786,3.2,0,1,2.5,4.2,-1,1198,0,1,charge_capacity_in_Ah|current_in_A|cycle_number|discharge_capacity_in_Ah|internal_resistance_in_ohm|temperature_in_C|time_in_s|voltage_in_V,SOC_interval|already_spent_cycles|anode_material|cathode_material|cell_id|charge_protocol|cycle_data|depth_of_charge|depth_of_discharge|description|discharge_protocol|electrolyte_material|form_factor|max_current_limit_in_A|max_voltage_limit_in_V|min_current_limit_in_A|min_voltage_limit_in_V|nominal_capacity_in_Ah|reference,
SNL,SNL_18650_NMC_25C_0-100_0.5-3C_d.pkl,SNL_18650_NMC_25C_0-100_0.5-3C_d,905,3,0,1,2.0,4.2,-1,1585,0,1,charge_capacity_in_Ah|current_in_A|cycle_number|discharge_capacity_in_Ah|internal_resistance_in_ohm|temperature_in_C|time_in_s|voltage_in_V,SOC_interval|already_spent_cycles|anode_material|cathode_material|cell_id|charge_protocol|cycle_data|depth_of_charge|depth_of_discharge|description|discharge_protocol|electrolyte_material|form_factor|max_current_limit_in_A|max_voltage_limit_in_V|min_current_limit_in_A|min_voltage_limit_in_V|nominal_capacity_in_Ah|reference,
MICH_EXP,MICH_07R_pouch_NMC_25C_0-100_2-2C.pkl,MICH_07R_pouch_NMC_25C_0-100_2-2C,245,5.0,0,1,3,4.2,-1,5705,0,1,charge_capacity_in_Ah|current_in_A|cycle_number|discharge_capacity_in_Ah|internal_resistance_in_ohm|temperature_in_C|time_in_s|voltage_in_V,SOC_interval|already_spent_cycles|anode_material|cathode_material|cell_id|charge_protocol|cycle_data|depth_of_charge|depth_of_discharge|description|discharge_protocol|electrolyte_material|form_factor|max_current_limit_in_A|max_voltage_limit_in_V|min_current_limit_in_A|min_voltage_limit_in_V|nominal_capacity_in_Ah|reference,
SNL,SNL_18650_NCA_15C_0-100_0.5-1C_b.pkl,SNL_18650_NCA_15C_0-100_0.5-1C_b,918,2.8800000000000003,0,1,2.5,4.2,-1,954,0,1,charge_capacity_in_Ah|current_in_A|cycle_number|discharge_capacity_in_Ah|internal_resistance_in_ohm|temperature_in_C|time_in_s|voltage_in_V,SOC_interval|already_spent_cycles|anode_material|cathode_material|cell_id|charge_protocol|cycle_data|depth_of_charge|depth_of_discharge|description|discharge_protocol|electrolyte_material|form_factor|max_current_limit_in_A|max_voltage_limit_in_V|min_current_limit_in_A|min_voltage_limit_in_V|nominal_capacity_in_Ah|reference,
SNL,SNL_18650_NMC_35C_0-100_0.5-2C_a.pkl,SNL_18650_NMC_35C_0-100_0.5-2C_a,786,3,0,1,2.0,4.2,-1,561,0,1,charge_capacity_in_Ah|current_in_A|cycle_number|discharge_capacity_in_Ah|internal_resistance_in_ohm|temperature_in_C|time_in_s|voltage_in_V,SOC_interval|already_spent_cycles|anode_material|cathode_material|cell_id|charge_protocol|cycle_data|depth_of_charge|depth_of_discharge|description|discharge_protocol|electrolyte_material|form_factor|max_current_limit_in_A|max_voltage_limit_in_V|min_current_limit_in_A|min_voltage_limit_in_V|nominal_capacity_in_Ah|reference,
SNL,SNL_18650_NMC_35C_0-100_0.5-1C_c.pkl,SNL_18650_NMC_35C_0-100_0.5-1C_c,785,3,0,1,2.0,4.2,-1,1073,0,1,charge_capacity_in_Ah|current_in_A|cycle_number|discharge_capacity_in_Ah|internal_resistance_in_ohm|temperature_in_C|time_in_s|voltage_in_V,SOC_interval|already_spent_cycles|anode_material|cathode_material|cell_id|charge_protocol|cycle_data|depth_of_charge|depth_of_discharge|description|discharge_protocol|electrolyte_material|form_factor|max_current_limit_in_A|max_voltage_limit_in_V|min_current_limit_in_A|min_voltage_limit_in_V|nominal_capacity_in_Ah|reference,
SNL,SNL_18650_NCA_35C_0-100_0.5-2C_b.pkl,SNL_18650_NCA_35C_0-100_0.5-2C_b,786,3.2,0,1,2.5,4.2,-1,1215,0,1,charge_capacity_in_Ah|current_in_A|cycle_number|discharge_capacity_in_Ah|internal_resistance_in_ohm|temperature_in_C|time_in_s|voltage_in_V,SOC_interval|already_spent_cycles|anode_material|cathode_material|cell_id|charge_protocol|cycle_data|depth_of_charge|depth_of_discharge|description|discharge_protocol|electrolyte_material|form_factor|max_current_limit_in_A|max_voltage_limit_in_V|min_current_limit_in_A|min_voltage_limit_in_V|nominal_capacity_in_Ah|reference,
SNL,SNL_18650_NMC_25C_0-100_0.5-1C_b.pkl,SNL_18650_NMC_25C_0-100_0.5-1C_b,785,3,0,1,2.0,4.2,-1,1053,0,1,charge_capacity_in_Ah|current_in_A|cycle_number|discharge_capacity_in_Ah|internal_resistance_in_ohm|temperature_in_C|time_in_s|voltage_in_V,SOC_interval|already_spent_cycles|anode_material|cathode_material|cell_id|charge_protocol|cycle_data|depth_of_charge|depth_of_discharge|description|discharge_protocol|electrolyte_material|form_factor|max_current_limit_in_A|max_voltage_limit_in_V|min_current_limit_in_A|min_voltage_limit_in_V|nominal_capacity_in_Ah|reference,
SNL,SNL_18650_NMC_35C_0-100_0.5-1C_d.pkl,SNL_18650_NMC_35C_0-100_0.5-1C_d,786,3,0,1,2.0,4.2,-1,1071,0,1,charge_capacity_in_Ah|current_in_A|cycle_number|discharge_capacity_in_Ah|internal_resistance_in_ohm|temperature_in_C|time_in_s|voltage_in_V,SOC_interval|already_spent_cycles|anode_material|cathode_material|cell_id|charge_protocol|cycle_data|depth_of_charge|depth_of_discharge|description|discharge_protocol|electrolyte_material|form_factor|max_current_limit_in_A|max_voltage_limit_in_V|min_current_limit_in_A|min_voltage_limit_in_V|nominal_capacity_in_Ah|reference,
SNL,SNL_18650_NMC_35C_0-100_0.5-1C_a.pkl,SNL_18650_NMC_35C_0-100_0.5-1C_a,786,3,0,1,2.0,4.2,-1,1067,0,1,charge_capacity_in_Ah|current_in_A|cycle_number|discharge_capacity_in_Ah|internal_resistance_in_ohm|temperature_in_C|time_in_s|voltage_in_V,SOC_interval|already_spent_cycles|anode_material|cathode_material|cell_id|charge_protocol|cycle_data|depth_of_charge|depth_of_discharge|description|discharge_protocol|electrolyte_material|form_factor|max_current_limit_in_A|max_voltage_limit_in_V|min_current_limit_in_A|min_voltage_limit_in_V|nominal_capacity_in_Ah|reference,
SNL,SNL_18650_NMC_25C_0-100_0.5-0.5C_b.pkl,SNL_18650_NMC_25C_0-100_0.5-0.5C_b,679,3,0,1,2.0,4.2,-1,4649,0,1,charge_capacity_in_Ah|current_in_A|cycle_number|discharge_capacity_in_Ah|internal_resistance_in_ohm|temperature_in_C|time_in_s|voltage_in_V,SOC_interval|already_spent_cycles|anode_material|cathode_material|cell_id|charge_protocol|cycle_data|depth_of_charge|depth_of_discharge|description|discharge_protocol|electrolyte_material|form_factor|max_current_limit_in_A|max_voltage_limit_in_V|min_current_limit_in_A|min_voltage_limit_in_V|nominal_capacity_in_Ah|reference,
SNL,SNL_18650_NMC_35C_0-100_0.5-1C_b.pkl,SNL_18650_NMC_35C_0-100_0.5-1C_b,786,3,0,1,2.0,4.2,-1,1071,0,1,charge_capacity_in_Ah|current_in_A|cycle_number|discharge_capacity_in_Ah|internal_resistance_in_ohm|temperature_in_C|time_in_s|voltage_in_V,SOC_interval|already_spent_cycles|anode_material|cathode_material|cell_id|charge_protocol|cycle_data|depth_of_charge|depth_of_discharge|description|discharge_protocol|electrolyte_material|form_factor|max_current_limit_in_A|max_voltage_limit_in_V|min_current_limit_in_A|min_voltage_limit_in_V|nominal_capacity_in_Ah|reference,
Tongji,Tongji1_CY25-05_1--9.pkl,Tongji1_CY25-05_1--9,107,3.5,0,1,2.65,4.2,-1,15198,0,1,charge_capacity_in_Ah|current_in_A|cycle_number|discharge_capacity_in_Ah|internal_resistance_in_ohm|temperature_in_C|time_in_s|voltage_in_V,SOC_interval|already_spent_cycles|anode_material|cathode_material|cell_id|charge_protocol|cycle_data|depth_of_charge|depth_of_discharge|description|discharge_protocol|electrolyte_material|form_factor|max_current_limit_in_A|max_voltage_limit_in_V|min_current_limit_in_A|min_voltage_limit_in_V|nominal_capacity_in_Ah|reference,
Tongji,Tongji1_CY25-05_1--8.pkl,Tongji1_CY25-05_1--8,108,3.5,0,1,2.65,4.2,-1,15228,0,1,charge_capacity_in_Ah|current_in_A|cycle_number|discharge_capacity_in_Ah|internal_resistance_in_ohm|temperature_in_C|time_in_s|voltage_in_V,SOC_interval|already_spent_cycles|anode_material|cathode_material|cell_id|charge_protocol|cycle_data|depth_of_charge|depth_of_discharge|description|discharge_protocol|electrolyte_material|form_factor|max_current_limit_in_A|max_voltage_limit_in_V|min_current_limit_in_A|min_voltage_limit_in_V|nominal_capacity_in_Ah|reference,
MICH_EXP,MICH_04R_pouch_NMC_25C_0-100_1.5-1.5C.pkl,MICH_04R_pouch_NMC_25C_0-100_1.5-1.5C,327,5.0,0,1,3,4.2,-1,7853,0,1,charge_capacity_in_Ah|current_in_A|cycle_number|discharge_capacity_in_Ah|internal_resistance_in_ohm|temperature_in_C|time_in_s|voltage_in_V,SOC_interval|already_spent_cycles|anode_material|cathode_material|cell_id|charge_protocol|cycle_data|depth_of_charge|depth_of_discharge|description|discharge_protocol|electrolyte_material|form_factor|max_current_limit_in_A|max_voltage_limit_in_V|min_current_limit_in_A|min_voltage_limit_in_V|nominal_capacity_in_Ah|reference,
Tongji,Tongji1_CY25-05_1--1.pkl,Tongji1_CY25-05_1--1,145,3.5,0,1,2.65,4.2,-1,13718,0,1,charge_capacity_in_Ah|current_in_A|cycle_number|discharge_capacity_in_Ah|internal_resistance_in_ohm|temperature_in_C|time_in_s|voltage_in_V,SOC_interval|already_spent_cycles|anode_material|cathode_material|cell_id|charge_protocol|cycle_data|depth_of_charge|depth_of_discharge|description|discharge_protocol|electrolyte_material|form_factor|max_current_limit_in_A|max_voltage_limit_in_V|min_current_limit_in_A|min_voltage_limit_in_V|nominal_capacity_in_Ah|reference,
SNL,SNL_18650_NCA_25C_0-100_0.5-0.5C_a.pkl,SNL_18650_NCA_25C_0-100_0.5-0.5C_a,513,3.2,0,1,2.5,4.2,-1,7099,0,1,charge_capacity_in_Ah|current_in_A|cycle_number|discharge_capacity_in_Ah|internal_resistance_in_ohm|temperature_in_C|time_in_s|voltage_in_V,SOC_interval|already_spent_cycles|anode_material|cathode_material|cell_id|charge_protocol|cycle_data|depth_of_charge|depth_of_discharge|description|discharge_protocol|electrolyte_material|form_factor|max_current_limit_in_A|max_voltage_limit_in_V|min_current_limit_in_A|min_voltage_limit_in_V|nominal_capacity_in_Ah|reference,
Tongji,Tongji1_CY25-05_1--19.pkl,Tongji1_CY25-05_1--19,153,3.5,0,1,2.65,4.2,-1,14354,0,1,charge_capacity_in_Ah|current_in_A|cycle_number|discharge_capacity_in_Ah|internal_resistance_in_ohm|temperature_in_C|time_in_s|voltage_in_V,SOC_interval|already_spent_cycles|anode_material|cathode_material|cell_id|charge_protocol|cycle_data|depth_of_charge|depth_of_discharge|description|discharge_protocol|electrolyte_material|form_factor|max_current_limit_in_A|max_voltage_limit_in_V|min_current_limit_in_A|min_voltage_limit_in_V|nominal_capacity_in_Ah|reference,
SNL,SNL_18650_NMC_25C_0-100_0.5-2C_b.pkl,SNL_18650_NMC_25C_0-100_0.5-2C_b,1321,3,0,1,2.0,4.2,-1,6457,0,1,charge_capacity_in_Ah|current_in_A|cycle_number|discharge_capacity_in_Ah|internal_resistance_in_ohm|temperature_in_C|time_in_s|voltage_in_V,SOC_interval|already_spent_cycles|anode_material|cathode_material|cell_id|charge_protocol|cycle_data|depth_of_charge|depth_of_discharge|description|discharge_protocol|electrolyte_material|form_factor|max_current_limit_in_A|max_voltage_limit_in_V|min_current_limit_in_A|min_voltage_limit_in_V|nominal_capacity_in_Ah|reference,
CALCE,CALCE_CS2_35.pkl,CALCE_CS2_35,780,1.1,0,1,2.7,4.2,-1,3995,0,1,charge_capacity_in_Ah|current_in_A|cycle_number|discharge_capacity_in_Ah|internal_resistance_in_ohm|temperature_in_C|time_in_s|voltage_in_V,SOC_interval|already_spent_cycles|anode_material|cathode_material|cell_id|charge_protocol|cycle_data|depth_of_charge|depth_of_discharge|description|discharge_protocol|electrolyte_material|form_factor|max_current_limit_in_A|max_voltage_limit_in_V|min_current_limit_in_A|min_voltage_limit_in_V|nominal_capacity_in_Ah|reference,
Tongji,Tongji1_CY25-05_1--16.pkl,Tongji1_CY25-05_1--16,161,3.5,0,1,2.65,4.2,-1,11467,0,1,charge_capacity_in_Ah|current_in_A|cycle_number|discharge_capacity_in_Ah|internal_resistance_in_ohm|temperature_in_C|time_in_s|voltage_in_V,SOC_interval|already_spent_cycles|anode_material|cathode_material|cell_id|charge_protocol|cycle_data|depth_of_charge|depth_of_discharge|description|discharge_protocol|electrolyte_material|form_factor|max_current_limit_in_A|max_voltage_limit_in_V|min_current_limit_in_A|min_voltage_limit_in_V|nominal_capacity_in_Ah|reference,
Tongji,Tongji1_CY25-05_1--12.pkl,Tongji1_CY25-05_1--12,155,3.5,0,1,2.65,4.2,-1,14643,0,1,charge_capacity_in_Ah|current_in_A|cycle_number|discharge_capacity_in_Ah|internal_resistance_in_ohm|temperature_in_C|time_in_s|voltage_in_V,SOC_interval|already_spent_cycles|anode_material|cathode_material|cell_id|charge_protocol|cycle_data|depth_of_charge|depth_of_discharge|description|discharge_protocol|electrolyte_material|form_factor|max_current_limit_in_A|max_voltage_limit_in_V|min_current_limit_in_A|min_voltage_limit_in_V|nominal_capacity_in_Ah|reference,
Tongji,Tongji1_CY25-05_1--11.pkl,Tongji1_CY25-05_1--11,157,3.5,0,1,2.65,4.2,-1,14932,0,1,charge_capacity_in_Ah|current_in_A|cycle_number|discharge_capacity_in_Ah|internal_resistance_in_ohm|temperature_in_C|time_in_s|voltage_in_V,SOC_interval|already_spent_cycles|anode_material|cathode_material|cell_id|charge_protocol|cycle_data|depth_of_charge|depth_of_discharge|description|discharge_protocol|electrolyte_material|form_factor|max_current_limit_in_A|max_voltage_limit_in_V|min_current_limit_in_A|min_voltage_limit_in_V|nominal_capacity_in_Ah|reference,
CALCE,CALCE_CS2_36.pkl,CALCE_CS2_36,832,1.1,0,1,2.7,4.2,-1,3893,0,1,charge_capacity_in_Ah|current_in_A|cycle_number|discharge_capacity_in_Ah|internal_resistance_in_ohm|temperature_in_C|time_in_s|voltage_in_V,SOC_interval|already_spent_cycles|anode_material|cathode_material|cell_id|charge_protocol|cycle_data|depth_of_charge|depth_of_discharge|description|discharge_protocol|electrolyte_material|form_factor|max_current_limit_in_A|max_voltage_limit_in_V|min_current_limit_in_A|min_voltage_limit_in_V|nominal_capacity_in_Ah|reference,
Tongji,Tongji1_CY25-05_1--7.pkl,Tongji1_CY25-05_1--7,172,3.5,0,1,2.65,4.2,-1,12100,0,1,charge_capacity_in_Ah|current_in_A|cycle_number|discharge_capacity_in_Ah|internal_resistance_in_ohm|temperature_in_C|time_in_s|voltage_in_V,SOC_interval|already_spent_cycles|anode_material|cathode_material|cell_id|charge_protocol|cycle_data|depth_of_charge|depth_of_discharge|description|discharge_protocol|electrolyte_material|form_factor|max_current_limit_in_A|max_voltage_limit_in_V|min_current_limit_in_A|min_voltage_limit_in_V|nominal_capacity_in_Ah|reference,
ISU_ILCC,ISU-ILCC_G14C4.pkl,ISU-ILCC_G14C4,168,0.25,0.22577366666666676,1,3.0,4.2,-1,39375,0,1,charge_capacity_in_Ah|current_in_A|cycle_number|discharge_capacity_in_Ah|internal_resistance_in_ohm|temperature_in_C|time_in_s|voltage_in_V,SOC_interval|already_spent_cycles|anode_material|cathode_material|cell_id|charge_protocol|cycle_data|depth_of_charge|depth_of_discharge|description|discharge_protocol|electrolyte_material|form_factor|max_current_limit_in_A|max_voltage_limit_in_V|min_current_limit_in_A|min_voltage_limit_in_V|nominal_capacity_in_Ah|reference,
ISU_ILCC,ISU-ILCC_G14C3.pkl,ISU-ILCC_G14C3,168,0.25,0.23695044444444446,1,3.0,4.2,-1,38650,0,1,charge_capacity_in_Ah|current_in_A|cycle_number|discharge_capacity_in_Ah|internal_resistance_in_ohm|temperature_in_C|time_in_s|voltage_in_V,SOC_interval|already_spent_cycles|anode_material|cathode_material|cell_id|charge_protocol|cycle_data|depth_of_charge|depth_of_discharge|description|discharge_protocol|electrolyte_material|form_factor|max_current_limit_in_A|max_voltage_limit_in_V|min_current_limit_in_A|min_voltage_limit_in_V|nominal_capacity_in_Ah|reference,
Tongji,Tongji1_CY25-05_1--2.pkl,Tongji1_CY25-05_1--2,178,3.5,0,1,2.65,4.2,-1,12667,0,1,charge_capacity_in_Ah|current_in_A|cycle_number|discharge_capacity_in_Ah|internal_resistance_in_ohm|temperature_in_C|time_in_s|voltage_in_V,SOC_interval|already_spent_cycles|anode_material|cathode_material|cell_id|charge_protocol|cycle_data|depth_of_charge|depth_of_discharge|description|discharge_protocol|electrolyte_material|form_factor|max_current_limit_in_A|max_voltage_limit_in_V|min_current_limit_in_A|min_voltage_limit_in_V|nominal_capacity_in_Ah|reference,
CALCE,CALCE_CS2_37.pkl,CALCE_CS2_37,905,1.1,0,1,2.7,4.2,-1,3854,0,1,charge_capacity_in_Ah|current_in_A|cycle_number|discharge_capacity_in_Ah|internal_resistance_in_ohm|temperature_in_C|time_in_s|voltage_in_V,SOC_interval|already_spent_cycles|anode_material|cathode_material|cell_id|charge_protocol|cycle_data|depth_of_charge|depth_of_discharge|description|discharge_protocol|electrolyte_material|form_factor|max_current_limit_in_A|max_voltage_limit_in_V|min_current_limit_in_A|min_voltage_limit_in_V|nominal_capacity_in_Ah|reference,
CALCE,CALCE_CS2_38.pkl,CALCE_CS2_38,903,1.1,0,1,2.7,4.2,-1,3903,0,1,charge_capacity_in_Ah|current_in_A|cycle_number|discharge_capacity_in_Ah|internal_resistance_in_ohm|temperature_in_C|time_in_s|voltage_in_V,SOC_interval|already_spent_cycles|anode_material|cathode_material|cell_id|charge_protocol|cycle_data|depth_of_charge|depth_of_discharge|description|discharge_protocol|electrolyte_material|form_factor|max_current_limit_in_A|max_voltage_limit_in_V|min_current_limit_in_A|min_voltage_limit_in_V|nominal_capacity_in_Ah|reference,
CALCE,CALCE_CS2_34.pkl,CALCE_CS2_34,632,1.1,0,1,2.7,4.2,-1,9001,0,1,charge_capacity_in_Ah|current_in_A|cycle_number|discharge_capacity_in_Ah|internal_resistance_in_ohm|temperature_in_C|time_in_s|voltage_in_V,SOC_interval|already_spent_cycles|anode_material|cathode_material|cell_id|charge_protocol|cycle_data|depth_of_charge|depth_of_discharge|description|discharge_protocol|electrolyte_material|form_factor|max_current_limit_in_A|max_voltage_limit_in_V|min_current_limit_in_A|min_voltage_limit_in_V|nominal_capacity_in_Ah|reference,
Tongji,Tongji1_CY25-05_1--6.pkl,Tongji1_CY25-05_1--6,182,3.5,0,1,2.65,4.2,-1,12956,0,1,charge_capacity_in_Ah|current_in_A|cycle_number|discharge_capacity_in_Ah|internal_resistance_in_ohm|temperature_in_C|time_in_s|voltage_in_V,SOC_interval|already_spent_cycles|anode_material|cathode_material|cell_id|charge_protocol|cycle_data|depth_of_charge|depth_of_discharge|description|discharge_protocol|electrolyte_material|form_factor|max_current_limit_in_A|max_voltage_limit_in_V|min_current_limit_in_A|min_voltage_limit_in_V|nominal_capacity_in_Ah|reference,
Tongji,Tongji1_CY45-05_1--6.pkl,Tongji1_CY45-05_1--6,199,3.5,0,1,2.65,4.2,-1,14229,0,1,charge_capacity_in_Ah|current_in_A|cycle_number|discharge_capacity_in_Ah|internal_resistance_in_ohm|temperature_in_C|time_in_s|voltage_in_V,SOC_interval|already_spent_cycles|anode_material|cathode_material|cell_id|charge_protocol|cycle_data|depth_of_charge|depth_of_discharge|description|discharge_protocol|electrolyte_material|form_factor|max_current_limit_in_A|max_voltage_limit_in_V|min_current_limit_in_A|min_voltage_limit_in_V|nominal_capacity_in_Ah|reference,
Tongji,Tongji1_CY45-05_1--5.pkl,Tongji1_CY45-05_1--5,199,3.5,0,1,2.65,4.2,-1,14222,0,1,charge_capacity_in_Ah|current_in_A|cycle_number|discharge_capacity_in_Ah|internal_resistance_in_ohm|temperature_in_C|time_in_s|voltage_in_V,SOC_interval|already_spent_cycles|anode_material|cathode_material|cell_id|charge_protocol|cycle_data|depth_of_charge|depth_of_discharge|description|discharge_protocol|electrolyte_material|form_factor|max_current_limit_in_A|max_voltage_limit_in_V|min_current_limit_in_A|min_voltage_limit_in_V|nominal_capacity_in_Ah|reference,
Tongji,Tongji1_CY45-05_1--4.pkl,Tongji1_CY45-05_1--4,199,3.5,0,1,2.65,4.2,-1,14282,0,1,charge_capacity_in_Ah|current_in_A|cycle_number|discharge_capacity_in_Ah|internal_resistance_in_ohm|temperature_in_C|time_in_s|voltage_in_V,SOC_interval|already_spent_cycles|anode_material|cathode_material|cell_id|charge_protocol|cycle_data|depth_of_charge|depth_of_discharge|description|discharge_protocol|electrolyte_material|form_factor|max_current_limit_in_A|max_voltage_limit_in_V|min_current_limit_in_A|min_voltage_limit_in_V|nominal_capacity_in_Ah|reference,
Tongji,Tongji1_CY45-05_1--3.pkl,Tongji1_CY45-05_1--3,199,3.5,0,1,2.65,4.2,-1,14294,0,1,charge_capacity_in_Ah|current_in_A|cycle_number|discharge_capacity_in_Ah|internal_resistance_in_ohm|temperature_in_C|time_in_s|voltage_in_V,SOC_interval|already_spent_cycles|anode_material|cathode_material|cell_id|charge_protocol|cycle_data|depth_of_charge|depth_of_discharge|description|discharge_protocol|electrolyte_material|form_factor|max_current_limit_in_A|max_voltage_limit_in_V|min_current_limit_in_A|min_voltage_limit_in_V|nominal_capacity_in_Ah|reference,
Tongji,Tongji1_CY25-05_1--18.pkl,Tongji1_CY25-05_1--18,188,3.5,0,1,2.65,4.2,-1,13195,0,1,charge_capacity_in_Ah|current_in_A|cycle_number|discharge_capacity_in_Ah|internal_resistance_in_ohm|temperature_in_C|time_in_s|voltage_in_V,SOC_interval|already_spent_cycles|anode_material|cathode_material|cell_id|charge_protocol|cycle_data|depth_of_charge|depth_of_discharge|description|discharge_protocol|electrolyte_material|form_factor|max_current_limit_in_A|max_voltage_limit_in_V|min_current_limit_in_A|min_voltage_limit_in_V|nominal_capacity_in_Ah|reference,
CALCE,CALCE_CS2_33.pkl,CALCE_CS2_33,660,1.1,0,1,2.7,4.2,-1,8555,0,1,charge_capacity_in_Ah|current_in_A|cycle_number|discharge_capacity_in_Ah|internal_resistance_in_ohm|temperature_in_C|time_in_s|voltage_in_V,SOC_interval|already_spent_cycles|anode_material|cathode_material|cell_id|charge_protocol|cycle_data|depth_of_charge|depth_of_discharge|description|discharge_protocol|electrolyte_material|form_factor|max_current_limit_in_A|max_voltage_limit_in_V|min_current_limit_in_A|min_voltage_limit_in_V|nominal_capacity_in_Ah|reference,
Tongji,Tongji1_CY25-05_1--14.pkl,Tongji1_CY25-05_1--14,192,3.5,0,1,2.65,4.2,-1,13386,0,1,charge_capacity_in_Ah|current_in_A|cycle_number|discharge_capacity_in_Ah|internal_resistance_in_ohm|temperature_in_C|time_in_s|voltage_in_V,SOC_interval|already_spent_cycles|anode_material|cathode_material|cell_id|charge_protocol|cycle_data|depth_of_charge|depth_of_discharge|description|discharge_protocol|electrolyte_material|form_factor|max_current_limit_in_A|max_voltage_limit_in_V|min_current_limit_in_A|min_voltage_limit_in_V|nominal_capacity_in_Ah|reference,
Tongji,Tongji1_CY25-05_1--3.pkl,Tongji1_CY25-05_1--3,192,3.5,0,1,2.65,4.2,-1,13499,0,1,charge_capacity_in_Ah|current_in_A|cycle_number|discharge_capacity_in_Ah|internal_resistance_in_ohm|temperature_in_C|time_in_s|voltage_in_V,SOC_interval|already_spent_cycles|anode_material|cathode_material|cell_id|charge_protocol|cycle_data|depth_of_charge|depth_of_discharge|description|discharge_protocol|electrolyte_material|form_factor|max_current_limit_in_A|max_voltage_limit_in_V|min_current_limit_in_A|min_voltage_limit_in_V|nominal_capacity_in_Ah|reference,
Tongji,Tongji1_CY25-05_1--15.pkl,Tongji1_CY25-05_1--15,191,3.5,0,1,2.65,4.2,-1,13356,0,1,charge_capacity_in_Ah|current_in_A|cycle_number|discharge_capacity_in_Ah|internal_resistance_in_ohm|temperature_in_C|time_in_s|voltage_in_V,SOC_interval|already_spent_cycles|anode_material|cathode_material|cell_id|charge_protocol|cycle_data|depth_of_charge|depth_of_discharge|description|discharge_protocol|electrolyte_material|form_factor|max_current_limit_in_A|max_voltage_limit_in_V|min_current_limit_in_A|min_voltage_limit_in_V|nominal_capacity_in_Ah|reference,
Tongji,Tongji1_CY25-05_1--4.pkl,Tongji1_CY25-05_1--4,193,3.5,0,1,2.65,4.2,-1,13753,0,1,charge_capacity_in_Ah|current_in_A|cycle_number|discharge_capacity_in_Ah|internal_resistance_in_ohm|temperature_in_C|time_in_s|voltage_in_V,SOC_interval|already_spent_cycles|anode_material|cathode_material|cell_id|charge_protocol|cycle_data|depth_of_charge|depth_of_discharge|description|discharge_protocol|electrolyte_material|form_factor|max_current_limit_in_A|max_voltage_limit_in_V|min_current_limit_in_A|min_voltage_limit_in_V|nominal_capacity_in_Ah|reference,
Tongji,Tongji1_CY25-05_1--17.pkl,Tongji1_CY25-05_1--17,192,3.5,0,1,2.65,4.2,-1,13474,0,1,charge_capacity_in_Ah|current_in_A|cycle_number|discharge_capacity_in_Ah|internal_resistance_in_ohm|temperature_in_C|time_in_s|voltage_in_V,SOC_interval|already_spent_cycles|anode_material|cathode_material|cell_id|charge_protocol|cycle_data|depth_of_charge|depth_of_discharge|description|discharge_protocol|electrolyte_material|form_factor|max_current_limit_in_A|max_voltage_limit_in_V|min_current_limit_in_A|min_voltage_limit_in_V|nominal_capacity_in_Ah|reference,
Tongji,Tongji1_CY25-05_1--5.pkl,Tongji1_CY25-05_1--5,193,3.5,0,1,2.65,4.2,-1,13699,0,1,charge_capacity_in_Ah|current_in_A|cycle_number|discharge_capacity_in_Ah|internal_resistance_in_ohm|temperature_in_C|time_in_s|voltage_in_V,SOC_interval|already_spent_cycles|anode_material|cathode_material|cell_id|charge_protocol|cycle_data|depth_of_charge|depth_of_discharge|description|discharge_protocol|electrolyte_material|form_factor|max_current_limit_in_A|max_voltage_limit_in_V|min_current_limit_in_A|min_voltage_limit_in_V|nominal_capacity_in_Ah|reference,
Tongji,Tongji1_CY25-05_1--13.pkl,Tongji1_CY25-05_1--13,193,3.5,0,1,2.65,4.2,-1,13608,0,1,charge_capacity_in_Ah|current_in_A|cycle_number|discharge_capacity_in_Ah|internal_resistance_in_ohm|temperature_in_C|time_in_s|voltage_in_V,SOC_interval|already_spent_cycles|anode_material|cathode_material|cell_id|charge_protocol|cycle_data|depth_of_charge|depth_of_discharge|description|discharge_protocol|electrolyte_material|form_factor|max_current_limit_in_A|max_voltage_limit_in_V|min_current_limit_in_A|min_voltage_limit_in_V|nominal_capacity_in_Ah|reference,
Tongji,Tongji2_CY25-05_1--4.pkl,Tongji2_CY25-05_1--4,190,3.5,0,1,2.5,4.2,-1,14696,0,1,charge_capacity_in_Ah|current_in_A|cycle_number|discharge_capacity_in_Ah|internal_resistance_in_ohm|temperature_in_C|time_in_s|voltage_in_V,SOC_interval|already_spent_cycles|anode_material|cathode_material|cell_id|charge_protocol|cycle_data|depth_of_charge|depth_of_discharge|description|discharge_protocol|electrolyte_material|form_factor|max_current_limit_in_A|max_voltage_limit_in_V|min_current_limit_in_A|min_voltage_limit_in_V|nominal_capacity_in_Ah|reference,
Tongji,Tongji2_CY25-05_1--20.pkl,Tongji2_CY25-05_1--20,191,3.5,0,1,2.5,4.2,-1,14724,0,1,charge_capacity_in_Ah|current_in_A|cycle_number|discharge_capacity_in_Ah|internal_resistance_in_ohm|temperature_in_C|time_in_s|voltage_in_V,SOC_interval|already_spent_cycles|anode_material|cathode_material|cell_id|charge_protocol|cycle_data|depth_of_charge|depth_of_discharge|description|discharge_protocol|electrolyte_material|form_factor|max_current_limit_in_A|max_voltage_limit_in_V|min_current_limit_in_A|min_voltage_limit_in_V|nominal_capacity_in_Ah|reference,
Tongji,Tongji2_CY25-05_1--22.pkl,Tongji2_CY25-05_1--22,192,3.5,0,1,2.5,4.2,-1,14717,0,1,charge_capacity_in_Ah|current_in_A|cycle_number|discharge_capacity_in_Ah|internal_resistance_in_ohm|temperature_in_C|time_in_s|voltage_in_V,SOC_interval|already_spent_cycles|anode_material|cathode_material|cell_id|charge_protocol|cycle_data|depth_of_charge|depth_of_discharge|description|discharge_protocol|electrolyte_material|form_factor|max_current_limit_in_A|max_voltage_limit_in_V|min_current_limit_in_A|min_voltage_limit_in_V|nominal_capacity_in_Ah|reference,
Tongji,Tongji2_CY25-05_1--21.pkl,Tongji2_CY25-05_1--21,190,3.5,0,1,2.5,4.2,-1,14687,0,1,charge_capacity_in_Ah|current_in_A|cycle_number|discharge_capacity_in_Ah|internal_resistance_in_ohm|temperature_in_C|time_in_s|voltage_in_V,SOC_interval|already_spent_cycles|anode_material|cathode_material|cell_id|charge_protocol|cycle_data|depth_of_charge|depth_of_discharge|description|discharge_protocol|electrolyte_material|form_factor|max_current_limit_in_A|max_voltage_limit_in_V|min_current_limit_in_A|min_voltage_limit_in_V|nominal_capacity_in_Ah|reference,
SNL,SNL_18650_NCA_25C_0-100_0.5-0.5C_b.pkl,SNL_18650_NCA_25C_0-100_0.5-0.5C_b,916,3.2,0,1,2.5,4.2,-1,5530,0,1,charge_capacity_in_Ah|current_in_A|cycle_number|discharge_capacity_in_Ah|internal_resistance_in_ohm|temperature_in_C|time_in_s|voltage_in_V,SOC_interval|already_spent_cycles|anode_material|cathode_material|cell_id|charge_protocol|cycle_data|depth_of_charge|depth_of_discharge|description|discharge_protocol|electrolyte_material|form_factor|max_current_limit_in_A|max_voltage_limit_in_V|min_current_limit_in_A|min_voltage_limit_in_V|nominal_capacity_in_Ah|reference,
Tongji,Tongji2_CY25-05_1--23.pkl,Tongji2_CY25-05_1--23,191,3.5,0,1,2.5,4.2,-1,14727,0,1,charge_capacity_in_Ah|current_in_A|cycle_number|discharge_capacity_in_Ah|internal_resistance_in_ohm|temperature_in_C|time_in_s|voltage_in_V,SOC_interval|already_spent_cycles|anode_material|cathode_material|cell_id|charge_protocol|cycle_data|depth_of_charge|depth_of_discharge|description|discharge_protocol|electrolyte_material|form_factor|max_current_limit_in_A|max_voltage_limit_in_V|min_current_limit_in_A|min_voltage_limit_in_V|nominal_capacity_in_Ah|reference,
Tongji,Tongji2_CY25-05_1--3.pkl,Tongji2_CY25-05_1--3,191,3.5,0,1,2.5,4.2,-1,14687,0,1,charge_capacity_in_Ah|current_in_A|cycle_number|discharge_capacity_in_Ah|internal_resistance_in_ohm|temperature_in_C|time_in_s|voltage_in_V,SOC_interval|already_spent_cycles|anode_material|cathode_material|cell_id|charge_protocol|cycle_data|depth_of_charge|depth_of_discharge|description|discharge_protocol|electrolyte_material|form_factor|max_current_limit_in_A|max_voltage_limit_in_V|min_current_limit_in_A|min_voltage_limit_in_V|nominal_capacity_in_Ah|reference,
Tongji,Tongji2_CY25-05_1--2.pkl,Tongji2_CY25-05_1--2,189,3.5,0,1,2.5,4.2,-1,14594,0,1,charge_capacity_in_Ah|current_in_A|cycle_number|discharge_capacity_in_Ah|internal_resistance_in_ohm|temperature_in_C|time_in_s|voltage_in_V,SOC_interval|already_spent_cycles|anode_material|cathode_material|cell_id|charge_protocol|cycle_data|depth_of_charge|depth_of_discharge|description|discharge_protocol|electrolyte_material|form_factor|max_current_limit_in_A|max_voltage_limit_in_V|min_current_limit_in_A|min_voltage_limit_in_V|nominal_capacity_in_Ah|reference,
Tongji,Tongji2_CY25-05_1--1.pkl,Tongji2_CY25-05_1--1,192,3.5,0,1,2.5,4.2,-1,14714,0,1,charge_capacity_in_Ah|current_in_A|cycle_number|discharge_capacity_in_Ah|internal_resistance_in_ohm|temperature_in_C|time_in_s|voltage_in_V,SOC_interval|already_spent_cycles|anode_material|cathode_material|cell_id|charge_protocol|cycle_data|depth_of_charge|depth_of_discharge|description|discharge_protocol|electrolyte_material|form_factor|max_current_limit_in_A|max_voltage_limit_in_V|min_current_limit_in_A|min_voltage_limit_in_V|nominal_capacity_in_Ah|reference,
Tongji,Tongji2_CY25-05_1--19.pkl,Tongji2_CY25-05_1--19,191,3.5,0,1,2.5,4.2,-1,14705,0,1,charge_capacity_in_Ah|current_in_A|cycle_number|discharge_capacity_in_Ah|internal_resistance_in_ohm|temperature_in_C|time_in_s|voltage_in_V,SOC_interval|already_spent_cycles|anode_material|cathode_material|cell_id|charge_protocol|cycle_data|depth_of_charge|depth_of_discharge|description|discharge_protocol|electrolyte_material|form_factor|max_current_limit_in_A|max_voltage_limit_in_V|min_current_limit_in_A|min_voltage_limit_in_V|nominal_capacity_in_Ah|reference,
Tongji,Tongji2_CY25-05_1--7.pkl,Tongji2_CY25-05_1--7,192,3.5,0,1,2.5,4.2,-1,14707,0,1,charge_capacity_in_Ah|current_in_A|cycle_number|discharge_capacity_in_Ah|internal_resistance_in_ohm|temperature_in_C|time_in_s|voltage_in_V,SOC_interval|already_spent_cycles|anode_material|cathode_material|cell_id|charge_protocol|cycle_data|depth_of_charge|depth_of_discharge|description|discharge_protocol|electrolyte_material|form_factor|max_current_limit_in_A|max_voltage_limit_in_V|min_current_limit_in_A|min_voltage_limit_in_V|nominal_capacity_in_Ah|reference,
Tongji,Tongji2_CY25-05_1--6.pkl,Tongji2_CY25-05_1--6,191,3.5,0,1,2.5,4.2,-1,14717,0,1,charge_capacity_in_Ah|current_in_A|cycle_number|discharge_capacity_in_Ah|internal_resistance_in_ohm|temperature_in_C|time_in_s|voltage_in_V,SOC_interval|already_spent_cycles|anode_material|cathode_material|cell_id|charge_protocol|cycle_data|depth_of_charge|depth_of_discharge|description|discharge_protocol|electrolyte_material|form_factor|max_current_limit_in_A|max_voltage_limit_in_V|min_current_limit_in_A|min_voltage_limit_in_V|nominal_capacity_in_Ah|reference,
Tongji,Tongji2_CY25-05_1--18.pkl,Tongji2_CY25-05_1--18,193,3.5,0,1,2.5,4.2,-1,15018,0,1,charge_capacity_in_Ah|current_in_A|cycle_number|discharge_capacity_in_Ah|internal_resistance_in_ohm|temperature_in_C|time_in_s|voltage_in_V,SOC_interval|already_spent_cycles|anode_material|cathode_material|cell_id|charge_protocol|cycle_data|depth_of_charge|depth_of_discharge|description|discharge_protocol|electrolyte_material|form_factor|max_current_limit_in_A|max_voltage_limit_in_V|min_current_limit_in_A|min_voltage_limit_in_V|nominal_capacity_in_Ah|reference,
Tongji,Tongji2_CY45-05_1--6.pkl,Tongji2_CY45-05_1--6,199,3.5,0,1,2.5,4.2,-1,15597,0,1,charge_capacity_in_Ah|current_in_A|cycle_number|discharge_capacity_in_Ah|internal_resistance_in_ohm|temperature_in_C|time_in_s|voltage_in_V,SOC_interval|already_spent_cycles|anode_material|cathode_material|cell_id|charge_protocol|cycle_data|depth_of_charge|depth_of_discharge|description|discharge_protocol|electrolyte_material|form_factor|max_current_limit_in_A|max_voltage_limit_in_V|min_current_limit_in_A|min_voltage_limit_in_V|nominal_capacity_in_Ah|reference,
SNL,SNL_18650_NCA_25C_20-80_0.5-0.5C_a.pkl,SNL_18650_NCA_25C_20-80_0.5-0.5C_a,1123,3.2,0.2,0.8,2.5,4.2,-1,4112,0,1,charge_capacity_in_Ah|current_in_A|cycle_number|discharge_capacity_in_Ah|internal_resistance_in_ohm|temperature_in_C|time_in_s|voltage_in_V,SOC_interval|already_spent_cycles|anode_material|cathode_material|cell_id|charge_protocol|cycle_data|depth_of_charge|depth_of_discharge|description|discharge_protocol|electrolyte_material|form_factor|max_current_limit_in_A|max_voltage_limit_in_V|min_current_limit_in_A|min_voltage_limit_in_V|nominal_capacity_in_Ah|reference,
Tongji,Tongji2_CY45-05_1--5.pkl,Tongji2_CY45-05_1--5,199,3.5,0,1,2.5,4.2,-1,15508,0,1,charge_capacity_in_Ah|current_in_A|cycle_number|discharge_capacity_in_Ah|internal_resistance_in_ohm|temperature_in_C|time_in_s|voltage_in_V,SOC_interval|already_spent_cycles|anode_material|cathode_material|cell_id|charge_protocol|cycle_data|depth_of_charge|depth_of_discharge|description|discharge_protocol|electrolyte_material|form_factor|max_current_limit_in_A|max_voltage_limit_in_V|min_current_limit_in_A|min_voltage_limit_in_V|nominal_capacity_in_Ah|reference,
Tongji,Tongji2_CY45-05_1--4.pkl,Tongji2_CY45-05_1--4,199,3.5,0,1,2.5,4.2,-1,15512,0,1,charge_capacity_in_Ah|current_in_A|cycle_number|discharge_capacity_in_Ah|internal_resistance_in_ohm|temperature_in_C|time_in_s|voltage_in_V,SOC_interval|already_spent_cycles|anode_material|cathode_material|cell_id|charge_protocol|cycle_data|depth_of_charge|depth_of_discharge|description|discharge_protocol|electrolyte_material|form_factor|max_current_limit_in_A|max_voltage_limit_in_V|min_current_limit_in_A|min_voltage_limit_in_V|nominal_capacity_in_Ah|reference,
Tongji,Tongji2_CY45-05_1--3.pkl,Tongji2_CY45-05_1--3,199,3.5,0,1,2.5,4.2,-1,15493,0,1,charge_capacity_in_Ah|current_in_A|cycle_number|discharge_capacity_in_Ah|internal_resistance_in_ohm|temperature_in_C|time_in_s|voltage_in_V,SOC_interval|already_spent_cycles|anode_material|cathode_material|cell_id|charge_protocol|cycle_data|depth_of_charge|depth_of_discharge|description|discharge_protocol|electrolyte_material|form_factor|max_current_limit_in_A|max_voltage_limit_in_V|min_current_limit_in_A|min_voltage_limit_in_V|nominal_capacity_in_Ah|reference,
SNL,SNL_18650_NCA_25C_20-80_0.5-0.5C_c.pkl,SNL_18650_NCA_25C_20-80_0.5-0.5C_c,1251,3.2,0.2,0.8,2.5,4.2,-1,4114,0,1,charge_capacity_in_Ah|current_in_A|cycle_number|discharge_capacity_in_Ah|internal_resistance_in_ohm|temperature_in_C|time_in_s|voltage_in_V,SOC_interval|already_spent_cycles|anode_material|cathode_material|cell_id|charge_protocol|cycle_data|depth_of_charge|depth_of_discharge|description|discharge_protocol|electrolyte_material|form_factor|max_current_limit_in_A|max_voltage_limit_in_V|min_current_limit_in_A|min_voltage_limit_in_V|nominal_capacity_in_Ah|reference,
SNL,SNL_18650_NCA_25C_20-80_0.5-0.5C_b.pkl,SNL_18650_NCA_25C_20-80_0.5-0.5C_b,1250,3.2,0.2,0.8,2.5,4.2,-1,4160,0,1,charge_capacity_in_Ah|current_in_A|cycle_number|discharge_capacity_in_Ah|internal_resistance_in_ohm|temperature_in_C|time_in_s|voltage_in_V,SOC_interval|already_spent_cycles|anode_material|cathode_material|cell_id|charge_protocol|cycle_data|depth_of_charge|depth_of_discharge|description|discharge_protocol|electrolyte_material|form_factor|max_current_limit_in_A|max_voltage_limit_in_V|min_current_limit_in_A|min_voltage_limit_in_V|nominal_capacity_in_Ah|reference,
Tongji,Tongji2_CY25-05_1--10.pkl,Tongji2_CY25-05_1--10,199,3.5,0,1,2.5,4.2,-1,15200,0,1,charge_capacity_in_Ah|current_in_A|cycle_number|discharge_capacity_in_Ah|internal_resistance_in_ohm|temperature_in_C|time_in_s|voltage_in_V,SOC_interval|already_spent_cycles|anode_material|cathode_material|cell_id|charge_protocol|cycle_data|depth_of_charge|depth_of_discharge|description|discharge_protocol|electrolyte_material|form_factor|max_current_limit_in_A|max_voltage_limit_in_V|min_current_limit_in_A|min_voltage_limit_in_V|nominal_capacity_in_Ah|reference,
Tongji,Tongji2_CY25-05_1--11.pkl,Tongji2_CY25-05_1--11,199,3.5,0,1,2.5,4.2,-1,15180,0,1,charge_capacity_in_Ah|current_in_A|cycle_number|discharge_capacity_in_Ah|internal_resistance_in_ohm|temperature_in_C|time_in_s|voltage_in_V,SOC_interval|already_spent_cycles|anode_material|cathode_material|cell_id|charge_protocol|cycle_data|depth_of_charge|depth_of_discharge|description|discharge_protocol|electrolyte_material|form_factor|max_current_limit_in_A|max_voltage_limit_in_V|min_current_limit_in_A|min_voltage_limit_in_V|nominal_capacity_in_Ah|reference,
Tongji,Tongji2_CY25-05_1--12.pkl,Tongji2_CY25-05_1--12,199,3.5,0,1,2.5,4.2,-1,15896,0,1,charge_capacity_in_Ah|current_in_A|cycle_number|discharge_capacity_in_Ah|internal_resistance_in_ohm|temperature_in_C|time_in_s|voltage_in_V,SOC_interval|already_spent_cycles|anode_material|cathode_material|cell_id|charge_protocol|cycle_data|depth_of_charge|depth_of_discharge|description|discharge_protocol|electrolyte_material|form_factor|max_current_limit_in_A|max_voltage_limit_in_V|min_current_limit_in_A|min_voltage_limit_in_V|nominal_capacity_in_Ah|reference,
SNL,SNL_18650_NCA_25C_20-80_0.5-0.5C_d.pkl,SNL_18650_NCA_25C_20-80_0.5-0.5C_d,1509,3.2,0.2,0.8,2.5,4.2,-1,3627,0,1,charge_capacity_in_Ah|current_in_A|cycle_number|discharge_capacity_in_Ah|internal_resistance_in_ohm|temperature_in_C|time_in_s|voltage_in_V,SOC_interval|already_spent_cycles|anode_material|cathode_material|cell_id|charge_protocol|cycle_data|depth_of_charge|depth_of_discharge|description|discharge_protocol|electrolyte_material|form_factor|max_current_limit_in_A|max_voltage_limit_in_V|min_current_limit_in_A|min_voltage_limit_in_V|nominal_capacity_in_Ah|reference,
Tongji,Tongji1_CY25-05_1--10.pkl,Tongji1_CY25-05_1--10,207,3.5,0,1,2.65,4.2,-1,11813,0,1,charge_capacity_in_Ah|current_in_A|cycle_number|discharge_capacity_in_Ah|internal_resistance_in_ohm|temperature_in_C|time_in_s|voltage_in_V,SOC_interval|already_spent_cycles|anode_material|cathode_material|cell_id|charge_protocol|cycle_data|depth_of_charge|depth_of_discharge|description|discharge_protocol|electrolyte_material|form_factor|max_current_limit_in_A|max_voltage_limit_in_V|min_current_limit_in_A|min_voltage_limit_in_V|nominal_capacity_in_Ah|reference,
CALCE,CALCE_CX2_37.pkl,CALCE_CX2_37,1072,1.35,0,1,2.7,4.2,-1,4361,0,1,charge_capacity_in_Ah|current_in_A|cycle_number|discharge_capacity_in_Ah|internal_resistance_in_ohm|temperature_in_C|time_in_s|voltage_in_V,SOC_interval|already_spent_cycles|anode_material|cathode_material|cell_id|charge_protocol|cycle_data|depth_of_charge|depth_of_discharge|description|discharge_protocol|electrolyte_material|form_factor|max_current_limit_in_A|max_voltage_limit_in_V|min_current_limit_in_A|min_voltage_limit_in_V|nominal_capacity_in_Ah|reference,
MATR,MATR_b2c1.pkl,MATR_b2c1,169,1.1,0,1,2.0,3.5,-1,11142,74,1,Qdlin|charge_capacity_in_Ah|current_in_A|cycle_number|discharge_capacity_in_Ah|internal_resistance_in_ohm|temperature_in_C|time_in_s|voltage_in_V,SOC_interval|already_spent_cycles|anode_material|cathode_material|cell_id|charge_protocol|cycle_data|depth_of_charge|depth_of_discharge|description|discharge_protocol|electrolyte_material|form_factor|max_current_limit_in_A|max_voltage_limit_in_V|min_current_limit_in_A|min_voltage_limit_in_V|nominal_capacity_in_Ah|reference,
ISU_ILCC,ISU-ILCC_G14C2.pkl,ISU-ILCC_G14C2,250,0.25,0.228908,1,3.0,4.2,-1,39006,0,1,charge_capacity_in_Ah|current_in_A|cycle_number|discharge_capacity_in_Ah|internal_resistance_in_ohm|temperature_in_C|time_in_s|voltage_in_V,SOC_interval|already_spent_cycles|anode_material|cathode_material|cell_id|charge_protocol|cycle_data|depth_of_charge|depth_of_discharge|description|discharge_protocol|electrolyte_material|form_factor|max_current_limit_in_A|max_voltage_limit_in_V|min_current_limit_in_A|min_voltage_limit_in_V|nominal_capacity_in_Ah|reference,
CALCE,CALCE_CX2_34.pkl,CALCE_CX2_34,1363,1.35,0,1,2.7,4.2,-1,3955,0,1,charge_capacity_in_Ah|current_in_A|cycle_number|discharge_capacity_in_Ah|internal_resistance_in_ohm|temperature_in_C|time_in_s|voltage_in_V,SOC_interval|already_spent_cycles|anode_material|cathode_material|cell_id|charge_protocol|cycle_data|depth_of_charge|depth_of_discharge|description|discharge_protocol|electrolyte_material|form_factor|max_current_limit_in_A|max_voltage_limit_in_V|min_current_limit_in_A|min_voltage_limit_in_V|nominal_capacity_in_Ah|reference,
SNL,SNL_18650_LFP_25C_0-100_0.5-3C_c.pkl,SNL_18650_LFP_25C_0-100_0.5-3C_c,3555,1.1,0,1,2.0,3.6,-1,1040,0,1,charge_capacity_in_Ah|current_in_A|cycle_number|discharge_capacity_in_Ah|internal_resistance_in_ohm|temperature_in_C|time_in_s|voltage_in_V,SOC_interval|already_spent_cycles|anode_material|cathode_material|cell_id|charge_protocol|cycle_data|depth_of_charge|depth_of_discharge|description|discharge_protocol|electrolyte_material|form_factor|max_current_limit_in_A|max_voltage_limit_in_V|min_current_limit_in_A|min_voltage_limit_in_V|nominal_capacity_in_Ah|reference,
MICH,MICH_MCForm35_pouch_NMC_45C_0-100_1-1C_e.pkl,MICH_MCForm35_pouch_NMC_45C_0-100_1-1C_e,446,2.36,0,1,3,4.2,-1,9175,0,1,charge_capacity_in_Ah|current_in_A|cycle_number|discharge_capacity_in_Ah|internal_resistance_in_ohm|temperature_in_C|time_in_s|voltage_in_V,SOC_interval|already_spent_cycles|anode_material|cathode_material|cell_id|charge_protocol|cycle_data|depth_of_charge|depth_of_discharge|description|discharge_protocol|electrolyte_material|form_factor|max_current_limit_in_A|max_voltage_limit_in_V|min_current_limit_in_A|min_voltage_limit_in_V|nominal_capacity_in_Ah|reference,
MICH_EXP,MICH_18H_pouch_NMC_45C_50-100_0.2-1.5C.pkl,MICH_18H_pouch_NMC_45C_50-100_0.2-1.5C,295,5.0,0.5,1,3,4.2,-1,5163,0,1,charge_capacity_in_Ah|current_in_A|cycle_number|discharge_capacity_in_Ah|internal_resistance_in_ohm|temperature_in_C|time_in_s|voltage_in_V,SOC_interval|already_spent_cycles|anode_material|cathode_material|cell_id|charge_protocol|cycle_data|depth_of_charge|depth_of_discharge|description|discharge_protocol|electrolyte_material|form_factor|max_current_limit_in_A|max_voltage_limit_in_V|min_current_limit_in_A|min_voltage_limit_in_V|nominal_capacity_in_Ah|reference,
MICH,MICH_BLForm11_pouch_NMC_25C_0-100_1-1C_a.pkl,MICH_BLForm11_pouch_NMC_25C_0-100_1-1C_a,426,2.36,0,1,3,4.2,-1,9597,0,1,charge_capacity_in_Ah|current_in_A|cycle_number|discharge_capacity_in_Ah|internal_resistance_in_ohm|temperature_in_C|time_in_s|voltage_in_V,SOC_interval|already_spent_cycles|anode_material|cathode_material|cell_id|charge_protocol|cycle_data|depth_of_charge|depth_of_discharge|description|discharge_protocol|electrolyte_material|form_factor|max_current_limit_in_A|max_voltage_limit_in_V|min_current_limit_in_A|min_voltage_limit_in_V|nominal_capacity_in_Ah|reference,
MICH_EXP,MICH_12H_pouch_NMC_45C_0-100_0.2-1.5C.pkl,MICH_12H_pouch_NMC_45C_0-100_0.2-1.5C,182,5.0,0,1,3,4.2,-1,9226,0,1,charge_capacity_in_Ah|current_in_A|cycle_number|discharge_capacity_in_Ah|internal_resistance_in_ohm|temperature_in_C|time_in_s|voltage_in_V,SOC_interval|already_spent_cycles|anode_material|cathode_material|cell_id|charge_protocol|cycle_data|depth_of_charge|depth_of_discharge|description|discharge_protocol|electrolyte_material|form_factor|max_current_limit_in_A|max_voltage_limit_in_V|min_current_limit_in_A|min_voltage_limit_in_V|nominal_capacity_in_Ah|reference,
MICH_EXP,MICH_15H_pouch_NMC_45C_50-100_0.2-0.2C.pkl,MICH_15H_pouch_NMC_45C_50-100_0.2-0.2C,171,5.0,0.5,1,3,4.2,-1,38700,0,1,charge_capacity_in_Ah|current_in_A|cycle_number|discharge_capacity_in_Ah|internal_resistance_in_ohm|temperature_in_C|time_in_s|voltage_in_V,SOC_interval|already_spent_cycles|anode_material|cathode_material|cell_id|charge_protocol|cycle_data|depth_of_charge|depth_of_discharge|description|discharge_protocol|electrolyte_material|form_factor|max_current_limit_in_A|max_voltage_limit_in_V|min_current_limit_in_A|min_voltage_limit_in_V|nominal_capacity_in_Ah|reference,
MICH,MICH_BLForm6_pouch_NMC_45C_0-100_1-1C_f.pkl,MICH_BLForm6_pouch_NMC_45C_0-100_1-1C_f,454,2.36,0,1,3,4.2,-1,9322,0,1,charge_capacity_in_Ah|current_in_A|cycle_number|discharge_capacity_in_Ah|internal_resistance_in_ohm|temperature_in_C|time_in_s|voltage_in_V,SOC_interval|already_spent_cycles|anode_material|cathode_material|cell_id|charge_protocol|cycle_data|depth_of_charge|depth_of_discharge|description|discharge_protocol|electrolyte_material|form_factor|max_current_limit_in_A|max_voltage_limit_in_V|min_current_limit_in_A|min_voltage_limit_in_V|nominal_capacity_in_Ah|reference,
MICH,MICH_BLForm10_pouch_NMC_25C_0-100_1-1C_j.pkl,MICH_BLForm10_pouch_NMC_25C_0-100_1-1C_j,459,2.36,0,1,3,4.2,-1,9336,0,1,charge_capacity_in_Ah|current_in_A|cycle_number|discharge_capacity_in_Ah|internal_resistance_in_ohm|temperature_in_C|time_in_s|voltage_in_V,SOC_interval|already_spent_cycles|anode_material|cathode_material|cell_id|charge_protocol|cycle_data|depth_of_charge|depth_of_discharge|description|discharge_protocol|electrolyte_material|form_factor|max_current_limit_in_A|max_voltage_limit_in_V|min_current_limit_in_A|min_voltage_limit_in_V|nominal_capacity_in_Ah|reference,
Tongji,Tongji1_CY25-025_1--6.pkl,Tongji1_CY25-025_1--6,245,3.5,0,1,2.65,4.2,-1,11644,0,1,charge_capacity_in_Ah|current_in_A|cycle_number|discharge_capacity_in_Ah|internal_resistance_in_ohm|temperature_in_C|time_in_s|voltage_in_V,SOC_interval|already_spent_cycles|anode_material|cathode_material|cell_id|charge_protocol|cycle_data|depth_of_charge|depth_of_discharge|description|discharge_protocol|electrolyte_material|form_factor|max_current_limit_in_A|max_voltage_limit_in_V|min_current_limit_in_A|min_voltage_limit_in_V|nominal_capacity_in_Ah|reference,
MICH,MICH_BLForm7_pouch_NMC_45C_0-100_1-1C_g.pkl,MICH_BLForm7_pouch_NMC_45C_0-100_1-1C_g,457,2.36,0,1,3,4.2,-1,9248,0,1,charge_capacity_in_Ah|current_in_A|cycle_number|discharge_capacity_in_Ah|internal_resistance_in_ohm|temperature_in_C|time_in_s|voltage_in_V,SOC_interval|already_spent_cycles|anode_material|cathode_material|cell_id|charge_protocol|cycle_data|depth_of_charge|depth_of_discharge|description|discharge_protocol|electrolyte_material|form_factor|max_current_limit_in_A|max_voltage_limit_in_V|min_current_limit_in_A|min_voltage_limit_in_V|nominal_capacity_in_Ah|reference,
MICH_EXP,MICH_08C_pouch_NMC_-5C_0-100_2-2C.pkl,MICH_08C_pouch_NMC_-5C_0-100_2-2C,573,5.0,0,1,3,4.2,-1,3799,0,1,charge_capacity_in_Ah|current_in_A|cycle_number|discharge_capacity_in_Ah|internal_resistance_in_ohm|temperature_in_C|time_in_s|voltage_in_V,SOC_interval|already_spent_cycles|anode_material|cathode_material|cell_id|charge_protocol|cycle_data|depth_of_charge|depth_of_discharge|description|discharge_protocol|electrolyte_material|form_factor|max_current_limit_in_A|max_voltage_limit_in_V|min_current_limit_in_A|min_voltage_limit_in_V|nominal_capacity_in_Ah|reference,
MICH,MICH_BLForm2_pouch_NMC_45C_0-100_1-1C_b.pkl,MICH_BLForm2_pouch_NMC_45C_0-100_1-1C_b,464,2.36,0,1,3,4.2,-1,9388,0,1,charge_capacity_in_Ah|current_in_A|cycle_number|discharge_capacity_in_Ah|internal_resistance_in_ohm|temperature_in_C|time_in_s|voltage_in_V,SOC_interval|already_spent_cycles|anode_material|cathode_material|cell_id|charge_protocol|cycle_data|depth_of_charge|depth_of_discharge|description|discharge_protocol|electrolyte_material|form_factor|max_current_limit_in_A|max_voltage_limit_in_V|min_current_limit_in_A|min_voltage_limit_in_V|nominal_capacity_in_Ah|reference,
MICH,MICH_BLForm16_pouch_NMC_25C_0-100_1-1C_f.pkl,MICH_BLForm16_pouch_NMC_25C_0-100_1-1C_f,442,2.36,0,1,3,4.2,-1,9128,0,1,charge_capacity_in_Ah|current_in_A|cycle_number|discharge_capacity_in_Ah|internal_resistance_in_ohm|temperature_in_C|time_in_s|voltage_in_V,SOC_interval|already_spent_cycles|anode_material|cathode_material|cell_id|charge_protocol|cycle_data|depth_of_charge|depth_of_discharge|description|discharge_protocol|electrolyte_material|form_factor|max_current_limit_in_A|max_voltage_limit_in_V|min_current_limit_in_A|min_voltage_limit_in_V|nominal_capacity_in_Ah|reference,
MICH,MICH_BLForm19_pouch_NMC_25C_0-100_1-1C_i.pkl,MICH_BLForm19_pouch_NMC_25C_0-100_1-1C_i,442,2.36,0,1,3,4.2,-1,9118,0,1,charge_capacity_in_Ah|current_in_A|cycle_number|discharge_capacity_in_Ah|internal_resistance_in_ohm|temperature_in_C|time_in_s|voltage_in_V,SOC_interval|already_spent_cycles|anode_material|cathode_material|cell_id|charge_protocol|cycle_data|depth_of_charge|depth_of_discharge|description|discharge_protocol|electrolyte_material|form_factor|max_current_limit_in_A|max_voltage_limit_in_V|min_current_limit_in_A|min_voltage_limit_in_V|nominal_capacity_in_Ah|reference,
MICH,MICH_BLForm12_pouch_NMC_25C_0-100_1-1C_b.pkl,MICH_BLForm12_pouch_NMC_25C_0-100_1-1C_b,433,2.36,0,1,3,4.2,-1,9800,0,1,charge_capacity_in_Ah|current_in_A|cycle_number|discharge_capacity_in_Ah|internal_resistance_in_ohm|temperature_in_C|time_in_s|voltage_in_V,SOC_interval|already_spent_cycles|anode_material|cathode_material|cell_id|charge_protocol|cycle_data|depth_of_charge|depth_of_discharge|description|discharge_protocol|electrolyte_material|form_factor|max_current_limit_in_A|max_voltage_limit_in_V|min_current_limit_in_A|min_voltage_limit_in_V|nominal_capacity_in_Ah|reference,
MICH,MICH_BLForm15_pouch_NMC_25C_0-100_1-1C_e.pkl,MICH_BLForm15_pouch_NMC_25C_0-100_1-1C_e,442,2.36,0,1,3,4.2,-1,9104,0,1,charge_capacity_in_Ah|current_in_A|cycle_number|discharge_capacity_in_Ah|internal_resistance_in_ohm|temperature_in_C|time_in_s|voltage_in_V,SOC_interval|already_spent_cycles|anode_material|cathode_material|cell_id|charge_protocol|cycle_data|depth_of_charge|depth_of_discharge|description|discharge_protocol|electrolyte_material|form_factor|max_current_limit_in_A|max_voltage_limit_in_V|min_current_limit_in_A|min_voltage_limit_in_V|nominal_capacity_in_Ah|reference,
MICH_EXP,MICH_03H_pouch_NMC_45C_0-100_0.2-0.2C.pkl,MICH_03H_pouch_NMC_45C_0-100_0.2-0.2C,103,5.0,0,1,3,4.2,-1,82009,0,1,charge_capacity_in_Ah|current_in_A|cycle_number|discharge_capacity_in_Ah|internal_resistance_in_ohm|temperature_in_C|time_in_s|voltage_in_V,SOC_interval|already_spent_cycles|anode_material|cathode_material|cell_id|charge_protocol|cycle_data|depth_of_charge|depth_of_discharge|description|discharge_protocol|electrolyte_material|form_factor|max_current_limit_in_A|max_voltage_limit_in_V|min_current_limit_in_A|min_voltage_limit_in_V|nominal_capacity_in_Ah|reference,
MICH,MICH_BLForm13_pouch_NMC_25C_0-100_1-1C_c.pkl,MICH_BLForm13_pouch_NMC_25C_0-100_1-1C_c,438,2.36,0,1,3,4.2,-1,9792,0,1,charge_capacity_in_Ah|current_in_A|cycle_number|discharge_capacity_in_Ah|internal_resistance_in_ohm|temperature_in_C|time_in_s|voltage_in_V,SOC_interval|already_spent_cycles|anode_material|cathode_material|cell_id|charge_protocol|cycle_data|depth_of_charge|depth_of_discharge|description|discharge_protocol|electrolyte_material|form_factor|max_current_limit_in_A|max_voltage_limit_in_V|min_current_limit_in_A|min_voltage_limit_in_V|nominal_capacity_in_Ah|reference,
MICH,MICH_BLForm17_pouch_NMC_25C_0-100_1-1C_g.pkl,MICH_BLForm17_pouch_NMC_25C_0-100_1-1C_g,442,2.36,0,1,3,4.2,-1,9076,0,1,charge_capacity_in_Ah|current_in_A|cycle_number|discharge_capacity_in_Ah|internal_resistance_in_ohm|temperature_in_C|time_in_s|voltage_in_V,SOC_interval|already_spent_cycles|anode_material|cathode_material|cell_id|charge_protocol|cycle_data|depth_of_charge|depth_of_discharge|description|discharge_protocol|electrolyte_material|form_factor|max_current_limit_in_A|max_voltage_limit_in_V|min_current_limit_in_A|min_voltage_limit_in_V|nominal_capacity_in_Ah|reference,
Tongji,Tongji1_CY25-025_1--7.pkl,Tongji1_CY25-025_1--7,251,3.5,0,1,2.65,4.2,-1,11918,0,1,charge_capacity_in_Ah|current_in_A|cycle_number|discharge_capacity_in_Ah|internal_resistance_in_ohm|temperature_in_C|time_in_s|voltage_in_V,SOC_interval|already_spent_cycles|anode_material|cathode_material|cell_id|charge_protocol|cycle_data|depth_of_charge|depth_of_discharge|description|discharge_protocol|electrolyte_material|form_factor|max_current_limit_in_A|max_voltage_limit_in_V|min_current_limit_in_A|min_voltage_limit_in_V|nominal_capacity_in_Ah|reference,
SNL,SNL_18650_LFP_25C_0-100_0.5-2C_a.pkl,SNL_18650_LFP_25C_0-100_0.5-2C_a,3544,1.1,0,1,2.0,3.6,-1,2515,0,1,charge_capacity_in_Ah|current_in_A|cycle_number|discharge_capacity_in_Ah|internal_resistance_in_ohm|temperature_in_C|time_in_s|voltage_in_V,SOC_interval|already_spent_cycles|anode_material|cathode_material|cell_id|charge_protocol|cycle_data|depth_of_charge|depth_of_discharge|description|discharge_protocol|electrolyte_material|form_factor|max_current_limit_in_A|max_voltage_limit_in_V|min_current_limit_in_A|min_voltage_limit_in_V|nominal_capacity_in_Ah|reference,
MICH,MICH_BLForm18_pouch_NMC_25C_0-100_1-1C_h.pkl,MICH_BLForm18_pouch_NMC_25C_0-100_1-1C_h,439,2.36,0,1,3,4.2,-1,9779,0,1,charge_capacity_in_Ah|current_in_A|cycle_number|discharge_capacity_in_Ah|internal_resistance_in_ohm|temperature_in_C|time_in_s|voltage_in_V,SOC_interval|already_spent_cycles|anode_material|cathode_material|cell_id|charge_protocol|cycle_data|depth_of_charge|depth_of_discharge|description|discharge_protocol|electrolyte_material|form_factor|max_current_limit_in_A|max_voltage_limit_in_V|min_current_limit_in_A|min_voltage_limit_in_V|nominal_capacity_in_Ah|reference,
SNL,SNL_18650_LFP_25C_0-100_0.5-1C_c.pkl,SNL_18650_LFP_25C_0-100_0.5-1C_c,3038,1.1,0,1,2.0,3.6,-1,2447,0,1,charge_capacity_in_Ah|current_in_A|cycle_number|discharge_capacity_in_Ah|internal_resistance_in_ohm|temperature_in_C|time_in_s|voltage_in_V,SOC_interval|already_spent_cycles|anode_material|cathode_material|cell_id|charge_protocol|cycle_data|depth_of_charge|depth_of_discharge|description|discharge_protocol|electrolyte_material|form_factor|max_current_limit_in_A|max_voltage_limit_in_V|min_current_limit_in_A|min_voltage_limit_in_V|nominal_capacity_in_Ah|reference,
SNL,SNL_18650_LFP_25C_0-100_0.5-1C_d.pkl,SNL_18650_LFP_25C_0-100_0.5-1C_d,3038,1.1,0,1,2.0,3.6,-1,2449,0,1,charge_capacity_in_Ah|current_in_A|cycle_number|discharge_capacity_in_Ah|internal_resistance_in_ohm|temperature_in_C|time_in_s|voltage_in_V,SOC_interval|already_spent_cycles|anode_material|cathode_material|cell_id|charge_protocol|cycle_data|depth_of_charge|depth_of_discharge|description|discharge_protocol|electrolyte_material|form_factor|max_current_limit_in_A|max_voltage_limit_in_V|min_current_limit_in_A|min_voltage_limit_in_V|nominal_capacity_in_Ah|reference,
MICH,MICH_BLForm8_pouch_NMC_45C_0-100_1-1C_h.pkl,MICH_BLForm8_pouch_NMC_45C_0-100_1-1C_h,492,2.36,0,1,3,4.2,-1,8872,0,1,charge_capacity_in_Ah|current_in_A|cycle_number|discharge_capacity_in_Ah|internal_resistance_in_ohm|temperature_in_C|time_in_s|voltage_in_V,SOC_interval|already_spent_cycles|anode_material|cathode_material|cell_id|charge_protocol|cycle_data|depth_of_charge|depth_of_discharge|description|discharge_protocol|electrolyte_material|form_factor|max_current_limit_in_A|max_voltage_limit_in_V|min_current_limit_in_A|min_voltage_limit_in_V|nominal_capacity_in_Ah|reference,
MICH,MICH_BLForm20_pouch_NMC_25C_0-100_1-1C_j.pkl,MICH_BLForm20_pouch_NMC_25C_0-100_1-1C_j,442,2.36,0,1,3,4.2,-1,9081,0,1,charge_capacity_in_Ah|current_in_A|cycle_number|discharge_capacity_in_Ah|internal_resistance_in_ohm|temperature_in_C|time_in_s|voltage_in_V,SOC_interval|already_spent_cycles|anode_material|cathode_material|cell_id|charge_protocol|cycle_data|depth_of_charge|depth_of_discharge|description|discharge_protocol|electrolyte_material|form_factor|max_current_limit_in_A|max_voltage_limit_in_V|min_current_limit_in_A|min_voltage_limit_in_V|nominal_capacity_in_Ah|reference,
CALCE,CALCE_CX2_38.pkl,CALCE_CX2_38,1579,1.35,0,1,2.7,4.2,-1,3727,0,1,charge_capacity_in_Ah|current_in_A|cycle_number|discharge_capacity_in_Ah|internal_resistance_in_ohm|temperature_in_C|time_in_s|voltage_in_V,SOC_interval|already_spent_cycles|anode_material|cathode_material|cell_id|charge_protocol|cycle_data|depth_of_charge|depth_of_discharge|description|discharge_protocol|electrolyte_material|form_factor|max_current_limit_in_A|max_voltage_limit_in_V|min_current_limit_in_A|min_voltage_limit_in_V|nominal_capacity_in_Ah|reference,
MICH,MICH_BLForm5_pouch_NMC_45C_0-100_1-1C_e.pkl,MICH_BLForm5_pouch_NMC_45C_0-100_1-1C_e,492,2.36,0,1,3,4.2,-1,8936,0,1,charge_capacity_in_Ah|current_in_A|cycle_number|discharge_capacity_in_Ah|internal_resistance_in_ohm|temperature_in_C|time_in_s|voltage_in_V,SOC_interval|already_spent_cycles|anode_material|cathode_material|cell_id|charge_protocol|cycle_data|depth_of_charge|depth_of_discharge|description|discharge_protocol|electrolyte_material|form_factor|max_current_limit_in_A|max_voltage_limit_in_V|min_current_limit_in_A|min_voltage_limit_in_V|nominal_capacity_in_Ah|reference,
MICH,MICH_BLForm1_pouch_NMC_45C_0-100_1-1C_a.pkl,MICH_BLForm1_pouch_NMC_45C_0-100_1-1C_a,492,2.36,0,1,3,4.2,-1,8995,0,1,charge_capacity_in_Ah|current_in_A|cycle_number|discharge_capacity_in_Ah|internal_resistance_in_ohm|temperature_in_C|time_in_s|voltage_in_V,SOC_interval|already_spent_cycles|anode_material|cathode_material|cell_id|charge_protocol|cycle_data|depth_of_charge|depth_of_discharge|description|discharge_protocol|electrolyte_material|form_factor|max_current_limit_in_A|max_voltage_limit_in_V|min_current_limit_in_A|min_voltage_limit_in_V|nominal_capacity_in_Ah|reference,
CALCE,CALCE_CX2_36.pkl,CALCE_CX2_36,1568,1.35,0,1,2.7,4.2,-1,3806,0,1,charge_capacity_in_Ah|current_in_A|cycle_number|discharge_capacity_in_Ah|internal_resistance_in_ohm|temperature_in_C|time_in_s|voltage_in_V,SOC_interval|already_spent_cycles|anode_material|cathode_material|cell_id|charge_protocol|cycle_data|depth_of_charge|depth_of_discharge|description|discharge_protocol|electrolyte_material|form_factor|max_current_limit_in_A|max_voltage_limit_in_V|min_current_limit_in_A|min_voltage_limit_in_V|nominal_capacity_in_Ah|reference,
MICH,MICH_BLForm4_pouch_NMC_45C_0-100_1-1C_d.pkl,MICH_BLForm4_pouch_NMC_45C_0-100_1-1C_d,492,2.36,0,1,3,4.2,-1,8988,0,1,charge_capacity_in_Ah|current_in_A|cycle_number|discharge_capacity_in_Ah|internal_resistance_in_ohm|temperature_in_C|time_in_s|voltage_in_V,SOC_interval|already_spent_cycles|anode_material|cathode_material|cell_id|charge_protocol|cycle_data|depth_of_charge|depth_of_discharge|description|discharge_protocol|electrolyte_material|form_factor|max_current_limit_in_A|max_voltage_limit_in_V|min_current_limit_in_A|min_voltage_limit_in_V|nominal_capacity_in_Ah|reference,
MICH,MICH_MCForm21_pouch_NMC_25C_0-100_1-1C_a.pkl,MICH_MCForm21_pouch_NMC_25C_0-100_1-1C_a,477,2.36,0,1,3,4.2,-1,9819,0,1,charge_capacity_in_Ah|current_in_A|cycle_number|discharge_capacity_in_Ah|internal_resistance_in_ohm|temperature_in_C|time_in_s|voltage_in_V,SOC_interval|already_spent_cycles|anode_material|cathode_material|cell_id|charge_protocol|cycle_data|depth_of_charge|depth_of_discharge|description|discharge_protocol|electrolyte_material|form_factor|max_current_limit_in_A|max_voltage_limit_in_V|min_current_limit_in_A|min_voltage_limit_in_V|nominal_capacity_in_Ah|reference,
MICH,MICH_MCForm32_pouch_NMC_45C_0-100_1-1C_b.pkl,MICH_MCForm32_pouch_NMC_45C_0-100_1-1C_b,492,2.36,0,1,3,4.2,-1,9185,0,1,charge_capacity_in_Ah|current_in_A|cycle_number|discharge_capacity_in_Ah|internal_resistance_in_ohm|temperature_in_C|time_in_s|voltage_in_V,SOC_interval|already_spent_cycles|anode_material|cathode_material|cell_id|charge_protocol|cycle_data|depth_of_charge|depth_of_discharge|description|discharge_protocol|electrolyte_material|form_factor|max_current_limit_in_A|max_voltage_limit_in_V|min_current_limit_in_A|min_voltage_limit_in_V|nominal_capacity_in_Ah|reference,
SNL,SNL_18650_LFP_15C_0-100_0.5-2C_b.pkl,SNL_18650_LFP_15C_0-100_0.5-2C_b,3754,1.1,0,1,2.0,3.6,-1,1232,0,1,charge_capacity_in_Ah|current_in_A|cycle_number|discharge_capacity_in_Ah|internal_resistance_in_ohm|temperature_in_C|time_in_s|voltage_in_V,SOC_interval|already_spent_cycles|anode_material|cathode_material|cell_id|charge_protocol|cycle_data|depth_of_charge|depth_of_discharge|description|discharge_protocol|electrolyte_material|form_factor|max_current_limit_in_A|max_voltage_limit_in_V|min_current_limit_in_A|min_voltage_limit_in_V|nominal_capacity_in_Ah|reference,
MICH,MICH_MCForm33_pouch_NMC_45C_0-100_1-1C_c.pkl,MICH_MCForm33_pouch_NMC_45C_0-100_1-1C_c,502,2.36,0,1,3,4.2,-1,9371,0,1,charge_capacity_in_Ah|current_in_A|cycle_number|discharge_capacity_in_Ah|internal_resistance_in_ohm|temperature_in_C|time_in_s|voltage_in_V,SOC_interval|already_spent_cycles|anode_material|cathode_material|cell_id|charge_protocol|cycle_data|depth_of_charge|depth_of_discharge|description|discharge_protocol|electrolyte_material|form_factor|max_current_limit_in_A|max_voltage_limit_in_V|min_current_limit_in_A|min_voltage_limit_in_V|nominal_capacity_in_Ah|reference,
MICH,MICH_BLForm3_pouch_NMC_45C_0-100_1-1C_c.pkl,MICH_BLForm3_pouch_NMC_45C_0-100_1-1C_c,513,2.36,0,1,3,4.2,-1,9594,0,1,charge_capacity_in_Ah|current_in_A|cycle_number|discharge_capacity_in_Ah|internal_resistance_in_ohm|temperature_in_C|time_in_s|voltage_in_V,SOC_interval|already_spent_cycles|anode_material|cathode_material|cell_id|charge_protocol|cycle_data|depth_of_charge|depth_of_discharge|description|discharge_protocol|electrolyte_material|form_factor|max_current_limit_in_A|max_voltage_limit_in_V|min_current_limit_in_A|min_voltage_limit_in_V|nominal_capacity_in_Ah|reference,
SNL,SNL_18650_LFP_25C_0-100_0.5-3C_b.pkl,SNL_18650_LFP_25C_0-100_0.5-3C_b,4062,1.1,0,1,2.0,3.6,-1,1052,0,1,charge_capacity_in_Ah|current_in_A|cycle_number|discharge_capacity_in_Ah|internal_resistance_in_ohm|temperature_in_C|time_in_s|voltage_in_V,SOC_interval|already_spent_cycles|anode_material|cathode_material|cell_id|charge_protocol|cycle_data|depth_of_charge|depth_of_discharge|description|discharge_protocol|electrolyte_material|form_factor|max_current_limit_in_A|max_voltage_limit_in_V|min_current_limit_in_A|min_voltage_limit_in_V|nominal_capacity_in_Ah|reference,
MICH,MICH_MCForm24_pouch_NMC_25C_0-100_1-1C_d.pkl,MICH_MCForm24_pouch_NMC_25C_0-100_1-1C_d,477,2.36,0,1,3,4.2,-1,9822,0,1,charge_capacity_in_Ah|current_in_A|cycle_number|discharge_capacity_in_Ah|internal_resistance_in_ohm|temperature_in_C|time_in_s|voltage_in_V,SOC_interval|already_spent_cycles|anode_material|cathode_material|cell_id|charge_protocol|cycle_data|depth_of_charge|depth_of_discharge|description|discharge_protocol|electrolyte_material|form_factor|max_current_limit_in_A|max_voltage_limit_in_V|min_current_limit_in_A|min_voltage_limit_in_V|nominal_capacity_in_Ah|reference,
MICH,MICH_BLForm14_pouch_NMC_25C_0-100_1-1C_d.pkl,MICH_BLForm14_pouch_NMC_25C_0-100_1-1C_d,477,2.36,0,1,3,4.2,-1,9801,0,1,charge_capacity_in_Ah|current_in_A|cycle_number|discharge_capacity_in_Ah|internal_resistance_in_ohm|temperature_in_C|time_in_s|voltage_in_V,SOC_interval|already_spent_cycles|anode_material|cathode_material|cell_id|charge_protocol|cycle_data|depth_of_charge|depth_of_discharge|description|discharge_protocol|electrolyte_material|form_factor|max_current_limit_in_A|max_voltage_limit_in_V|min_current_limit_in_A|min_voltage_limit_in_V|nominal_capacity_in_Ah|reference,
SNL,SNL_18650_LFP_25C_0-100_0.5-3C_d.pkl,SNL_18650_LFP_25C_0-100_0.5-3C_d,4062,1.1,0,1,2.0,3.6,-1,1068,0,1,charge_capacity_in_Ah|current_in_A|cycle_number|discharge_capacity_in_Ah|internal_resistance_in_ohm|temperature_in_C|time_in_s|voltage_in_V,SOC_interval|already_spent_cycles|anode_material|cathode_material|cell_id|charge_protocol|cycle_data|depth_of_charge|depth_of_discharge|description|discharge_protocol|electrolyte_material|form_factor|max_current_limit_in_A|max_voltage_limit_in_V|min_current_limit_in_A|min_voltage_limit_in_V|nominal_capacity_in_Ah|reference,
MICH,MICH_MCForm31_pouch_NMC_45C_0-100_1-1C_a.pkl,MICH_MCForm31_pouch_NMC_45C_0-100_1-1C_a,512,2.36,0,1,3,4.2,-1,9533,0,1,charge_capacity_in_Ah|current_in_A|cycle_number|discharge_capacity_in_Ah|internal_resistance_in_ohm|temperature_in_C|time_in_s|voltage_in_V,SOC_interval|already_spent_cycles|anode_material|cathode_material|cell_id|charge_protocol|cycle_data|depth_of_charge|depth_of_discharge|description|discharge_protocol|electrolyte_material|form_factor|max_current_limit_in_A|max_voltage_limit_in_V|min_current_limit_in_A|min_voltage_limit_in_V|nominal_capacity_in_Ah|reference,
MICH,MICH_MCForm38_pouch_NMC_45C_0-100_1-1C_h.pkl,MICH_MCForm38_pouch_NMC_45C_0-100_1-1C_h,502,2.36,0,1,3,4.2,-1,9338,0,1,charge_capacity_in_Ah|current_in_A|cycle_number|discharge_capacity_in_Ah|internal_resistance_in_ohm|temperature_in_C|time_in_s|voltage_in_V,SOC_interval|already_spent_cycles|anode_material|cathode_material|cell_id|charge_protocol|cycle_data|depth_of_charge|depth_of_discharge|description|discharge_protocol|electrolyte_material|form_factor|max_current_limit_in_A|max_voltage_limit_in_V|min_current_limit_in_A|min_voltage_limit_in_V|nominal_capacity_in_Ah|reference,
MICH,MICH_MCForm22_pouch_NMC_25C_0-100_1-1C_b.pkl,MICH_MCForm22_pouch_NMC_25C_0-100_1-1C_b,491,2.36,0,1,3,4.2,-1,9079,0,1,charge_capacity_in_Ah|current_in_A|cycle_number|discharge_capacity_in_Ah|internal_resistance_in_ohm|temperature_in_C|time_in_s|voltage_in_V,SOC_interval|already_spent_cycles|anode_material|cathode_material|cell_id|charge_protocol|cycle_data|depth_of_charge|depth_of_discharge|description|discharge_protocol|electrolyte_material|form_factor|max_current_limit_in_A|max_voltage_limit_in_V|min_current_limit_in_A|min_voltage_limit_in_V|nominal_capacity_in_Ah|reference,
Tongji,Tongji2_CY25-05_1--15.pkl,Tongji2_CY25-05_1--15,300,3.5,0,1,2.5,4.2,-1,13105,0,1,charge_capacity_in_Ah|current_in_A|cycle_number|discharge_capacity_in_Ah|internal_resistance_in_ohm|temperature_in_C|time_in_s|voltage_in_V,SOC_interval|already_spent_cycles|anode_material|cathode_material|cell_id|charge_protocol|cycle_data|depth_of_charge|depth_of_discharge|description|discharge_protocol|electrolyte_material|form_factor|max_current_limit_in_A|max_voltage_limit_in_V|min_current_limit_in_A|min_voltage_limit_in_V|nominal_capacity_in_Ah|reference,
MICH,MICH_BLForm9_pouch_NMC_45C_0-100_1-1C_i.pkl,MICH_BLForm9_pouch_NMC_45C_0-100_1-1C_i,574,2.36,0,1,3,4.2,-1,7211,0,1,charge_capacity_in_Ah|current_in_A|cycle_number|discharge_capacity_in_Ah|internal_resistance_in_ohm|temperature_in_C|time_in_s|voltage_in_V,SOC_interval|already_spent_cycles|anode_material|cathode_material|cell_id|charge_protocol|cycle_data|depth_of_charge|depth_of_discharge|description|discharge_protocol|electrolyte_material|form_factor|max_current_limit_in_A|max_voltage_limit_in_V|min_current_limit_in_A|min_voltage_limit_in_V|nominal_capacity_in_Ah|reference,
MICH_EXP,MICH_05C_pouch_NMC_-5C_0-100_1.5-1.5C.pkl,MICH_05C_pouch_NMC_-5C_0-100_1.5-1.5C,573,5.0,0,1,3,4.2,-1,5416,0,1,charge_capacity_in_Ah|current_in_A|cycle_number|discharge_capacity_in_Ah|internal_resistance_in_ohm|temperature_in_C|time_in_s|voltage_in_V,SOC_interval|already_spent_cycles|anode_material|cathode_material|cell_id|charge_protocol|cycle_data|depth_of_charge|depth_of_discharge|description|discharge_protocol|electrolyte_material|form_factor|max_current_limit_in_A|max_voltage_limit_in_V|min_current_limit_in_A|min_voltage_limit_in_V|nominal_capacity_in_Ah|reference,
Tongji,Tongji1_CY25-025_1--3.pkl,Tongji1_CY25-025_1--3,300,3.5,0,1,2.65,4.2,-1,12100,0,1,charge_capacity_in_Ah|current_in_A|cycle_number|discharge_capacity_in_Ah|internal_resistance_in_ohm|temperature_in_C|time_in_s|voltage_in_V,SOC_interval|already_spent_cycles|anode_material|cathode_material|cell_id|charge_protocol|cycle_data|depth_of_charge|depth_of_discharge|description|discharge_protocol|electrolyte_material|form_factor|max_current_limit_in_A|max_voltage_limit_in_V|min_current_limit_in_A|min_voltage_limit_in_V|nominal_capacity_in_Ah|reference,
SNL,SNL_18650_LFP_25C_0-100_0.5-2C_b.pkl,SNL_18650_LFP_25C_0-100_0.5-2C_b,4050,1.1,0,1,2.0,3.6,-1,3198,0,1,charge_capacity_in_Ah|current_in_A|cycle_number|discharge_capacity_in_Ah|internal_resistance_in_ohm|temperature_in_C|time_in_s|voltage_in_V,SOC_interval|already_spent_cycles|anode_material|cathode_material|cell_id|charge_protocol|cycle_data|depth_of_charge|depth_of_discharge|description|discharge_protocol|electrolyte_material|form_factor|max_current_limit_in_A|max_voltage_limit_in_V|min_current_limit_in_A|min_voltage_limit_in_V|nominal_capacity_in_Ah|reference,
SNL,SNL_18650_LFP_25C_0-100_0.5-1C_a.pkl,SNL_18650_LFP_25C_0-100_0.5-1C_a,3545,1.1,0,1,2.0,3.6,-1,2402,0,1,charge_capacity_in_Ah|current_in_A|cycle_number|discharge_capacity_in_Ah|internal_resistance_in_ohm|temperature_in_C|time_in_s|voltage_in_V,SOC_interval|already_spent_cycles|anode_material|cathode_material|cell_id|charge_protocol|cycle_data|depth_of_charge|depth_of_discharge|description|discharge_protocol|electrolyte_material|form_factor|max_current_limit_in_A|max_voltage_limit_in_V|min_current_limit_in_A|min_voltage_limit_in_V|nominal_capacity_in_Ah|reference,
MICH,MICH_MCForm37_pouch_NMC_45C_0-100_1-1C_g.pkl,MICH_MCForm37_pouch_NMC_45C_0-100_1-1C_g,541,2.36,0,1,3,4.2,-1,9370,0,1,charge_capacity_in_Ah|current_in_A|cycle_number|discharge_capacity_in_Ah|internal_resistance_in_ohm|temperature_in_C|time_in_s|voltage_in_V,SOC_interval|already_spent_cycles|anode_material|cathode_material|cell_id|charge_protocol|cycle_data|depth_of_charge|depth_of_discharge|description|discharge_protocol|electrolyte_material|form_factor|max_current_limit_in_A|max_voltage_limit_in_V|min_current_limit_in_A|min_voltage_limit_in_V|nominal_capacity_in_Ah|reference,
CALCE,CALCE_CX2_33.pkl,CALCE_CX2_33,1271,1.35,0,1,2.7,4.2,-1,7910,0,1,charge_capacity_in_Ah|current_in_A|cycle_number|discharge_capacity_in_Ah|internal_resistance_in_ohm|temperature_in_C|time_in_s|voltage_in_V,SOC_interval|already_spent_cycles|anode_material|cathode_material|cell_id|charge_protocol|cycle_data|depth_of_charge|depth_of_discharge|description|discharge_protocol|electrolyte_material|form_factor|max_current_limit_in_A|max_voltage_limit_in_V|min_current_limit_in_A|min_voltage_limit_in_V|nominal_capacity_in_Ah|reference,
MICH,MICH_MCForm39_pouch_NMC_45C_0-100_1-1C_i.pkl,MICH_MCForm39_pouch_NMC_45C_0-100_1-1C_i,541,2.36,0,1,3,4.2,-1,9361,0,1,charge_capacity_in_Ah|current_in_A|cycle_number|discharge_capacity_in_Ah|internal_resistance_in_ohm|temperature_in_C|time_in_s|voltage_in_V,SOC_interval|already_spent_cycles|anode_material|cathode_material|cell_id|charge_protocol|cycle_data|depth_of_charge|depth_of_discharge|description|discharge_protocol|electrolyte_material|form_factor|max_current_limit_in_A|max_voltage_limit_in_V|min_current_limit_in_A|min_voltage_limit_in_V|nominal_capacity_in_Ah|reference,
SNL,SNL_18650_LFP_35C_0-100_0.5-2C_b.pkl,SNL_18650_LFP_35C_0-100_0.5-2C_b,3598,1.1,0,1,2.0,3.6,-1,1814,0,1,charge_capacity_in_Ah|current_in_A|cycle_number|discharge_capacity_in_Ah|internal_resistance_in_ohm|temperature_in_C|time_in_s|voltage_in_V,SOC_interval|already_spent_cycles|anode_material|cathode_material|cell_id|charge_protocol|cycle_data|depth_of_charge|depth_of_discharge|description|discharge_protocol|electrolyte_material|form_factor|max_current_limit_in_A|max_voltage_limit_in_V|min_current_limit_in_A|min_voltage_limit_in_V|nominal_capacity_in_Ah|reference,
MICH,MICH_MCForm36_pouch_NMC_45C_0-100_1-1C_f.pkl,MICH_MCForm36_pouch_NMC_45C_0-100_1-1C_f,541,2.36,0,1,3,4.2,-1,9352,0,1,charge_capacity_in_Ah|current_in_A|cycle_number|discharge_capacity_in_Ah|internal_resistance_in_ohm|temperature_in_C|time_in_s|voltage_in_V,SOC_interval|already_spent_cycles|anode_material|cathode_material|cell_id|charge_protocol|cycle_data|depth_of_charge|depth_of_discharge|description|discharge_protocol|electrolyte_material|form_factor|max_current_limit_in_A|max_voltage_limit_in_V|min_current_limit_in_A|min_voltage_limit_in_V|nominal_capacity_in_Ah|reference,
MICH,MICH_MCForm40_pouch_NMC_45C_0-100_1-1C_j.pkl,MICH_MCForm40_pouch_NMC_45C_0-100_1-1C_j,540,2.36,0,1,3,4.2,-1,9364,0,1,charge_capacity_in_Ah|current_in_A|cycle_number|discharge_capacity_in_Ah|internal_resistance_in_ohm|temperature_in_C|time_in_s|voltage_in_V,SOC_interval|already_spent_cycles|anode_material|cathode_material|cell_id|charge_protocol|cycle_data|depth_of_charge|depth_of_discharge|description|discharge_protocol|electrolyte_material|form_factor|max_current_limit_in_A|max_voltage_limit_in_V|min_current_limit_in_A|min_voltage_limit_in_V|nominal_capacity_in_Ah|reference,
SNL,SNL_18650_LFP_25C_0-100_0.5-3C_a.pkl,SNL_18650_LFP_25C_0-100_0.5-3C_a,4569,1.1,0,1,2.0,3.6,-1,1044,0,1,charge_capacity_in_Ah|current_in_A|cycle_number|discharge_capacity_in_Ah|internal_resistance_in_ohm|temperature_in_C|time_in_s|voltage_in_V,SOC_interval|already_spent_cycles|anode_material|cathode_material|cell_id|charge_protocol|cycle_data|depth_of_charge|depth_of_discharge|description|discharge_protocol|electrolyte_material|form_factor|max_current_limit_in_A|max_voltage_limit_in_V|min_current_limit_in_A|min_voltage_limit_in_V|nominal_capacity_in_Ah|reference,
Tongji,Tongji2_CY25-05_1--17.pkl,Tongji2_CY25-05_1--17,335,3.5,0,1,2.5,4.2,-1,12845,0,1,charge_capacity_in_Ah|current_in_A|cycle_number|discharge_capacity_in_Ah|internal_resistance_in_ohm|temperature_in_C|time_in_s|voltage_in_V,SOC_interval|already_spent_cycles|anode_material|cathode_material|cell_id|charge_protocol|cycle_data|depth_of_charge|depth_of_discharge|description|discharge_protocol|electrolyte_material|form_factor|max_current_limit_in_A|max_voltage_limit_in_V|min_current_limit_in_A|min_voltage_limit_in_V|nominal_capacity_in_Ah|reference,
SNL,SNL_18650_LFP_35C_0-100_0.5-1C_a.pkl,SNL_18650_LFP_35C_0-100_0.5-1C_a,3156,1.1,0,1,2.0,3.6,-1,2404,0,1,charge_capacity_in_Ah|current_in_A|cycle_number|discharge_capacity_in_Ah|internal_resistance_in_ohm|temperature_in_C|time_in_s|voltage_in_V,SOC_interval|already_spent_cycles|anode_material|cathode_material|cell_id|charge_protocol|cycle_data|depth_of_charge|depth_of_discharge|description|discharge_protocol|electrolyte_material|form_factor|max_current_limit_in_A|max_voltage_limit_in_V|min_current_limit_in_A|min_voltage_limit_in_V|nominal_capacity_in_Ah|reference,
MICH,MICH_MCForm34_pouch_NMC_45C_0-100_1-1C_d.pkl,MICH_MCForm34_pouch_NMC_45C_0-100_1-1C_d,581,2.36,0,1,3,4.2,-1,9386,0,1,charge_capacity_in_Ah|current_in_A|cycle_number|discharge_capacity_in_Ah|internal_resistance_in_ohm|temperature_in_C|time_in_s|voltage_in_V,SOC_interval|already_spent_cycles|anode_material|cathode_material|cell_id|charge_protocol|cycle_data|depth_of_charge|depth_of_discharge|description|discharge_protocol|electrolyte_material|form_factor|max_current_limit_in_A|max_voltage_limit_in_V|min_current_limit_in_A|min_voltage_limit_in_V|nominal_capacity_in_Ah|reference,
SNL,SNL_18650_LFP_35C_0-100_0.5-1C_b.pkl,SNL_18650_LFP_35C_0-100_0.5-1C_b,3342,1.1,0,1,2.0,3.6,-1,2335,0,1,charge_capacity_in_Ah|current_in_A|cycle_number|discharge_capacity_in_Ah|internal_resistance_in_ohm|temperature_in_C|time_in_s|voltage_in_V,SOC_interval|already_spent_cycles|anode_material|cathode_material|cell_id|charge_protocol|cycle_data|depth_of_charge|depth_of_discharge|description|discharge_protocol|electrolyte_material|form_factor|max_current_limit_in_A|max_voltage_limit_in_V|min_current_limit_in_A|min_voltage_limit_in_V|nominal_capacity_in_Ah|reference,
SNL,SNL_18650_LFP_35C_0-100_0.5-1C_c.pkl,SNL_18650_LFP_35C_0-100_0.5-1C_c,3342,1.1,0,1,2.0,3.6,-1,2358,0,1,charge_capacity_in_Ah|current_in_A|cycle_number|discharge_capacity_in_Ah|internal_resistance_in_ohm|temperature_in_C|time_in_s|voltage_in_V,SOC_interval|already_spent_cycles|anode_material|cathode_material|cell_id|charge_protocol|cycle_data|depth_of_charge|depth_of_discharge|description|discharge_protocol|electrolyte_material|form_factor|max_current_limit_in_A|max_voltage_limit_in_V|min_current_limit_in_A|min_voltage_limit_in_V|nominal_capacity_in_Ah|reference,
MICH,MICH_MCForm23_pouch_NMC_25C_0-100_1-1C_c.pkl,MICH_MCForm23_pouch_NMC_25C_0-100_1-1C_c,540,2.36,0,1,3,4.2,-1,9367,0,1,charge_capacity_in_Ah|current_in_A|cycle_number|discharge_capacity_in_Ah|internal_resistance_in_ohm|temperature_in_C|time_in_s|voltage_in_V,SOC_interval|already_spent_cycles|anode_material|cathode_material|cell_id|charge_protocol|cycle_data|depth_of_charge|depth_of_discharge|description|discharge_protocol|electrolyte_material|form_factor|max_current_limit_in_A|max_voltage_limit_in_V|min_current_limit_in_A|min_voltage_limit_in_V|nominal_capacity_in_Ah|reference,
Tongji,Tongji2_CY25-05_1--16.pkl,Tongji2_CY25-05_1--16,336,3.5,0,1,2.5,4.2,-1,12741,0,1,charge_capacity_in_Ah|current_in_A|cycle_number|discharge_capacity_in_Ah|internal_resistance_in_ohm|temperature_in_C|time_in_s|voltage_in_V,SOC_interval|already_spent_cycles|anode_material|cathode_material|cell_id|charge_protocol|cycle_data|depth_of_charge|depth_of_discharge|description|discharge_protocol|electrolyte_material|form_factor|max_current_limit_in_A|max_voltage_limit_in_V|min_current_limit_in_A|min_voltage_limit_in_V|nominal_capacity_in_Ah|reference,
MICH,MICH_MCForm30_pouch_NMC_25C_0-100_1-1C_j.pkl,MICH_MCForm30_pouch_NMC_25C_0-100_1-1C_j,540,2.36,0,1,3,4.2,-1,9380,0,1,charge_capacity_in_Ah|current_in_A|cycle_number|discharge_capacity_in_Ah|internal_resistance_in_ohm|temperature_in_C|time_in_s|voltage_in_V,SOC_interval|already_spent_cycles|anode_material|cathode_material|cell_id|charge_protocol|cycle_data|depth_of_charge|depth_of_discharge|description|discharge_protocol|electrolyte_material|form_factor|max_current_limit_in_A|max_voltage_limit_in_V|min_current_limit_in_A|min_voltage_limit_in_V|nominal_capacity_in_Ah|reference,
Tongji,Tongji1_CY25-025_1--4.pkl,Tongji1_CY25-025_1--4,331,3.5,0,1,2.65,4.2,-1,11820,0,1,charge_capacity_in_Ah|current_in_A|cycle_number|discharge_capacity_in_Ah|internal_resistance_in_ohm|temperature_in_C|time_in_s|voltage_in_V,SOC_interval|already_spent_cycles|anode_material|cathode_material|cell_id|charge_protocol|cycle_data|depth_of_charge|depth_of_discharge|description|discharge_protocol|electrolyte_material|form_factor|max_current_limit_in_A|max_voltage_limit_in_V|min_current_limit_in_A|min_voltage_limit_in_V|nominal_capacity_in_Ah|reference,
Tongji,Tongji2_CY25-05_1--8.pkl,Tongji2_CY25-05_1--8,338,3.5,0,1,2.5,4.2,-1,13110,0,1,charge_capacity_in_Ah|current_in_A|cycle_number|discharge_capacity_in_Ah|internal_resistance_in_ohm|temperature_in_C|time_in_s|voltage_in_V,SOC_interval|already_spent_cycles|anode_material|cathode_material|cell_id|charge_protocol|cycle_data|depth_of_charge|depth_of_discharge|description|discharge_protocol|electrolyte_material|form_factor|max_current_limit_in_A|max_voltage_limit_in_V|min_current_limit_in_A|min_voltage_limit_in_V|nominal_capacity_in_Ah|reference,
MICH,MICH_MCForm27_pouch_NMC_25C_0-100_1-1C_g.pkl,MICH_MCForm27_pouch_NMC_25C_0-100_1-1C_g,540,2.36,0,1,3,4.2,-1,9392,0,1,charge_capacity_in_Ah|current_in_A|cycle_number|discharge_capacity_in_Ah|internal_resistance_in_ohm|temperature_in_C|time_in_s|voltage_in_V,SOC_interval|already_spent_cycles|anode_material|cathode_material|cell_id|charge_protocol|cycle_data|depth_of_charge|depth_of_discharge|description|discharge_protocol|electrolyte_material|form_factor|max_current_limit_in_A|max_voltage_limit_in_V|min_current_limit_in_A|min_voltage_limit_in_V|nominal_capacity_in_Ah|reference,
MICH,MICH_MCForm29_pouch_NMC_25C_0-100_1-1C_i.pkl,MICH_MCForm29_pouch_NMC_25C_0-100_1-1C_i,553,2.36,0,1,3,4.2,-1,9510,0,1,charge_capacity_in_Ah|current_in_A|cycle_number|discharge_capacity_in_Ah|internal_resistance_in_ohm|temperature_in_C|time_in_s|voltage_in_V,SOC_interval|already_spent_cycles|anode_material|cathode_material|cell_id|charge_protocol|cycle_data|depth_of_charge|depth_of_discharge|description|discharge_protocol|electrolyte_material|form_factor|max_current_limit_in_A|max_voltage_limit_in_V|min_current_limit_in_A|min_voltage_limit_in_V|nominal_capacity_in_Ah|reference,
Tongji,Tongji1_CY45-05_1--8.pkl,Tongji1_CY45-05_1--8,399,3.5,0,1,2.65,4.2,-1,12717,0,1,charge_capacity_in_Ah|current_in_A|cycle_number|discharge_capacity_in_Ah|internal_resistance_in_ohm|temperature_in_C|time_in_s|voltage_in_V,SOC_interval|already_spent_cycles|anode_material|cathode_material|cell_id|charge_protocol|cycle_data|depth_of_charge|depth_of_discharge|description|discharge_protocol|electrolyte_material|form_factor|max_current_limit_in_A|max_voltage_limit_in_V|min_current_limit_in_A|min_voltage_limit_in_V|nominal_capacity_in_Ah|reference,
Tongji,Tongji2_CY25-05_1--9.pkl,Tongji2_CY25-05_1--9,349,3.5,0,1,2.5,4.2,-1,13515,0,1,charge_capacity_in_Ah|current_in_A|cycle_number|discharge_capacity_in_Ah|internal_resistance_in_ohm|temperature_in_C|time_in_s|voltage_in_V,SOC_interval|already_spent_cycles|anode_material|cathode_material|cell_id|charge_protocol|cycle_data|depth_of_charge|depth_of_discharge|description|discharge_protocol|electrolyte_material|form_factor|max_current_limit_in_A|max_voltage_limit_in_V|min_current_limit_in_A|min_voltage_limit_in_V|nominal_capacity_in_Ah|reference,
Tongji,Tongji1_CY45-05_1--10.pkl,Tongji1_CY45-05_1--10,399,3.5,0,1,2.65,4.2,-1,12760,0,1,charge_capacity_in_Ah|current_in_A|cycle_number|discharge_capacity_in_Ah|internal_resistance_in_ohm|temperature_in_C|time_in_s|voltage_in_V,SOC_interval|already_spent_cycles|anode_material|cathode_material|cell_id|charge_protocol|cycle_data|depth_of_charge|depth_of_discharge|description|discharge_protocol|electrolyte_material|form_factor|max_current_limit_in_A|max_voltage_limit_in_V|min_current_limit_in_A|min_voltage_limit_in_V|nominal_capacity_in_Ah|reference,
SNL,SNL_18650_LFP_25C_0-100_0.5-0.5C_a.pkl,SNL_18650_LFP_25C_0-100_0.5-0.5C_a,3050,1.1,0,1,2.0,3.6,-1,3499,0,1,charge_capacity_in_Ah|current_in_A|cycle_number|discharge_capacity_in_Ah|internal_resistance_in_ohm|temperature_in_C|time_in_s|voltage_in_V,SOC_interval|already_spent_cycles|anode_material|cathode_material|cell_id|charge_protocol|cycle_data|depth_of_charge|depth_of_discharge|description|discharge_protocol|electrolyte_material|form_factor|max_current_limit_in_A|max_voltage_limit_in_V|min_current_limit_in_A|min_voltage_limit_in_V|nominal_capacity_in_Ah|reference,
Tongji,Tongji1_CY45-05_1--7.pkl,Tongji1_CY45-05_1--7,399,3.5,0,1,2.65,4.2,-1,12787,0,1,charge_capacity_in_Ah|current_in_A|cycle_number|discharge_capacity_in_Ah|internal_resistance_in_ohm|temperature_in_C|time_in_s|voltage_in_V,SOC_interval|already_spent_cycles|anode_material|cathode_material|cell_id|charge_protocol|cycle_data|depth_of_charge|depth_of_discharge|description|discharge_protocol|electrolyte_material|form_factor|max_current_limit_in_A|max_voltage_limit_in_V|min_current_limit_in_A|min_voltage_limit_in_V|nominal_capacity_in_Ah|reference,
Tongji,Tongji1_CY25-025_1--5.pkl,Tongji1_CY25-025_1--5,338,3.5,0,1,2.65,4.2,-1,12044,0,1,charge_capacity_in_Ah|current_in_A|cycle_number|discharge_capacity_in_Ah|internal_resistance_in_ohm|temperature_in_C|time_in_s|voltage_in_V,SOC_interval|already_spent_cycles|anode_material|cathode_material|cell_id|charge_protocol|cycle_data|depth_of_charge|depth_of_discharge|description|discharge_protocol|electrolyte_material|form_factor|max_current_limit_in_A|max_voltage_limit_in_V|min_current_limit_in_A|min_voltage_limit_in_V|nominal_capacity_in_Ah|reference,
Tongji,Tongji1_CY45-05_1--9.pkl,Tongji1_CY45-05_1--9,399,3.5,0,1,2.65,4.2,-1,12774,0,1,charge_capacity_in_Ah|current_in_A|cycle_number|discharge_capacity_in_Ah|internal_resistance_in_ohm|temperature_in_C|time_in_s|voltage_in_V,SOC_interval|already_spent_cycles|anode_material|cathode_material|cell_id|charge_protocol|cycle_data|depth_of_charge|depth_of_discharge|description|discharge_protocol|electrolyte_material|form_factor|max_current_limit_in_A|max_voltage_limit_in_V|min_current_limit_in_A|min_voltage_limit_in_V|nominal_capacity_in_Ah|reference,
SNL,SNL_18650_LFP_35C_0-100_0.5-2C_a.pkl,SNL_18650_LFP_35C_0-100_0.5-2C_a,3856,1.1,0,1,2.0,3.6,-1,1906,0,1,charge_capacity_in_Ah|current_in_A|cycle_number|discharge_capacity_in_Ah|internal_resistance_in_ohm|temperature_in_C|time_in_s|voltage_in_V,SOC_interval|already_spent_cycles|anode_material|cathode_material|cell_id|charge_protocol|cycle_data|depth_of_charge|depth_of_discharge|description|discharge_protocol|electrolyte_material|form_factor|max_current_limit_in_A|max_voltage_limit_in_V|min_current_limit_in_A|min_voltage_limit_in_V|nominal_capacity_in_Ah|reference,
MICH,MICH_MCForm25_pouch_NMC_25C_0-100_1-1C_e.pkl,MICH_MCForm25_pouch_NMC_25C_0-100_1-1C_e,589,2.36,0,1,3,4.2,-1,9545,0,1,charge_capacity_in_Ah|current_in_A|cycle_number|discharge_capacity_in_Ah|internal_resistance_in_ohm|temperature_in_C|time_in_s|voltage_in_V,SOC_interval|already_spent_cycles|anode_material|cathode_material|cell_id|charge_protocol|cycle_data|depth_of_charge|depth_of_discharge|description|discharge_protocol|electrolyte_material|form_factor|max_current_limit_in_A|max_voltage_limit_in_V|min_current_limit_in_A|min_voltage_limit_in_V|nominal_capacity_in_Ah|reference,
MICH,MICH_MCForm26_pouch_NMC_25C_0-100_1-1C_f.pkl,MICH_MCForm26_pouch_NMC_25C_0-100_1-1C_f,589,2.36,0,1,3,4.2,-1,9566,0,1,charge_capacity_in_Ah|current_in_A|cycle_number|discharge_capacity_in_Ah|internal_resistance_in_ohm|temperature_in_C|time_in_s|voltage_in_V,SOC_interval|already_spent_cycles|anode_material|cathode_material|cell_id|charge_protocol|cycle_data|depth_of_charge|depth_of_discharge|description|discharge_protocol|electrolyte_material|form_factor|max_current_limit_in_A|max_voltage_limit_in_V|min_current_limit_in_A|min_voltage_limit_in_V|nominal_capacity_in_Ah|reference,
MICH,MICH_MCForm28_pouch_NMC_25C_0-100_1-1C_h.pkl,MICH_MCForm28_pouch_NMC_25C_0-100_1-1C_h,589,2.36,0,1,3,4.2,-1,9511,0,1,charge_capacity_in_Ah|current_in_A|cycle_number|discharge_capacity_in_Ah|internal_resistance_in_ohm|temperature_in_C|time_in_s|voltage_in_V,SOC_interval|already_spent_cycles|anode_material|cathode_material|cell_id|charge_protocol|cycle_data|depth_of_charge|depth_of_discharge|description|discharge_protocol|electrolyte_material|form_factor|max_current_limit_in_A|max_voltage_limit_in_V|min_current_limit_in_A|min_voltage_limit_in_V|nominal_capacity_in_Ah|reference,
Tongji,Tongji2_CY45-05_1--15.pkl,Tongji2_CY45-05_1--15,403,3.5,0,1,2.5,4.2,-1,12693,0,1,charge_capacity_in_Ah|current_in_A|cycle_number|discharge_capacity_in_Ah|internal_resistance_in_ohm|temperature_in_C|time_in_s|voltage_in_V,SOC_interval|already_spent_cycles|anode_material|cathode_material|cell_id|charge_protocol|cycle_data|depth_of_charge|depth_of_discharge|description|discharge_protocol|electrolyte_material|form_factor|max_current_limit_in_A|max_voltage_limit_in_V|min_current_limit_in_A|min_voltage_limit_in_V|nominal_capacity_in_Ah|reference,
Tongji,Tongji2_CY45-05_1--10.pkl,Tongji2_CY45-05_1--10,399,3.5,0,1,2.5,4.2,-1,13882,0,1,charge_capacity_in_Ah|current_in_A|cycle_number|discharge_capacity_in_Ah|internal_resistance_in_ohm|temperature_in_C|time_in_s|voltage_in_V,SOC_interval|already_spent_cycles|anode_material|cathode_material|cell_id|charge_protocol|cycle_data|depth_of_charge|depth_of_discharge|description|discharge_protocol|electrolyte_material|form_factor|max_current_limit_in_A|max_voltage_limit_in_V|min_current_limit_in_A|min_voltage_limit_in_V|nominal_capacity_in_Ah|reference,
CALCE,CALCE_CX2_35.pkl,CALCE_CX2_35,1454,1.35,0,1,2.7,4.2,-1,8162,0,1,charge_capacity_in_Ah|current_in_A|cycle_number|discharge_capacity_in_Ah|internal_resistance_in_ohm|temperature_in_C|time_in_s|voltage_in_V,SOC_interval|already_spent_cycles|anode_material|cathode_material|cell_id|charge_protocol|cycle_data|depth_of_charge|depth_of_discharge|description|discharge_protocol|electrolyte_material|form_factor|max_current_limit_in_A|max_voltage_limit_in_V|min_current_limit_in_A|min_voltage_limit_in_V|nominal_capacity_in_Ah|reference,
CALCE,CALCE_CX2_16.pkl,CALCE_CX2_16,1279,1.35,0,1,2.7,4.2,-1,10036,0,1,charge_capacity_in_Ah|current_in_A|cycle_number|discharge_capacity_in_Ah|internal_resistance_in_ohm|temperature_in_C|time_in_s|voltage_in_V,SOC_interval|already_spent_cycles|anode_material|cathode_material|cell_id|charge_protocol|cycle_data|depth_of_charge|depth_of_discharge|description|discharge_protocol|electrolyte_material|form_factor|max_current_limit_in_A|max_voltage_limit_in_V|min_current_limit_in_A|min_voltage_limit_in_V|nominal_capacity_in_Ah|reference,
Tongji,Tongji2_CY45-05_1--8.pkl,Tongji2_CY45-05_1--8,399,3.5,0,1,2.5,4.2,-1,13858,0,1,charge_capacity_in_Ah|current_in_A|cycle_number|discharge_capacity_in_Ah|internal_resistance_in_ohm|temperature_in_C|time_in_s|voltage_in_V,SOC_interval|already_spent_cycles|anode_material|cathode_material|cell_id|charge_protocol|cycle_data|depth_of_charge|depth_of_discharge|description|discharge_protocol|electrolyte_material|form_factor|max_current_limit_in_A|max_voltage_limit_in_V|min_current_limit_in_A|min_voltage_limit_in_V|nominal_capacity_in_Ah|reference,
Tongji,Tongji2_CY45-05_1--9.pkl,Tongji2_CY45-05_1--9,399,3.5,0,1,2.5,4.2,-1,13856,0,1,charge_capacity_in_Ah|current_in_A|cycle_number|discharge_capacity_in_Ah|internal_resistance_in_ohm|temperature_in_C|time_in_s|voltage_in_V,SOC_interval|already_spent_cycles|anode_material|cathode_material|cell_id|charge_protocol|cycle_data|depth_of_charge|depth_of_discharge|description|discharge_protocol|electrolyte_material|form_factor|max_current_limit_in_A|max_voltage_limit_in_V|min_current_limit_in_A|min_voltage_limit_in_V|nominal_capacity_in_Ah|reference,
Tongji,Tongji2_CY45-05_1--7.pkl,Tongji2_CY45-05_1--7,399,3.5,0,1,2.5,4.2,-1,13865,0,1,charge_capacity_in_Ah|current_in_A|cycle_number|discharge_capacity_in_Ah|internal_resistance_in_ohm|temperature_in_C|time_in_s|voltage_in_V,SOC_interval|already_spent_cycles|anode_material|cathode_material|cell_id|charge_protocol|cycle_data|depth_of_charge|depth_of_discharge|description|discharge_protocol|electrolyte_material|form_factor|max_current_limit_in_A|max_voltage_limit_in_V|min_current_limit_in_A|min_voltage_limit_in_V|nominal_capacity_in_Ah|reference,
SNL,SNL_18650_LFP_35C_0-100_0.5-1C_d.pkl,SNL_18650_LFP_35C_0-100_0.5-1C_d,3798,1.1,0,1,2.0,3.6,-1,1770,0,1,charge_capacity_in_Ah|current_in_A|cycle_number|discharge_capacity_in_Ah|internal_resistance_in_ohm|temperature_in_C|time_in_s|voltage_in_V,SOC_interval|already_spent_cycles|anode_material|cathode_material|cell_id|charge_protocol|cycle_data|depth_of_charge|depth_of_discharge|description|discharge_protocol|electrolyte_material|form_factor|max_current_limit_in_A|max_voltage_limit_in_V|min_current_limit_in_A|min_voltage_limit_in_V|nominal_capacity_in_Ah|reference,
HNEI,HNEI_18650_NMC_LCO_25C_0-100_0.5-1.5C_n.pkl,HNEI_18650_NMC_LCO_25C_0-100_0.5-1.5C_n,1082,2.8,0,1,3,4.3,-1,6709,0,1,charge_capacity_in_Ah|current_in_A|cycle_number|discharge_capacity_in_Ah|internal_resistance_in_ohm|temperature_in_C|time_in_s|voltage_in_V,SOC_interval|already_spent_cycles|anode_material|cathode_material|cell_id|charge_protocol|cycle_data|depth_of_charge|depth_of_discharge|description|discharge_protocol|electrolyte_material|form_factor|max_current_limit_in_A|max_voltage_limit_in_V|min_current_limit_in_A|min_voltage_limit_in_V|nominal_capacity_in_Ah|reference,
HNEI,HNEI_18650_NMC_LCO_25C_0-100_0.5-1.5C_j.pkl,HNEI_18650_NMC_LCO_25C_0-100_0.5-1.5C_j,1076,2.8,0,1,3,4.3,-1,7038,0,1,charge_capacity_in_Ah|current_in_A|cycle_number|discharge_capacity_in_Ah|internal_resistance_in_ohm|temperature_in_C|time_in_s|voltage_in_V,SOC_interval|already_spent_cycles|anode_material|cathode_material|cell_id|charge_protocol|cycle_data|depth_of_charge|depth_of_discharge|description|discharge_protocol|electrolyte_material|form_factor|max_current_limit_in_A|max_voltage_limit_in_V|min_current_limit_in_A|min_voltage_limit_in_V|nominal_capacity_in_Ah|reference,
HNEI,HNEI_18650_NMC_LCO_25C_0-100_0.5-1.5C_e.pkl,HNEI_18650_NMC_LCO_25C_0-100_0.5-1.5C_e,1107,2.8,0,1,3,4.3,-1,6866,0,1,charge_capacity_in_Ah|current_in_A|cycle_number|discharge_capacity_in_Ah|internal_resistance_in_ohm|temperature_in_C|time_in_s|voltage_in_V,SOC_interval|already_spent_cycles|anode_material|cathode_material|cell_id|charge_protocol|cycle_data|depth_of_charge|depth_of_discharge|description|discharge_protocol|electrolyte_material|form_factor|max_current_limit_in_A|max_voltage_limit_in_V|min_current_limit_in_A|min_voltage_limit_in_V|nominal_capacity_in_Ah|reference,
Tongji,Tongji2_CY25-05_1--13.pkl,Tongji2_CY25-05_1--13,399,3.5,0,1,2.5,4.2,-1,13702,0,1,charge_capacity_in_Ah|current_in_A|cycle_number|discharge_capacity_in_Ah|internal_resistance_in_ohm|temperature_in_C|time_in_s|voltage_in_V,SOC_interval|already_spent_cycles|anode_material|cathode_material|cell_id|charge_protocol|cycle_data|depth_of_charge|depth_of_discharge|description|discharge_protocol|electrolyte_material|form_factor|max_current_limit_in_A|max_voltage_limit_in_V|min_current_limit_in_A|min_voltage_limit_in_V|nominal_capacity_in_Ah|reference,
HNEI,HNEI_18650_NMC_LCO_25C_0-100_0.5-1.5C_b.pkl,HNEI_18650_NMC_LCO_25C_0-100_0.5-1.5C_b,1080,2.8,0,1,3,4.3,-1,6609,0,1,charge_capacity_in_Ah|current_in_A|cycle_number|discharge_capacity_in_Ah|internal_resistance_in_ohm|temperature_in_C|time_in_s|voltage_in_V,SOC_interval|already_spent_cycles|anode_material|cathode_material|cell_id|charge_protocol|cycle_data|depth_of_charge|depth_of_discharge|description|discharge_protocol|electrolyte_material|form_factor|max_current_limit_in_A|max_voltage_limit_in_V|min_current_limit_in_A|min_voltage_limit_in_V|nominal_capacity_in_Ah|reference,
HNEI,HNEI_18650_NMC_LCO_25C_0-100_0.5-1.5C_c.pkl,HNEI_18650_NMC_LCO_25C_0-100_0.5-1.5C_c,1081,2.8,0,1,3,4.3,-1,6952,0,1,charge_capacity_in_Ah|current_in_A|cycle_number|discharge_capacity_in_Ah|internal_resistance_in_ohm|temperature_in_C|time_in_s|voltage_in_V,SOC_interval|already_spent_cycles|anode_material|cathode_material|cell_id|charge_protocol|cycle_data|depth_of_charge|depth_of_discharge|description|discharge_protocol|electrolyte_material|form_factor|max_current_limit_in_A|max_voltage_limit_in_V|min_current_limit_in_A|min_voltage_limit_in_V|nominal_capacity_in_Ah|reference,
HNEI,HNEI_18650_NMC_LCO_25C_0-100_0.5-1.5C_g.pkl,HNEI_18650_NMC_LCO_25C_0-100_0.5-1.5C_g,1082,2.8,0,1,3,4.3,-1,6643,0,1,charge_capacity_in_Ah|current_in_A|cycle_number|discharge_capacity_in_Ah|internal_resistance_in_ohm|temperature_in_C|time_in_s|voltage_in_V,SOC_interval|already_spent_cycles|anode_material|cathode_material|cell_id|charge_protocol|cycle_data|depth_of_charge|depth_of_discharge|description|discharge_protocol|electrolyte_material|form_factor|max_current_limit_in_A|max_voltage_limit_in_V|min_current_limit_in_A|min_voltage_limit_in_V|nominal_capacity_in_Ah|reference,
HNEI,HNEI_18650_NMC_LCO_25C_0-100_0.5-1.5C_l.pkl,HNEI_18650_NMC_LCO_25C_0-100_0.5-1.5C_l,1081,2.8,0,1,3,4.3,-1,6682,0,1,charge_capacity_in_Ah|current_in_A|cycle_number|discharge_capacity_in_Ah|internal_resistance_in_ohm|temperature_in_C|time_in_s|voltage_in_V,SOC_interval|already_spent_cycles|anode_material|cathode_material|cell_id|charge_protocol|cycle_data|depth_of_charge|depth_of_discharge|description|discharge_protocol|electrolyte_material|form_factor|max_current_limit_in_A|max_voltage_limit_in_V|min_current_limit_in_A|min_voltage_limit_in_V|nominal_capacity_in_Ah|reference,
SNL,SNL_18650_LFP_25C_0-100_0.5-1C_b.pkl,SNL_18650_LFP_25C_0-100_0.5-1C_b,3636,1.1,0,1,2.0,3.6,-1,1752,0,1,charge_capacity_in_Ah|current_in_A|cycle_number|discharge_capacity_in_Ah|internal_resistance_in_ohm|temperature_in_C|time_in_s|voltage_in_V,SOC_interval|already_spent_cycles|anode_material|cathode_material|cell_id|charge_protocol|cycle_data|depth_of_charge|depth_of_discharge|description|discharge_protocol|electrolyte_material|form_factor|max_current_limit_in_A|max_voltage_limit_in_V|min_current_limit_in_A|min_voltage_limit_in_V|nominal_capacity_in_Ah|reference,
MATR,MATR_b4c33.pkl,MATR_b4c33,530,1.1,0,1,2.0,3.5,-1,12276,37,1,Qdlin|charge_capacity_in_Ah|current_in_A|cycle_number|discharge_capacity_in_Ah|internal_resistance_in_ohm|temperature_in_C|time_in_s|voltage_in_V,SOC_interval|already_spent_cycles|anode_material|cathode_material|cell_id|charge_protocol|cycle_data|depth_of_charge|depth_of_discharge|description|discharge_protocol|electrolyte_material|form_factor|max_current_limit_in_A|max_voltage_limit_in_V|min_current_limit_in_A|min_voltage_limit_in_V|nominal_capacity_in_Ah|reference,
MATR,MATR_b2c0.pkl,MATR_b2c0,325,1.1,0,1,2.0,3.5,-1,11828,26,1,Qdlin|charge_capacity_in_Ah|current_in_A|cycle_number|discharge_capacity_in_Ah|internal_resistance_in_ohm|temperature_in_C|time_in_s|voltage_in_V,SOC_interval|already_spent_cycles|anode_material|cathode_material|cell_id|charge_protocol|cycle_data|depth_of_charge|depth_of_discharge|description|discharge_protocol|electrolyte_material|form_factor|max_current_limit_in_A|max_voltage_limit_in_V|min_current_limit_in_A|min_voltage_limit_in_V|nominal_capacity_in_Ah|reference,
Tongji,Tongji2_CY45-05_1--1.pkl,Tongji2_CY45-05_1--1,455,3.5,0,1,2.5,4.2,-1,12942,0,1,charge_capacity_in_Ah|current_in_A|cycle_number|discharge_capacity_in_Ah|internal_resistance_in_ohm|temperature_in_C|time_in_s|voltage_in_V,SOC_interval|already_spent_cycles|anode_material|cathode_material|cell_id|charge_protocol|cycle_data|depth_of_charge|depth_of_discharge|description|discharge_protocol|electrolyte_material|form_factor|max_current_limit_in_A|max_voltage_limit_in_V|min_current_limit_in_A|min_voltage_limit_in_V|nominal_capacity_in_Ah|reference,
HNEI,HNEI_18650_NMC_LCO_25C_0-100_0.5-1.5C_a.pkl,HNEI_18650_NMC_LCO_25C_0-100_0.5-1.5C_a,1086,2.8,0,1,3,4.3,-1,7640,0,1,charge_capacity_in_Ah|current_in_A|cycle_number|discharge_capacity_in_Ah|internal_resistance_in_ohm|temperature_in_C|time_in_s|voltage_in_V,SOC_interval|already_spent_cycles|anode_material|cathode_material|cell_id|charge_protocol|cycle_data|depth_of_charge|depth_of_discharge|description|discharge_protocol|electrolyte_material|form_factor|max_current_limit_in_A|max_voltage_limit_in_V|min_current_limit_in_A|min_voltage_limit_in_V|nominal_capacity_in_Ah|reference,
Tongji,Tongji1_CY45-05_1--15.pkl,Tongji1_CY45-05_1--15,495,3.5,0,1,2.65,4.2,-1,11832,0,1,charge_capacity_in_Ah|current_in_A|cycle_number|discharge_capacity_in_Ah|internal_resistance_in_ohm|temperature_in_C|time_in_s|voltage_in_V,SOC_interval|already_spent_cycles|anode_material|cathode_material|cell_id|charge_protocol|cycle_data|depth_of_charge|depth_of_discharge|description|discharge_protocol|electrolyte_material|form_factor|max_current_limit_in_A|max_voltage_limit_in_V|min_current_limit_in_A|min_voltage_limit_in_V|nominal_capacity_in_Ah|reference,
Tongji,Tongji2_CY45-05_1--2.pkl,Tongji2_CY45-05_1--2,453,3.5,0,1,2.5,4.2,-1,12944,0,1,charge_capacity_in_Ah|current_in_A|cycle_number|discharge_capacity_in_Ah|internal_resistance_in_ohm|temperature_in_C|time_in_s|voltage_in_V,SOC_interval|already_spent_cycles|anode_material|cathode_material|cell_id|charge_protocol|cycle_data|depth_of_charge|depth_of_discharge|description|discharge_protocol|electrolyte_material|form_factor|max_current_limit_in_A|max_voltage_limit_in_V|min_current_limit_in_A|min_voltage_limit_in_V|nominal_capacity_in_Ah|reference,
HNEI,HNEI_18650_NMC_LCO_25C_0-100_0.5-1.5C_d.pkl,HNEI_18650_NMC_LCO_25C_0-100_0.5-1.5C_d,1081,2.8,0,1,3,4.3,-1,6948,0,1,charge_capacity_in_Ah|current_in_A|cycle_number|discharge_capacity_in_Ah|internal_resistance_in_ohm|temperature_in_C|time_in_s|voltage_in_V,SOC_interval|already_spent_cycles|anode_material|cathode_material|cell_id|charge_protocol|cycle_data|depth_of_charge|depth_of_discharge|description|discharge_protocol|electrolyte_material|form_factor|max_current_limit_in_A|max_voltage_limit_in_V|min_current_limit_in_A|min_voltage_limit_in_V|nominal_capacity_in_Ah|reference,
ISU_ILCC,ISU-ILCC_G53C1.pkl,ISU-ILCC_G53C1,466,0.25,0,1,3.0,4.2,-1,26122,0,1,charge_capacity_in_Ah|current_in_A|cycle_number|discharge_capacity_in_Ah|internal_resistance_in_ohm|temperature_in_C|time_in_s|voltage_in_V,SOC_interval|already_spent_cycles|anode_material|cathode_material|cell_id|charge_protocol|cycle_data|depth_of_charge|depth_of_discharge|description|discharge_protocol|electrolyte_material|form_factor|max_current_limit_in_A|max_voltage_limit_in_V|min_current_limit_in_A|min_voltage_limit_in_V|nominal_capacity_in_Ah|reference,
ISU_ILCC,ISU-ILCC_G14C1.pkl,ISU-ILCC_G14C1,420,0.25,0.22056944444444448,1,3.0,4.2,-1,39347,0,1,charge_capacity_in_Ah|current_in_A|cycle_number|discharge_capacity_in_Ah|internal_resistance_in_ohm|temperature_in_C|time_in_s|voltage_in_V,SOC_interval|already_spent_cycles|anode_material|cathode_material|cell_id|charge_protocol|cycle_data|depth_of_charge|depth_of_discharge|description|discharge_protocol|electrolyte_material|form_factor|max_current_limit_in_A|max_voltage_limit_in_V|min_current_limit_in_A|min_voltage_limit_in_V|nominal_capacity_in_Ah|reference,
HNEI,HNEI_18650_NMC_LCO_25C_0-100_0.5-1.5C_f.pkl,HNEI_18650_NMC_LCO_25C_0-100_0.5-1.5C_f,1075,2.8,0,1,3,4.3,-1,6787,0,1,charge_capacity_in_Ah|current_in_A|cycle_number|discharge_capacity_in_Ah|internal_resistance_in_ohm|temperature_in_C|time_in_s|voltage_in_V,SOC_interval|already_spent_cycles|anode_material|cathode_material|cell_id|charge_protocol|cycle_data|depth_of_charge|depth_of_discharge|description|discharge_protocol|electrolyte_material|form_factor|max_current_limit_in_A|max_voltage_limit_in_V|min_current_limit_in_A|min_voltage_limit_in_V|nominal_capacity_in_Ah|reference,
MATR,MATR_b4c7.pkl,MATR_b4c7,562,1.1,0,1,2.0,3.5,-1,11904,21,1,Qdlin|charge_capacity_in_Ah|current_in_A|cycle_number|discharge_capacity_in_Ah|internal_resistance_in_ohm|temperature_in_C|time_in_s|voltage_in_V,SOC_interval|already_spent_cycles|anode_material|cathode_material|cell_id|charge_protocol|cycle_data|depth_of_charge|depth_of_discharge|description|discharge_protocol|electrolyte_material|form_factor|max_current_limit_in_A|max_voltage_limit_in_V|min_current_limit_in_A|min_voltage_limit_in_V|nominal_capacity_in_Ah|reference,
ISU_ILCC,ISU-ILCC_G19C4.pkl,ISU-ILCC_G19C4,417,0.25,0.21938766666666665,1,3.0,4.2,-1,38348,0,1,charge_capacity_in_Ah|current_in_A|cycle_number|discharge_capacity_in_Ah|internal_resistance_in_ohm|temperature_in_C|time_in_s|voltage_in_V,SOC_interval|already_spent_cycles|anode_material|cathode_material|cell_id|charge_protocol|cycle_data|depth_of_charge|depth_of_discharge|description|discharge_protocol|electrolyte_material|form_factor|max_current_limit_in_A|max_voltage_limit_in_V|min_current_limit_in_A|min_voltage_limit_in_V|nominal_capacity_in_Ah|reference,
HNEI,HNEI_18650_NMC_LCO_25C_0-100_0.5-1.5C_p.pkl,HNEI_18650_NMC_LCO_25C_0-100_0.5-1.5C_p,1080,2.8,0,1,3,4.3,-1,7848,0,1,charge_capacity_in_Ah|current_in_A|cycle_number|discharge_capacity_in_Ah|internal_resistance_in_ohm|temperature_in_C|time_in_s|voltage_in_V,SOC_interval|already_spent_cycles|anode_material|cathode_material|cell_id|charge_protocol|cycle_data|depth_of_charge|depth_of_discharge|description|discharge_protocol|electrolyte_material|form_factor|max_current_limit_in_A|max_voltage_limit_in_V|min_current_limit_in_A|min_voltage_limit_in_V|nominal_capacity_in_Ah|reference,
MATR,MATR_b3c28.pkl,MATR_b3c28,539,1.1,0,1,2.0,3.5,-1,11292,42,1,Qdlin|charge_capacity_in_Ah|current_in_A|cycle_number|discharge_capacity_in_Ah|internal_resistance_in_ohm|temperature_in_C|time_in_s|voltage_in_V,SOC_interval|already_spent_cycles|anode_material|cathode_material|cell_id|charge_protocol|cycle_data|depth_of_charge|depth_of_discharge|description|discharge_protocol|electrolyte_material|form_factor|max_current_limit_in_A|max_voltage_limit_in_V|min_current_limit_in_A|min_voltage_limit_in_V|nominal_capacity_in_Ah|reference,
MATR,MATR_b4c27.pkl,MATR_b4c27,563,1.1,0,1,2.0,3.5,-1,11803,43,1,Qdlin|charge_capacity_in_Ah|current_in_A|cycle_number|discharge_capacity_in_Ah|internal_resistance_in_ohm|temperature_in_C|time_in_s|voltage_in_V,SOC_interval|already_spent_cycles|anode_material|cathode_material|cell_id|charge_protocol|cycle_data|depth_of_charge|depth_of_discharge|description|discharge_protocol|electrolyte_material|form_factor|max_current_limit_in_A|max_voltage_limit_in_V|min_current_limit_in_A|min_voltage_limit_in_V|nominal_capacity_in_Ah|reference,
HNEI,HNEI_18650_NMC_LCO_25C_0-100_0.5-1.5C_s.pkl,HNEI_18650_NMC_LCO_25C_0-100_0.5-1.5C_s,1088,2.8,0,1,3,4.3,-1,7092,0,1,charge_capacity_in_Ah|current_in_A|cycle_number|discharge_capacity_in_Ah|internal_resistance_in_ohm|temperature_in_C|time_in_s|voltage_in_V,SOC_interval|already_spent_cycles|anode_material|cathode_material|cell_id|charge_protocol|cycle_data|depth_of_charge|depth_of_discharge|description|discharge_protocol|electrolyte_material|form_factor|max_current_limit_in_A|max_voltage_limit_in_V|min_current_limit_in_A|min_voltage_limit_in_V|nominal_capacity_in_Ah|reference,
HNEI,HNEI_18650_NMC_LCO_25C_0-100_0.5-1.5C_o.pkl,HNEI_18650_NMC_LCO_25C_0-100_0.5-1.5C_o,1082,2.8,0,1,3,4.3,-1,7305,0,1,charge_capacity_in_Ah|current_in_A|cycle_number|discharge_capacity_in_Ah|internal_resistance_in_ohm|temperature_in_C|time_in_s|voltage_in_V,SOC_interval|already_spent_cycles|anode_material|cathode_material|cell_id|charge_protocol|cycle_data|depth_of_charge|depth_of_discharge|description|discharge_protocol|electrolyte_material|form_factor|max_current_limit_in_A|max_voltage_limit_in_V|min_current_limit_in_A|min_voltage_limit_in_V|nominal_capacity_in_Ah|reference,
Tongji,Tongji1_CY45-05_1--17.pkl,Tongji1_CY45-05_1--17,528,3.5,0,1,2.65,4.2,-1,11523,0,1,charge_capacity_in_Ah|current_in_A|cycle_number|discharge_capacity_in_Ah|internal_resistance_in_ohm|temperature_in_C|time_in_s|voltage_in_V,SOC_interval|already_spent_cycles|anode_material|cathode_material|cell_id|charge_protocol|cycle_data|depth_of_charge|depth_of_discharge|description|discharge_protocol|electrolyte_material|form_factor|max_current_limit_in_A|max_voltage_limit_in_V|min_current_limit_in_A|min_voltage_limit_in_V|nominal_capacity_in_Ah|reference,
MATR,MATR_b4c9.pkl,MATR_b4c9,529,1.1,0,1,2.0,3.5,-1,12355,56,1,Qdlin|charge_capacity_in_Ah|current_in_A|cycle_number|discharge_capacity_in_Ah|internal_resistance_in_ohm|temperature_in_C|time_in_s|voltage_in_V,SOC_interval|already_spent_cycles|anode_material|cathode_material|cell_id|charge_protocol|cycle_data|depth_of_charge|depth_of_discharge|description|discharge_protocol|electrolyte_material|form_factor|max_current_limit_in_A|max_voltage_limit_in_V|min_current_limit_in_A|min_voltage_limit_in_V|nominal_capacity_in_Ah|reference,
MICH_EXP,MICH_16R_pouch_NMC_25C_50-100_0.2-1.5C.pkl,MICH_16R_pouch_NMC_25C_50-100_0.2-1.5C,532,5.0,0.5,1,3,4.2,-1,4921,0,1,charge_capacity_in_Ah|current_in_A|cycle_number|discharge_capacity_in_Ah|internal_resistance_in_ohm|temperature_in_C|time_in_s|voltage_in_V,SOC_interval|already_spent_cycles|anode_material|cathode_material|cell_id|charge_protocol|cycle_data|depth_of_charge|depth_of_discharge|description|discharge_protocol|electrolyte_material|form_factor|max_current_limit_in_A|max_voltage_limit_in_V|min_current_limit_in_A|min_voltage_limit_in_V|nominal_capacity_in_Ah|reference,
HNEI,HNEI_18650_NMC_LCO_25C_0-100_0.5-1.5C_t.pkl,HNEI_18650_NMC_LCO_25C_0-100_0.5-1.5C_t,1083,2.8,0,1,3,4.3,-1,8169,0,1,charge_capacity_in_Ah|current_in_A|cycle_number|discharge_capacity_in_Ah|internal_resistance_in_ohm|temperature_in_C|time_in_s|voltage_in_V,SOC_interval|already_spent_cycles|anode_material|cathode_material|cell_id|charge_protocol|cycle_data|depth_of_charge|depth_of_discharge|description|discharge_protocol|electrolyte_material|form_factor|max_current_limit_in_A|max_voltage_limit_in_V|min_current_limit_in_A|min_voltage_limit_in_V|nominal_capacity_in_Ah|reference,
MATR,MATR_b4c26.pkl,MATR_b4c26,579,1.1,0,1,2.0,3.5,-1,12120,18,1,Qdlin|charge_capacity_in_Ah|current_in_A|cycle_number|discharge_capacity_in_Ah|internal_resistance_in_ohm|temperature_in_C|time_in_s|voltage_in_V,SOC_interval|already_spent_cycles|anode_material|cathode_material|cell_id|charge_protocol|cycle_data|depth_of_charge|depth_of_discharge|description|discharge_protocol|electrolyte_material|form_factor|max_current_limit_in_A|max_voltage_limit_in_V|min_current_limit_in_A|min_voltage_limit_in_V|nominal_capacity_in_Ah|reference,
Tongji,Tongji2_CY25-05_1--5.pkl,Tongji2_CY25-05_1--5,479,3.5,0,1,2.5,4.2,-1,13399,0,1,charge_capacity_in_Ah|current_in_A|cycle_number|discharge_capacity_in_Ah|internal_resistance_in_ohm|temperature_in_C|time_in_s|voltage_in_V,SOC_interval|already_spent_cycles|anode_material|cathode_material|cell_id|charge_protocol|cycle_data|depth_of_charge|depth_of_discharge|description|discharge_protocol|electrolyte_material|form_factor|max_current_limit_in_A|max_voltage_limit_in_V|min_current_limit_in_A|min_voltage_limit_in_V|nominal_capacity_in_Ah|reference,
MATR,MATR_b4c25.pkl,MATR_b4c25,567,1.1,0,1,2.0,3.5,-1,11655,10,1,Qdlin|charge_capacity_in_Ah|current_in_A|cycle_number|discharge_capacity_in_Ah|internal_resistance_in_ohm|temperature_in_C|time_in_s|voltage_in_V,SOC_interval|already_spent_cycles|anode_material|cathode_material|cell_id|charge_protocol|cycle_data|depth_of_charge|depth_of_discharge|description|discharge_protocol|electrolyte_material|form_factor|max_current_limit_in_A|max_voltage_limit_in_V|min_current_limit_in_A|min_voltage_limit_in_V|nominal_capacity_in_Ah|reference,
Tongji,Tongji1_CY25-025_1--2.pkl,Tongji1_CY25-025_1--2,234,3.5,0,1,2.65,4.2,-1,13270,0,1,charge_capacity_in_Ah|current_in_A|cycle_number|discharge_capacity_in_Ah|internal_resistance_in_ohm|temperature_in_C|time_in_s|voltage_in_V,SOC_interval|already_spent_cycles|anode_material|cathode_material|cell_id|charge_protocol|cycle_data|depth_of_charge|depth_of_discharge|description|discharge_protocol|electrolyte_material|form_factor|max_current_limit_in_A|max_voltage_limit_in_V|min_current_limit_in_A|min_voltage_limit_in_V|nominal_capacity_in_Ah|reference,
Tongji,Tongji1_CY35-05_1--2.pkl,Tongji1_CY35-05_1--2,531,3.5,0,1,2.65,4.2,-1,11534,0,1,charge_capacity_in_Ah|current_in_A|cycle_number|discharge_capacity_in_Ah|internal_resistance_in_ohm|temperature_in_C|time_in_s|voltage_in_V,SOC_interval|already_spent_cycles|anode_material|cathode_material|cell_id|charge_protocol|cycle_data|depth_of_charge|depth_of_discharge|description|discharge_protocol|electrolyte_material|form_factor|max_current_limit_in_A|max_voltage_limit_in_V|min_current_limit_in_A|min_voltage_limit_in_V|nominal_capacity_in_Ah|reference,
Tongji,Tongji1_CY45-05_1--22.pkl,Tongji1_CY45-05_1--22,577,3.5,0,1,2.65,4.2,-1,11820,0,1,charge_capacity_in_Ah|current_in_A|cycle_number|discharge_capacity_in_Ah|internal_resistance_in_ohm|temperature_in_C|time_in_s|voltage_in_V,SOC_interval|already_spent_cycles|anode_material|cathode_material|cell_id|charge_protocol|cycle_data|depth_of_charge|depth_of_discharge|description|discharge_protocol|electrolyte_material|form_factor|max_current_limit_in_A|max_voltage_limit_in_V|min_current_limit_in_A|min_voltage_limit_in_V|nominal_capacity_in_Ah|reference,
MATR,MATR_b1c20.pkl,MATR_b1c20,532,1.1,0,1,2.0,3.5,-1,11521,73,1,Qdlin|charge_capacity_in_Ah|current_in_A|cycle_number|discharge_capacity_in_Ah|internal_resistance_in_ohm|temperature_in_C|time_in_s|voltage_in_V,SOC_interval|already_spent_cycles|anode_material|cathode_material|cell_id|charge_protocol|cycle_data|depth_of_charge|depth_of_discharge|description|discharge_protocol|electrolyte_material|form_factor|max_current_limit_in_A|max_voltage_limit_in_V|min_current_limit_in_A|min_voltage_limit_in_V|nominal_capacity_in_Ah|reference,
ISU_ILCC,ISU-ILCC_G53C2.pkl,ISU-ILCC_G53C2,520,0.25,0,1,3.0,4.2,-1,25055,0,1,charge_capacity_in_Ah|current_in_A|cycle_number|discharge_capacity_in_Ah|internal_resistance_in_ohm|temperature_in_C|time_in_s|voltage_in_V,SOC_interval|already_spent_cycles|anode_material|cathode_material|cell_id|charge_protocol|cycle_data|depth_of_charge|depth_of_discharge|description|discharge_protocol|electrolyte_material|form_factor|max_current_limit_in_A|max_voltage_limit_in_V|min_current_limit_in_A|min_voltage_limit_in_V|nominal_capacity_in_Ah|reference,
Tongji,Tongji1_CY35-05_1--1.pkl,Tongji1_CY35-05_1--1,548,3.5,0,1,2.65,4.2,-1,12112,0,1,charge_capacity_in_Ah|current_in_A|cycle_number|discharge_capacity_in_Ah|internal_resistance_in_ohm|temperature_in_C|time_in_s|voltage_in_V,SOC_interval|already_spent_cycles|anode_material|cathode_material|cell_id|charge_protocol|cycle_data|depth_of_charge|depth_of_discharge|description|discharge_protocol|electrolyte_material|form_factor|max_current_limit_in_A|max_voltage_limit_in_V|min_current_limit_in_A|min_voltage_limit_in_V|nominal_capacity_in_Ah|reference,
ISU_ILCC,ISU-ILCC_G53C3.pkl,ISU-ILCC_G53C3,586,0.25,0,1,3.0,4.2,-1,23521,0,1,charge_capacity_in_Ah|current_in_A|cycle_number|discharge_capacity_in_Ah|internal_resistance_in_ohm|temperature_in_C|time_in_s|voltage_in_V,SOC_interval|already_spent_cycles|anode_material|cathode_material|cell_id|charge_protocol|cycle_data|depth_of_charge|depth_of_discharge|description|discharge_protocol|electrolyte_material|form_factor|max_current_limit_in_A|max_voltage_limit_in_V|min_current_limit_in_A|min_voltage_limit_in_V|nominal_capacity_in_Ah|reference,
Tongji,Tongji1_CY45-05_1--16.pkl,Tongji1_CY45-05_1--16,596,3.5,0,1,2.65,4.2,-1,12106,0,1,charge_capacity_in_Ah|current_in_A|cycle_number|discharge_capacity_in_Ah|internal_resistance_in_ohm|temperature_in_C|time_in_s|voltage_in_V,SOC_interval|already_spent_cycles|anode_material|cathode_material|cell_id|charge_protocol|cycle_data|depth_of_charge|depth_of_discharge|description|discharge_protocol|electrolyte_material|form_factor|max_current_limit_in_A|max_voltage_limit_in_V|min_current_limit_in_A|min_voltage_limit_in_V|nominal_capacity_in_Ah|reference,
ISU_ILCC,ISU-ILCC_G9C1.pkl,ISU-ILCC_G9C1,354,0.25,0,1,3.0,4.2,-1,61815,0,1,charge_capacity_in_Ah|current_in_A|cycle_number|discharge_capacity_in_Ah|internal_resistance_in_ohm|temperature_in_C|time_in_s|voltage_in_V,SOC_interval|already_spent_cycles|anode_material|cathode_material|cell_id|charge_protocol|cycle_data|depth_of_charge|depth_of_discharge|description|discharge_protocol|electrolyte_material|form_factor|max_current_limit_in_A|max_voltage_limit_in_V|min_current_limit_in_A|min_voltage_limit_in_V|nominal_capacity_in_Ah|reference,
ISU_ILCC,ISU-ILCC_G9C2.pkl,ISU-ILCC_G9C2,345,0.25,0,1,3.0,4.2,-1,61988,0,1,charge_capacity_in_Ah|current_in_A|cycle_number|discharge_capacity_in_Ah|internal_resistance_in_ohm|temperature_in_C|time_in_s|voltage_in_V,SOC_interval|already_spent_cycles|anode_material|cathode_material|cell_id|charge_protocol|cycle_data|depth_of_charge|depth_of_discharge|description|discharge_protocol|electrolyte_material|form_factor|max_current_limit_in_A|max_voltage_limit_in_V|min_current_limit_in_A|min_voltage_limit_in_V|nominal_capacity_in_Ah|reference,
Tongji,Tongji1_CY45-05_1--18.pkl,Tongji1_CY45-05_1--18,596,3.5,0,1,2.65,4.2,-1,12108,0,1,charge_capacity_in_Ah|current_in_A|cycle_number|discharge_capacity_in_Ah|internal_resistance_in_ohm|temperature_in_C|time_in_s|voltage_in_V,SOC_interval|already_spent_cycles|anode_material|cathode_material|cell_id|charge_protocol|cycle_data|depth_of_charge|depth_of_discharge|description|discharge_protocol|electrolyte_material|form_factor|max_current_limit_in_A|max_voltage_limit_in_V|min_current_limit_in_A|min_voltage_limit_in_V|nominal_capacity_in_Ah|reference,
MATR,MATR_b2c3.pkl,MATR_b2c3,360,1.1,0,1,2.0,3.5,-1,11511,64,1,Qdlin|charge_capacity_in_Ah|current_in_A|cycle_number|discharge_capacity_in_Ah|internal_resistance_in_ohm|temperature_in_C|time_in_s|voltage_in_V,SOC_interval|already_spent_cycles|anode_material|cathode_material|cell_id|charge_protocol|cycle_data|depth_of_charge|depth_of_discharge|description|discharge_protocol|electrolyte_material|form_factor|max_current_limit_in_A|max_voltage_limit_in_V|min_current_limit_in_A|min_voltage_limit_in_V|nominal_capacity_in_Ah|reference,
MATR,MATR_b1c21.pkl,MATR_b1c21,557,1.1,0,1,2.0,3.5,-1,12264,110,1,Qdlin|charge_capacity_in_Ah|current_in_A|cycle_number|discharge_capacity_in_Ah|internal_resistance_in_ohm|temperature_in_C|time_in_s|voltage_in_V,SOC_interval|already_spent_cycles|anode_material|cathode_material|cell_id|charge_protocol|cycle_data|depth_of_charge|depth_of_discharge|description|discharge_protocol|electrolyte_material|form_factor|max_current_limit_in_A|max_voltage_limit_in_V|min_current_limit_in_A|min_voltage_limit_in_V|nominal_capacity_in_Ah|reference,
HUST,HUST_2-5.pkl,HUST_2-5,1386,1.1,0,1,2.0,3.6,-1,9291,0,1,charge_capacity_in_Ah|current_in_A|cycle_number|discharge_capacity_in_Ah|internal_resistance_in_ohm|temperature_in_C|time_in_s|voltage_in_V,SOC_interval|already_spent_cycles|anode_material|cathode_material|cell_id|charge_protocol|cycle_data|depth_of_charge|depth_of_discharge|description|discharge_protocol|electrolyte_material|form_factor|max_current_limit_in_A|max_voltage_limit_in_V|min_current_limit_in_A|min_voltage_limit_in_V|nominal_capacity_in_Ah|reference,
MATR,MATR_b2c25.pkl,MATR_b2c25,486,1.1,0,1,2.0,3.5,-1,11830,58,1,Qdlin|charge_capacity_in_Ah|current_in_A|cycle_number|discharge_capacity_in_Ah|internal_resistance_in_ohm|temperature_in_C|time_in_s|voltage_in_V,SOC_interval|already_spent_cycles|anode_material|cathode_material|cell_id|charge_protocol|cycle_data|depth_of_charge|depth_of_discharge|description|discharge_protocol|electrolyte_material|form_factor|max_current_limit_in_A|max_voltage_limit_in_V|min_current_limit_in_A|min_voltage_limit_in_V|nominal_capacity_in_Ah|reference,
MATR,MATR_b3c31.pkl,MATR_b3c31,729,1.1,0,1,2.0,3.5,-1,11727,35,1,Qdlin|charge_capacity_in_Ah|current_in_A|cycle_number|discharge_capacity_in_Ah|internal_resistance_in_ohm|temperature_in_C|time_in_s|voltage_in_V,SOC_interval|already_spent_cycles|anode_material|cathode_material|cell_id|charge_protocol|cycle_data|depth_of_charge|depth_of_discharge|description|discharge_protocol|electrolyte_material|form_factor|max_current_limit_in_A|max_voltage_limit_in_V|min_current_limit_in_A|min_voltage_limit_in_V|nominal_capacity_in_Ah|reference,
MATR,MATR_b3c6.pkl,MATR_b3c6,665,1.1,0,1,2.0,3.5,-1,10898,45,1,Qdlin|charge_capacity_in_Ah|current_in_A|cycle_number|discharge_capacity_in_Ah|internal_resistance_in_ohm|temperature_in_C|time_in_s|voltage_in_V,SOC_interval|already_spent_cycles|anode_material|cathode_material|cell_id|charge_protocol|cycle_data|depth_of_charge|depth_of_discharge|description|discharge_protocol|electrolyte_material|form_factor|max_current_limit_in_A|max_voltage_limit_in_V|min_current_limit_in_A|min_voltage_limit_in_V|nominal_capacity_in_Ah|reference,
HUST,HUST_4-3.pkl,HUST_4-3,1142,1.1,0,1,2.0,3.6,-1,14932,0,1,charge_capacity_in_Ah|current_in_A|cycle_number|discharge_capacity_in_Ah|internal_resistance_in_ohm|temperature_in_C|time_in_s|voltage_in_V,SOC_interval|already_spent_cycles|anode_material|cathode_material|cell_id|charge_protocol|cycle_data|depth_of_charge|depth_of_discharge|description|discharge_protocol|electrolyte_material|form_factor|max_current_limit_in_A|max_voltage_limit_in_V|min_current_limit_in_A|min_voltage_limit_in_V|nominal_capacity_in_Ah|reference,
MATR,MATR_b2c35.pkl,MATR_b2c35,485,1.1,0,1,2.0,3.5,-1,11793,75,1,Qdlin|charge_capacity_in_Ah|current_in_A|cycle_number|discharge_capacity_in_Ah|internal_resistance_in_ohm|temperature_in_C|time_in_s|voltage_in_V,SOC_interval|already_spent_cycles|anode_material|cathode_material|cell_id|charge_protocol|cycle_data|depth_of_charge|depth_of_discharge|description|discharge_protocol|electrolyte_material|form_factor|max_current_limit_in_A|max_voltage_limit_in_V|min_current_limit_in_A|min_voltage_limit_in_V|nominal_capacity_in_Ah|reference,
MATR,MATR_b2c26.pkl,MATR_b2c26,497,1.1,0,1,2.0,3.5,-1,12090,40,1,Qdlin|charge_capacity_in_Ah|current_in_A|cycle_number|discharge_capacity_in_Ah|internal_resistance_in_ohm|temperature_in_C|time_in_s|voltage_in_V,SOC_interval|already_spent_cycles|anode_material|cathode_material|cell_id|charge_protocol|cycle_data|depth_of_charge|depth_of_discharge|description|discharge_protocol|electrolyte_material|form_factor|max_current_limit_in_A|max_voltage_limit_in_V|min_current_limit_in_A|min_voltage_limit_in_V|nominal_capacity_in_Ah|reference,
RWTH,RWTH_030.pkl,RWTH_030,1488,1.85,0.2,0.8,3.5,3.9,-1,11165,0,1,charge_capacity_in_Ah|current_in_A|cycle_number|discharge_capacity_in_Ah|internal_resistance_in_ohm|temperature_in_C|time_in_s|voltage_in_V,SOC_interval|already_spent_cycles|anode_material|cathode_material|cell_id|charge_protocol|cycle_data|depth_of_charge|depth_of_discharge|description|discharge_protocol|electrolyte_material|form_factor|max_current_limit_in_A|max_voltage_limit_in_V|min_current_limit_in_A|min_voltage_limit_in_V|nominal_capacity_in_Ah|reference,
HUST,HUST_1-6.pkl,HUST_1-6,1143,1.1,0,1,2.0,3.6,-1,14226,0,1,charge_capacity_in_Ah|current_in_A|cycle_number|discharge_capacity_in_Ah|internal_resistance_in_ohm|temperature_in_C|time_in_s|voltage_in_V,SOC_interval|already_spent_cycles|anode_material|cathode_material|cell_id|charge_protocol|cycle_data|depth_of_charge|depth_of_discharge|description|discharge_protocol|electrolyte_material|form_factor|max_current_limit_in_A|max_voltage_limit_in_V|min_current_limit_in_A|min_voltage_limit_in_V|nominal_capacity_in_Ah|reference,
MATR,MATR_b4c8.pkl,MATR_b4c8,718,1.1,0,1,2.0,3.5,-1,11981,32,1,Qdlin|charge_capacity_in_Ah|current_in_A|cycle_number|discharge_capacity_in_Ah|internal_resistance_in_ohm|temperature_in_C|time_in_s|voltage_in_V,SOC_interval|already_spent_cycles|anode_material|cathode_material|cell_id|charge_protocol|cycle_data|depth_of_charge|depth_of_discharge|description|discharge_protocol|electrolyte_material|form_factor|max_current_limit_in_A|max_voltage_limit_in_V|min_current_limit_in_A|min_voltage_limit_in_V|nominal_capacity_in_Ah|reference,
MATR,MATR_b2c39.pkl,MATR_b2c39,479,1.1,0,1,2.0,3.5,-1,12800,109,1,Qdlin|charge_capacity_in_Ah|current_in_A|cycle_number|discharge_capacity_in_Ah|internal_resistance_in_ohm|temperature_in_C|time_in_s|voltage_in_V,SOC_interval|already_spent_cycles|anode_material|cathode_material|cell_id|charge_protocol|cycle_data|depth_of_charge|depth_of_discharge|description|discharge_protocol|electrolyte_material|form_factor|max_current_limit_in_A|max_voltage_limit_in_V|min_current_limit_in_A|min_voltage_limit_in_V|nominal_capacity_in_Ah|reference,
Tongji,Tongji1_CY45-05_1--21.pkl,Tongji1_CY45-05_1--21,637,3.5,0,1,2.65,4.2,-1,12087,0,1,charge_capacity_in_Ah|current_in_A|cycle_number|discharge_capacity_in_Ah|internal_resistance_in_ohm|temperature_in_C|time_in_s|voltage_in_V,SOC_interval|already_spent_cycles|anode_material|cathode_material|cell_id|charge_protocol|cycle_data|depth_of_charge|depth_of_discharge|description|discharge_protocol|electrolyte_material|form_factor|max_current_limit_in_A|max_voltage_limit_in_V|min_current_limit_in_A|min_voltage_limit_in_V|nominal_capacity_in_Ah|reference,
MICH_EXP,MICH_17C_pouch_NMC_-5C_50-100_0.2-1.5C.pkl,MICH_17C_pouch_NMC_-5C_50-100_0.2-1.5C,557,5.0,0.5,1,3,4.2,-1,5185,0,1,charge_capacity_in_Ah|current_in_A|cycle_number|discharge_capacity_in_Ah|internal_resistance_in_ohm|temperature_in_C|time_in_s|voltage_in_V,SOC_interval|already_spent_cycles|anode_material|cathode_material|cell_id|charge_protocol|cycle_data|depth_of_charge|depth_of_discharge|description|discharge_protocol|electrolyte_material|form_factor|max_current_limit_in_A|max_voltage_limit_in_V|min_current_limit_in_A|min_voltage_limit_in_V|nominal_capacity_in_Ah|reference,
MATR,MATR_b1c45.pkl,MATR_b1c45,597,1.1,0,1,2.0,3.5,-1,12504,109,1,Qdlin|charge_capacity_in_Ah|current_in_A|cycle_number|discharge_capacity_in_Ah|internal_resistance_in_ohm|temperature_in_C|time_in_s|voltage_in_V,SOC_interval|already_spent_cycles|anode_material|cathode_material|cell_id|charge_protocol|cycle_data|depth_of_charge|depth_of_discharge|description|discharge_protocol|electrolyte_material|form_factor|max_current_limit_in_A|max_voltage_limit_in_V|min_current_limit_in_A|min_voltage_limit_in_V|nominal_capacity_in_Ah|reference,
Tongji,Tongji2_CY45-05_1--18.pkl,Tongji2_CY45-05_1--18,596,3.5,0,1,2.5,4.2,-1,13180,0,1,charge_capacity_in_Ah|current_in_A|cycle_number|discharge_capacity_in_Ah|internal_resistance_in_ohm|temperature_in_C|time_in_s|voltage_in_V,SOC_interval|already_spent_cycles|anode_material|cathode_material|cell_id|charge_protocol|cycle_data|depth_of_charge|depth_of_discharge|description|discharge_protocol|electrolyte_material|form_factor|max_current_limit_in_A|max_voltage_limit_in_V|min_current_limit_in_A|min_voltage_limit_in_V|nominal_capacity_in_Ah|reference,
Tongji,Tongji2_CY45-05_1--16.pkl,Tongji2_CY45-05_1--16,595,3.5,0,1,2.5,4.2,-1,13179,0,1,charge_capacity_in_Ah|current_in_A|cycle_number|discharge_capacity_in_Ah|internal_resistance_in_ohm|temperature_in_C|time_in_s|voltage_in_V,SOC_interval|already_spent_cycles|anode_material|cathode_material|cell_id|charge_protocol|cycle_data|depth_of_charge|depth_of_discharge|description|discharge_protocol|electrolyte_material|form_factor|max_current_limit_in_A|max_voltage_limit_in_V|min_current_limit_in_A|min_voltage_limit_in_V|nominal_capacity_in_Ah|reference,
HUST,HUST_5-7.pkl,HUST_5-7,1448,1.1,0,1,2.0,3.6,-1,9428,0,1,charge_capacity_in_Ah|current_in_A|cycle_number|discharge_capacity_in_Ah|internal_resistance_in_ohm|temperature_in_C|time_in_s|voltage_in_V,SOC_interval|already_spent_cycles|anode_material|cathode_material|cell_id|charge_protocol|cycle_data|depth_of_charge|depth_of_discharge|description|discharge_protocol|electrolyte_material|form_factor|max_current_limit_in_A|max_voltage_limit_in_V|min_current_limit_in_A|min_voltage_limit_in_V|nominal_capacity_in_Ah|reference,
Tongji,Tongji2_CY45-05_1--17.pkl,Tongji2_CY45-05_1--17,596,3.5,0,1,2.5,4.2,-1,13171,0,1,charge_capacity_in_Ah|current_in_A|cycle_number|discharge_capacity_in_Ah|internal_resistance_in_ohm|temperature_in_C|time_in_s|voltage_in_V,SOC_interval|already_spent_cycles|anode_material|cathode_material|cell_id|charge_protocol|cycle_data|depth_of_charge|depth_of_discharge|description|discharge_protocol|electrolyte_material|form_factor|max_current_limit_in_A|max_voltage_limit_in_V|min_current_limit_in_A|min_voltage_limit_in_V|nominal_capacity_in_Ah|reference,
MATR,MATR_b2c38.pkl,MATR_b2c38,486,1.1,0,1,2.0,3.5,-1,11857,35,1,Qdlin|charge_capacity_in_Ah|current_in_A|cycle_number|discharge_capacity_in_Ah|internal_resistance_in_ohm|temperature_in_C|time_in_s|voltage_in_V,SOC_interval|already_spent_cycles|anode_material|cathode_material|cell_id|charge_protocol|cycle_data|depth_of_charge|depth_of_discharge|description|discharge_protocol|electrolyte_material|form_factor|max_current_limit_in_A|max_voltage_limit_in_V|min_current_limit_in_A|min_voltage_limit_in_V|nominal_capacity_in_Ah|reference,
MATR,MATR_b2c2.pkl,MATR_b2c2,463,1.1,0,1,2.0,3.5,-1,12478,69,1,Qdlin|charge_capacity_in_Ah|current_in_A|cycle_number|discharge_capacity_in_Ah|internal_resistance_in_ohm|temperature_in_C|time_in_s|voltage_in_V,SOC_interval|already_spent_cycles|anode_material|cathode_material|cell_id|charge_protocol|cycle_data|depth_of_charge|depth_of_discharge|description|discharge_protocol|electrolyte_material|form_factor|max_current_limit_in_A|max_voltage_limit_in_V|min_current_limit_in_A|min_voltage_limit_in_V|nominal_capacity_in_Ah|reference,
Tongji,Tongji1_CY45-05_1--27.pkl,Tongji1_CY45-05_1--27,649,3.5,0,1,2.65,4.2,-1,11506,0,1,charge_capacity_in_Ah|current_in_A|cycle_number|discharge_capacity_in_Ah|internal_resistance_in_ohm|temperature_in_C|time_in_s|voltage_in_V,SOC_interval|already_spent_cycles|anode_material|cathode_material|cell_id|charge_protocol|cycle_data|depth_of_charge|depth_of_discharge|description|discharge_protocol|electrolyte_material|form_factor|max_current_limit_in_A|max_voltage_limit_in_V|min_current_limit_in_A|min_voltage_limit_in_V|nominal_capacity_in_Ah|reference,
MATR,MATR_b1c44.pkl,MATR_b1c44,614,1.1,0,1,2.0,3.5,-1,12062,121,1,Qdlin|charge_capacity_in_Ah|current_in_A|cycle_number|discharge_capacity_in_Ah|internal_resistance_in_ohm|temperature_in_C|time_in_s|voltage_in_V,SOC_interval|already_spent_cycles|anode_material|cathode_material|cell_id|charge_protocol|cycle_data|depth_of_charge|depth_of_discharge|description|discharge_protocol|electrolyte_material|form_factor|max_current_limit_in_A|max_voltage_limit_in_V|min_current_limit_in_A|min_voltage_limit_in_V|nominal_capacity_in_Ah|reference,
MATR,MATR_b4c39.pkl,MATR_b4c39,761,1.1,0,1,2.0,3.5,-1,10872,86,1,Qdlin|charge_capacity_in_Ah|current_in_A|cycle_number|discharge_capacity_in_Ah|internal_resistance_in_ohm|temperature_in_C|time_in_s|voltage_in_V,SOC_interval|already_spent_cycles|anode_material|cathode_material|cell_id|charge_protocol|cycle_data|depth_of_charge|depth_of_discharge|description|discharge_protocol|electrolyte_material|form_factor|max_current_limit_in_A|max_voltage_limit_in_V|min_current_limit_in_A|min_voltage_limit_in_V|nominal_capacity_in_Ah|reference,
Tongji,Tongji1_CY45-05_1--11.pkl,Tongji1_CY45-05_1--11,648,3.5,0,1,2.65,4.2,-1,11525,0,1,charge_capacity_in_Ah|current_in_A|cycle_number|discharge_capacity_in_Ah|internal_resistance_in_ohm|temperature_in_C|time_in_s|voltage_in_V,SOC_interval|already_spent_cycles|anode_material|cathode_material|cell_id|charge_protocol|cycle_data|depth_of_charge|depth_of_discharge|description|discharge_protocol|electrolyte_material|form_factor|max_current_limit_in_A|max_voltage_limit_in_V|min_current_limit_in_A|min_voltage_limit_in_V|nominal_capacity_in_Ah|reference,
MATR,MATR_b4c22.pkl,MATR_b4c22,745,1.1,0,1,2.0,3.5,-1,11403,41,1,Qdlin|charge_capacity_in_Ah|current_in_A|cycle_number|discharge_capacity_in_Ah|internal_resistance_in_ohm|temperature_in_C|time_in_s|voltage_in_V,SOC_interval|already_spent_cycles|anode_material|cathode_material|cell_id|charge_protocol|cycle_data|depth_of_charge|depth_of_discharge|description|discharge_protocol|electrolyte_material|form_factor|max_current_limit_in_A|max_voltage_limit_in_V|min_current_limit_in_A|min_voltage_limit_in_V|nominal_capacity_in_Ah|reference,
MATR,MATR_b2c24.pkl,MATR_b2c24,523,1.1,0,1,2.0,3.5,-1,11853,22,1,Qdlin|charge_capacity_in_Ah|current_in_A|cycle_number|discharge_capacity_in_Ah|internal_resistance_in_ohm|temperature_in_C|time_in_s|voltage_in_V,SOC_interval|already_spent_cycles|anode_material|cathode_material|cell_id|charge_protocol|cycle_data|depth_of_charge|depth_of_discharge|description|discharge_protocol|electrolyte_material|form_factor|max_current_limit_in_A|max_voltage_limit_in_V|min_current_limit_in_A|min_voltage_limit_in_V|nominal_capacity_in_Ah|reference,
MATR,MATR_b4c6.pkl,MATR_b4c6,777,1.1,0,1,2.0,3.5,-1,10862,30,1,Qdlin|charge_capacity_in_Ah|current_in_A|cycle_number|discharge_capacity_in_Ah|internal_resistance_in_ohm|temperature_in_C|time_in_s|voltage_in_V,SOC_interval|already_spent_cycles|anode_material|cathode_material|cell_id|charge_protocol|cycle_data|depth_of_charge|depth_of_discharge|description|discharge_protocol|electrolyte_material|form_factor|max_current_limit_in_A|max_voltage_limit_in_V|min_current_limit_in_A|min_voltage_limit_in_V|nominal_capacity_in_Ah|reference,
MATR,MATR_b3c41.pkl,MATR_b3c41,784,1.1,0,1,2.0,3.5,-1,11710,29,1,Qdlin|charge_capacity_in_Ah|current_in_A|cycle_number|discharge_capacity_in_Ah|internal_resistance_in_ohm|temperature_in_C|time_in_s|voltage_in_V,SOC_interval|already_spent_cycles|anode_material|cathode_material|cell_id|charge_protocol|cycle_data|depth_of_charge|depth_of_discharge|description|discharge_protocol|electrolyte_material|form_factor|max_current_limit_in_A|max_voltage_limit_in_V|min_current_limit_in_A|min_voltage_limit_in_V|nominal_capacity_in_Ah|reference,
MATR,MATR_b2c27.pkl,MATR_b2c27,494,1.1,0,1,2.0,3.5,-1,12203,70,1,Qdlin|charge_capacity_in_Ah|current_in_A|cycle_number|discharge_capacity_in_Ah|internal_resistance_in_ohm|temperature_in_C|time_in_s|voltage_in_V,SOC_interval|already_spent_cycles|anode_material|cathode_material|cell_id|charge_protocol|cycle_data|depth_of_charge|depth_of_discharge|description|discharge_protocol|electrolyte_material|form_factor|max_current_limit_in_A|max_voltage_limit_in_V|min_current_limit_in_A|min_voltage_limit_in_V|nominal_capacity_in_Ah|reference,
MATR,MATR_b2c46.pkl,MATR_b2c46,448,1.1,0,1,2.0,3.5,-1,11945,119,1,Qdlin|charge_capacity_in_Ah|current_in_A|cycle_number|discharge_capacity_in_Ah|internal_resistance_in_ohm|temperature_in_C|time_in_s|voltage_in_V,SOC_interval|already_spent_cycles|anode_material|cathode_material|cell_id|charge_protocol|cycle_data|depth_of_charge|depth_of_discharge|description|discharge_protocol|electrolyte_material|form_factor|max_current_limit_in_A|max_voltage_limit_in_V|min_current_limit_in_A|min_voltage_limit_in_V|nominal_capacity_in_Ah|reference,
MATR,MATR_b2c37.pkl,MATR_b2c37,501,1.1,0,1,2.0,3.5,-1,12247,92,1,Qdlin|charge_capacity_in_Ah|current_in_A|cycle_number|discharge_capacity_in_Ah|internal_resistance_in_ohm|temperature_in_C|time_in_s|voltage_in_V,SOC_interval|already_spent_cycles|anode_material|cathode_material|cell_id|charge_protocol|cycle_data|depth_of_charge|depth_of_discharge|description|discharge_protocol|electrolyte_material|form_factor|max_current_limit_in_A|max_voltage_limit_in_V|min_current_limit_in_A|min_voltage_limit_in_V|nominal_capacity_in_Ah|reference,
HUST,HUST_8-1.pkl,HUST_8-1,1308,1.1,0,1,2.0,3.6,-1,12876,0,1,charge_capacity_in_Ah|current_in_A|cycle_number|discharge_capacity_in_Ah|internal_resistance_in_ohm|temperature_in_C|time_in_s|voltage_in_V,SOC_interval|already_spent_cycles|anode_material|cathode_material|cell_id|charge_protocol|cycle_data|depth_of_charge|depth_of_discharge|description|discharge_protocol|electrolyte_material|form_factor|max_current_limit_in_A|max_voltage_limit_in_V|min_current_limit_in_A|min_voltage_limit_in_V|nominal_capacity_in_Ah|reference,
MATR,MATR_b2c4.pkl,MATR_b2c4,470,1.1,0,1,2.0,3.5,-1,12449,21,1,Qdlin|charge_capacity_in_Ah|current_in_A|cycle_number|discharge_capacity_in_Ah|internal_resistance_in_ohm|temperature_in_C|time_in_s|voltage_in_V,SOC_interval|already_spent_cycles|anode_material|cathode_material|cell_id|charge_protocol|cycle_data|depth_of_charge|depth_of_discharge|description|discharge_protocol|electrolyte_material|form_factor|max_current_limit_in_A|max_voltage_limit_in_V|min_current_limit_in_A|min_voltage_limit_in_V|nominal_capacity_in_Ah|reference,
MATR,MATR_b4c36.pkl,MATR_b4c36,713,1.1,0,1,2.0,3.5,-1,11884,79,1,Qdlin|charge_capacity_in_Ah|current_in_A|cycle_number|discharge_capacity_in_Ah|internal_resistance_in_ohm|temperature_in_C|time_in_s|voltage_in_V,SOC_interval|already_spent_cycles|anode_material|cathode_material|cell_id|charge_protocol|cycle_data|depth_of_charge|depth_of_discharge|description|discharge_protocol|electrolyte_material|form_factor|max_current_limit_in_A|max_voltage_limit_in_V|min_current_limit_in_A|min_voltage_limit_in_V|nominal_capacity_in_Ah|reference,
HUST,HUST_3-3.pkl,HUST_3-3,1649,1.1,0,1,2.0,3.6,-1,8464,0,1,charge_capacity_in_Ah|current_in_A|cycle_number|discharge_capacity_in_Ah|internal_resistance_in_ohm|temperature_in_C|time_in_s|voltage_in_V,SOC_interval|already_spent_cycles|anode_material|cathode_material|cell_id|charge_protocol|cycle_data|depth_of_charge|depth_of_discharge|description|discharge_protocol|electrolyte_material|form_factor|max_current_limit_in_A|max_voltage_limit_in_V|min_current_limit_in_A|min_voltage_limit_in_V|nominal_capacity_in_Ah|reference,
MATR,MATR_b4c30.pkl,MATR_b4c30,719,1.1,0,1,2.0,3.5,-1,12064,41,1,Qdlin|charge_capacity_in_Ah|current_in_A|cycle_number|discharge_capacity_in_Ah|internal_resistance_in_ohm|temperature_in_C|time_in_s|voltage_in_V,SOC_interval|already_spent_cycles|anode_material|cathode_material|cell_id|charge_protocol|cycle_data|depth_of_charge|depth_of_discharge|description|discharge_protocol|electrolyte_material|form_factor|max_current_limit_in_A|max_voltage_limit_in_V|min_current_limit_in_A|min_voltage_limit_in_V|nominal_capacity_in_Ah|reference,
MATR,MATR_b4c2.pkl,MATR_b4c2,784,1.1,0,1,2.0,3.5,-1,10964,22,1,Qdlin|charge_capacity_in_Ah|current_in_A|cycle_number|discharge_capacity_in_Ah|internal_resistance_in_ohm|temperature_in_C|time_in_s|voltage_in_V,SOC_interval|already_spent_cycles|anode_material|cathode_material|cell_id|charge_protocol|cycle_data|depth_of_charge|depth_of_discharge|description|discharge_protocol|electrolyte_material|form_factor|max_current_limit_in_A|max_voltage_limit_in_V|min_current_limit_in_A|min_voltage_limit_in_V|nominal_capacity_in_Ah|reference,
MATR,MATR_b2c34.pkl,MATR_b2c34,525,1.1,0,1,2.0,3.5,-1,11666,83,1,Qdlin|charge_capacity_in_Ah|current_in_A|cycle_number|discharge_capacity_in_Ah|internal_resistance_in_ohm|temperature_in_C|time_in_s|voltage_in_V,SOC_interval|already_spent_cycles|anode_material|cathode_material|cell_id|charge_protocol|cycle_data|depth_of_charge|depth_of_discharge|description|discharge_protocol|electrolyte_material|form_factor|max_current_limit_in_A|max_voltage_limit_in_V|min_current_limit_in_A|min_voltage_limit_in_V|nominal_capacity_in_Ah|reference,
HUST,HUST_2-6.pkl,HUST_2-6,1572,1.1,0,1,2.0,3.6,-1,9048,0,1,charge_capacity_in_Ah|current_in_A|cycle_number|discharge_capacity_in_Ah|internal_resistance_in_ohm|temperature_in_C|time_in_s|voltage_in_V,SOC_interval|already_spent_cycles|anode_material|cathode_material|cell_id|charge_protocol|cycle_data|depth_of_charge|depth_of_discharge|description|discharge_protocol|electrolyte_material|form_factor|max_current_limit_in_A|max_voltage_limit_in_V|min_current_limit_in_A|min_voltage_limit_in_V|nominal_capacity_in_Ah|reference,
HUST,HUST_4-6.pkl,HUST_4-6,1380,1.1,0,1,2.0,3.6,-1,12916,0,1,charge_capacity_in_Ah|current_in_A|cycle_number|discharge_capacity_in_Ah|internal_resistance_in_ohm|temperature_in_C|time_in_s|voltage_in_V,SOC_interval|already_spent_cycles|anode_material|cathode_material|cell_id|charge_protocol|cycle_data|depth_of_charge|depth_of_discharge|description|discharge_protocol|electrolyte_material|form_factor|max_current_limit_in_A|max_voltage_limit_in_V|min_current_limit_in_A|min_voltage_limit_in_V|nominal_capacity_in_Ah|reference,
MATR,MATR_b2c14.pkl,MATR_b2c14,508,1.1,0,1,2.0,3.5,-1,12517,112,1,Qdlin|charge_capacity_in_Ah|current_in_A|cycle_number|discharge_capacity_in_Ah|internal_resistance_in_ohm|temperature_in_C|time_in_s|voltage_in_V,SOC_interval|already_spent_cycles|anode_material|cathode_material|cell_id|charge_protocol|cycle_data|depth_of_charge|depth_of_discharge|description|discharge_protocol|electrolyte_material|form_factor|max_current_limit_in_A|max_voltage_limit_in_V|min_current_limit_in_A|min_voltage_limit_in_V|nominal_capacity_in_Ah|reference,
MATR,MATR_b1c38.pkl,MATR_b1c38,615,1.1,0,1,2.0,3.5,-1,11931,24,1,Qdlin|charge_capacity_in_Ah|current_in_A|cycle_number|discharge_capacity_in_Ah|internal_resistance_in_ohm|temperature_in_C|time_in_s|voltage_in_V,SOC_interval|already_spent_cycles|anode_material|cathode_material|cell_id|charge_protocol|cycle_data|depth_of_charge|depth_of_discharge|description|discharge_protocol|electrolyte_material|form_factor|max_current_limit_in_A|max_voltage_limit_in_V|min_current_limit_in_A|min_voltage_limit_in_V|nominal_capacity_in_Ah|reference,
ISU_ILCC,ISU-ILCC_G36C4.pkl,ISU-ILCC_G36C4,427,0.25,0,1,3.0,4.2,-1,54194,0,1,charge_capacity_in_Ah|current_in_A|cycle_number|discharge_capacity_in_Ah|internal_resistance_in_ohm|temperature_in_C|time_in_s|voltage_in_V,SOC_interval|already_spent_cycles|anode_material|cathode_material|cell_id|charge_protocol|cycle_data|depth_of_charge|depth_of_discharge|description|discharge_protocol|electrolyte_material|form_factor|max_current_limit_in_A|max_voltage_limit_in_V|min_current_limit_in_A|min_voltage_limit_in_V|nominal_capacity_in_Ah|reference,
MATR,MATR_b2c5.pkl,MATR_b2c5,506,1.1,0,1,2.0,3.5,-1,12433,40,1,Qdlin|charge_capacity_in_Ah|current_in_A|cycle_number|discharge_capacity_in_Ah|internal_resistance_in_ohm|temperature_in_C|time_in_s|voltage_in_V,SOC_interval|already_spent_cycles|anode_material|cathode_material|cell_id|charge_protocol|cycle_data|depth_of_charge|depth_of_discharge|description|discharge_protocol|electrolyte_material|form_factor|max_current_limit_in_A|max_voltage_limit_in_V|min_current_limit_in_A|min_voltage_limit_in_V|nominal_capacity_in_Ah|reference,
MATR,MATR_b3c40.pkl,MATR_b3c40,794,1.1,0,1,2.0,3.5,-1,11642,24,1,Qdlin|charge_capacity_in_Ah|current_in_A|cycle_number|discharge_capacity_in_Ah|internal_resistance_in_ohm|temperature_in_C|time_in_s|voltage_in_V,SOC_interval|already_spent_cycles|anode_material|cathode_material|cell_id|charge_protocol|cycle_data|depth_of_charge|depth_of_discharge|description|discharge_protocol|electrolyte_material|form_factor|max_current_limit_in_A|max_voltage_limit_in_V|min_current_limit_in_A|min_voltage_limit_in_V|nominal_capacity_in_Ah|reference,
MATR,MATR_b2c30.pkl,MATR_b2c30,506,1.1,0,1,2.0,3.5,-1,12498,109,1,Qdlin|charge_capacity_in_Ah|current_in_A|cycle_number|discharge_capacity_in_Ah|internal_resistance_in_ohm|temperature_in_C|time_in_s|voltage_in_V,SOC_interval|already_spent_cycles|anode_material|cathode_material|cell_id|charge_protocol|cycle_data|depth_of_charge|depth_of_discharge|description|discharge_protocol|electrolyte_material|form_factor|max_current_limit_in_A|max_voltage_limit_in_V|min_current_limit_in_A|min_voltage_limit_in_V|nominal_capacity_in_Ah|reference,
ISU_ILCC,ISU-ILCC_G9C3.pkl,ISU-ILCC_G9C3,384,0.25,0,1,3.0,4.2,-1,63128,0,1,charge_capacity_in_Ah|current_in_A|cycle_number|discharge_capacity_in_Ah|internal_resistance_in_ohm|temperature_in_C|time_in_s|voltage_in_V,SOC_interval|already_spent_cycles|anode_material|cathode_material|cell_id|charge_protocol|cycle_data|depth_of_charge|depth_of_discharge|description|discharge_protocol|electrolyte_material|form_factor|max_current_limit_in_A|max_voltage_limit_in_V|min_current_limit_in_A|min_voltage_limit_in_V|nominal_capacity_in_Ah|reference,
Tongji,Tongji1_CY45-05_1--19.pkl,Tongji1_CY45-05_1--19,685,3.5,0,1,2.65,4.2,-1,11504,0,1,charge_capacity_in_Ah|current_in_A|cycle_number|discharge_capacity_in_Ah|internal_resistance_in_ohm|temperature_in_C|time_in_s|voltage_in_V,SOC_interval|already_spent_cycles|anode_material|cathode_material|cell_id|charge_protocol|cycle_data|depth_of_charge|depth_of_discharge|description|discharge_protocol|electrolyte_material|form_factor|max_current_limit_in_A|max_voltage_limit_in_V|min_current_limit_in_A|min_voltage_limit_in_V|nominal_capacity_in_Ah|reference,
MATR,MATR_b2c31.pkl,MATR_b2c31,518,1.1,0,1,2.0,3.5,-1,12702,85,1,Qdlin|charge_capacity_in_Ah|current_in_A|cycle_number|discharge_capacity_in_Ah|internal_resistance_in_ohm|temperature_in_C|time_in_s|voltage_in_V,SOC_interval|already_spent_cycles|anode_material|cathode_material|cell_id|charge_protocol|cycle_data|depth_of_charge|depth_of_discharge|description|discharge_protocol|electrolyte_material|form_factor|max_current_limit_in_A|max_voltage_limit_in_V|min_current_limit_in_A|min_voltage_limit_in_V|nominal_capacity_in_Ah|reference,
MATR,MATR_b3c5.pkl,MATR_b3c5,826,1.1,0,1,2.0,3.5,-1,11229,13,1,Qdlin|charge_capacity_in_Ah|current_in_A|cycle_number|discharge_capacity_in_Ah|internal_resistance_in_ohm|temperature_in_C|time_in_s|voltage_in_V,SOC_interval|already_spent_cycles|anode_material|cathode_material|cell_id|charge_protocol|cycle_data|depth_of_charge|depth_of_discharge|description|discharge_protocol|electrolyte_material|form_factor|max_current_limit_in_A|max_voltage_limit_in_V|min_current_limit_in_A|min_voltage_limit_in_V|nominal_capacity_in_Ah|reference,
HUST,HUST_7-1.pkl,HUST_7-1,1690,1.1,0,1,2.0,3.6,-1,8534,0,1,charge_capacity_in_Ah|current_in_A|cycle_number|discharge_capacity_in_Ah|internal_resistance_in_ohm|temperature_in_C|time_in_s|voltage_in_V,SOC_interval|already_spent_cycles|anode_material|cathode_material|cell_id|charge_protocol|cycle_data|depth_of_charge|depth_of_discharge|description|discharge_protocol|electrolyte_material|form_factor|max_current_limit_in_A|max_voltage_limit_in_V|min_current_limit_in_A|min_voltage_limit_in_V|nominal_capacity_in_Ah|reference,
MATR,MATR_b3c24.pkl,MATR_b3c24,823,1.1,0,1,2.0,3.5,-1,11417,30,1,Qdlin|charge_capacity_in_Ah|current_in_A|cycle_number|discharge_capacity_in_Ah|internal_resistance_in_ohm|temperature_in_C|time_in_s|voltage_in_V,SOC_interval|already_spent_cycles|anode_material|cathode_material|cell_id|charge_protocol|cycle_data|depth_of_charge|depth_of_discharge|description|discharge_protocol|electrolyte_material|form_factor|max_current_limit_in_A|max_voltage_limit_in_V|min_current_limit_in_A|min_voltage_limit_in_V|nominal_capacity_in_Ah|reference,
MATR,MATR_b3c20.pkl,MATR_b3c20,811,1.1,0,1,2.0,3.5,-1,11537,22,1,Qdlin|charge_capacity_in_Ah|current_in_A|cycle_number|discharge_capacity_in_Ah|internal_resistance_in_ohm|temperature_in_C|time_in_s|voltage_in_V,SOC_interval|already_spent_cycles|anode_material|cathode_material|cell_id|charge_protocol|cycle_data|depth_of_charge|depth_of_discharge|description|discharge_protocol|electrolyte_material|form_factor|max_current_limit_in_A|max_voltage_limit_in_V|min_current_limit_in_A|min_voltage_limit_in_V|nominal_capacity_in_Ah|reference,
MATR,MATR_b2c12.pkl,MATR_b2c12,489,1.1,0,1,2.0,3.5,-1,11498,91,1,Qdlin|charge_capacity_in_Ah|current_in_A|cycle_number|discharge_capacity_in_Ah|internal_resistance_in_ohm|temperature_in_C|time_in_s|voltage_in_V,SOC_interval|already_spent_cycles|anode_material|cathode_material|cell_id|charge_protocol|cycle_data|depth_of_charge|depth_of_discharge|description|discharge_protocol|electrolyte_material|form_factor|max_current_limit_in_A|max_voltage_limit_in_V|min_current_limit_in_A|min_voltage_limit_in_V|nominal_capacity_in_Ah|reference,
MATR,MATR_b2c11.pkl,MATR_b2c11,504,1.1,0,1,2.0,3.5,-1,12037,116,1,Qdlin|charge_capacity_in_Ah|current_in_A|cycle_number|discharge_capacity_in_Ah|internal_resistance_in_ohm|temperature_in_C|time_in_s|voltage_in_V,SOC_interval|already_spent_cycles|anode_material|cathode_material|cell_id|charge_protocol|cycle_data|depth_of_charge|depth_of_discharge|description|discharge_protocol|electrolyte_material|form_factor|max_current_limit_in_A|max_voltage_limit_in_V|min_current_limit_in_A|min_voltage_limit_in_V|nominal_capacity_in_Ah|reference,
HUST,HUST_2-4.pkl,HUST_2-4,1499,1.1,0,1,2.0,3.6,-1,10316,0,1,charge_capacity_in_Ah|current_in_A|cycle_number|discharge_capacity_in_Ah|internal_resistance_in_ohm|temperature_in_C|time_in_s|voltage_in_V,SOC_interval|already_spent_cycles|anode_material|cathode_material|cell_id|charge_protocol|cycle_data|depth_of_charge|depth_of_discharge|description|discharge_protocol|electrolyte_material|form_factor|max_current_limit_in_A|max_voltage_limit_in_V|min_current_limit_in_A|min_voltage_limit_in_V|nominal_capacity_in_Ah|reference,
MATR,MATR_b2c45.pkl,MATR_b2c45,513,1.1,0,1,2.0,3.5,-1,12402,68,1,Qdlin|charge_capacity_in_Ah|current_in_A|cycle_number|discharge_capacity_in_Ah|internal_resistance_in_ohm|temperature_in_C|time_in_s|voltage_in_V,SOC_interval|already_spent_cycles|anode_material|cathode_material|cell_id|charge_protocol|cycle_data|depth_of_charge|depth_of_discharge|description|discharge_protocol|electrolyte_material|form_factor|max_current_limit_in_A|max_voltage_limit_in_V|min_current_limit_in_A|min_voltage_limit_in_V|nominal_capacity_in_Ah|reference,
MATR,MATR_b1c39.pkl,MATR_b1c39,623,1.1,0,1,2.0,3.5,-1,12311,61,1,Qdlin|charge_capacity_in_Ah|current_in_A|cycle_number|discharge_capacity_in_Ah|internal_resistance_in_ohm|temperature_in_C|time_in_s|voltage_in_V,SOC_interval|already_spent_cycles|anode_material|cathode_material|cell_id|charge_protocol|cycle_data|depth_of_charge|depth_of_discharge|description|discharge_protocol|electrolyte_material|form_factor|max_current_limit_in_A|max_voltage_limit_in_V|min_current_limit_in_A|min_voltage_limit_in_V|nominal_capacity_in_Ah|reference,
HUST,HUST_3-4.pkl,HUST_3-4,1766,1.1,0,1,2.0,3.6,-1,7892,0,1,charge_capacity_in_Ah|current_in_A|cycle_number|discharge_capacity_in_Ah|internal_resistance_in_ohm|temperature_in_C|time_in_s|voltage_in_V,SOC_interval|already_spent_cycles|anode_material|cathode_material|cell_id|charge_protocol|cycle_data|depth_of_charge|depth_of_discharge|description|discharge_protocol|electrolyte_material|form_factor|max_current_limit_in_A|max_voltage_limit_in_V|min_current_limit_in_A|min_voltage_limit_in_V|nominal_capacity_in_Ah|reference,
MATR,MATR_b2c44.pkl,MATR_b2c44,477,1.1,0,1,2.0,3.5,-1,12758,63,1,Qdlin|charge_capacity_in_Ah|current_in_A|cycle_number|discharge_capacity_in_Ah|internal_resistance_in_ohm|temperature_in_C|time_in_s|voltage_in_V,SOC_interval|already_spent_cycles|anode_material|cathode_material|cell_id|charge_protocol|cycle_data|depth_of_charge|depth_of_discharge|description|discharge_protocol|electrolyte_material|form_factor|max_current_limit_in_A|max_voltage_limit_in_V|min_current_limit_in_A|min_voltage_limit_in_V|nominal_capacity_in_Ah|reference,
MATR,MATR_b2c29.pkl,MATR_b2c29,521,1.1,0,1,2.0,3.5,-1,11945,151,1,Qdlin|charge_capacity_in_Ah|current_in_A|cycle_number|discharge_capacity_in_Ah|internal_resistance_in_ohm|temperature_in_C|time_in_s|voltage_in_V,SOC_interval|already_spent_cycles|anode_material|cathode_material|cell_id|charge_protocol|cycle_data|depth_of_charge|depth_of_discharge|description|discharge_protocol|electrolyte_material|form_factor|max_current_limit_in_A|max_voltage_limit_in_V|min_current_limit_in_A|min_voltage_limit_in_V|nominal_capacity_in_Ah|reference,
MATR,MATR_b2c41.pkl,MATR_b2c41,451,1.1,0,1,2.0,3.5,-1,11721,55,1,Qdlin|charge_capacity_in_Ah|current_in_A|cycle_number|discharge_capacity_in_Ah|internal_resistance_in_ohm|temperature_in_C|time_in_s|voltage_in_V,SOC_interval|already_spent_cycles|anode_material|cathode_material|cell_id|charge_protocol|cycle_data|depth_of_charge|depth_of_discharge|description|discharge_protocol|electrolyte_material|form_factor|max_current_limit_in_A|max_voltage_limit_in_V|min_current_limit_in_A|min_voltage_limit_in_V|nominal_capacity_in_Ah|reference,
Tongji,Tongji1_CY45-05_1--23.pkl,Tongji1_CY45-05_1--23,690,3.5,0,1,2.65,4.2,-1,11555,0,1,charge_capacity_in_Ah|current_in_A|cycle_number|discharge_capacity_in_Ah|internal_resistance_in_ohm|temperature_in_C|time_in_s|voltage_in_V,SOC_interval|already_spent_cycles|anode_material|cathode_material|cell_id|charge_protocol|cycle_data|depth_of_charge|depth_of_discharge|description|discharge_protocol|electrolyte_material|form_factor|max_current_limit_in_A|max_voltage_limit_in_V|min_current_limit_in_A|min_voltage_limit_in_V|nominal_capacity_in_Ah|reference,
MATR,MATR_b2c43.pkl,MATR_b2c43,486,1.1,0,1,2.0,3.5,-1,11855,72,1,Qdlin|charge_capacity_in_Ah|current_in_A|cycle_number|discharge_capacity_in_Ah|internal_resistance_in_ohm|temperature_in_C|time_in_s|voltage_in_V,SOC_interval|already_spent_cycles|anode_material|cathode_material|cell_id|charge_protocol|cycle_data|depth_of_charge|depth_of_discharge|description|discharge_protocol|electrolyte_material|form_factor|max_current_limit_in_A|max_voltage_limit_in_V|min_current_limit_in_A|min_voltage_limit_in_V|nominal_capacity_in_Ah|reference,
MATR,MATR_b3c8.pkl,MATR_b3c8,826,1.1,0,1,2.0,3.5,-1,11714,31,1,Qdlin|charge_capacity_in_Ah|current_in_A|cycle_number|discharge_capacity_in_Ah|internal_resistance_in_ohm|temperature_in_C|time_in_s|voltage_in_V,SOC_interval|already_spent_cycles|anode_material|cathode_material|cell_id|charge_protocol|cycle_data|depth_of_charge|depth_of_discharge|description|discharge_protocol|electrolyte_material|form_factor|max_current_limit_in_A|max_voltage_limit_in_V|min_current_limit_in_A|min_voltage_limit_in_V|nominal_capacity_in_Ah|reference,
MATR,MATR_b2c42.pkl,MATR_b2c42,491,1.1,0,1,2.0,3.5,-1,11926,91,1,Qdlin|charge_capacity_in_Ah|current_in_A|cycle_number|discharge_capacity_in_Ah|internal_resistance_in_ohm|temperature_in_C|time_in_s|voltage_in_V,SOC_interval|already_spent_cycles|anode_material|cathode_material|cell_id|charge_protocol|cycle_data|depth_of_charge|depth_of_discharge|description|discharge_protocol|electrolyte_material|form_factor|max_current_limit_in_A|max_voltage_limit_in_V|min_current_limit_in_A|min_voltage_limit_in_V|nominal_capacity_in_Ah|reference,
MATR,MATR_b4c20.pkl,MATR_b4c20,804,1.1,0,1,2.0,3.5,-1,10436,106,1,Qdlin|charge_capacity_in_Ah|current_in_A|cycle_number|discharge_capacity_in_Ah|internal_resistance_in_ohm|temperature_in_C|time_in_s|voltage_in_V,SOC_interval|already_spent_cycles|anode_material|cathode_material|cell_id|charge_protocol|cycle_data|depth_of_charge|depth_of_discharge|description|discharge_protocol|electrolyte_material|form_factor|max_current_limit_in_A|max_voltage_limit_in_V|min_current_limit_in_A|min_voltage_limit_in_V|nominal_capacity_in_Ah|reference,
MATR,MATR_b2c21.pkl,MATR_b2c21,519,1.1,0,1,2.0,3.5,-1,12677,120,1,Qdlin|charge_capacity_in_Ah|current_in_A|cycle_number|discharge_capacity_in_Ah|internal_resistance_in_ohm|temperature_in_C|time_in_s|voltage_in_V,SOC_interval|already_spent_cycles|anode_material|cathode_material|cell_id|charge_protocol|cycle_data|depth_of_charge|depth_of_discharge|description|discharge_protocol|electrolyte_material|form_factor|max_current_limit_in_A|max_voltage_limit_in_V|min_current_limit_in_A|min_voltage_limit_in_V|nominal_capacity_in_Ah|reference,
MATR,MATR_b3c13.pkl,MATR_b3c13,814,1.1,0,1,2.0,3.5,-1,11397,50,1,Qdlin|charge_capacity_in_Ah|current_in_A|cycle_number|discharge_capacity_in_Ah|internal_resistance_in_ohm|temperature_in_C|time_in_s|voltage_in_V,SOC_interval|already_spent_cycles|anode_material|cathode_material|cell_id|charge_protocol|cycle_data|depth_of_charge|depth_of_discharge|description|discharge_protocol|electrolyte_material|form_factor|max_current_limit_in_A|max_voltage_limit_in_V|min_current_limit_in_A|min_voltage_limit_in_V|nominal_capacity_in_Ah|reference,
MICH_EXP,MICH_10R_pouch_NMC_25C_0-100_0.2-1.5C.pkl,MICH_10R_pouch_NMC_25C_0-100_0.2-1.5C,439,5.0,0,1,3,4.2,-1,8693,0,1,charge_capacity_in_Ah|current_in_A|cycle_number|discharge_capacity_in_Ah|internal_resistance_in_ohm|temperature_in_C|time_in_s|voltage_in_V,SOC_interval|already_spent_cycles|anode_material|cathode_material|cell_id|charge_protocol|cycle_data|depth_of_charge|depth_of_discharge|description|discharge_protocol|electrolyte_material|form_factor|max_current_limit_in_A|max_voltage_limit_in_V|min_current_limit_in_A|min_voltage_limit_in_V|nominal_capacity_in_Ah|reference,
Tongji,Tongji1_CY45-05_1--26.pkl,Tongji1_CY45-05_1--26,709,3.5,0,1,2.65,4.2,-1,11820,0,1,charge_capacity_in_Ah|current_in_A|cycle_number|discharge_capacity_in_Ah|internal_resistance_in_ohm|temperature_in_C|time_in_s|voltage_in_V,SOC_interval|already_spent_cycles|anode_material|cathode_material|cell_id|charge_protocol|cycle_data|depth_of_charge|depth_of_discharge|description|discharge_protocol|electrolyte_material|form_factor|max_current_limit_in_A|max_voltage_limit_in_V|min_current_limit_in_A|min_voltage_limit_in_V|nominal_capacity_in_Ah|reference,
MATR,MATR_b1c6.pkl,MATR_b1c6,634,1.1,0,1,2.0,3.5,-1,12540,125,1,Qdlin|charge_capacity_in_Ah|current_in_A|cycle_number|discharge_capacity_in_Ah|internal_resistance_in_ohm|temperature_in_C|time_in_s|voltage_in_V,SOC_interval|already_spent_cycles|anode_material|cathode_material|cell_id|charge_protocol|cycle_data|depth_of_charge|depth_of_discharge|description|discharge_protocol|electrolyte_material|form_factor|max_current_limit_in_A|max_voltage_limit_in_V|min_current_limit_in_A|min_voltage_limit_in_V|nominal_capacity_in_Ah|reference,
MATR,MATR_b2c20.pkl,MATR_b2c20,530,1.1,0,1,2.0,3.5,-1,11943,140,1,Qdlin|charge_capacity_in_Ah|current_in_A|cycle_number|discharge_capacity_in_Ah|internal_resistance_in_ohm|temperature_in_C|time_in_s|voltage_in_V,SOC_interval|already_spent_cycles|anode_material|cathode_material|cell_id|charge_protocol|cycle_data|depth_of_charge|depth_of_discharge|description|discharge_protocol|electrolyte_material|form_factor|max_current_limit_in_A|max_voltage_limit_in_V|min_current_limit_in_A|min_voltage_limit_in_V|nominal_capacity_in_Ah|reference,
MATR,MATR_b3c11.pkl,MATR_b3c11,815,1.1,0,1,2.0,3.5,-1,11601,60,1,Qdlin|charge_capacity_in_Ah|current_in_A|cycle_number|discharge_capacity_in_Ah|internal_resistance_in_ohm|temperature_in_C|time_in_s|voltage_in_V,SOC_interval|already_spent_cycles|anode_material|cathode_material|cell_id|charge_protocol|cycle_data|depth_of_charge|depth_of_discharge|description|discharge_protocol|electrolyte_material|form_factor|max_current_limit_in_A|max_voltage_limit_in_V|min_current_limit_in_A|min_voltage_limit_in_V|nominal_capacity_in_Ah|reference,
Tongji,Tongji1_CY45-05_1--2.pkl,Tongji1_CY45-05_1--2,699,3.5,0,1,2.65,4.2,-1,11810,0,1,charge_capacity_in_Ah|current_in_A|cycle_number|discharge_capacity_in_Ah|internal_resistance_in_ohm|temperature_in_C|time_in_s|voltage_in_V,SOC_interval|already_spent_cycles|anode_material|cathode_material|cell_id|charge_protocol|cycle_data|depth_of_charge|depth_of_discharge|description|discharge_protocol|electrolyte_material|form_factor|max_current_limit_in_A|max_voltage_limit_in_V|min_current_limit_in_A|min_voltage_limit_in_V|nominal_capacity_in_Ah|reference,
MATR,MATR_b2c19.pkl,MATR_b2c19,488,1.1,0,1,2.0,3.5,-1,11514,69,1,Qdlin|charge_capacity_in_Ah|current_in_A|cycle_number|discharge_capacity_in_Ah|internal_resistance_in_ohm|temperature_in_C|time_in_s|voltage_in_V,SOC_interval|already_spent_cycles|anode_material|cathode_material|cell_id|charge_protocol|cycle_data|depth_of_charge|depth_of_discharge|description|discharge_protocol|electrolyte_material|form_factor|max_current_limit_in_A|max_voltage_limit_in_V|min_current_limit_in_A|min_voltage_limit_in_V|nominal_capacity_in_Ah|reference,
MATR,MATR_b2c33.pkl,MATR_b2c33,545,1.1,0,1,2.0,3.5,-1,12199,32,1,Qdlin|charge_capacity_in_Ah|current_in_A|cycle_number|discharge_capacity_in_Ah|internal_resistance_in_ohm|temperature_in_C|time_in_s|voltage_in_V,SOC_interval|already_spent_cycles|anode_material|cathode_material|cell_id|charge_protocol|cycle_data|depth_of_charge|depth_of_discharge|description|discharge_protocol|electrolyte_material|form_factor|max_current_limit_in_A|max_voltage_limit_in_V|min_current_limit_in_A|min_voltage_limit_in_V|nominal_capacity_in_Ah|reference,
MATR,MATR_b2c32.pkl,MATR_b2c32,543,1.1,0,1,2.0,3.5,-1,12132,14,1,Qdlin|charge_capacity_in_Ah|current_in_A|cycle_number|discharge_capacity_in_Ah|internal_resistance_in_ohm|temperature_in_C|time_in_s|voltage_in_V,SOC_interval|already_spent_cycles|anode_material|cathode_material|cell_id|charge_protocol|cycle_data|depth_of_charge|depth_of_discharge|description|discharge_protocol|electrolyte_material|form_factor|max_current_limit_in_A|max_voltage_limit_in_V|min_current_limit_in_A|min_voltage_limit_in_V|nominal_capacity_in_Ah|reference,
MATR,MATR_b2c17.pkl,MATR_b2c17,524,1.1,0,1,2.0,3.5,-1,11829,44,1,Qdlin|charge_capacity_in_Ah|current_in_A|cycle_number|discharge_capacity_in_Ah|internal_resistance_in_ohm|temperature_in_C|time_in_s|voltage_in_V,SOC_interval|already_spent_cycles|anode_material|cathode_material|cell_id|charge_protocol|cycle_data|depth_of_charge|depth_of_discharge|description|discharge_protocol|electrolyte_material|form_factor|max_current_limit_in_A|max_voltage_limit_in_V|min_current_limit_in_A|min_voltage_limit_in_V|nominal_capacity_in_Ah|reference,
MATR,MATR_b3c27.pkl,MATR_b3c27,848,1.1,0,1,2.0,3.5,-1,11312,22,1,Qdlin|charge_capacity_in_Ah|current_in_A|cycle_number|discharge_capacity_in_Ah|internal_resistance_in_ohm|temperature_in_C|time_in_s|voltage_in_V,SOC_interval|already_spent_cycles|anode_material|cathode_material|cell_id|charge_protocol|cycle_data|depth_of_charge|depth_of_discharge|description|discharge_protocol|electrolyte_material|form_factor|max_current_limit_in_A|max_voltage_limit_in_V|min_current_limit_in_A|min_voltage_limit_in_V|nominal_capacity_in_Ah|reference,
MATR,MATR_b2c28.pkl,MATR_b2c28,540,1.1,0,1,2.0,3.5,-1,12094,46,1,Qdlin|charge_capacity_in_Ah|current_in_A|cycle_number|discharge_capacity_in_Ah|internal_resistance_in_ohm|temperature_in_C|time_in_s|voltage_in_V,SOC_interval|already_spent_cycles|anode_material|cathode_material|cell_id|charge_protocol|cycle_data|depth_of_charge|depth_of_discharge|description|discharge_protocol|electrolyte_material|form_factor|max_current_limit_in_A|max_voltage_limit_in_V|min_current_limit_in_A|min_voltage_limit_in_V|nominal_capacity_in_Ah|reference,
Tongji,Tongji1_CY45-05_1--24.pkl,Tongji1_CY45-05_1--24,721,3.5,0,1,2.65,4.2,-1,11536,0,1,charge_capacity_in_Ah|current_in_A|cycle_number|discharge_capacity_in_Ah|internal_resistance_in_ohm|temperature_in_C|time_in_s|voltage_in_V,SOC_interval|already_spent_cycles|anode_material|cathode_material|cell_id|charge_protocol|cycle_data|depth_of_charge|depth_of_discharge|description|discharge_protocol|electrolyte_material|form_factor|max_current_limit_in_A|max_voltage_limit_in_V|min_current_limit_in_A|min_voltage_limit_in_V|nominal_capacity_in_Ah|reference,
Tongji,Tongji1_CY45-05_1--28.pkl,Tongji1_CY45-05_1--28,716,3.5,0,1,2.65,4.2,-1,12074,0,1,charge_capacity_in_Ah|current_in_A|cycle_number|discharge_capacity_in_Ah|internal_resistance_in_ohm|temperature_in_C|time_in_s|voltage_in_V,SOC_interval|already_spent_cycles|anode_material|cathode_material|cell_id|charge_protocol|cycle_data|depth_of_charge|depth_of_discharge|description|discharge_protocol|electrolyte_material|form_factor|max_current_limit_in_A|max_voltage_limit_in_V|min_current_limit_in_A|min_voltage_limit_in_V|nominal_capacity_in_Ah|reference,
Tongji,Tongji1_CY45-05_1--13.pkl,Tongji1_CY45-05_1--13,711,3.5,0,1,2.65,4.2,-1,11793,0,1,charge_capacity_in_Ah|current_in_A|cycle_number|discharge_capacity_in_Ah|internal_resistance_in_ohm|temperature_in_C|time_in_s|voltage_in_V,SOC_interval|already_spent_cycles|anode_material|cathode_material|cell_id|charge_protocol|cycle_data|depth_of_charge|depth_of_discharge|description|discharge_protocol|electrolyte_material|form_factor|max_current_limit_in_A|max_voltage_limit_in_V|min_current_limit_in_A|min_voltage_limit_in_V|nominal_capacity_in_Ah|reference,
MATR,MATR_b1c43.pkl,MATR_b1c43,649,1.1,0,1,2.0,3.5,-1,11954,60,1,Qdlin|charge_capacity_in_Ah|current_in_A|cycle_number|discharge_capacity_in_Ah|internal_resistance_in_ohm|temperature_in_C|time_in_s|voltage_in_V,SOC_interval|already_spent_cycles|anode_material|cathode_material|cell_id|charge_protocol|cycle_data|depth_of_charge|depth_of_discharge|description|discharge_protocol|electrolyte_material|form_factor|max_current_limit_in_A|max_voltage_limit_in_V|min_current_limit_in_A|min_voltage_limit_in_V|nominal_capacity_in_Ah|reference,
HUST,HUST_10-2.pkl,HUST_10-2,1697,1.1,0,1,2.0,3.6,-1,9763,0,1,charge_capacity_in_Ah|current_in_A|cycle_number|discharge_capacity_in_Ah|internal_resistance_in_ohm|temperature_in_C|time_in_s|voltage_in_V,SOC_interval|already_spent_cycles|anode_material|cathode_material|cell_id|charge_protocol|cycle_data|depth_of_charge|depth_of_discharge|description|discharge_protocol|electrolyte_material|form_factor|max_current_limit_in_A|max_voltage_limit_in_V|min_current_limit_in_A|min_voltage_limit_in_V|nominal_capacity_in_Ah|reference,
HUST,HUST_6-4.pkl,HUST_6-4,1717,1.1,0,1,2.0,3.6,-1,8870,0,1,charge_capacity_in_Ah|current_in_A|cycle_number|discharge_capacity_in_Ah|internal_resistance_in_ohm|temperature_in_C|time_in_s|voltage_in_V,SOC_interval|already_spent_cycles|anode_material|cathode_material|cell_id|charge_protocol|cycle_data|depth_of_charge|depth_of_discharge|description|discharge_protocol|electrolyte_material|form_factor|max_current_limit_in_A|max_voltage_limit_in_V|min_current_limit_in_A|min_voltage_limit_in_V|nominal_capacity_in_Ah|reference,
Tongji,Tongji1_CY45-05_1--20.pkl,Tongji1_CY45-05_1--20,728,3.5,0,1,2.65,4.2,-1,11719,0,1,charge_capacity_in_Ah|current_in_A|cycle_number|discharge_capacity_in_Ah|internal_resistance_in_ohm|temperature_in_C|time_in_s|voltage_in_V,SOC_interval|already_spent_cycles|anode_material|cathode_material|cell_id|charge_protocol|cycle_data|depth_of_charge|depth_of_discharge|description|discharge_protocol|electrolyte_material|form_factor|max_current_limit_in_A|max_voltage_limit_in_V|min_current_limit_in_A|min_voltage_limit_in_V|nominal_capacity_in_Ah|reference,
MATR,MATR_b2c22.pkl,MATR_b2c22,539,1.1,0,1,2.0,3.5,-1,12180,104,1,Qdlin|charge_capacity_in_Ah|current_in_A|cycle_number|discharge_capacity_in_Ah|internal_resistance_in_ohm|temperature_in_C|time_in_s|voltage_in_V,SOC_interval|already_spent_cycles|anode_material|cathode_material|cell_id|charge_protocol|cycle_data|depth_of_charge|depth_of_discharge|description|discharge_protocol|electrolyte_material|form_factor|max_current_limit_in_A|max_voltage_limit_in_V|min_current_limit_in_A|min_voltage_limit_in_V|nominal_capacity_in_Ah|reference,
MATR,MATR_b1c37.pkl,MATR_b1c37,646,1.1,0,1,2.0,3.5,-1,12026,92,1,Qdlin|charge_capacity_in_Ah|current_in_A|cycle_number|discharge_capacity_in_Ah|internal_resistance_in_ohm|temperature_in_C|time_in_s|voltage_in_V,SOC_interval|already_spent_cycles|anode_material|cathode_material|cell_id|charge_protocol|cycle_data|depth_of_charge|depth_of_discharge|description|discharge_protocol|electrolyte_material|form_factor|max_current_limit_in_A|max_voltage_limit_in_V|min_current_limit_in_A|min_voltage_limit_in_V|nominal_capacity_in_Ah|reference,
MATR,MATR_b3c21.pkl,MATR_b3c21,770,1.1,0,1,2.0,3.5,-1,10622,64,1,Qdlin|charge_capacity_in_Ah|current_in_A|cycle_number|discharge_capacity_in_Ah|internal_resistance_in_ohm|temperature_in_C|time_in_s|voltage_in_V,SOC_interval|already_spent_cycles|anode_material|cathode_material|cell_id|charge_protocol|cycle_data|depth_of_charge|depth_of_discharge|description|discharge_protocol|electrolyte_material|form_factor|max_current_limit_in_A|max_voltage_limit_in_V|min_current_limit_in_A|min_voltage_limit_in_V|nominal_capacity_in_Ah|reference,
Tongji,Tongji1_CY45-05_1--1.pkl,Tongji1_CY45-05_1--1,711,3.5,0,1,2.65,4.2,-1,11816,0,1,charge_capacity_in_Ah|current_in_A|cycle_number|discharge_capacity_in_Ah|internal_resistance_in_ohm|temperature_in_C|time_in_s|voltage_in_V,SOC_interval|already_spent_cycles|anode_material|cathode_material|cell_id|charge_protocol|cycle_data|depth_of_charge|depth_of_discharge|description|discharge_protocol|electrolyte_material|form_factor|max_current_limit_in_A|max_voltage_limit_in_V|min_current_limit_in_A|min_voltage_limit_in_V|nominal_capacity_in_Ah|reference,
MICH_EXP,MICH_11C_pouch_NMC_-5C_0-100_0.2-1.5C.pkl,MICH_11C_pouch_NMC_-5C_0-100_0.2-1.5C,540,5.0,0,1,3,4.2,-1,6208,0,1,charge_capacity_in_Ah|current_in_A|cycle_number|discharge_capacity_in_Ah|internal_resistance_in_ohm|temperature_in_C|time_in_s|voltage_in_V,SOC_interval|already_spent_cycles|anode_material|cathode_material|cell_id|charge_protocol|cycle_data|depth_of_charge|depth_of_discharge|description|discharge_protocol|electrolyte_material|form_factor|max_current_limit_in_A|max_voltage_limit_in_V|min_current_limit_in_A|min_voltage_limit_in_V|nominal_capacity_in_Ah|reference,
HUST,HUST_2-8.pkl,HUST_2-8,1481,1.1,0,1,2.0,3.6,-1,12811,0,1,charge_capacity_in_Ah|current_in_A|cycle_number|discharge_capacity_in_Ah|internal_resistance_in_ohm|temperature_in_C|time_in_s|voltage_in_V,SOC_interval|already_spent_cycles|anode_material|cathode_material|cell_id|charge_protocol|cycle_data|depth_of_charge|depth_of_discharge|description|discharge_protocol|electrolyte_material|form_factor|max_current_limit_in_A|max_voltage_limit_in_V|min_current_limit_in_A|min_voltage_limit_in_V|nominal_capacity_in_Ah|reference,
MATR,MATR_b3c29.pkl,MATR_b3c29,856,1.1,0,1,2.0,3.5,-1,11363,27,1,Qdlin|charge_capacity_in_Ah|current_in_A|cycle_number|discharge_capacity_in_Ah|internal_resistance_in_ohm|temperature_in_C|time_in_s|voltage_in_V,SOC_interval|already_spent_cycles|anode_material|cathode_material|cell_id|charge_protocol|cycle_data|depth_of_charge|depth_of_discharge|description|discharge_protocol|electrolyte_material|form_factor|max_current_limit_in_A|max_voltage_limit_in_V|min_current_limit_in_A|min_voltage_limit_in_V|nominal_capacity_in_Ah|reference,
Tongji,Tongji1_CY45-05_1--14.pkl,Tongji1_CY45-05_1--14,727,3.5,0,1,2.65,4.2,-1,11521,0,1,charge_capacity_in_Ah|current_in_A|cycle_number|discharge_capacity_in_Ah|internal_resistance_in_ohm|temperature_in_C|time_in_s|voltage_in_V,SOC_interval|already_spent_cycles|anode_material|cathode_material|cell_id|charge_protocol|cycle_data|depth_of_charge|depth_of_discharge|description|discharge_protocol|electrolyte_material|form_factor|max_current_limit_in_A|max_voltage_limit_in_V|min_current_limit_in_A|min_voltage_limit_in_V|nominal_capacity_in_Ah|reference,
HUST,HUST_8-5.pkl,HUST_8-5,1348,1.1,0,1,2.0,3.6,-1,14848,0,1,charge_capacity_in_Ah|current_in_A|cycle_number|discharge_capacity_in_Ah|internal_resistance_in_ohm|temperature_in_C|time_in_s|voltage_in_V,SOC_interval|already_spent_cycles|anode_material|cathode_material|cell_id|charge_protocol|cycle_data|depth_of_charge|depth_of_discharge|description|discharge_protocol|electrolyte_material|form_factor|max_current_limit_in_A|max_voltage_limit_in_V|min_current_limit_in_A|min_voltage_limit_in_V|nominal_capacity_in_Ah|reference,
MATR,MATR_b3c14.pkl,MATR_b3c14,856,1.1,0,1,2.0,3.5,-1,11703,32,1,Qdlin|charge_capacity_in_Ah|current_in_A|cycle_number|discharge_capacity_in_Ah|internal_resistance_in_ohm|temperature_in_C|time_in_s|voltage_in_V,SOC_interval|already_spent_cycles|anode_material|cathode_material|cell_id|charge_protocol|cycle_data|depth_of_charge|depth_of_discharge|description|discharge_protocol|electrolyte_material|form_factor|max_current_limit_in_A|max_voltage_limit_in_V|min_current_limit_in_A|min_voltage_limit_in_V|nominal_capacity_in_Ah|reference,
MATR,MATR_b2c40.pkl,MATR_b2c40,529,1.1,0,1,2.0,3.5,-1,12146,26,1,Qdlin|charge_capacity_in_Ah|current_in_A|cycle_number|discharge_capacity_in_Ah|internal_resistance_in_ohm|temperature_in_C|time_in_s|voltage_in_V,SOC_interval|already_spent_cycles|anode_material|cathode_material|cell_id|charge_protocol|cycle_data|depth_of_charge|depth_of_discharge|description|discharge_protocol|electrolyte_material|form_factor|max_current_limit_in_A|max_voltage_limit_in_V|min_current_limit_in_A|min_voltage_limit_in_V|nominal_capacity_in_Ah|reference,
MATR,MATR_b4c32.pkl,MATR_b4c32,839,1.1,0,1,2.0,3.5,-1,11879,42,1,Qdlin|charge_capacity_in_Ah|current_in_A|cycle_number|discharge_capacity_in_Ah|internal_resistance_in_ohm|temperature_in_C|time_in_s|voltage_in_V,SOC_interval|already_spent_cycles|anode_material|cathode_material|cell_id|charge_protocol|cycle_data|depth_of_charge|depth_of_discharge|description|discharge_protocol|electrolyte_material|form_factor|max_current_limit_in_A|max_voltage_limit_in_V|min_current_limit_in_A|min_voltage_limit_in_V|nominal_capacity_in_Ah|reference,
HUST,HUST_10-1.pkl,HUST_10-1,1702,1.1,0,1,2.0,3.6,-1,10043,0,1,charge_capacity_in_Ah|current_in_A|cycle_number|discharge_capacity_in_Ah|internal_resistance_in_ohm|temperature_in_C|time_in_s|voltage_in_V,SOC_interval|already_spent_cycles|anode_material|cathode_material|cell_id|charge_protocol|cycle_data|depth_of_charge|depth_of_discharge|description|discharge_protocol|electrolyte_material|form_factor|max_current_limit_in_A|max_voltage_limit_in_V|min_current_limit_in_A|min_voltage_limit_in_V|nominal_capacity_in_Ah|reference,
MATR,MATR_b2c18.pkl,MATR_b2c18,522,1.1,0,1,2.0,3.5,-1,11775,58,1,Qdlin|charge_capacity_in_Ah|current_in_A|cycle_number|discharge_capacity_in_Ah|internal_resistance_in_ohm|temperature_in_C|time_in_s|voltage_in_V,SOC_interval|already_spent_cycles|anode_material|cathode_material|cell_id|charge_protocol|cycle_data|depth_of_charge|depth_of_discharge|description|discharge_protocol|electrolyte_material|form_factor|max_current_limit_in_A|max_voltage_limit_in_V|min_current_limit_in_A|min_voltage_limit_in_V|nominal_capacity_in_Ah|reference,
HUST,HUST_9-6.pkl,HUST_9-6,1742,1.1,0,1,2.0,3.6,-1,9735,0,1,charge_capacity_in_Ah|current_in_A|cycle_number|discharge_capacity_in_Ah|internal_resistance_in_ohm|temperature_in_C|time_in_s|voltage_in_V,SOC_interval|already_spent_cycles|anode_material|cathode_material|cell_id|charge_protocol|cycle_data|depth_of_charge|depth_of_discharge|description|discharge_protocol|electrolyte_material|form_factor|max_current_limit_in_A|max_voltage_limit_in_V|min_current_limit_in_A|min_voltage_limit_in_V|nominal_capacity_in_Ah|reference,
Tongji,Tongji1_CY45-05_1--25.pkl,Tongji1_CY45-05_1--25,738,3.5,0,1,2.65,4.2,-1,11443,0,1,charge_capacity_in_Ah|current_in_A|cycle_number|discharge_capacity_in_Ah|internal_resistance_in_ohm|temperature_in_C|time_in_s|voltage_in_V,SOC_interval|already_spent_cycles|anode_material|cathode_material|cell_id|charge_protocol|cycle_data|depth_of_charge|depth_of_discharge|description|discharge_protocol|electrolyte_material|form_factor|max_current_limit_in_A|max_voltage_limit_in_V|min_current_limit_in_A|min_voltage_limit_in_V|nominal_capacity_in_Ah|reference,
MATR,MATR_b4c14.pkl,MATR_b4c14,767,1.1,0,1,2.0,3.5,-1,12131,37,1,Qdlin|charge_capacity_in_Ah|current_in_A|cycle_number|discharge_capacity_in_Ah|internal_resistance_in_ohm|temperature_in_C|time_in_s|voltage_in_V,SOC_interval|already_spent_cycles|anode_material|cathode_material|cell_id|charge_protocol|cycle_data|depth_of_charge|depth_of_discharge|description|discharge_protocol|electrolyte_material|form_factor|max_current_limit_in_A|max_voltage_limit_in_V|min_current_limit_in_A|min_voltage_limit_in_V|nominal_capacity_in_Ah|reference,
HUST,HUST_7-6.pkl,HUST_7-6,1419,1.1,0,1,2.0,3.6,-1,14378,0,1,charge_capacity_in_Ah|current_in_A|cycle_number|discharge_capacity_in_Ah|internal_resistance_in_ohm|temperature_in_C|time_in_s|voltage_in_V,SOC_interval|already_spent_cycles|anode_material|cathode_material|cell_id|charge_protocol|cycle_data|depth_of_charge|depth_of_discharge|description|discharge_protocol|electrolyte_material|form_factor|max_current_limit_in_A|max_voltage_limit_in_V|min_current_limit_in_A|min_voltage_limit_in_V|nominal_capacity_in_Ah|reference,
HUST,HUST_1-4.pkl,HUST_1-4,1500,1.1,0,1,2.0,3.6,-1,12897,0,1,charge_capacity_in_Ah|current_in_A|cycle_number|discharge_capacity_in_Ah|internal_resistance_in_ohm|temperature_in_C|time_in_s|voltage_in_V,SOC_interval|already_spent_cycles|anode_material|cathode_material|cell_id|charge_protocol|cycle_data|depth_of_charge|depth_of_discharge|description|discharge_protocol|electrolyte_material|form_factor|max_current_limit_in_A|max_voltage_limit_in_V|min_current_limit_in_A|min_voltage_limit_in_V|nominal_capacity_in_Ah|reference,
MATR,MATR_b2c36.pkl,MATR_b2c36,559,1.1,0,1,2.0,3.5,-1,12464,56,1,Qdlin|charge_capacity_in_Ah|current_in_A|cycle_number|discharge_capacity_in_Ah|internal_resistance_in_ohm|temperature_in_C|time_in_s|voltage_in_V,SOC_interval|already_spent_cycles|anode_material|cathode_material|cell_id|charge_protocol|cycle_data|depth_of_charge|depth_of_discharge|description|discharge_protocol|electrolyte_material|form_factor|max_current_limit_in_A|max_voltage_limit_in_V|min_current_limit_in_A|min_voltage_limit_in_V|nominal_capacity_in_Ah|reference,
MATR,MATR_b3c15.pkl,MATR_b3c15,874,1.1,0,1,2.0,3.5,-1,11784,45,1,Qdlin|charge_capacity_in_Ah|current_in_A|cycle_number|discharge_capacity_in_Ah|internal_resistance_in_ohm|temperature_in_C|time_in_s|voltage_in_V,SOC_interval|already_spent_cycles|anode_material|cathode_material|cell_id|charge_protocol|cycle_data|depth_of_charge|depth_of_discharge|description|discharge_protocol|electrolyte_material|form_factor|max_current_limit_in_A|max_voltage_limit_in_V|min_current_limit_in_A|min_voltage_limit_in_V|nominal_capacity_in_Ah|reference,
ISU_ILCC,ISU-ILCC_G35C2.pkl,ISU-ILCC_G35C2,431,0.25,0,1,3.0,4.2,-1,60990,0,1,charge_capacity_in_Ah|current_in_A|cycle_number|discharge_capacity_in_Ah|internal_resistance_in_ohm|temperature_in_C|time_in_s|voltage_in_V,SOC_interval|already_spent_cycles|anode_material|cathode_material|cell_id|charge_protocol|cycle_data|depth_of_charge|depth_of_discharge|description|discharge_protocol|electrolyte_material|form_factor|max_current_limit_in_A|max_voltage_limit_in_V|min_current_limit_in_A|min_voltage_limit_in_V|nominal_capacity_in_Ah|reference,
HUST,HUST_5-5.pkl,HUST_5-5,1583,1.1,0,1,2.0,3.6,-1,10965,0,1,charge_capacity_in_Ah|current_in_A|cycle_number|discharge_capacity_in_Ah|internal_resistance_in_ohm|temperature_in_C|time_in_s|voltage_in_V,SOC_interval|already_spent_cycles|anode_material|cathode_material|cell_id|charge_protocol|cycle_data|depth_of_charge|depth_of_discharge|description|discharge_protocol|electrolyte_material|form_factor|max_current_limit_in_A|max_voltage_limit_in_V|min_current_limit_in_A|min_voltage_limit_in_V|nominal_capacity_in_Ah|reference,
ISU_ILCC,ISU-ILCC_G20C1.pkl,ISU-ILCC_G20C1,377,0.25,0,1,3.0,4.2,-1,59752,0,1,charge_capacity_in_Ah|current_in_A|cycle_number|discharge_capacity_in_Ah|internal_resistance_in_ohm|temperature_in_C|time_in_s|voltage_in_V,SOC_interval|already_spent_cycles|anode_material|cathode_material|cell_id|charge_protocol|cycle_data|depth_of_charge|depth_of_discharge|description|discharge_protocol|electrolyte_material|form_factor|max_current_limit_in_A|max_voltage_limit_in_V|min_current_limit_in_A|min_voltage_limit_in_V|nominal_capacity_in_Ah|reference,
MATR,MATR_b3c36.pkl,MATR_b3c36,921,1.1,0,1,2.0,3.5,-1,10948,27,1,Qdlin|charge_capacity_in_Ah|current_in_A|cycle_number|discharge_capacity_in_Ah|internal_resistance_in_ohm|temperature_in_C|time_in_s|voltage_in_V,SOC_interval|already_spent_cycles|anode_material|cathode_material|cell_id|charge_protocol|cycle_data|depth_of_charge|depth_of_discharge|description|discharge_protocol|electrolyte_material|form_factor|max_current_limit_in_A|max_voltage_limit_in_V|min_current_limit_in_A|min_voltage_limit_in_V|nominal_capacity_in_Ah|reference,
HUST,HUST_10-3.pkl,HUST_10-3,1848,1.1,0,1,2.0,3.6,-1,9208,0,1,charge_capacity_in_Ah|current_in_A|cycle_number|discharge_capacity_in_Ah|internal_resistance_in_ohm|temperature_in_C|time_in_s|voltage_in_V,SOC_interval|already_spent_cycles|anode_material|cathode_material|cell_id|charge_protocol|cycle_data|depth_of_charge|depth_of_discharge|description|discharge_protocol|electrolyte_material|form_factor|max_current_limit_in_A|max_voltage_limit_in_V|min_current_limit_in_A|min_voltage_limit_in_V|nominal_capacity_in_Ah|reference,
MATR,MATR_b2c13.pkl,MATR_b2c13,519,1.1,0,1,2.0,3.5,-1,12755,134,1,Qdlin|charge_capacity_in_Ah|current_in_A|cycle_number|discharge_capacity_in_Ah|internal_resistance_in_ohm|temperature_in_C|time_in_s|voltage_in_V,SOC_interval|already_spent_cycles|anode_material|cathode_material|cell_id|charge_protocol|cycle_data|depth_of_charge|depth_of_discharge|description|discharge_protocol|electrolyte_material|form_factor|max_current_limit_in_A|max_voltage_limit_in_V|min_current_limit_in_A|min_voltage_limit_in_V|nominal_capacity_in_Ah|reference,
HUST,HUST_4-4.pkl,HUST_4-4,1491,1.1,0,1,2.0,3.6,-1,13820,0,1,charge_capacity_in_Ah|current_in_A|cycle_number|discharge_capacity_in_Ah|internal_resistance_in_ohm|temperature_in_C|time_in_s|voltage_in_V,SOC_interval|already_spent_cycles|anode_material|cathode_material|cell_id|charge_protocol|cycle_data|depth_of_charge|depth_of_discharge|description|discharge_protocol|electrolyte_material|form_factor|max_current_limit_in_A|max_voltage_limit_in_V|min_current_limit_in_A|min_voltage_limit_in_V|nominal_capacity_in_Ah|reference,
HUST,HUST_8-8.pkl,HUST_8-8,1679,1.1,0,1,2.0,3.6,-1,10654,0,1,charge_capacity_in_Ah|current_in_A|cycle_number|discharge_capacity_in_Ah|internal_resistance_in_ohm|temperature_in_C|time_in_s|voltage_in_V,SOC_interval|already_spent_cycles|anode_material|cathode_material|cell_id|charge_protocol|cycle_data|depth_of_charge|depth_of_discharge|description|discharge_protocol|electrolyte_material|form_factor|max_current_limit_in_A|max_voltage_limit_in_V|min_current_limit_in_A|min_voltage_limit_in_V|nominal_capacity_in_Ah|reference,
MATR,MATR_b1c42.pkl,MATR_b1c42,700,1.1,0,1,2.0,3.5,-1,12240,69,1,Qdlin|charge_capacity_in_Ah|current_in_A|cycle_number|discharge_capacity_in_Ah|internal_resistance_in_ohm|temperature_in_C|time_in_s|voltage_in_V,SOC_interval|already_spent_cycles|anode_material|cathode_material|cell_id|charge_protocol|cycle_data|depth_of_charge|depth_of_discharge|description|discharge_protocol|electrolyte_material|form_factor|max_current_limit_in_A|max_voltage_limit_in_V|min_current_limit_in_A|min_voltage_limit_in_V|nominal_capacity_in_Ah|reference,
MATR,MATR_b2c23.pkl,MATR_b2c23,561,1.1,0,1,2.0,3.5,-1,11813,16,1,Qdlin|charge_capacity_in_Ah|current_in_A|cycle_number|discharge_capacity_in_Ah|internal_resistance_in_ohm|temperature_in_C|time_in_s|voltage_in_V,SOC_interval|already_spent_cycles|anode_material|cathode_material|cell_id|charge_protocol|cycle_data|depth_of_charge|depth_of_discharge|description|discharge_protocol|electrolyte_material|form_factor|max_current_limit_in_A|max_voltage_limit_in_V|min_current_limit_in_A|min_voltage_limit_in_V|nominal_capacity_in_Ah|reference,
MATR,MATR_b4c28.pkl,MATR_b4c28,882,1.1,0,1,2.0,3.5,-1,11638,25,1,Qdlin|charge_capacity_in_Ah|current_in_A|cycle_number|discharge_capacity_in_Ah|internal_resistance_in_ohm|temperature_in_C|time_in_s|voltage_in_V,SOC_interval|already_spent_cycles|anode_material|cathode_material|cell_id|charge_protocol|cycle_data|depth_of_charge|depth_of_discharge|description|discharge_protocol|electrolyte_material|form_factor|max_current_limit_in_A|max_voltage_limit_in_V|min_current_limit_in_A|min_voltage_limit_in_V|nominal_capacity_in_Ah|reference,
MATR,MATR_b3c30.pkl,MATR_b3c30,933,1.1,0,1,2.0,3.5,-1,11452,33,1,Qdlin|charge_capacity_in_Ah|current_in_A|cycle_number|discharge_capacity_in_Ah|internal_resistance_in_ohm|temperature_in_C|time_in_s|voltage_in_V,SOC_interval|already_spent_cycles|anode_material|cathode_material|cell_id|charge_protocol|cycle_data|depth_of_charge|depth_of_discharge|description|discharge_protocol|electrolyte_material|form_factor|max_current_limit_in_A|max_voltage_limit_in_V|min_current_limit_in_A|min_voltage_limit_in_V|nominal_capacity_in_Ah|reference,
HUST,HUST_10-8.pkl,HUST_10-8,1400,1.1,0,1,2.0,3.6,-1,15566,0,1,charge_capacity_in_Ah|current_in_A|cycle_number|discharge_capacity_in_Ah|internal_resistance_in_ohm|temperature_in_C|time_in_s|voltage_in_V,SOC_interval|already_spent_cycles|anode_material|cathode_material|cell_id|charge_protocol|cycle_data|depth_of_charge|depth_of_discharge|description|discharge_protocol|electrolyte_material|form_factor|max_current_limit_in_A|max_voltage_limit_in_V|min_current_limit_in_A|min_voltage_limit_in_V|nominal_capacity_in_Ah|reference,
XJTU,XJTU_3C_battery-11.pkl,XJTU_3C_battery-11,130,2.0,0,1,2.5,4.2,-1,80792,0,1,charge_capacity_in_Ah|current_in_A|cycle_number|discharge_capacity_in_Ah|internal_resistance_in_ohm|temperature_in_C|time_in_s|voltage_in_V,SOC_interval|already_spent_cycles|anode_material|cathode_material|cell_id|charge_protocol|cycle_data|depth_of_charge|depth_of_discharge|description|discharge_protocol|electrolyte_material|form_factor|max_current_limit_in_A|max_voltage_limit_in_V|min_current_limit_in_A|min_voltage_limit_in_V|nominal_capacity_in_Ah|reference,
MATR,MATR_b4c17.pkl,MATR_b4c17,930,1.1,0,1,2.0,3.5,-1,10684,51,1,Qdlin|charge_capacity_in_Ah|current_in_A|cycle_number|discharge_capacity_in_Ah|internal_resistance_in_ohm|temperature_in_C|time_in_s|voltage_in_V,SOC_interval|already_spent_cycles|anode_material|cathode_material|cell_id|charge_protocol|cycle_data|depth_of_charge|depth_of_discharge|description|discharge_protocol|electrolyte_material|form_factor|max_current_limit_in_A|max_voltage_limit_in_V|min_current_limit_in_A|min_voltage_limit_in_V|nominal_capacity_in_Ah|reference,
MATR,MATR_b4c13.pkl,MATR_b4c13,869,1.1,0,1,2.0,3.5,-1,12063,61,1,Qdlin|charge_capacity_in_Ah|current_in_A|cycle_number|discharge_capacity_in_Ah|internal_resistance_in_ohm|temperature_in_C|time_in_s|voltage_in_V,SOC_interval|already_spent_cycles|anode_material|cathode_material|cell_id|charge_protocol|cycle_data|depth_of_charge|depth_of_discharge|description|discharge_protocol|electrolyte_material|form_factor|max_current_limit_in_A|max_voltage_limit_in_V|min_current_limit_in_A|min_voltage_limit_in_V|nominal_capacity_in_Ah|reference,
RWTH,RWTH_045.pkl,RWTH_045,1896,1.85,0.2,0.8,3.5,3.9,-1,11096,0,1,charge_capacity_in_Ah|current_in_A|cycle_number|discharge_capacity_in_Ah|internal_resistance_in_ohm|temperature_in_C|time_in_s|voltage_in_V,SOC_interval|already_spent_cycles|anode_material|cathode_material|cell_id|charge_protocol|cycle_data|depth_of_charge|depth_of_discharge|description|discharge_protocol|electrolyte_material|form_factor|max_current_limit_in_A|max_voltage_limit_in_V|min_current_limit_in_A|min_voltage_limit_in_V|nominal_capacity_in_Ah|reference,
HUST,HUST_7-4.pkl,HUST_7-4,1393,1.1,0,1,2.0,3.6,-1,15905,0,1,charge_capacity_in_Ah|current_in_A|cycle_number|discharge_capacity_in_Ah|internal_resistance_in_ohm|temperature_in_C|time_in_s|voltage_in_V,SOC_interval|already_spent_cycles|anode_material|cathode_material|cell_id|charge_protocol|cycle_data|depth_of_charge|depth_of_discharge|description|discharge_protocol|electrolyte_material|form_factor|max_current_limit_in_A|max_voltage_limit_in_V|min_current_limit_in_A|min_voltage_limit_in_V|nominal_capacity_in_Ah|reference,
MATR,MATR_b4c12.pkl,MATR_b4c12,898,1.1,0,1,2.0,3.5,-1,11534,82,1,Qdlin|charge_capacity_in_Ah|current_in_A|cycle_number|discharge_capacity_in_Ah|internal_resistance_in_ohm|temperature_in_C|time_in_s|voltage_in_V,SOC_interval|already_spent_cycles|anode_material|cathode_material|cell_id|charge_protocol|cycle_data|depth_of_charge|depth_of_discharge|description|discharge_protocol|electrolyte_material|form_factor|max_current_limit_in_A|max_voltage_limit_in_V|min_current_limit_in_A|min_voltage_limit_in_V|nominal_capacity_in_Ah|reference,
RWTH,RWTH_042.pkl,RWTH_042,1896,1.85,0.2,0.8,3.5,3.9,-1,11086,0,1,charge_capacity_in_Ah|current_in_A|cycle_number|discharge_capacity_in_Ah|internal_resistance_in_ohm|temperature_in_C|time_in_s|voltage_in_V,SOC_interval|already_spent_cycles|anode_material|cathode_material|cell_id|charge_protocol|cycle_data|depth_of_charge|depth_of_discharge|description|discharge_protocol|electrolyte_material|form_factor|max_current_limit_in_A|max_voltage_limit_in_V|min_current_limit_in_A|min_voltage_limit_in_V|nominal_capacity_in_Ah|reference,
RWTH,RWTH_043.pkl,RWTH_043,1895,1.85,0.2,0.8,3.5,3.9,-1,11147,0,1,charge_capacity_in_Ah|current_in_A|cycle_number|discharge_capacity_in_Ah|internal_resistance_in_ohm|temperature_in_C|time_in_s|voltage_in_V,SOC_interval|already_spent_cycles|anode_material|cathode_material|cell_id|charge_protocol|cycle_data|depth_of_charge|depth_of_discharge|description|discharge_protocol|electrolyte_material|form_factor|max_current_limit_in_A|max_voltage_limit_in_V|min_current_limit_in_A|min_voltage_limit_in_V|nominal_capacity_in_Ah|reference,
MATR,MATR_b1c35.pkl,MATR_b1c35,701,1.1,0,1,2.0,3.5,-1,12395,108,1,Qdlin|charge_capacity_in_Ah|current_in_A|cycle_number|discharge_capacity_in_Ah|internal_resistance_in_ohm|temperature_in_C|time_in_s|voltage_in_V,SOC_interval|already_spent_cycles|anode_material|cathode_material|cell_id|charge_protocol|cycle_data|depth_of_charge|depth_of_discharge|description|discharge_protocol|electrolyte_material|form_factor|max_current_limit_in_A|max_voltage_limit_in_V|min_current_limit_in_A|min_voltage_limit_in_V|nominal_capacity_in_Ah|reference,
MATR,MATR_b1c30.pkl,MATR_b1c30,707,1.1,0,1,2.0,3.5,-1,12298,92,1,Qdlin|charge_capacity_in_Ah|current_in_A|cycle_number|discharge_capacity_in_Ah|internal_resistance_in_ohm|temperature_in_C|time_in_s|voltage_in_V,SOC_interval|already_spent_cycles|anode_material|cathode_material|cell_id|charge_protocol|cycle_data|depth_of_charge|depth_of_discharge|description|discharge_protocol|electrolyte_material|form_factor|max_current_limit_in_A|max_voltage_limit_in_V|min_current_limit_in_A|min_voltage_limit_in_V|nominal_capacity_in_Ah|reference,
MATR,MATR_b4c1.pkl,MATR_b4c1,861,1.1,0,1,2.0,3.5,-1,10929,42,1,Qdlin|charge_capacity_in_Ah|current_in_A|cycle_number|discharge_capacity_in_Ah|internal_resistance_in_ohm|temperature_in_C|time_in_s|voltage_in_V,SOC_interval|already_spent_cycles|anode_material|cathode_material|cell_id|charge_protocol|cycle_data|depth_of_charge|depth_of_discharge|description|discharge_protocol|electrolyte_material|form_factor|max_current_limit_in_A|max_voltage_limit_in_V|min_current_limit_in_A|min_voltage_limit_in_V|nominal_capacity_in_Ah|reference,
HUST,HUST_6-3.pkl,HUST_6-3,1804,1.1,0,1,2.0,3.6,-1,9538,0,1,charge_capacity_in_Ah|current_in_A|cycle_number|discharge_capacity_in_Ah|internal_resistance_in_ohm|temperature_in_C|time_in_s|voltage_in_V,SOC_interval|already_spent_cycles|anode_material|cathode_material|cell_id|charge_protocol|cycle_data|depth_of_charge|depth_of_discharge|description|discharge_protocol|electrolyte_material|form_factor|max_current_limit_in_A|max_voltage_limit_in_V|min_current_limit_in_A|min_voltage_limit_in_V|nominal_capacity_in_Ah|reference,
RWTH,RWTH_044.pkl,RWTH_044,1894,1.85,0.2,0.8,3.5,3.9,-1,11157,0,1,charge_capacity_in_Ah|current_in_A|cycle_number|discharge_capacity_in_Ah|internal_resistance_in_ohm|temperature_in_C|time_in_s|voltage_in_V,SOC_interval|already_spent_cycles|anode_material|cathode_material|cell_id|charge_protocol|cycle_data|depth_of_charge|depth_of_discharge|description|discharge_protocol|electrolyte_material|form_factor|max_current_limit_in_A|max_voltage_limit_in_V|min_current_limit_in_A|min_voltage_limit_in_V|nominal_capacity_in_Ah|reference,
MATR,MATR_b3c44.pkl,MATR_b3c44,938,1.1,0,1,2.0,3.5,-1,11603,12,1,Qdlin|charge_capacity_in_Ah|current_in_A|cycle_number|discharge_capacity_in_Ah|internal_resistance_in_ohm|temperature_in_C|time_in_s|voltage_in_V,SOC_interval|already_spent_cycles|anode_material|cathode_material|cell_id|charge_protocol|cycle_data|depth_of_charge|depth_of_discharge|description|discharge_protocol|electrolyte_material|form_factor|max_current_limit_in_A|max_voltage_limit_in_V|min_current_limit_in_A|min_voltage_limit_in_V|nominal_capacity_in_Ah|reference,
MATR,MATR_b1c36.pkl,MATR_b1c36,702,1.1,0,1,2.0,3.5,-1,12260,53,1,Qdlin|charge_capacity_in_Ah|current_in_A|cycle_number|discharge_capacity_in_Ah|internal_resistance_in_ohm|temperature_in_C|time_in_s|voltage_in_V,SOC_interval|already_spent_cycles|anode_material|cathode_material|cell_id|charge_protocol|cycle_data|depth_of_charge|depth_of_discharge|description|discharge_protocol|electrolyte_material|form_factor|max_current_limit_in_A|max_voltage_limit_in_V|min_current_limit_in_A|min_voltage_limit_in_V|nominal_capacity_in_Ah|reference,
MATR,MATR_b1c15.pkl,MATR_b1c15,717,1.1,0,1,2.0,3.5,-1,12636,96,1,Qdlin|charge_capacity_in_Ah|current_in_A|cycle_number|discharge_capacity_in_Ah|internal_resistance_in_ohm|temperature_in_C|time_in_s|voltage_in_V,SOC_interval|already_spent_cycles|anode_material|cathode_material|cell_id|charge_protocol|cycle_data|depth_of_charge|depth_of_discharge|description|discharge_protocol|electrolyte_material|form_factor|max_current_limit_in_A|max_voltage_limit_in_V|min_current_limit_in_A|min_voltage_limit_in_V|nominal_capacity_in_Ah|reference,
HUST,HUST_7-2.pkl,HUST_7-2,2030,1.1,0,1,2.0,3.6,-1,8443,0,1,charge_capacity_in_Ah|current_in_A|cycle_number|discharge_capacity_in_Ah|internal_resistance_in_ohm|temperature_in_C|time_in_s|voltage_in_V,SOC_interval|already_spent_cycles|anode_material|cathode_material|cell_id|charge_protocol|cycle_data|depth_of_charge|depth_of_discharge|description|discharge_protocol|electrolyte_material|form_factor|max_current_limit_in_A|max_voltage_limit_in_V|min_current_limit_in_A|min_voltage_limit_in_V|nominal_capacity_in_Ah|reference,
MATR,MATR_b3c12.pkl,MATR_b3c12,930,1.1,0,1,2.0,3.5,-1,11738,65,1,Qdlin|charge_capacity_in_Ah|current_in_A|cycle_number|discharge_capacity_in_Ah|internal_resistance_in_ohm|temperature_in_C|time_in_s|voltage_in_V,SOC_interval|already_spent_cycles|anode_material|cathode_material|cell_id|charge_protocol|cycle_data|depth_of_charge|depth_of_discharge|description|discharge_protocol|electrolyte_material|form_factor|max_current_limit_in_A|max_voltage_limit_in_V|min_current_limit_in_A|min_voltage_limit_in_V|nominal_capacity_in_Ah|reference,
HUST,HUST_4-5.pkl,HUST_4-5,1561,1.1,0,1,2.0,3.6,-1,13438,0,1,charge_capacity_in_Ah|current_in_A|cycle_number|discharge_capacity_in_Ah|internal_resistance_in_ohm|temperature_in_C|time_in_s|voltage_in_V,SOC_interval|already_spent_cycles|anode_material|cathode_material|cell_id|charge_protocol|cycle_data|depth_of_charge|depth_of_discharge|description|discharge_protocol|electrolyte_material|form_factor|max_current_limit_in_A|max_voltage_limit_in_V|min_current_limit_in_A|min_voltage_limit_in_V|nominal_capacity_in_Ah|reference,
MATR,MATR_b2c10.pkl,MATR_b2c10,595,1.1,0,1,2.0,3.5,-1,12122,81,1,Qdlin|charge_capacity_in_Ah|current_in_A|cycle_number|discharge_capacity_in_Ah|internal_resistance_in_ohm|temperature_in_C|time_in_s|voltage_in_V,SOC_interval|already_spent_cycles|anode_material|cathode_material|cell_id|charge_protocol|cycle_data|depth_of_charge|depth_of_discharge|description|discharge_protocol|electrolyte_material|form_factor|max_current_limit_in_A|max_voltage_limit_in_V|min_current_limit_in_A|min_voltage_limit_in_V|nominal_capacity_in_Ah|reference,
HUST,HUST_1-7.pkl,HUST_1-7,1678,1.1,0,1,2.0,3.6,-1,11410,0,1,charge_capacity_in_Ah|current_in_A|cycle_number|discharge_capacity_in_Ah|internal_resistance_in_ohm|temperature_in_C|time_in_s|voltage_in_V,SOC_interval|already_spent_cycles|anode_material|cathode_material|cell_id|charge_protocol|cycle_data|depth_of_charge|depth_of_discharge|description|discharge_protocol|electrolyte_material|form_factor|max_current_limit_in_A|max_voltage_limit_in_V|min_current_limit_in_A|min_voltage_limit_in_V|nominal_capacity_in_Ah|reference,
MATR,MATR_b1c32.pkl,MATR_b1c32,729,1.1,0,1,2.0,3.5,-1,11963,129,1,Qdlin|charge_capacity_in_Ah|current_in_A|cycle_number|discharge_capacity_in_Ah|internal_resistance_in_ohm|temperature_in_C|time_in_s|voltage_in_V,SOC_interval|already_spent_cycles|anode_material|cathode_material|cell_id|charge_protocol|cycle_data|depth_of_charge|depth_of_discharge|description|discharge_protocol|electrolyte_material|form_factor|max_current_limit_in_A|max_voltage_limit_in_V|min_current_limit_in_A|min_voltage_limit_in_V|nominal_capacity_in_Ah|reference,
HUST,HUST_7-3.pkl,HUST_7-3,1295,1.1,0,1,2.0,3.6,-1,18799,0,1,charge_capacity_in_Ah|current_in_A|cycle_number|discharge_capacity_in_Ah|internal_resistance_in_ohm|temperature_in_C|time_in_s|voltage_in_V,SOC_interval|already_spent_cycles|anode_material|cathode_material|cell_id|charge_protocol|cycle_data|depth_of_charge|depth_of_discharge|description|discharge_protocol|electrolyte_material|form_factor|max_current_limit_in_A|max_voltage_limit_in_V|min_current_limit_in_A|min_voltage_limit_in_V|nominal_capacity_in_Ah|reference,
RWTH,RWTH_041.pkl,RWTH_041,1944,1.85,0.2,0.8,3.5,3.9,-1,11086,0,1,charge_capacity_in_Ah|current_in_A|cycle_number|discharge_capacity_in_Ah|internal_resistance_in_ohm|temperature_in_C|time_in_s|voltage_in_V,SOC_interval|already_spent_cycles|anode_material|cathode_material|cell_id|charge_protocol|cycle_data|depth_of_charge|depth_of_discharge|description|discharge_protocol|electrolyte_material|form_factor|max_current_limit_in_A|max_voltage_limit_in_V|min_current_limit_in_A|min_voltage_limit_in_V|nominal_capacity_in_Ah|reference,
RWTH,RWTH_040.pkl,RWTH_040,1944,1.85,0.2,0.8,3.5,3.9,-1,11097,0,1,charge_capacity_in_Ah|current_in_A|cycle_number|discharge_capacity_in_Ah|internal_resistance_in_ohm|temperature_in_C|time_in_s|voltage_in_V,SOC_interval|already_spent_cycles|anode_material|cathode_material|cell_id|charge_protocol|cycle_data|depth_of_charge|depth_of_discharge|description|discharge_protocol|electrolyte_material|form_factor|max_current_limit_in_A|max_voltage_limit_in_V|min_current_limit_in_A|min_voltage_limit_in_V|nominal_capacity_in_Ah|reference,
Tongji,Tongji1_CY45-05_1--12.pkl,Tongji1_CY45-05_1--12,799,3.5,0,1,2.65,4.2,-1,12095,0,1,charge_capacity_in_Ah|current_in_A|cycle_number|discharge_capacity_in_Ah|internal_resistance_in_ohm|temperature_in_C|time_in_s|voltage_in_V,SOC_interval|already_spent_cycles|anode_material|cathode_material|cell_id|charge_protocol|cycle_data|depth_of_charge|depth_of_discharge|description|discharge_protocol|electrolyte_material|form_factor|max_current_limit_in_A|max_voltage_limit_in_V|min_current_limit_in_A|min_voltage_limit_in_V|nominal_capacity_in_Ah|reference,
MATR,MATR_b4c21.pkl,MATR_b4c21,903,1.1,0,1,2.0,3.5,-1,11881,26,1,Qdlin|charge_capacity_in_Ah|current_in_A|cycle_number|discharge_capacity_in_Ah|internal_resistance_in_ohm|temperature_in_C|time_in_s|voltage_in_V,SOC_interval|already_spent_cycles|anode_material|cathode_material|cell_id|charge_protocol|cycle_data|depth_of_charge|depth_of_discharge|description|discharge_protocol|electrolyte_material|form_factor|max_current_limit_in_A|max_voltage_limit_in_V|min_current_limit_in_A|min_voltage_limit_in_V|nominal_capacity_in_Ah|reference,
RWTH,RWTH_039.pkl,RWTH_039,1948,1.85,0.2,0.8,3.5,3.9,-1,11108,0,1,charge_capacity_in_Ah|current_in_A|cycle_number|discharge_capacity_in_Ah|internal_resistance_in_ohm|temperature_in_C|time_in_s|voltage_in_V,SOC_interval|already_spent_cycles|anode_material|cathode_material|cell_id|charge_protocol|cycle_data|depth_of_charge|depth_of_discharge|description|discharge_protocol|electrolyte_material|form_factor|max_current_limit_in_A|max_voltage_limit_in_V|min_current_limit_in_A|min_voltage_limit_in_V|nominal_capacity_in_Ah|reference,
MATR,MATR_b3c22.pkl,MATR_b3c22,1000,1.1,0,1,2.0,3.5,-1,10656,86,1,Qdlin|charge_capacity_in_Ah|current_in_A|cycle_number|discharge_capacity_in_Ah|internal_resistance_in_ohm|temperature_in_C|time_in_s|voltage_in_V,SOC_interval|already_spent_cycles|anode_material|cathode_material|cell_id|charge_protocol|cycle_data|depth_of_charge|depth_of_discharge|description|discharge_protocol|electrolyte_material|form_factor|max_current_limit_in_A|max_voltage_limit_in_V|min_current_limit_in_A|min_voltage_limit_in_V|nominal_capacity_in_Ah|reference,
MATR,MATR_b4c11.pkl,MATR_b4c11,930,1.1,0,1,2.0,3.5,-1,11466,69,1,Qdlin|charge_capacity_in_Ah|current_in_A|cycle_number|discharge_capacity_in_Ah|internal_resistance_in_ohm|temperature_in_C|time_in_s|voltage_in_V,SOC_interval|already_spent_cycles|anode_material|cathode_material|cell_id|charge_protocol|cycle_data|depth_of_charge|depth_of_discharge|description|discharge_protocol|electrolyte_material|form_factor|max_current_limit_in_A|max_voltage_limit_in_V|min_current_limit_in_A|min_voltage_limit_in_V|nominal_capacity_in_Ah|reference,
MATR,MATR_b4c3.pkl,MATR_b4c3,911,1.1,0,1,2.0,3.5,-1,11238,17,1,Qdlin|charge_capacity_in_Ah|current_in_A|cycle_number|discharge_capacity_in_Ah|internal_resistance_in_ohm|temperature_in_C|time_in_s|voltage_in_V,SOC_interval|already_spent_cycles|anode_material|cathode_material|cell_id|charge_protocol|cycle_data|depth_of_charge|depth_of_discharge|description|discharge_protocol|electrolyte_material|form_factor|max_current_limit_in_A|max_voltage_limit_in_V|min_current_limit_in_A|min_voltage_limit_in_V|nominal_capacity_in_Ah|reference,
RWTH,RWTH_038.pkl,RWTH_038,1964,1.85,0.2,0.8,3.5,3.9,-1,11131,0,1,charge_capacity_in_Ah|current_in_A|cycle_number|discharge_capacity_in_Ah|internal_resistance_in_ohm|temperature_in_C|time_in_s|voltage_in_V,SOC_interval|already_spent_cycles|anode_material|cathode_material|cell_id|charge_protocol|cycle_data|depth_of_charge|depth_of_discharge|description|discharge_protocol|electrolyte_material|form_factor|max_current_limit_in_A|max_voltage_limit_in_V|min_current_limit_in_A|min_voltage_limit_in_V|nominal_capacity_in_Ah|reference,
MATR,MATR_b3c25.pkl,MATR_b3c25,987,1.1,0,1,2.0,3.5,-1,11611,62,1,Qdlin|charge_capacity_in_Ah|current_in_A|cycle_number|discharge_capacity_in_Ah|internal_resistance_in_ohm|temperature_in_C|time_in_s|voltage_in_V,SOC_interval|already_spent_cycles|anode_material|cathode_material|cell_id|charge_protocol|cycle_data|depth_of_charge|depth_of_discharge|description|discharge_protocol|electrolyte_material|form_factor|max_current_limit_in_A|max_voltage_limit_in_V|min_current_limit_in_A|min_voltage_limit_in_V|nominal_capacity_in_Ah|reference,
HUST,HUST_4-1.pkl,HUST_4-1,2217,1.1,0,1,2.0,3.6,-1,7610,0,1,charge_capacity_in_Ah|current_in_A|cycle_number|discharge_capacity_in_Ah|internal_resistance_in_ohm|temperature_in_C|time_in_s|voltage_in_V,SOC_interval|already_spent_cycles|anode_material|cathode_material|cell_id|charge_protocol|cycle_data|depth_of_charge|depth_of_discharge|description|discharge_protocol|electrolyte_material|form_factor|max_current_limit_in_A|max_voltage_limit_in_V|min_current_limit_in_A|min_voltage_limit_in_V|nominal_capacity_in_Ah|reference,
MICH_EXP,MICH_14C_pouch_NMC_-5C_50-100_0.2-0.2C.pkl,MICH_14C_pouch_NMC_-5C_50-100_0.2-0.2C,452,5.0,0.5,1,3,4.2,-1,37800,0,1,charge_capacity_in_Ah|current_in_A|cycle_number|discharge_capacity_in_Ah|internal_resistance_in_ohm|temperature_in_C|time_in_s|voltage_in_V,SOC_interval|already_spent_cycles|anode_material|cathode_material|cell_id|charge_protocol|cycle_data|depth_of_charge|depth_of_discharge|description|discharge_protocol|electrolyte_material|form_factor|max_current_limit_in_A|max_voltage_limit_in_V|min_current_limit_in_A|min_voltage_limit_in_V|nominal_capacity_in_Ah|reference,
MATR,MATR_b1c34.pkl,MATR_b1c34,740,1.1,0,1,2.0,3.5,-1,12152,73,1,Qdlin|charge_capacity_in_Ah|current_in_A|cycle_number|discharge_capacity_in_Ah|internal_resistance_in_ohm|temperature_in_C|time_in_s|voltage_in_V,SOC_interval|already_spent_cycles|anode_material|cathode_material|cell_id|charge_protocol|cycle_data|depth_of_charge|depth_of_discharge|description|discharge_protocol|electrolyte_material|form_factor|max_current_limit_in_A|max_voltage_limit_in_V|min_current_limit_in_A|min_voltage_limit_in_V|nominal_capacity_in_Ah|reference,
RWTH,RWTH_026.pkl,RWTH_026,2007,1.85,0.2,0.8,3.5,3.9,-1,11066,0,1,charge_capacity_in_Ah|current_in_A|cycle_number|discharge_capacity_in_Ah|internal_resistance_in_ohm|temperature_in_C|time_in_s|voltage_in_V,SOC_interval|already_spent_cycles|anode_material|cathode_material|cell_id|charge_protocol|cycle_data|depth_of_charge|depth_of_discharge|description|discharge_protocol|electrolyte_material|form_factor|max_current_limit_in_A|max_voltage_limit_in_V|min_current_limit_in_A|min_voltage_limit_in_V|nominal_capacity_in_Ah|reference,
MATR,MATR_b3c0.pkl,MATR_b3c0,1007,1.1,0,1,2.0,3.5,-1,11024,45,1,Qdlin|charge_capacity_in_Ah|current_in_A|cycle_number|discharge_capacity_in_Ah|internal_resistance_in_ohm|temperature_in_C|time_in_s|voltage_in_V,SOC_interval|already_spent_cycles|anode_material|cathode_material|cell_id|charge_protocol|cycle_data|depth_of_charge|depth_of_discharge|description|discharge_protocol|electrolyte_material|form_factor|max_current_limit_in_A|max_voltage_limit_in_V|min_current_limit_in_A|min_voltage_limit_in_V|nominal_capacity_in_Ah|reference,
MATR,MATR_b4c29.pkl,MATR_b4c29,956,1.1,0,1,2.0,3.5,-1,11801,58,1,Qdlin|charge_capacity_in_Ah|current_in_A|cycle_number|discharge_capacity_in_Ah|internal_resistance_in_ohm|temperature_in_C|time_in_s|voltage_in_V,SOC_interval|already_spent_cycles|anode_material|cathode_material|cell_id|charge_protocol|cycle_data|depth_of_charge|depth_of_discharge|description|discharge_protocol|electrolyte_material|form_factor|max_current_limit_in_A|max_voltage_limit_in_V|min_current_limit_in_A|min_voltage_limit_in_V|nominal_capacity_in_Ah|reference,
RWTH,RWTH_028.pkl,RWTH_028,2010,1.85,0.2,0.8,3.5,3.9,-1,11060,0,1,charge_capacity_in_Ah|current_in_A|cycle_number|discharge_capacity_in_Ah|internal_resistance_in_ohm|temperature_in_C|time_in_s|voltage_in_V,SOC_interval|already_spent_cycles|anode_material|cathode_material|cell_id|charge_protocol|cycle_data|depth_of_charge|depth_of_discharge|description|discharge_protocol|electrolyte_material|form_factor|max_current_limit_in_A|max_voltage_limit_in_V|min_current_limit_in_A|min_voltage_limit_in_V|nominal_capacity_in_Ah|reference,
RWTH,RWTH_027.pkl,RWTH_027,2012,1.85,0.2,0.8,3.5,3.9,-1,11056,0,1,charge_capacity_in_Ah|current_in_A|cycle_number|discharge_capacity_in_Ah|internal_resistance_in_ohm|temperature_in_C|time_in_s|voltage_in_V,SOC_interval|already_spent_cycles|anode_material|cathode_material|cell_id|charge_protocol|cycle_data|depth_of_charge|depth_of_discharge|description|discharge_protocol|electrolyte_material|form_factor|max_current_limit_in_A|max_voltage_limit_in_V|min_current_limit_in_A|min_voltage_limit_in_V|nominal_capacity_in_Ah|reference,
HUST,HUST_6-1.pkl,HUST_6-1,1609,1.1,0,1,2.0,3.6,-1,13193,0,1,charge_capacity_in_Ah|current_in_A|cycle_number|discharge_capacity_in_Ah|internal_resistance_in_ohm|temperature_in_C|time_in_s|voltage_in_V,SOC_interval|already_spent_cycles|anode_material|cathode_material|cell_id|charge_protocol|cycle_data|depth_of_charge|depth_of_discharge|description|discharge_protocol|electrolyte_material|form_factor|max_current_limit_in_A|max_voltage_limit_in_V|min_current_limit_in_A|min_voltage_limit_in_V|nominal_capacity_in_Ah|reference,
MATR,MATR_b4c16.pkl,MATR_b4c16,983,1.1,0,1,2.0,3.5,-1,10930,75,1,Qdlin|charge_capacity_in_Ah|current_in_A|cycle_number|discharge_capacity_in_Ah|internal_resistance_in_ohm|temperature_in_C|time_in_s|voltage_in_V,SOC_interval|already_spent_cycles|anode_material|cathode_material|cell_id|charge_protocol|cycle_data|depth_of_charge|depth_of_discharge|description|discharge_protocol|electrolyte_material|form_factor|max_current_limit_in_A|max_voltage_limit_in_V|min_current_limit_in_A|min_voltage_limit_in_V|nominal_capacity_in_Ah|reference,
RWTH,RWTH_029.pkl,RWTH_029,2011,1.85,0.2,0.8,3.5,3.9,-1,11058,0,1,charge_capacity_in_Ah|current_in_A|cycle_number|discharge_capacity_in_Ah|internal_resistance_in_ohm|temperature_in_C|time_in_s|voltage_in_V,SOC_interval|already_spent_cycles|anode_material|cathode_material|cell_id|charge_protocol|cycle_data|depth_of_charge|depth_of_discharge|description|discharge_protocol|electrolyte_material|form_factor|max_current_limit_in_A|max_voltage_limit_in_V|min_current_limit_in_A|min_voltage_limit_in_V|nominal_capacity_in_Ah|reference,
MATR,MATR_b1c33.pkl,MATR_b1c33,755,1.1,0,1,2.0,3.5,-1,12374,107,1,Qdlin|charge_capacity_in_Ah|current_in_A|cycle_number|discharge_capacity_in_Ah|internal_resistance_in_ohm|temperature_in_C|time_in_s|voltage_in_V,SOC_interval|already_spent_cycles|anode_material|cathode_material|cell_id|charge_protocol|cycle_data|depth_of_charge|depth_of_discharge|description|discharge_protocol|electrolyte_material|form_factor|max_current_limit_in_A|max_voltage_limit_in_V|min_current_limit_in_A|min_voltage_limit_in_V|nominal_capacity_in_Ah|reference,
MATR,MATR_b4c31.pkl,MATR_b4c31,832,1.1,0,1,2.0,3.5,-1,11999,21,1,Qdlin|charge_capacity_in_Ah|current_in_A|cycle_number|discharge_capacity_in_Ah|internal_resistance_in_ohm|temperature_in_C|time_in_s|voltage_in_V,SOC_interval|already_spent_cycles|anode_material|cathode_material|cell_id|charge_protocol|cycle_data|depth_of_charge|depth_of_discharge|description|discharge_protocol|electrolyte_material|form_factor|max_current_limit_in_A|max_voltage_limit_in_V|min_current_limit_in_A|min_voltage_limit_in_V|nominal_capacity_in_Ah|reference,
MATR,MATR_b4c42.pkl,MATR_b4c42,915,1.1,0,1,2.0,3.5,-1,11768,24,1,Qdlin|charge_capacity_in_Ah|current_in_A|cycle_number|discharge_capacity_in_Ah|internal_resistance_in_ohm|temperature_in_C|time_in_s|voltage_in_V,SOC_interval|already_spent_cycles|anode_material|cathode_material|cell_id|charge_protocol|cycle_data|depth_of_charge|depth_of_discharge|description|discharge_protocol|electrolyte_material|form_factor|max_current_limit_in_A|max_voltage_limit_in_V|min_current_limit_in_A|min_voltage_limit_in_V|nominal_capacity_in_Ah|reference,
MICH_EXP,MICH_02C_pouch_NMC_-5C_0-100_0.2-0.2C.pkl,MICH_02C_pouch_NMC_-5C_0-100_0.2-0.2C,293,5.0,0,1,3,4.2,-1,62089,0,1,charge_capacity_in_Ah|current_in_A|cycle_number|discharge_capacity_in_Ah|internal_resistance_in_ohm|temperature_in_C|time_in_s|voltage_in_V,SOC_interval|already_spent_cycles|anode_material|cathode_material|cell_id|charge_protocol|cycle_data|depth_of_charge|depth_of_discharge|description|discharge_protocol|electrolyte_material|form_factor|max_current_limit_in_A|max_voltage_limit_in_V|min_current_limit_in_A|min_voltage_limit_in_V|nominal_capacity_in_Ah|reference,
MATR,MATR_b4c34.pkl,MATR_b4c34,997,1.1,0,1,2.0,3.5,-1,10871,34,1,Qdlin|charge_capacity_in_Ah|current_in_A|cycle_number|discharge_capacity_in_Ah|internal_resistance_in_ohm|temperature_in_C|time_in_s|voltage_in_V,SOC_interval|already_spent_cycles|anode_material|cathode_material|cell_id|charge_protocol|cycle_data|depth_of_charge|depth_of_discharge|description|discharge_protocol|electrolyte_material|form_factor|max_current_limit_in_A|max_voltage_limit_in_V|min_current_limit_in_A|min_voltage_limit_in_V|nominal_capacity_in_Ah|reference,
HUST,HUST_4-8.pkl,HUST_4-8,1706,1.1,0,1,2.0,3.6,-1,12176,0,1,charge_capacity_in_Ah|current_in_A|cycle_number|discharge_capacity_in_Ah|internal_resistance_in_ohm|temperature_in_C|time_in_s|voltage_in_V,SOC_interval|already_spent_cycles|anode_material|cathode_material|cell_id|charge_protocol|cycle_data|depth_of_charge|depth_of_discharge|description|discharge_protocol|electrolyte_material|form_factor|max_current_limit_in_A|max_voltage_limit_in_V|min_current_limit_in_A|min_voltage_limit_in_V|nominal_capacity_in_Ah|reference,
MATR,MATR_b4c4.pkl,MATR_b4c4,912,1.1,0,1,2.0,3.5,-1,11236,44,1,Qdlin|charge_capacity_in_Ah|current_in_A|cycle_number|discharge_capacity_in_Ah|internal_resistance_in_ohm|temperature_in_C|time_in_s|voltage_in_V,SOC_interval|already_spent_cycles|anode_material|cathode_material|cell_id|charge_protocol|cycle_data|depth_of_charge|depth_of_discharge|description|discharge_protocol|electrolyte_material|form_factor|max_current_limit_in_A|max_voltage_limit_in_V|min_current_limit_in_A|min_voltage_limit_in_V|nominal_capacity_in_Ah|reference,
MATR,MATR_b4c15.pkl,MATR_b4c15,871,1.1,0,1,2.0,3.5,-1,12326,41,1,Qdlin|charge_capacity_in_Ah|current_in_A|cycle_number|discharge_capacity_in_Ah|internal_resistance_in_ohm|temperature_in_C|time_in_s|voltage_in_V,SOC_interval|already_spent_cycles|anode_material|cathode_material|cell_id|charge_protocol|cycle_data|depth_of_charge|depth_of_discharge|description|discharge_protocol|electrolyte_material|form_factor|max_current_limit_in_A|max_voltage_limit_in_V|min_current_limit_in_A|min_voltage_limit_in_V|nominal_capacity_in_Ah|reference,
ISU_ILCC,ISU-ILCC_G22C2.pkl,ISU-ILCC_G22C2,514,0.25,0,1,3.0,4.2,-1,52218,0,1,charge_capacity_in_Ah|current_in_A|cycle_number|discharge_capacity_in_Ah|internal_resistance_in_ohm|temperature_in_C|time_in_s|voltage_in_V,SOC_interval|already_spent_cycles|anode_material|cathode_material|cell_id|charge_protocol|cycle_data|depth_of_charge|depth_of_discharge|description|discharge_protocol|electrolyte_material|form_factor|max_current_limit_in_A|max_voltage_limit_in_V|min_current_limit_in_A|min_voltage_limit_in_V|nominal_capacity_in_Ah|reference,
ISU_ILCC,ISU-ILCC_G20C2.pkl,ISU-ILCC_G20C2,418,0.25,0,1,3.0,4.2,-1,60961,0,1,charge_capacity_in_Ah|current_in_A|cycle_number|discharge_capacity_in_Ah|internal_resistance_in_ohm|temperature_in_C|time_in_s|voltage_in_V,SOC_interval|already_spent_cycles|anode_material|cathode_material|cell_id|charge_protocol|cycle_data|depth_of_charge|depth_of_discharge|description|discharge_protocol|electrolyte_material|form_factor|max_current_limit_in_A|max_voltage_limit_in_V|min_current_limit_in_A|min_voltage_limit_in_V|nominal_capacity_in_Ah|reference,
Tongji,Tongji2_CY45-05_1--20.pkl,Tongji2_CY45-05_1--20,796,3.5,0,1,2.5,4.2,-1,12816,0,1,charge_capacity_in_Ah|current_in_A|cycle_number|discharge_capacity_in_Ah|internal_resistance_in_ohm|temperature_in_C|time_in_s|voltage_in_V,SOC_interval|already_spent_cycles|anode_material|cathode_material|cell_id|charge_protocol|cycle_data|depth_of_charge|depth_of_discharge|description|discharge_protocol|electrolyte_material|form_factor|max_current_limit_in_A|max_voltage_limit_in_V|min_current_limit_in_A|min_voltage_limit_in_V|nominal_capacity_in_Ah|reference,
HUST,HUST_3-1.pkl,HUST_3-1,1938,1.1,0,1,2.0,3.6,-1,10029,0,1,charge_capacity_in_Ah|current_in_A|cycle_number|discharge_capacity_in_Ah|internal_resistance_in_ohm|temperature_in_C|time_in_s|voltage_in_V,SOC_interval|already_spent_cycles|anode_material|cathode_material|cell_id|charge_protocol|cycle_data|depth_of_charge|depth_of_discharge|description|discharge_protocol|electrolyte_material|form_factor|max_current_limit_in_A|max_voltage_limit_in_V|min_current_limit_in_A|min_voltage_limit_in_V|nominal_capacity_in_Ah|reference,
MATR,MATR_b4c0.pkl,MATR_b4c0,982,1.1,0,1,2.0,3.5,-1,10800,41,1,Qdlin|charge_capacity_in_Ah|current_in_A|cycle_number|discharge_capacity_in_Ah|internal_resistance_in_ohm|temperature_in_C|time_in_s|voltage_in_V,SOC_interval|already_spent_cycles|anode_material|cathode_material|cell_id|charge_protocol|cycle_data|depth_of_charge|depth_of_discharge|description|discharge_protocol|electrolyte_material|form_factor|max_current_limit_in_A|max_voltage_limit_in_V|min_current_limit_in_A|min_voltage_limit_in_V|nominal_capacity_in_Ah|reference,
Tongji,Tongji2_CY45-05_1--19.pkl,Tongji2_CY45-05_1--19,795,3.5,0,1,2.5,4.2,-1,12833,0,1,charge_capacity_in_Ah|current_in_A|cycle_number|discharge_capacity_in_Ah|internal_resistance_in_ohm|temperature_in_C|time_in_s|voltage_in_V,SOC_interval|already_spent_cycles|anode_material|cathode_material|cell_id|charge_protocol|cycle_data|depth_of_charge|depth_of_discharge|description|discharge_protocol|electrolyte_material|form_factor|max_current_limit_in_A|max_voltage_limit_in_V|min_current_limit_in_A|min_voltage_limit_in_V|nominal_capacity_in_Ah|reference,
MATR,MATR_b4c37.pkl,MATR_b4c37,1005,1.1,0,1,2.0,3.5,-1,10656,51,1,Qdlin|charge_capacity_in_Ah|current_in_A|cycle_number|discharge_capacity_in_Ah|internal_resistance_in_ohm|temperature_in_C|time_in_s|voltage_in_V,SOC_interval|already_spent_cycles|anode_material|cathode_material|cell_id|charge_protocol|cycle_data|depth_of_charge|depth_of_discharge|description|discharge_protocol|electrolyte_material|form_factor|max_current_limit_in_A|max_voltage_limit_in_V|min_current_limit_in_A|min_voltage_limit_in_V|nominal_capacity_in_Ah|reference,
MATR,MATR_b4c43.pkl,MATR_b4c43,951,1.1,0,1,2.0,3.5,-1,11692,17,1,Qdlin|charge_capacity_in_Ah|current_in_A|cycle_number|discharge_capacity_in_Ah|internal_resistance_in_ohm|temperature_in_C|time_in_s|voltage_in_V,SOC_interval|already_spent_cycles|anode_material|cathode_material|cell_id|charge_protocol|cycle_data|depth_of_charge|depth_of_discharge|description|discharge_protocol|electrolyte_material|form_factor|max_current_limit_in_A|max_voltage_limit_in_V|min_current_limit_in_A|min_voltage_limit_in_V|nominal_capacity_in_Ah|reference,
MATR,MATR_b3c1.pkl,MATR_b3c1,1061,1.1,0,1,2.0,3.5,-1,10908,42,1,Qdlin|charge_capacity_in_Ah|current_in_A|cycle_number|discharge_capacity_in_Ah|internal_resistance_in_ohm|temperature_in_C|time_in_s|voltage_in_V,SOC_interval|already_spent_cycles|anode_material|cathode_material|cell_id|charge_protocol|cycle_data|depth_of_charge|depth_of_discharge|description|discharge_protocol|electrolyte_material|form_factor|max_current_limit_in_A|max_voltage_limit_in_V|min_current_limit_in_A|min_voltage_limit_in_V|nominal_capacity_in_Ah|reference,
Tongji,Tongji2_CY45-05_1--11.pkl,Tongji2_CY45-05_1--11,799,3.5,0,1,2.5,4.2,-1,13125,0,1,charge_capacity_in_Ah|current_in_A|cycle_number|discharge_capacity_in_Ah|internal_resistance_in_ohm|temperature_in_C|time_in_s|voltage_in_V,SOC_interval|already_spent_cycles|anode_material|cathode_material|cell_id|charge_protocol|cycle_data|depth_of_charge|depth_of_discharge|description|discharge_protocol|electrolyte_material|form_factor|max_current_limit_in_A|max_voltage_limit_in_V|min_current_limit_in_A|min_voltage_limit_in_V|nominal_capacity_in_Ah|reference,
HUST,HUST_7-7.pkl,HUST_7-7,1685,1.1,0,1,2.0,3.6,-1,13968,0,1,charge_capacity_in_Ah|current_in_A|cycle_number|discharge_capacity_in_Ah|internal_resistance_in_ohm|temperature_in_C|time_in_s|voltage_in_V,SOC_interval|already_spent_cycles|anode_material|cathode_material|cell_id|charge_protocol|cycle_data|depth_of_charge|depth_of_discharge|description|discharge_protocol|electrolyte_material|form_factor|max_current_limit_in_A|max_voltage_limit_in_V|min_current_limit_in_A|min_voltage_limit_in_V|nominal_capacity_in_Ah|reference,
XJTU,XJTU_3C_battery-14.pkl,XJTU_3C_battery-14,146,2.0,0,1,2.5,4.2,-1,89917,0,1,charge_capacity_in_Ah|current_in_A|cycle_number|discharge_capacity_in_Ah|internal_resistance_in_ohm|temperature_in_C|time_in_s|voltage_in_V,SOC_interval|already_spent_cycles|anode_material|cathode_material|cell_id|charge_protocol|cycle_data|depth_of_charge|depth_of_discharge|description|discharge_protocol|electrolyte_material|form_factor|max_current_limit_in_A|max_voltage_limit_in_V|min_current_limit_in_A|min_voltage_limit_in_V|nominal_capacity_in_Ah|reference,
MATR,MATR_b3c26.pkl,MATR_b3c26,1026,1.1,0,1,2.0,3.5,-1,11615,27,1,Qdlin|charge_capacity_in_Ah|current_in_A|cycle_number|discharge_capacity_in_Ah|internal_resistance_in_ohm|temperature_in_C|time_in_s|voltage_in_V,SOC_interval|already_spent_cycles|anode_material|cathode_material|cell_id|charge_protocol|cycle_data|depth_of_charge|depth_of_discharge|description|discharge_protocol|electrolyte_material|form_factor|max_current_limit_in_A|max_voltage_limit_in_V|min_current_limit_in_A|min_voltage_limit_in_V|nominal_capacity_in_Ah|reference,
Tongji,Tongji2_CY45-05_1--12.pkl,Tongji2_CY45-05_1--12,799,3.5,0,1,2.5,4.2,-1,13118,0,1,charge_capacity_in_Ah|current_in_A|cycle_number|discharge_capacity_in_Ah|internal_resistance_in_ohm|temperature_in_C|time_in_s|voltage_in_V,SOC_interval|already_spent_cycles|anode_material|cathode_material|cell_id|charge_protocol|cycle_data|depth_of_charge|depth_of_discharge|description|discharge_protocol|electrolyte_material|form_factor|max_current_limit_in_A|max_voltage_limit_in_V|min_current_limit_in_A|min_voltage_limit_in_V|nominal_capacity_in_Ah|reference,
MATR,MATR_b1c19.pkl,MATR_b1c19,786,1.1,0,1,2.0,3.5,-1,12219,121,1,Qdlin|charge_capacity_in_Ah|current_in_A|cycle_number|discharge_capacity_in_Ah|internal_resistance_in_ohm|temperature_in_C|time_in_s|voltage_in_V,SOC_interval|already_spent_cycles|anode_material|cathode_material|cell_id|charge_protocol|cycle_data|depth_of_charge|depth_of_discharge|description|discharge_protocol|electrolyte_material|form_factor|max_current_limit_in_A|max_voltage_limit_in_V|min_current_limit_in_A|min_voltage_limit_in_V|nominal_capacity_in_Ah|reference,
MATR,MATR_b1c18.pkl,MATR_b1c18,688,1.1,0,1,2.0,3.5,-1,11722,38,1,Qdlin|charge_capacity_in_Ah|current_in_A|cycle_number|discharge_capacity_in_Ah|internal_resistance_in_ohm|temperature_in_C|time_in_s|voltage_in_V,SOC_interval|already_spent_cycles|anode_material|cathode_material|cell_id|charge_protocol|cycle_data|depth_of_charge|depth_of_discharge|description|discharge_protocol|electrolyte_material|form_factor|max_current_limit_in_A|max_voltage_limit_in_V|min_current_limit_in_A|min_voltage_limit_in_V|nominal_capacity_in_Ah|reference,
MATR,MATR_b3c4.pkl,MATR_b3c4,1046,1.1,0,1,2.0,3.5,-1,11002,25,1,Qdlin|charge_capacity_in_Ah|current_in_A|cycle_number|discharge_capacity_in_Ah|internal_resistance_in_ohm|temperature_in_C|time_in_s|voltage_in_V,SOC_interval|already_spent_cycles|anode_material|cathode_material|cell_id|charge_protocol|cycle_data|depth_of_charge|depth_of_discharge|description|discharge_protocol|electrolyte_material|form_factor|max_current_limit_in_A|max_voltage_limit_in_V|min_current_limit_in_A|min_voltage_limit_in_V|nominal_capacity_in_Ah|reference,
HUST,HUST_8-4.pkl,HUST_8-4,1885,1.1,0,1,2.0,3.6,-1,11046,0,1,charge_capacity_in_Ah|current_in_A|cycle_number|discharge_capacity_in_Ah|internal_resistance_in_ohm|temperature_in_C|time_in_s|voltage_in_V,SOC_interval|already_spent_cycles|anode_material|cathode_material|cell_id|charge_protocol|cycle_data|depth_of_charge|depth_of_discharge|description|discharge_protocol|electrolyte_material|form_factor|max_current_limit_in_A|max_voltage_limit_in_V|min_current_limit_in_A|min_voltage_limit_in_V|nominal_capacity_in_Ah|reference,
ISU_ILCC,ISU-ILCC_G64C3.pkl,ISU-ILCC_G64C3,974,0.25,0,1,3.0,4.2,-1,17297,0,1,charge_capacity_in_Ah|current_in_A|cycle_number|discharge_capacity_in_Ah|internal_resistance_in_ohm|temperature_in_C|time_in_s|voltage_in_V,SOC_interval|already_spent_cycles|anode_material|cathode_material|cell_id|charge_protocol|cycle_data|depth_of_charge|depth_of_discharge|description|discharge_protocol|electrolyte_material|form_factor|max_current_limit_in_A|max_voltage_limit_in_V|min_current_limit_in_A|min_voltage_limit_in_V|nominal_capacity_in_Ah|reference,
MATR,MATR_b2c6.pkl,MATR_b2c6,544,1.1,0,1,2.0,3.5,-1,11518,32,1,Qdlin|charge_capacity_in_Ah|current_in_A|cycle_number|discharge_capacity_in_Ah|internal_resistance_in_ohm|temperature_in_C|time_in_s|voltage_in_V,SOC_interval|already_spent_cycles|anode_material|cathode_material|cell_id|charge_protocol|cycle_data|depth_of_charge|depth_of_discharge|description|discharge_protocol|electrolyte_material|form_factor|max_current_limit_in_A|max_voltage_limit_in_V|min_current_limit_in_A|min_voltage_limit_in_V|nominal_capacity_in_Ah|reference,
HUST,HUST_5-2.pkl,HUST_5-2,1926,1.1,0,1,2.0,3.6,-1,10478,0,1,charge_capacity_in_Ah|current_in_A|cycle_number|discharge_capacity_in_Ah|internal_resistance_in_ohm|temperature_in_C|time_in_s|voltage_in_V,SOC_interval|already_spent_cycles|anode_material|cathode_material|cell_id|charge_protocol|cycle_data|depth_of_charge|depth_of_discharge|description|discharge_protocol|electrolyte_material|form_factor|max_current_limit_in_A|max_voltage_limit_in_V|min_current_limit_in_A|min_voltage_limit_in_V|nominal_capacity_in_Ah|reference,
MATR,MATR_b3c9.pkl,MATR_b3c9,1037,1.1,0,1,2.0,3.5,-1,11981,51,1,Qdlin|charge_capacity_in_Ah|current_in_A|cycle_number|discharge_capacity_in_Ah|internal_resistance_in_ohm|temperature_in_C|time_in_s|voltage_in_V,SOC_interval|already_spent_cycles|anode_material|cathode_material|cell_id|charge_protocol|cycle_data|depth_of_charge|depth_of_discharge|description|discharge_protocol|electrolyte_material|form_factor|max_current_limit_in_A|max_voltage_limit_in_V|min_current_limit_in_A|min_voltage_limit_in_V|nominal_capacity_in_Ah|reference,
RWTH,RWTH_046.pkl,RWTH_046,2136,1.85,0.2,0.8,3.5,3.9,-1,11072,0,1,charge_capacity_in_Ah|current_in_A|cycle_number|discharge_capacity_in_Ah|internal_resistance_in_ohm|temperature_in_C|time_in_s|voltage_in_V,SOC_interval|already_spent_cycles|anode_material|cathode_material|cell_id|charge_protocol|cycle_data|depth_of_charge|depth_of_discharge|description|discharge_protocol|electrolyte_material|form_factor|max_current_limit_in_A|max_voltage_limit_in_V|min_current_limit_in_A|min_voltage_limit_in_V|nominal_capacity_in_Ah|reference,
RWTH,RWTH_034.pkl,RWTH_034,2126,1.85,0.2,0.8,3.5,3.9,-1,11107,0,1,charge_capacity_in_Ah|current_in_A|cycle_number|discharge_capacity_in_Ah|internal_resistance_in_ohm|temperature_in_C|time_in_s|voltage_in_V,SOC_interval|already_spent_cycles|anode_material|cathode_material|cell_id|charge_protocol|cycle_data|depth_of_charge|depth_of_discharge|description|discharge_protocol|electrolyte_material|form_factor|max_current_limit_in_A|max_voltage_limit_in_V|min_current_limit_in_A|min_voltage_limit_in_V|nominal_capacity_in_Ah|reference,
MATR,MATR_b1c11.pkl,MATR_b1c11,786,1.1,0,1,2.0,3.5,-1,12317,51,1,Qdlin|charge_capacity_in_Ah|current_in_A|cycle_number|discharge_capacity_in_Ah|internal_resistance_in_ohm|temperature_in_C|time_in_s|voltage_in_V,SOC_interval|already_spent_cycles|anode_material|cathode_material|cell_id|charge_protocol|cycle_data|depth_of_charge|depth_of_discharge|description|discharge_protocol|electrolyte_material|form_factor|max_current_limit_in_A|max_voltage_limit_in_V|min_current_limit_in_A|min_voltage_limit_in_V|nominal_capacity_in_Ah|reference,
RWTH,RWTH_049.pkl,RWTH_049,2135,1.85,0.2,0.8,3.5,3.9,-1,11068,0,1,charge_capacity_in_Ah|current_in_A|cycle_number|discharge_capacity_in_Ah|internal_resistance_in_ohm|temperature_in_C|time_in_s|voltage_in_V,SOC_interval|already_spent_cycles|anode_material|cathode_material|cell_id|charge_protocol|cycle_data|depth_of_charge|depth_of_discharge|description|discharge_protocol|electrolyte_material|form_factor|max_current_limit_in_A|max_voltage_limit_in_V|min_current_limit_in_A|min_voltage_limit_in_V|nominal_capacity_in_Ah|reference,
HUST,HUST_1-1.pkl,HUST_1-1,1504,1.1,0,1,2.0,3.6,-1,17224,0,1,charge_capacity_in_Ah|current_in_A|cycle_number|discharge_capacity_in_Ah|internal_resistance_in_ohm|temperature_in_C|time_in_s|voltage_in_V,SOC_interval|already_spent_cycles|anode_material|cathode_material|cell_id|charge_protocol|cycle_data|depth_of_charge|depth_of_discharge|description|discharge_protocol|electrolyte_material|form_factor|max_current_limit_in_A|max_voltage_limit_in_V|min_current_limit_in_A|min_voltage_limit_in_V|nominal_capacity_in_Ah|reference,
RWTH,RWTH_048.pkl,RWTH_048,2136,1.85,0.2,0.8,3.5,3.9,-1,11115,0,1,charge_capacity_in_Ah|current_in_A|cycle_number|discharge_capacity_in_Ah|internal_resistance_in_ohm|temperature_in_C|time_in_s|voltage_in_V,SOC_interval|already_spent_cycles|anode_material|cathode_material|cell_id|charge_protocol|cycle_data|depth_of_charge|depth_of_discharge|description|discharge_protocol|electrolyte_material|form_factor|max_current_limit_in_A|max_voltage_limit_in_V|min_current_limit_in_A|min_voltage_limit_in_V|nominal_capacity_in_Ah|reference,
ISU_ILCC,ISU-ILCC_G5C4.pkl,ISU-ILCC_G5C4,556,0.25,0,1,3.0,4.2,-1,47695,0,1,charge_capacity_in_Ah|current_in_A|cycle_number|discharge_capacity_in_Ah|internal_resistance_in_ohm|temperature_in_C|time_in_s|voltage_in_V,SOC_interval|already_spent_cycles|anode_material|cathode_material|cell_id|charge_protocol|cycle_data|depth_of_charge|depth_of_discharge|description|discharge_protocol|electrolyte_material|form_factor|max_current_limit_in_A|max_voltage_limit_in_V|min_current_limit_in_A|min_voltage_limit_in_V|nominal_capacity_in_Ah|reference,
RWTH,RWTH_036.pkl,RWTH_036,2149,1.85,0.2,0.8,3.5,3.9,-1,11119,0,1,charge_capacity_in_Ah|current_in_A|cycle_number|discharge_capacity_in_Ah|internal_resistance_in_ohm|temperature_in_C|time_in_s|voltage_in_V,SOC_interval|already_spent_cycles|anode_material|cathode_material|cell_id|charge_protocol|cycle_data|depth_of_charge|depth_of_discharge|description|discharge_protocol|electrolyte_material|form_factor|max_current_limit_in_A|max_voltage_limit_in_V|min_current_limit_in_A|min_voltage_limit_in_V|nominal_capacity_in_Ah|reference,
MATR,MATR_b4c5.pkl,MATR_b4c5,1067,1.1,0,1,2.0,3.5,-1,10786,17,1,Qdlin|charge_capacity_in_Ah|current_in_A|cycle_number|discharge_capacity_in_Ah|internal_resistance_in_ohm|temperature_in_C|time_in_s|voltage_in_V,SOC_interval|already_spent_cycles|anode_material|cathode_material|cell_id|charge_protocol|cycle_data|depth_of_charge|depth_of_discharge|description|discharge_protocol|electrolyte_material|form_factor|max_current_limit_in_A|max_voltage_limit_in_V|min_current_limit_in_A|min_voltage_limit_in_V|nominal_capacity_in_Ah|reference,
HUST,HUST_9-4.pkl,HUST_9-4,1975,1.1,0,1,2.0,3.6,-1,10610,0,1,charge_capacity_in_Ah|current_in_A|cycle_number|discharge_capacity_in_Ah|internal_resistance_in_ohm|temperature_in_C|time_in_s|voltage_in_V,SOC_interval|already_spent_cycles|anode_material|cathode_material|cell_id|charge_protocol|cycle_data|depth_of_charge|depth_of_discharge|description|discharge_protocol|electrolyte_material|form_factor|max_current_limit_in_A|max_voltage_limit_in_V|min_current_limit_in_A|min_voltage_limit_in_V|nominal_capacity_in_Ah|reference,
ISU_ILCC,ISU-ILCC_G12C2.pkl,ISU-ILCC_G12C2,1518,0.25,0.6610036666666667,1,3.0,4.2,-1,16565,0,1,charge_capacity_in_Ah|current_in_A|cycle_number|discharge_capacity_in_Ah|internal_resistance_in_ohm|temperature_in_C|time_in_s|voltage_in_V,SOC_interval|already_spent_cycles|anode_material|cathode_material|cell_id|charge_protocol|cycle_data|depth_of_charge|depth_of_discharge|description|discharge_protocol|electrolyte_material|form_factor|max_current_limit_in_A|max_voltage_limit_in_V|min_current_limit_in_A|min_voltage_limit_in_V|nominal_capacity_in_Ah|reference,
HUST,HUST_6-2.pkl,HUST_6-2,1908,1.1,0,1,2.0,3.6,-1,10607,0,1,charge_capacity_in_Ah|current_in_A|cycle_number|discharge_capacity_in_Ah|internal_resistance_in_ohm|temperature_in_C|time_in_s|voltage_in_V,SOC_interval|already_spent_cycles|anode_material|cathode_material|cell_id|charge_protocol|cycle_data|depth_of_charge|depth_of_discharge|description|discharge_protocol|electrolyte_material|form_factor|max_current_limit_in_A|max_voltage_limit_in_V|min_current_limit_in_A|min_voltage_limit_in_V|nominal_capacity_in_Ah|reference,
MATR,MATR_b4c23.pkl,MATR_b4c23,1094,1.1,0,1,2.0,3.5,-1,10628,37,1,Qdlin|charge_capacity_in_Ah|current_in_A|cycle_number|discharge_capacity_in_Ah|internal_resistance_in_ohm|temperature_in_C|time_in_s|voltage_in_V,SOC_interval|already_spent_cycles|anode_material|cathode_material|cell_id|charge_protocol|cycle_data|depth_of_charge|depth_of_discharge|description|discharge_protocol|electrolyte_material|form_factor|max_current_limit_in_A|max_voltage_limit_in_V|min_current_limit_in_A|min_voltage_limit_in_V|nominal_capacity_in_Ah|reference,
RWTH,RWTH_037.pkl,RWTH_037,2168,1.85,0.2,0.8,3.5,3.9,-1,11061,0,1,charge_capacity_in_Ah|current_in_A|cycle_number|discharge_capacity_in_Ah|internal_resistance_in_ohm|temperature_in_C|time_in_s|voltage_in_V,SOC_interval|already_spent_cycles|anode_material|cathode_material|cell_id|charge_protocol|cycle_data|depth_of_charge|depth_of_discharge|description|discharge_protocol|electrolyte_material|form_factor|max_current_limit_in_A|max_voltage_limit_in_V|min_current_limit_in_A|min_voltage_limit_in_V|nominal_capacity_in_Ah|reference,
RWTH,RWTH_047.pkl,RWTH_047,2151,1.85,0.2,0.8,3.5,3.9,-1,11847,0,1,charge_capacity_in_Ah|current_in_A|cycle_number|discharge_capacity_in_Ah|internal_resistance_in_ohm|temperature_in_C|time_in_s|voltage_in_V,SOC_interval|already_spent_cycles|anode_material|cathode_material|cell_id|charge_protocol|cycle_data|depth_of_charge|depth_of_discharge|description|discharge_protocol|electrolyte_material|form_factor|max_current_limit_in_A|max_voltage_limit_in_V|min_current_limit_in_A|min_voltage_limit_in_V|nominal_capacity_in_Ah|reference,
HUST,HUST_2-3.pkl,HUST_2-3,1751,1.1,0,1,2.0,3.6,-1,13430,0,1,charge_capacity_in_Ah|current_in_A|cycle_number|discharge_capacity_in_Ah|internal_resistance_in_ohm|temperature_in_C|time_in_s|voltage_in_V,SOC_interval|already_spent_cycles|anode_material|cathode_material|cell_id|charge_protocol|cycle_data|depth_of_charge|depth_of_discharge|description|discharge_protocol|electrolyte_material|form_factor|max_current_limit_in_A|max_voltage_limit_in_V|min_current_limit_in_A|min_voltage_limit_in_V|nominal_capacity_in_Ah|reference,
MATR,MATR_b3c35.pkl,MATR_b3c35,1091,1.1,0,1,2.0,3.5,-1,10633,47,1,Qdlin|charge_capacity_in_Ah|current_in_A|cycle_number|discharge_capacity_in_Ah|internal_resistance_in_ohm|temperature_in_C|time_in_s|voltage_in_V,SOC_interval|already_spent_cycles|anode_material|cathode_material|cell_id|charge_protocol|cycle_data|depth_of_charge|depth_of_discharge|description|discharge_protocol|electrolyte_material|form_factor|max_current_limit_in_A|max_voltage_limit_in_V|min_current_limit_in_A|min_voltage_limit_in_V|nominal_capacity_in_Ah|reference,
MATR,MATR_b3c3.pkl,MATR_b3c3,1113,1.1,0,1,2.0,3.5,-1,11099,15,1,Qdlin|charge_capacity_in_Ah|current_in_A|cycle_number|discharge_capacity_in_Ah|internal_resistance_in_ohm|temperature_in_C|time_in_s|voltage_in_V,SOC_interval|already_spent_cycles|anode_material|cathode_material|cell_id|charge_protocol|cycle_data|depth_of_charge|depth_of_discharge|description|discharge_protocol|electrolyte_material|form_factor|max_current_limit_in_A|max_voltage_limit_in_V|min_current_limit_in_A|min_voltage_limit_in_V|nominal_capacity_in_Ah|reference,
MATR,MATR_b3c39.pkl,MATR_b3c39,1154,1.1,0,1,2.0,3.5,-1,10595,51,1,Qdlin|charge_capacity_in_Ah|current_in_A|cycle_number|discharge_capacity_in_Ah|internal_resistance_in_ohm|temperature_in_C|time_in_s|voltage_in_V,SOC_interval|already_spent_cycles|anode_material|cathode_material|cell_id|charge_protocol|cycle_data|depth_of_charge|depth_of_discharge|description|discharge_protocol|electrolyte_material|form_factor|max_current_limit_in_A|max_voltage_limit_in_V|min_current_limit_in_A|min_voltage_limit_in_V|nominal_capacity_in_Ah|reference,
MATR,MATR_b3c10.pkl,MATR_b3c10,1076,1.1,0,1,2.0,3.5,-1,11620,22,1,Qdlin|charge_capacity_in_Ah|current_in_A|cycle_number|discharge_capacity_in_Ah|internal_resistance_in_ohm|temperature_in_C|time_in_s|voltage_in_V,SOC_interval|already_spent_cycles|anode_material|cathode_material|cell_id|charge_protocol|cycle_data|depth_of_charge|depth_of_discharge|description|discharge_protocol|electrolyte_material|form_factor|max_current_limit_in_A|max_voltage_limit_in_V|min_current_limit_in_A|min_voltage_limit_in_V|nominal_capacity_in_Ah|reference,
HUST,HUST_9-1.pkl,HUST_9-1,2057,1.1,0,1,2.0,3.6,-1,10309,0,1,charge_capacity_in_Ah|current_in_A|cycle_number|discharge_capacity_in_Ah|internal_resistance_in_ohm|temperature_in_C|time_in_s|voltage_in_V,SOC_interval|already_spent_cycles|anode_material|cathode_material|cell_id|charge_protocol|cycle_data|depth_of_charge|depth_of_discharge|description|discharge_protocol|electrolyte_material|form_factor|max_current_limit_in_A|max_voltage_limit_in_V|min_current_limit_in_A|min_voltage_limit_in_V|nominal_capacity_in_Ah|reference,
HUST,HUST_9-3.pkl,HUST_9-3,1905,1.1,0,1,2.0,3.6,-1,11642,0,1,charge_capacity_in_Ah|current_in_A|cycle_number|discharge_capacity_in_Ah|internal_resistance_in_ohm|temperature_in_C|time_in_s|voltage_in_V,SOC_interval|already_spent_cycles|anode_material|cathode_material|cell_id|charge_protocol|cycle_data|depth_of_charge|depth_of_discharge|description|discharge_protocol|electrolyte_material|form_factor|max_current_limit_in_A|max_voltage_limit_in_V|min_current_limit_in_A|min_voltage_limit_in_V|nominal_capacity_in_Ah|reference,
ISU_ILCC,ISU-ILCC_G19C2.pkl,ISU-ILCC_G19C2,844,0.25,0.24225444444444444,1,3.0,4.2,-1,34422,0,1,charge_capacity_in_Ah|current_in_A|cycle_number|discharge_capacity_in_Ah|internal_resistance_in_ohm|temperature_in_C|time_in_s|voltage_in_V,SOC_interval|already_spent_cycles|anode_material|cathode_material|cell_id|charge_protocol|cycle_data|depth_of_charge|depth_of_discharge|description|discharge_protocol|electrolyte_material|form_factor|max_current_limit_in_A|max_voltage_limit_in_V|min_current_limit_in_A|min_voltage_limit_in_V|nominal_capacity_in_Ah|reference,
MICH_EXP,MICH_13R_pouch_NMC_25C_50-100_0.2-0.2C.pkl,MICH_13R_pouch_NMC_25C_50-100_0.2-0.2C,532,5.0,0.5,1,3,4.2,-1,36900,0,1,charge_capacity_in_Ah|current_in_A|cycle_number|discharge_capacity_in_Ah|internal_resistance_in_ohm|temperature_in_C|time_in_s|voltage_in_V,SOC_interval|already_spent_cycles|anode_material|cathode_material|cell_id|charge_protocol|cycle_data|depth_of_charge|depth_of_discharge|description|discharge_protocol|electrolyte_material|form_factor|max_current_limit_in_A|max_voltage_limit_in_V|min_current_limit_in_A|min_voltage_limit_in_V|nominal_capacity_in_Ah|reference,
MATR,MATR_b4c41.pkl,MATR_b4c41,997,1.1,0,1,2.0,3.5,-1,11733,29,1,Qdlin|charge_capacity_in_Ah|current_in_A|cycle_number|discharge_capacity_in_Ah|internal_resistance_in_ohm|temperature_in_C|time_in_s|voltage_in_V,SOC_interval|already_spent_cycles|anode_material|cathode_material|cell_id|charge_protocol|cycle_data|depth_of_charge|depth_of_discharge|description|discharge_protocol|electrolyte_material|form_factor|max_current_limit_in_A|max_voltage_limit_in_V|min_current_limit_in_A|min_voltage_limit_in_V|nominal_capacity_in_Ah|reference,
HUST,HUST_10-7.pkl,HUST_10-7,1783,1.1,0,1,2.0,3.6,-1,13402,0,1,charge_capacity_in_Ah|current_in_A|cycle_number|discharge_capacity_in_Ah|internal_resistance_in_ohm|temperature_in_C|time_in_s|voltage_in_V,SOC_interval|already_spent_cycles|anode_material|cathode_material|cell_id|charge_protocol|cycle_data|depth_of_charge|depth_of_discharge|description|discharge_protocol|electrolyte_material|form_factor|max_current_limit_in_A|max_voltage_limit_in_V|min_current_limit_in_A|min_voltage_limit_in_V|nominal_capacity_in_Ah|reference,
RWTH,RWTH_035.pkl,RWTH_035,2153,1.85,0.2,0.8,3.5,3.9,-1,11314,0,1,charge_capacity_in_Ah|current_in_A|cycle_number|discharge_capacity_in_Ah|internal_resistance_in_ohm|temperature_in_C|time_in_s|voltage_in_V,SOC_interval|already_spent_cycles|anode_material|cathode_material|cell_id|charge_protocol|cycle_data|depth_of_charge|depth_of_discharge|description|discharge_protocol|electrolyte_material|form_factor|max_current_limit_in_A|max_voltage_limit_in_V|min_current_limit_in_A|min_voltage_limit_in_V|nominal_capacity_in_Ah|reference,
HUST,HUST_2-7.pkl,HUST_2-7,2202,1.1,0,1,2.0,3.6,-1,8677,0,1,charge_capacity_in_Ah|current_in_A|cycle_number|discharge_capacity_in_Ah|internal_resistance_in_ohm|temperature_in_C|time_in_s|voltage_in_V,SOC_interval|already_spent_cycles|anode_material|cathode_material|cell_id|charge_protocol|cycle_data|depth_of_charge|depth_of_discharge|description|discharge_protocol|electrolyte_material|form_factor|max_current_limit_in_A|max_voltage_limit_in_V|min_current_limit_in_A|min_voltage_limit_in_V|nominal_capacity_in_Ah|reference,
MATR,MATR_b4c44.pkl,MATR_b4c44,1077,1.1,0,1,2.0,3.5,-1,11114,29,1,Qdlin|charge_capacity_in_Ah|current_in_A|cycle_number|discharge_capacity_in_Ah|internal_resistance_in_ohm|temperature_in_C|time_in_s|voltage_in_V,SOC_interval|already_spent_cycles|anode_material|cathode_material|cell_id|charge_protocol|cycle_data|depth_of_charge|depth_of_discharge|description|discharge_protocol|electrolyte_material|form_factor|max_current_limit_in_A|max_voltage_limit_in_V|min_current_limit_in_A|min_voltage_limit_in_V|nominal_capacity_in_Ah|reference,
Tongji,Tongji2_CY45-05_1--26.pkl,Tongji2_CY45-05_1--26,853,3.5,0,1,2.5,4.2,-1,12504,0,1,charge_capacity_in_Ah|current_in_A|cycle_number|discharge_capacity_in_Ah|internal_resistance_in_ohm|temperature_in_C|time_in_s|voltage_in_V,SOC_interval|already_spent_cycles|anode_material|cathode_material|cell_id|charge_protocol|cycle_data|depth_of_charge|depth_of_discharge|description|discharge_protocol|electrolyte_material|form_factor|max_current_limit_in_A|max_voltage_limit_in_V|min_current_limit_in_A|min_voltage_limit_in_V|nominal_capacity_in_Ah|reference,
RWTH,RWTH_018.pkl,RWTH_018,2244,1.85,0.2,0.8,3.5,3.9,-1,11046,0,1,charge_capacity_in_Ah|current_in_A|cycle_number|discharge_capacity_in_Ah|internal_resistance_in_ohm|temperature_in_C|time_in_s|voltage_in_V,SOC_interval|already_spent_cycles|anode_material|cathode_material|cell_id|charge_protocol|cycle_data|depth_of_charge|depth_of_discharge|description|discharge_protocol|electrolyte_material|form_factor|max_current_limit_in_A|max_voltage_limit_in_V|min_current_limit_in_A|min_voltage_limit_in_V|nominal_capacity_in_Ah|reference,
MATR,MATR_b3c34.pkl,MATR_b3c34,1156,1.1,0,1,2.0,3.5,-1,10831,64,1,Qdlin|charge_capacity_in_Ah|current_in_A|cycle_number|discharge_capacity_in_Ah|internal_resistance_in_ohm|temperature_in_C|time_in_s|voltage_in_V,SOC_interval|already_spent_cycles|anode_material|cathode_material|cell_id|charge_protocol|cycle_data|depth_of_charge|depth_of_discharge|description|discharge_protocol|electrolyte_material|form_factor|max_current_limit_in_A|max_voltage_limit_in_V|min_current_limit_in_A|min_voltage_limit_in_V|nominal_capacity_in_Ah|reference,
Tongji,Tongji2_CY45-05_1--22.pkl,Tongji2_CY45-05_1--22,859,3.5,0,1,2.5,4.2,-1,12498,0,1,charge_capacity_in_Ah|current_in_A|cycle_number|discharge_capacity_in_Ah|internal_resistance_in_ohm|temperature_in_C|time_in_s|voltage_in_V,SOC_interval|already_spent_cycles|anode_material|cathode_material|cell_id|charge_protocol|cycle_data|depth_of_charge|depth_of_discharge|description|discharge_protocol|electrolyte_material|form_factor|max_current_limit_in_A|max_voltage_limit_in_V|min_current_limit_in_A|min_voltage_limit_in_V|nominal_capacity_in_Ah|reference,
RWTH,RWTH_033.pkl,RWTH_033,2259,1.85,0.2,0.8,3.5,3.9,-1,11015,0,1,charge_capacity_in_Ah|current_in_A|cycle_number|discharge_capacity_in_Ah|internal_resistance_in_ohm|temperature_in_C|time_in_s|voltage_in_V,SOC_interval|already_spent_cycles|anode_material|cathode_material|cell_id|charge_protocol|cycle_data|depth_of_charge|depth_of_discharge|description|discharge_protocol|electrolyte_material|form_factor|max_current_limit_in_A|max_voltage_limit_in_V|min_current_limit_in_A|min_voltage_limit_in_V|nominal_capacity_in_Ah|reference,
MATR,MATR_b4c19.pkl,MATR_b4c19,1111,1.1,0,1,2.0,3.5,-1,10924,61,1,Qdlin|charge_capacity_in_Ah|current_in_A|cycle_number|discharge_capacity_in_Ah|internal_resistance_in_ohm|temperature_in_C|time_in_s|voltage_in_V,SOC_interval|already_spent_cycles|anode_material|cathode_material|cell_id|charge_protocol|cycle_data|depth_of_charge|depth_of_discharge|description|discharge_protocol|electrolyte_material|form_factor|max_current_limit_in_A|max_voltage_limit_in_V|min_current_limit_in_A|min_voltage_limit_in_V|nominal_capacity_in_Ah|reference,
RWTH,RWTH_020.pkl,RWTH_020,2237,1.85,0.2,0.8,3.5,3.9,-1,11090,0,1,charge_capacity_in_Ah|current_in_A|cycle_number|discharge_capacity_in_Ah|internal_resistance_in_ohm|temperature_in_C|time_in_s|voltage_in_V,SOC_interval|already_spent_cycles|anode_material|cathode_material|cell_id|charge_protocol|cycle_data|depth_of_charge|depth_of_discharge|description|discharge_protocol|electrolyte_material|form_factor|max_current_limit_in_A|max_voltage_limit_in_V|min_current_limit_in_A|min_voltage_limit_in_V|nominal_capacity_in_Ah|reference,
MATR,MATR_b4c18.pkl,MATR_b4c18,1057,1.1,0,1,2.0,3.5,-1,10571,50,1,Qdlin|charge_capacity_in_Ah|current_in_A|cycle_number|discharge_capacity_in_Ah|internal_resistance_in_ohm|temperature_in_C|time_in_s|voltage_in_V,SOC_interval|already_spent_cycles|anode_material|cathode_material|cell_id|charge_protocol|cycle_data|depth_of_charge|depth_of_discharge|description|discharge_protocol|electrolyte_material|form_factor|max_current_limit_in_A|max_voltage_limit_in_V|min_current_limit_in_A|min_voltage_limit_in_V|nominal_capacity_in_Ah|reference,
Tongji,Tongji2_CY45-05_1--14.pkl,Tongji2_CY45-05_1--14,863,3.5,0,1,2.5,4.2,-1,12818,0,1,charge_capacity_in_Ah|current_in_A|cycle_number|discharge_capacity_in_Ah|internal_resistance_in_ohm|temperature_in_C|time_in_s|voltage_in_V,SOC_interval|already_spent_cycles|anode_material|cathode_material|cell_id|charge_protocol|cycle_data|depth_of_charge|depth_of_discharge|description|discharge_protocol|electrolyte_material|form_factor|max_current_limit_in_A|max_voltage_limit_in_V|min_current_limit_in_A|min_voltage_limit_in_V|nominal_capacity_in_Ah|reference,
HUST,HUST_6-5.pkl,HUST_6-5,2178,1.1,0,1,2.0,3.6,-1,8561,0,1,charge_capacity_in_Ah|current_in_A|cycle_number|discharge_capacity_in_Ah|internal_resistance_in_ohm|temperature_in_C|time_in_s|voltage_in_V,SOC_interval|already_spent_cycles|anode_material|cathode_material|cell_id|charge_protocol|cycle_data|depth_of_charge|depth_of_discharge|description|discharge_protocol|electrolyte_material|form_factor|max_current_limit_in_A|max_voltage_limit_in_V|min_current_limit_in_A|min_voltage_limit_in_V|nominal_capacity_in_Ah|reference,
RWTH,RWTH_031.pkl,RWTH_031,2264,1.85,0.2,0.8,3.5,3.9,-1,11083,0,1,charge_capacity_in_Ah|current_in_A|cycle_number|discharge_capacity_in_Ah|internal_resistance_in_ohm|temperature_in_C|time_in_s|voltage_in_V,SOC_interval|already_spent_cycles|anode_material|cathode_material|cell_id|charge_protocol|cycle_data|depth_of_charge|depth_of_discharge|description|discharge_protocol|electrolyte_material|form_factor|max_current_limit_in_A|max_voltage_limit_in_V|min_current_limit_in_A|min_voltage_limit_in_V|nominal_capacity_in_Ah|reference,
MATR,MATR_b1c27.pkl,MATR_b1c27,840,1.1,0,1,2.0,3.5,-1,11685,67,1,Qdlin|charge_capacity_in_Ah|current_in_A|cycle_number|discharge_capacity_in_Ah|internal_resistance_in_ohm|temperature_in_C|time_in_s|voltage_in_V,SOC_interval|already_spent_cycles|anode_material|cathode_material|cell_id|charge_protocol|cycle_data|depth_of_charge|depth_of_discharge|description|discharge_protocol|electrolyte_material|form_factor|max_current_limit_in_A|max_voltage_limit_in_V|min_current_limit_in_A|min_voltage_limit_in_V|nominal_capacity_in_Ah|reference,
RWTH,RWTH_017.pkl,RWTH_017,2279,1.85,0.2,0.8,3.5,3.9,-1,11036,0,1,charge_capacity_in_Ah|current_in_A|cycle_number|discharge_capacity_in_Ah|internal_resistance_in_ohm|temperature_in_C|time_in_s|voltage_in_V,SOC_interval|already_spent_cycles|anode_material|cathode_material|cell_id|charge_protocol|cycle_data|depth_of_charge|depth_of_discharge|description|discharge_protocol|electrolyte_material|form_factor|max_current_limit_in_A|max_voltage_limit_in_V|min_current_limit_in_A|min_voltage_limit_in_V|nominal_capacity_in_Ah|reference,
Tongji,Tongji2_CY45-05_1--13.pkl,Tongji2_CY45-05_1--13,867,3.5,0,1,2.5,4.2,-1,12797,0,1,charge_capacity_in_Ah|current_in_A|cycle_number|discharge_capacity_in_Ah|internal_resistance_in_ohm|temperature_in_C|time_in_s|voltage_in_V,SOC_interval|already_spent_cycles|anode_material|cathode_material|cell_id|charge_protocol|cycle_data|depth_of_charge|depth_of_discharge|description|discharge_protocol|electrolyte_material|form_factor|max_current_limit_in_A|max_voltage_limit_in_V|min_current_limit_in_A|min_voltage_limit_in_V|nominal_capacity_in_Ah|reference,
RWTH,RWTH_021.pkl,RWTH_021,2283,1.85,0.2,0.8,3.5,3.9,-1,10996,0,1,charge_capacity_in_Ah|current_in_A|cycle_number|discharge_capacity_in_Ah|internal_resistance_in_ohm|temperature_in_C|time_in_s|voltage_in_V,SOC_interval|already_spent_cycles|anode_material|cathode_material|cell_id|charge_protocol|cycle_data|depth_of_charge|depth_of_discharge|description|discharge_protocol|electrolyte_material|form_factor|max_current_limit_in_A|max_voltage_limit_in_V|min_current_limit_in_A|min_voltage_limit_in_V|nominal_capacity_in_Ah|reference,
MATR,MATR_b4c35.pkl,MATR_b4c35,1131,1.1,0,1,2.0,3.5,-1,10621,35,1,Qdlin|charge_capacity_in_Ah|current_in_A|cycle_number|discharge_capacity_in_Ah|internal_resistance_in_ohm|temperature_in_C|time_in_s|voltage_in_V,SOC_interval|already_spent_cycles|anode_material|cathode_material|cell_id|charge_protocol|cycle_data|depth_of_charge|depth_of_discharge|description|discharge_protocol|electrolyte_material|form_factor|max_current_limit_in_A|max_voltage_limit_in_V|min_current_limit_in_A|min_voltage_limit_in_V|nominal_capacity_in_Ah|reference,
RWTH,RWTH_022.pkl,RWTH_022,2283,1.85,0.2,0.8,3.5,3.9,-1,11051,0,1,charge_capacity_in_Ah|current_in_A|cycle_number|discharge_capacity_in_Ah|internal_resistance_in_ohm|temperature_in_C|time_in_s|voltage_in_V,SOC_interval|already_spent_cycles|anode_material|cathode_material|cell_id|charge_protocol|cycle_data|depth_of_charge|depth_of_discharge|description|discharge_protocol|electrolyte_material|form_factor|max_current_limit_in_A|max_voltage_limit_in_V|min_current_limit_in_A|min_voltage_limit_in_V|nominal_capacity_in_Ah|reference,
RWTH,RWTH_032.pkl,RWTH_032,2283,1.85,0.2,0.8,3.5,3.9,-1,11103,0,1,charge_capacity_in_Ah|current_in_A|cycle_number|discharge_capacity_in_Ah|internal_resistance_in_ohm|temperature_in_C|time_in_s|voltage_in_V,SOC_interval|already_spent_cycles|anode_material|cathode_material|cell_id|charge_protocol|cycle_data|depth_of_charge|depth_of_discharge|description|discharge_protocol|electrolyte_material|form_factor|max_current_limit_in_A|max_voltage_limit_in_V|min_current_limit_in_A|min_voltage_limit_in_V|nominal_capacity_in_Ah|reference,
RWTH,RWTH_016.pkl,RWTH_016,2286,1.85,0.2,0.8,3.5,3.9,-1,10996,0,1,charge_capacity_in_Ah|current_in_A|cycle_number|discharge_capacity_in_Ah|internal_resistance_in_ohm|temperature_in_C|time_in_s|voltage_in_V,SOC_interval|already_spent_cycles|anode_material|cathode_material|cell_id|charge_protocol|cycle_data|depth_of_charge|depth_of_discharge|description|discharge_protocol|electrolyte_material|form_factor|max_current_limit_in_A|max_voltage_limit_in_V|min_current_limit_in_A|min_voltage_limit_in_V|nominal_capacity_in_Ah|reference,
RWTH,RWTH_015.pkl,RWTH_015,2287,1.85,0.2,0.8,3.5,3.9,-1,11055,0,1,charge_capacity_in_Ah|current_in_A|cycle_number|discharge_capacity_in_Ah|internal_resistance_in_ohm|temperature_in_C|time_in_s|voltage_in_V,SOC_interval|already_spent_cycles|anode_material|cathode_material|cell_id|charge_protocol|cycle_data|depth_of_charge|depth_of_discharge|description|discharge_protocol|electrolyte_material|form_factor|max_current_limit_in_A|max_voltage_limit_in_V|min_current_limit_in_A|min_voltage_limit_in_V|nominal_capacity_in_Ah|reference,
MATR,MATR_b1c17.pkl,MATR_b1c17,855,1.1,0,1,2.0,3.5,-1,11958,49,1,Qdlin|charge_capacity_in_Ah|current_in_A|cycle_number|discharge_capacity_in_Ah|internal_resistance_in_ohm|temperature_in_C|time_in_s|voltage_in_V,SOC_interval|already_spent_cycles|anode_material|cathode_material|cell_id|charge_protocol|cycle_data|depth_of_charge|depth_of_discharge|description|discharge_protocol|electrolyte_material|form_factor|max_current_limit_in_A|max_voltage_limit_in_V|min_current_limit_in_A|min_voltage_limit_in_V|nominal_capacity_in_Ah|reference,
MATR,MATR_b4c40.pkl,MATR_b4c40,1122,1.1,0,1,2.0,3.5,-1,10702,82,1,Qdlin|charge_capacity_in_Ah|current_in_A|cycle_number|discharge_capacity_in_Ah|internal_resistance_in_ohm|temperature_in_C|time_in_s|voltage_in_V,SOC_interval|already_spent_cycles|anode_material|cathode_material|cell_id|charge_protocol|cycle_data|depth_of_charge|depth_of_discharge|description|discharge_protocol|electrolyte_material|form_factor|max_current_limit_in_A|max_voltage_limit_in_V|min_current_limit_in_A|min_voltage_limit_in_V|nominal_capacity_in_Ah|reference,
HUST,HUST_9-5.pkl,HUST_9-5,2168,1.1,0,1,2.0,3.6,-1,9993,0,1,charge_capacity_in_Ah|current_in_A|cycle_number|discharge_capacity_in_Ah|internal_resistance_in_ohm|temperature_in_C|time_in_s|voltage_in_V,SOC_interval|already_spent_cycles|anode_material|cathode_material|cell_id|charge_protocol|cycle_data|depth_of_charge|depth_of_discharge|description|discharge_protocol|electrolyte_material|form_factor|max_current_limit_in_A|max_voltage_limit_in_V|min_current_limit_in_A|min_voltage_limit_in_V|nominal_capacity_in_Ah|reference,
MATR,MATR_b4c24.pkl,MATR_b4c24,1115,1.1,0,1,2.0,3.5,-1,10802,94,1,Qdlin|charge_capacity_in_Ah|current_in_A|cycle_number|discharge_capacity_in_Ah|internal_resistance_in_ohm|temperature_in_C|time_in_s|voltage_in_V,SOC_interval|already_spent_cycles|anode_material|cathode_material|cell_id|charge_protocol|cycle_data|depth_of_charge|depth_of_discharge|description|discharge_protocol|electrolyte_material|form_factor|max_current_limit_in_A|max_voltage_limit_in_V|min_current_limit_in_A|min_voltage_limit_in_V|nominal_capacity_in_Ah|reference,
HUST,HUST_3-2.pkl,HUST_3-2,2283,1.1,0,1,2.0,3.6,-1,8928,0,1,charge_capacity_in_Ah|current_in_A|cycle_number|discharge_capacity_in_Ah|internal_resistance_in_ohm|temperature_in_C|time_in_s|voltage_in_V,SOC_interval|already_spent_cycles|anode_material|cathode_material|cell_id|charge_protocol|cycle_data|depth_of_charge|depth_of_discharge|description|discharge_protocol|electrolyte_material|form_factor|max_current_limit_in_A|max_voltage_limit_in_V|min_current_limit_in_A|min_voltage_limit_in_V|nominal_capacity_in_Ah|reference,
HUST,HUST_1-3.pkl,HUST_1-3,1858,1.1,0,1,2.0,3.6,-1,13370,0,1,charge_capacity_in_Ah|current_in_A|cycle_number|discharge_capacity_in_Ah|internal_resistance_in_ohm|temperature_in_C|time_in_s|voltage_in_V,SOC_interval|already_spent_cycles|anode_material|cathode_material|cell_id|charge_protocol|cycle_data|depth_of_charge|depth_of_discharge|description|discharge_protocol|electrolyte_material|form_factor|max_current_limit_in_A|max_voltage_limit_in_V|min_current_limit_in_A|min_voltage_limit_in_V|nominal_capacity_in_Ah|reference,
MATR,MATR_b3c18.pkl,MATR_b3c18,1144,1.1,0,1,2.0,3.5,-1,10724,64,1,Qdlin|charge_capacity_in_Ah|current_in_A|cycle_number|discharge_capacity_in_Ah|internal_resistance_in_ohm|temperature_in_C|time_in_s|voltage_in_V,SOC_interval|already_spent_cycles|anode_material|cathode_material|cell_id|charge_protocol|cycle_data|depth_of_charge|depth_of_discharge|description|discharge_protocol|electrolyte_material|form_factor|max_current_limit_in_A|max_voltage_limit_in_V|min_current_limit_in_A|min_voltage_limit_in_V|nominal_capacity_in_Ah|reference,
HUST,HUST_3-8.pkl,HUST_3-8,2342,1.1,0,1,2.0,3.6,-1,8281,0,1,charge_capacity_in_Ah|current_in_A|cycle_number|discharge_capacity_in_Ah|internal_resistance_in_ohm|temperature_in_C|time_in_s|voltage_in_V,SOC_interval|already_spent_cycles|anode_material|cathode_material|cell_id|charge_protocol|cycle_data|depth_of_charge|depth_of_discharge|description|discharge_protocol|electrolyte_material|form_factor|max_current_limit_in_A|max_voltage_limit_in_V|min_current_limit_in_A|min_voltage_limit_in_V|nominal_capacity_in_Ah|reference,
ISU_ILCC,ISU-ILCC_G38C2.pkl,ISU-ILCC_G38C2,564,0.25,0,1,3.0,4.2,-1,52903,0,1,charge_capacity_in_Ah|current_in_A|cycle_number|discharge_capacity_in_Ah|internal_resistance_in_ohm|temperature_in_C|time_in_s|voltage_in_V,SOC_interval|already_spent_cycles|anode_material|cathode_material|cell_id|charge_protocol|cycle_data|depth_of_charge|depth_of_discharge|description|discharge_protocol|electrolyte_material|form_factor|max_current_limit_in_A|max_voltage_limit_in_V|min_current_limit_in_A|min_voltage_limit_in_V|nominal_capacity_in_Ah|reference,
MATR,MATR_b1c28.pkl,MATR_b1c28,858,1.1,0,1,2.0,3.5,-1,11939,111,1,Qdlin|charge_capacity_in_Ah|current_in_A|cycle_number|discharge_capacity_in_Ah|internal_resistance_in_ohm|temperature_in_C|time_in_s|voltage_in_V,SOC_interval|already_spent_cycles|anode_material|cathode_material|cell_id|charge_protocol|cycle_data|depth_of_charge|depth_of_discharge|description|discharge_protocol|electrolyte_material|form_factor|max_current_limit_in_A|max_voltage_limit_in_V|min_current_limit_in_A|min_voltage_limit_in_V|nominal_capacity_in_Ah|reference,
MATR,MATR_b3c19.pkl,MATR_b3c19,1153,1.1,0,1,2.0,3.5,-1,11061,73,1,Qdlin|charge_capacity_in_Ah|current_in_A|cycle_number|discharge_capacity_in_Ah|internal_resistance_in_ohm|temperature_in_C|time_in_s|voltage_in_V,SOC_interval|already_spent_cycles|anode_material|cathode_material|cell_id|charge_protocol|cycle_data|depth_of_charge|depth_of_discharge|description|discharge_protocol|electrolyte_material|form_factor|max_current_limit_in_A|max_voltage_limit_in_V|min_current_limit_in_A|min_voltage_limit_in_V|nominal_capacity_in_Ah|reference,
MATR,MATR_b1c16.pkl,MATR_b1c16,860,1.1,0,1,2.0,3.5,-1,11902,16,1,Qdlin|charge_capacity_in_Ah|current_in_A|cycle_number|discharge_capacity_in_Ah|internal_resistance_in_ohm|temperature_in_C|time_in_s|voltage_in_V,SOC_interval|already_spent_cycles|anode_material|cathode_material|cell_id|charge_protocol|cycle_data|depth_of_charge|depth_of_discharge|description|discharge_protocol|electrolyte_material|form_factor|max_current_limit_in_A|max_voltage_limit_in_V|min_current_limit_in_A|min_voltage_limit_in_V|nominal_capacity_in_Ah|reference,
MATR,MATR_b1c25.pkl,MATR_b1c25,852,1.1,0,1,2.0,3.5,-1,12059,122,1,Qdlin|charge_capacity_in_Ah|current_in_A|cycle_number|discharge_capacity_in_Ah|internal_resistance_in_ohm|temperature_in_C|time_in_s|voltage_in_V,SOC_interval|already_spent_cycles|anode_material|cathode_material|cell_id|charge_protocol|cycle_data|depth_of_charge|depth_of_discharge|description|discharge_protocol|electrolyte_material|form_factor|max_current_limit_in_A|max_voltage_limit_in_V|min_current_limit_in_A|min_voltage_limit_in_V|nominal_capacity_in_Ah|reference,
RWTH,RWTH_014.pkl,RWTH_014,2309,1.85,0.2,0.8,3.5,3.9,-1,11081,0,1,charge_capacity_in_Ah|current_in_A|cycle_number|discharge_capacity_in_Ah|internal_resistance_in_ohm|temperature_in_C|time_in_s|voltage_in_V,SOC_interval|already_spent_cycles|anode_material|cathode_material|cell_id|charge_protocol|cycle_data|depth_of_charge|depth_of_discharge|description|discharge_protocol|electrolyte_material|form_factor|max_current_limit_in_A|max_voltage_limit_in_V|min_current_limit_in_A|min_voltage_limit_in_V|nominal_capacity_in_Ah|reference,
ISU_ILCC,ISU-ILCC_G22C4.pkl,ISU-ILCC_G22C4,523,0.25,0,1,3.0,4.2,-1,58025,0,1,charge_capacity_in_Ah|current_in_A|cycle_number|discharge_capacity_in_Ah|internal_resistance_in_ohm|temperature_in_C|time_in_s|voltage_in_V,SOC_interval|already_spent_cycles|anode_material|cathode_material|cell_id|charge_protocol|cycle_data|depth_of_charge|depth_of_discharge|description|discharge_protocol|electrolyte_material|form_factor|max_current_limit_in_A|max_voltage_limit_in_V|min_current_limit_in_A|min_voltage_limit_in_V|nominal_capacity_in_Ah|reference,
Tongji,Tongji2_CY45-05_1--24.pkl,Tongji2_CY45-05_1--24,888,3.5,0,1,2.5,4.2,-1,12499,0,1,charge_capacity_in_Ah|current_in_A|cycle_number|discharge_capacity_in_Ah|internal_resistance_in_ohm|temperature_in_C|time_in_s|voltage_in_V,SOC_interval|already_spent_cycles|anode_material|cathode_material|cell_id|charge_protocol|cycle_data|depth_of_charge|depth_of_discharge|description|discharge_protocol|electrolyte_material|form_factor|max_current_limit_in_A|max_voltage_limit_in_V|min_current_limit_in_A|min_voltage_limit_in_V|nominal_capacity_in_Ah|reference,
HUST,HUST_1-5.pkl,HUST_1-5,1971,1.1,0,1,2.0,3.6,-1,12267,0,1,charge_capacity_in_Ah|current_in_A|cycle_number|discharge_capacity_in_Ah|internal_resistance_in_ohm|temperature_in_C|time_in_s|voltage_in_V,SOC_interval|already_spent_cycles|anode_material|cathode_material|cell_id|charge_protocol|cycle_data|depth_of_charge|depth_of_discharge|description|discharge_protocol|electrolyte_material|form_factor|max_current_limit_in_A|max_voltage_limit_in_V|min_current_limit_in_A|min_voltage_limit_in_V|nominal_capacity_in_Ah|reference,
Tongji,Tongji2_CY45-05_1--28.pkl,Tongji2_CY45-05_1--28,884,3.5,0,1,2.5,4.2,-1,12491,0,1,charge_capacity_in_Ah|current_in_A|cycle_number|discharge_capacity_in_Ah|internal_resistance_in_ohm|temperature_in_C|time_in_s|voltage_in_V,SOC_interval|already_spent_cycles|anode_material|cathode_material|cell_id|charge_protocol|cycle_data|depth_of_charge|depth_of_discharge|description|discharge_protocol|electrolyte_material|form_factor|max_current_limit_in_A|max_voltage_limit_in_V|min_current_limit_in_A|min_voltage_limit_in_V|nominal_capacity_in_Ah|reference,
RWTH,RWTH_019.pkl,RWTH_019,2287,1.85,0.2,0.8,3.5,3.9,-1,11041,0,1,charge_capacity_in_Ah|current_in_A|cycle_number|discharge_capacity_in_Ah|internal_resistance_in_ohm|temperature_in_C|time_in_s|voltage_in_V,SOC_interval|already_spent_cycles|anode_material|cathode_material|cell_id|charge_protocol|cycle_data|depth_of_charge|depth_of_discharge|description|discharge_protocol|electrolyte_material|form_factor|max_current_limit_in_A|max_voltage_limit_in_V|min_current_limit_in_A|min_voltage_limit_in_V|nominal_capacity_in_Ah|reference,
RWTH,RWTH_023.pkl,RWTH_023,2322,1.85,0.2,0.8,3.5,3.9,-1,11075,0,1,charge_capacity_in_Ah|current_in_A|cycle_number|discharge_capacity_in_Ah|internal_resistance_in_ohm|temperature_in_C|time_in_s|voltage_in_V,SOC_interval|already_spent_cycles|anode_material|cathode_material|cell_id|charge_protocol|cycle_data|depth_of_charge|depth_of_discharge|description|discharge_protocol|electrolyte_material|form_factor|max_current_limit_in_A|max_voltage_limit_in_V|min_current_limit_in_A|min_voltage_limit_in_V|nominal_capacity_in_Ah|reference,
ISU_ILCC,ISU-ILCC_G24C3.pkl,ISU-ILCC_G24C3,552,0.25,0,1,3.0,4.2,-1,57598,0,1,charge_capacity_in_Ah|current_in_A|cycle_number|discharge_capacity_in_Ah|internal_resistance_in_ohm|temperature_in_C|time_in_s|voltage_in_V,SOC_interval|already_spent_cycles|anode_material|cathode_material|cell_id|charge_protocol|cycle_data|depth_of_charge|depth_of_discharge|description|discharge_protocol|electrolyte_material|form_factor|max_current_limit_in_A|max_voltage_limit_in_V|min_current_limit_in_A|min_voltage_limit_in_V|nominal_capacity_in_Ah|reference,
MATR,MATR_b1c7.pkl,MATR_b1c7,868,1.1,0,1,2.0,3.5,-1,12349,43,1,Qdlin|charge_capacity_in_Ah|current_in_A|cycle_number|discharge_capacity_in_Ah|internal_resistance_in_ohm|temperature_in_C|time_in_s|voltage_in_V,SOC_interval|already_spent_cycles|anode_material|cathode_material|cell_id|charge_protocol|cycle_data|depth_of_charge|depth_of_discharge|description|discharge_protocol|electrolyte_material|form_factor|max_current_limit_in_A|max_voltage_limit_in_V|min_current_limit_in_A|min_voltage_limit_in_V|nominal_capacity_in_Ah|reference,
MATR,MATR_b1c14.pkl,MATR_b1c14,878,1.1,0,1,2.0,3.5,-1,12223,53,1,Qdlin|charge_capacity_in_Ah|current_in_A|cycle_number|discharge_capacity_in_Ah|internal_resistance_in_ohm|temperature_in_C|time_in_s|voltage_in_V,SOC_interval|already_spent_cycles|anode_material|cathode_material|cell_id|charge_protocol|cycle_data|depth_of_charge|depth_of_discharge|description|discharge_protocol|electrolyte_material|form_factor|max_current_limit_in_A|max_voltage_limit_in_V|min_current_limit_in_A|min_voltage_limit_in_V|nominal_capacity_in_Ah|reference,
MATR,MATR_b1c31.pkl,MATR_b1c31,874,1.1,0,1,2.0,3.5,-1,12175,79,1,Qdlin|charge_capacity_in_Ah|current_in_A|cycle_number|discharge_capacity_in_Ah|internal_resistance_in_ohm|temperature_in_C|time_in_s|voltage_in_V,SOC_interval|already_spent_cycles|anode_material|cathode_material|cell_id|charge_protocol|cycle_data|depth_of_charge|depth_of_discharge|description|discharge_protocol|electrolyte_material|form_factor|max_current_limit_in_A|max_voltage_limit_in_V|min_current_limit_in_A|min_voltage_limit_in_V|nominal_capacity_in_Ah|reference,
ISU_ILCC,ISU-ILCC_G28C4.pkl,ISU-ILCC_G28C4,1633,0.25,0.058508871111112026,1,3.0,4.2,-1,10706,0,1,charge_capacity_in_Ah|current_in_A|cycle_number|discharge_capacity_in_Ah|internal_resistance_in_ohm|temperature_in_C|time_in_s|voltage_in_V,SOC_interval|already_spent_cycles|anode_material|cathode_material|cell_id|charge_protocol|cycle_data|depth_of_charge|depth_of_discharge|description|discharge_protocol|electrolyte_material|form_factor|max_current_limit_in_A|max_voltage_limit_in_V|min_current_limit_in_A|min_voltage_limit_in_V|nominal_capacity_in_Ah|reference,
HUST,HUST_8-7.pkl,HUST_8-7,2047,1.1,0,1,2.0,3.6,-1,10859,0,1,charge_capacity_in_Ah|current_in_A|cycle_number|discharge_capacity_in_Ah|internal_resistance_in_ohm|temperature_in_C|time_in_s|voltage_in_V,SOC_interval|already_spent_cycles|anode_material|cathode_material|cell_id|charge_protocol|cycle_data|depth_of_charge|depth_of_discharge|description|discharge_protocol|electrolyte_material|form_factor|max_current_limit_in_A|max_voltage_limit_in_V|min_current_limit_in_A|min_voltage_limit_in_V|nominal_capacity_in_Ah|reference,
ISU_ILCC,ISU-ILCC_G64C1.pkl,ISU-ILCC_G64C1,1500,0.25,0,1,3.0,4.2,-1,12857,0,1,charge_capacity_in_Ah|current_in_A|cycle_number|discharge_capacity_in_Ah|internal_resistance_in_ohm|temperature_in_C|time_in_s|voltage_in_V,SOC_interval|already_spent_cycles|anode_material|cathode_material|cell_id|charge_protocol|cycle_data|depth_of_charge|depth_of_discharge|description|discharge_protocol|electrolyte_material|form_factor|max_current_limit_in_A|max_voltage_limit_in_V|min_current_limit_in_A|min_voltage_limit_in_V|nominal_capacity_in_Ah|reference,
HUST,HUST_3-7.pkl,HUST_3-7,2479,1.1,0,1,2.0,3.6,-1,8331,0,1,charge_capacity_in_Ah|current_in_A|cycle_number|discharge_capacity_in_Ah|internal_resistance_in_ohm|temperature_in_C|time_in_s|voltage_in_V,SOC_interval|already_spent_cycles|anode_material|cathode_material|cell_id|charge_protocol|cycle_data|depth_of_charge|depth_of_discharge|description|discharge_protocol|electrolyte_material|form_factor|max_current_limit_in_A|max_voltage_limit_in_V|min_current_limit_in_A|min_voltage_limit_in_V|nominal_capacity_in_Ah|reference,
MATR,MATR_b1c26.pkl,MATR_b1c26,868,1.1,0,1,2.0,3.5,-1,12317,27,1,Qdlin|charge_capacity_in_Ah|current_in_A|cycle_number|discharge_capacity_in_Ah|internal_resistance_in_ohm|temperature_in_C|time_in_s|voltage_in_V,SOC_interval|already_spent_cycles|anode_material|cathode_material|cell_id|charge_protocol|cycle_data|depth_of_charge|depth_of_discharge|description|discharge_protocol|electrolyte_material|form_factor|max_current_limit_in_A|max_voltage_limit_in_V|min_current_limit_in_A|min_voltage_limit_in_V|nominal_capacity_in_Ah|reference,
Tongji,Tongji2_CY45-05_1--21.pkl,Tongji2_CY45-05_1--21,901,3.5,0,1,2.5,4.2,-1,12490,0,1,charge_capacity_in_Ah|current_in_A|cycle_number|discharge_capacity_in_Ah|internal_resistance_in_ohm|temperature_in_C|time_in_s|voltage_in_V,SOC_interval|already_spent_cycles|anode_material|cathode_material|cell_id|charge_protocol|cycle_data|depth_of_charge|depth_of_discharge|description|discharge_protocol|electrolyte_material|form_factor|max_current_limit_in_A|max_voltage_limit_in_V|min_current_limit_in_A|min_voltage_limit_in_V|nominal_capacity_in_Ah|reference,
XJTU,XJTU_3C_battery-10.pkl,XJTU_3C_battery-10,163,2.0,0,1,2.5,4.2,-1,75639,0,1,charge_capacity_in_Ah|current_in_A|cycle_number|discharge_capacity_in_Ah|internal_resistance_in_ohm|temperature_in_C|time_in_s|voltage_in_V,SOC_interval|already_spent_cycles|anode_material|cathode_material|cell_id|charge_protocol|cycle_data|depth_of_charge|depth_of_discharge|description|discharge_protocol|electrolyte_material|form_factor|max_current_limit_in_A|max_voltage_limit_in_V|min_current_limit_in_A|min_voltage_limit_in_V|nominal_capacity_in_Ah|reference,
RWTH,RWTH_024.pkl,RWTH_024,2321,1.85,0.2,0.8,3.5,3.9,-1,15075,0,1,charge_capacity_in_Ah|current_in_A|cycle_number|discharge_capacity_in_Ah|internal_resistance_in_ohm|temperature_in_C|time_in_s|voltage_in_V,SOC_interval|already_spent_cycles|anode_material|cathode_material|cell_id|charge_protocol|cycle_data|depth_of_charge|depth_of_discharge|description|discharge_protocol|electrolyte_material|form_factor|max_current_limit_in_A|max_voltage_limit_in_V|min_current_limit_in_A|min_voltage_limit_in_V|nominal_capacity_in_Ah|reference,
Tongji,Tongji2_CY45-05_1--23.pkl,Tongji2_CY45-05_1--23,918,3.5,0,1,2.5,4.2,-1,12922,0,1,charge_capacity_in_Ah|current_in_A|cycle_number|discharge_capacity_in_Ah|internal_resistance_in_ohm|temperature_in_C|time_in_s|voltage_in_V,SOC_interval|already_spent_cycles|anode_material|cathode_material|cell_id|charge_protocol|cycle_data|depth_of_charge|depth_of_discharge|description|discharge_protocol|electrolyte_material|form_factor|max_current_limit_in_A|max_voltage_limit_in_V|min_current_limit_in_A|min_voltage_limit_in_V|nominal_capacity_in_Ah|reference,
RWTH,RWTH_005.pkl,RWTH_005,2396,1.85,0.2,0.8,3.5,3.9,-1,11029,0,1,charge_capacity_in_Ah|current_in_A|cycle_number|discharge_capacity_in_Ah|internal_resistance_in_ohm|temperature_in_C|time_in_s|voltage_in_V,SOC_interval|already_spent_cycles|anode_material|cathode_material|cell_id|charge_protocol|cycle_data|depth_of_charge|depth_of_discharge|description|discharge_protocol|electrolyte_material|form_factor|max_current_limit_in_A|max_voltage_limit_in_V|min_current_limit_in_A|min_voltage_limit_in_V|nominal_capacity_in_Ah|reference,
XJTU,XJTU_3C_battery-15.pkl,XJTU_3C_battery-15,167,2.0,0,1,2.5,4.2,-1,76571,0,1,charge_capacity_in_Ah|current_in_A|cycle_number|discharge_capacity_in_Ah|internal_resistance_in_ohm|temperature_in_C|time_in_s|voltage_in_V,SOC_interval|already_spent_cycles|anode_material|cathode_material|cell_id|charge_protocol|cycle_data|depth_of_charge|depth_of_discharge|description|discharge_protocol|electrolyte_material|form_factor|max_current_limit_in_A|max_voltage_limit_in_V|min_current_limit_in_A|min_voltage_limit_in_V|nominal_capacity_in_Ah|reference,
RWTH,RWTH_002.pkl,RWTH_002,2413,1.85,0.2,0.8,3.5,3.9,-1,11029,0,1,charge_capacity_in_Ah|current_in_A|cycle_number|discharge_capacity_in_Ah|internal_resistance_in_ohm|temperature_in_C|time_in_s|voltage_in_V,SOC_interval|already_spent_cycles|anode_material|cathode_material|cell_id|charge_protocol|cycle_data|depth_of_charge|depth_of_discharge|description|discharge_protocol|electrolyte_material|form_factor|max_current_limit_in_A|max_voltage_limit_in_V|min_current_limit_in_A|min_voltage_limit_in_V|nominal_capacity_in_Ah|reference,
RWTH,RWTH_009.pkl,RWTH_009,2399,1.85,0.2,0.8,3.5,3.9,-1,11063,0,1,charge_capacity_in_Ah|current_in_A|cycle_number|discharge_capacity_in_Ah|internal_resistance_in_ohm|temperature_in_C|time_in_s|voltage_in_V,SOC_interval|already_spent_cycles|anode_material|cathode_material|cell_id|charge_protocol|cycle_data|depth_of_charge|depth_of_discharge|description|discharge_protocol|electrolyte_material|form_factor|max_current_limit_in_A|max_voltage_limit_in_V|min_current_limit_in_A|min_voltage_limit_in_V|nominal_capacity_in_Ah|reference,
RWTH,RWTH_007.pkl,RWTH_007,2414,1.85,0.2,0.8,3.5,3.9,-1,11012,0,1,charge_capacity_in_Ah|current_in_A|cycle_number|discharge_capacity_in_Ah|internal_resistance_in_ohm|temperature_in_C|time_in_s|voltage_in_V,SOC_interval|already_spent_cycles|anode_material|cathode_material|cell_id|charge_protocol|cycle_data|depth_of_charge|depth_of_discharge|description|discharge_protocol|electrolyte_material|form_factor|max_current_limit_in_A|max_voltage_limit_in_V|min_current_limit_in_A|min_voltage_limit_in_V|nominal_capacity_in_Ah|reference,
RWTH,RWTH_008.pkl,RWTH_008,2415,1.85,0.2,0.8,3.5,3.9,-1,11010,0,1,charge_capacity_in_Ah|current_in_A|cycle_number|discharge_capacity_in_Ah|internal_resistance_in_ohm|temperature_in_C|time_in_s|voltage_in_V,SOC_interval|already_spent_cycles|anode_material|cathode_material|cell_id|charge_protocol|cycle_data|depth_of_charge|depth_of_discharge|description|discharge_protocol|electrolyte_material|form_factor|max_current_limit_in_A|max_voltage_limit_in_V|min_current_limit_in_A|min_voltage_limit_in_V|nominal_capacity_in_Ah|reference,
MATR,MATR_b4c10.pkl,MATR_b4c10,1082,1.1,0,1,2.0,3.5,-1,11674,46,1,Qdlin|charge_capacity_in_Ah|current_in_A|cycle_number|discharge_capacity_in_Ah|internal_resistance_in_ohm|temperature_in_C|time_in_s|voltage_in_V,SOC_interval|already_spent_cycles|anode_material|cathode_material|cell_id|charge_protocol|cycle_data|depth_of_charge|depth_of_discharge|description|discharge_protocol|electrolyte_material|form_factor|max_current_limit_in_A|max_voltage_limit_in_V|min_current_limit_in_A|min_voltage_limit_in_V|nominal_capacity_in_Ah|reference,
RWTH,RWTH_004.pkl,RWTH_004,2416,1.85,0.2,0.8,3.5,3.9,-1,11059,0,1,charge_capacity_in_Ah|current_in_A|cycle_number|discharge_capacity_in_Ah|internal_resistance_in_ohm|temperature_in_C|time_in_s|voltage_in_V,SOC_interval|already_spent_cycles|anode_material|cathode_material|cell_id|charge_protocol|cycle_data|depth_of_charge|depth_of_discharge|description|discharge_protocol|electrolyte_material|form_factor|max_current_limit_in_A|max_voltage_limit_in_V|min_current_limit_in_A|min_voltage_limit_in_V|nominal_capacity_in_Ah|reference,
MATR,MATR_b1c29.pkl,MATR_b1c29,915,1.1,0,1,2.0,3.5,-1,12153,148,1,Qdlin|charge_capacity_in_Ah|current_in_A|cycle_number|discharge_capacity_in_Ah|internal_resistance_in_ohm|temperature_in_C|time_in_s|voltage_in_V,SOC_interval|already_spent_cycles|anode_material|cathode_material|cell_id|charge_protocol|cycle_data|depth_of_charge|depth_of_discharge|description|discharge_protocol|electrolyte_material|form_factor|max_current_limit_in_A|max_voltage_limit_in_V|min_current_limit_in_A|min_voltage_limit_in_V|nominal_capacity_in_Ah|reference,
RWTH,RWTH_011.pkl,RWTH_011,2437,1.85,0.2,0.8,3.5,3.9,-1,11049,0,1,charge_capacity_in_Ah|current_in_A|cycle_number|discharge_capacity_in_Ah|internal_resistance_in_ohm|temperature_in_C|time_in_s|voltage_in_V,SOC_interval|already_spent_cycles|anode_material|cathode_material|cell_id|charge_protocol|cycle_data|depth_of_charge|depth_of_discharge|description|discharge_protocol|electrolyte_material|form_factor|max_current_limit_in_A|max_voltage_limit_in_V|min_current_limit_in_A|min_voltage_limit_in_V|nominal_capacity_in_Ah|reference,
RWTH,RWTH_003.pkl,RWTH_003,2437,1.85,0.2,0.8,3.5,3.9,-1,11067,0,1,charge_capacity_in_Ah|current_in_A|cycle_number|discharge_capacity_in_Ah|internal_resistance_in_ohm|temperature_in_C|time_in_s|voltage_in_V,SOC_interval|already_spent_cycles|anode_material|cathode_material|cell_id|charge_protocol|cycle_data|depth_of_charge|depth_of_discharge|description|discharge_protocol|electrolyte_material|form_factor|max_current_limit_in_A|max_voltage_limit_in_V|min_current_limit_in_A|min_voltage_limit_in_V|nominal_capacity_in_Ah|reference,
RWTH,RWTH_010.pkl,RWTH_010,2441,1.85,0.2,0.8,3.5,3.9,-1,11037,0,1,charge_capacity_in_Ah|current_in_A|cycle_number|discharge_capacity_in_Ah|internal_resistance_in_ohm|temperature_in_C|time_in_s|voltage_in_V,SOC_interval|already_spent_cycles|anode_material|cathode_material|cell_id|charge_protocol|cycle_data|depth_of_charge|depth_of_discharge|description|discharge_protocol|electrolyte_material|form_factor|max_current_limit_in_A|max_voltage_limit_in_V|min_current_limit_in_A|min_voltage_limit_in_V|nominal_capacity_in_Ah|reference,
ISU_ILCC,ISU-ILCC_G30C4.pkl,ISU-ILCC_G30C4,943,0.25,0.08978567111111202,1,3.0,4.2,-1,23258,0,1,charge_capacity_in_Ah|current_in_A|cycle_number|discharge_capacity_in_Ah|internal_resistance_in_ohm|temperature_in_C|time_in_s|voltage_in_V,SOC_interval|already_spent_cycles|anode_material|cathode_material|cell_id|charge_protocol|cycle_data|depth_of_charge|depth_of_discharge|description|discharge_protocol|electrolyte_material|form_factor|max_current_limit_in_A|max_voltage_limit_in_V|min_current_limit_in_A|min_voltage_limit_in_V|nominal_capacity_in_Ah|reference,
RWTH,RWTH_006.pkl,RWTH_006,2418,1.85,0.2,0.8,3.5,3.9,-1,11155,0,1,charge_capacity_in_Ah|current_in_A|cycle_number|discharge_capacity_in_Ah|internal_resistance_in_ohm|temperature_in_C|time_in_s|voltage_in_V,SOC_interval|already_spent_cycles|anode_material|cathode_material|cell_id|charge_protocol|cycle_data|depth_of_charge|depth_of_discharge|description|discharge_protocol|electrolyte_material|form_factor|max_current_limit_in_A|max_voltage_limit_in_V|min_current_limit_in_A|min_voltage_limit_in_V|nominal_capacity_in_Ah|reference,
HUST,HUST_8-2.pkl,HUST_8-2,2041,1.1,0,1,2.0,3.6,-1,11932,0,1,charge_capacity_in_Ah|current_in_A|cycle_number|discharge_capacity_in_Ah|internal_resistance_in_ohm|temperature_in_C|time_in_s|voltage_in_V,SOC_interval|already_spent_cycles|anode_material|cathode_material|cell_id|charge_protocol|cycle_data|depth_of_charge|depth_of_discharge|description|discharge_protocol|electrolyte_material|form_factor|max_current_limit_in_A|max_voltage_limit_in_V|min_current_limit_in_A|min_voltage_limit_in_V|nominal_capacity_in_Ah|reference,
RWTH,RWTH_013.pkl,RWTH_013,2447,1.85,0.2,0.8,3.5,3.9,-1,11041,0,1,charge_capacity_in_Ah|current_in_A|cycle_number|discharge_capacity_in_Ah|internal_resistance_in_ohm|temperature_in_C|time_in_s|voltage_in_V,SOC_interval|already_spent_cycles|anode_material|cathode_material|cell_id|charge_protocol|cycle_data|depth_of_charge|depth_of_discharge|description|discharge_protocol|electrolyte_material|form_factor|max_current_limit_in_A|max_voltage_limit_in_V|min_current_limit_in_A|min_voltage_limit_in_V|nominal_capacity_in_Ah|reference,
RWTH,RWTH_012.pkl,RWTH_012,2448,1.85,0.2,0.8,3.5,3.9,-1,11040,0,1,charge_capacity_in_Ah|current_in_A|cycle_number|discharge_capacity_in_Ah|internal_resistance_in_ohm|temperature_in_C|time_in_s|voltage_in_V,SOC_interval|already_spent_cycles|anode_material|cathode_material|cell_id|charge_protocol|cycle_data|depth_of_charge|depth_of_discharge|description|discharge_protocol|electrolyte_material|form_factor|max_current_limit_in_A|max_voltage_limit_in_V|min_current_limit_in_A|min_voltage_limit_in_V|nominal_capacity_in_Ah|reference,
MATR,MATR_b3c33.pkl,MATR_b3c33,1282,1.1,0,1,2.0,3.5,-1,10402,29,1,Qdlin|charge_capacity_in_Ah|current_in_A|cycle_number|discharge_capacity_in_Ah|internal_resistance_in_ohm|temperature_in_C|time_in_s|voltage_in_V,SOC_interval|already_spent_cycles|anode_material|cathode_material|cell_id|charge_protocol|cycle_data|depth_of_charge|depth_of_discharge|description|discharge_protocol|electrolyte_material|form_factor|max_current_limit_in_A|max_voltage_limit_in_V|min_current_limit_in_A|min_voltage_limit_in_V|nominal_capacity_in_Ah|reference,
HUST,HUST_7-5.pkl,HUST_7-5,1873,1.1,0,1,2.0,3.6,-1,15071,0,1,charge_capacity_in_Ah|current_in_A|cycle_number|discharge_capacity_in_Ah|internal_resistance_in_ohm|temperature_in_C|time_in_s|voltage_in_V,SOC_interval|already_spent_cycles|anode_material|cathode_material|cell_id|charge_protocol|cycle_data|depth_of_charge|depth_of_discharge|description|discharge_protocol|electrolyte_material|form_factor|max_current_limit_in_A|max_voltage_limit_in_V|min_current_limit_in_A|min_voltage_limit_in_V|nominal_capacity_in_Ah|reference,
ISU_ILCC,ISU-ILCC_G61C3.pkl,ISU-ILCC_G61C3,2952,0.25,0.38474322222222224,1,3.0,4.2,-1,5639,0,1,charge_capacity_in_Ah|current_in_A|cycle_number|discharge_capacity_in_Ah|internal_resistance_in_ohm|temperature_in_C|time_in_s|voltage_in_V,SOC_interval|already_spent_cycles|anode_material|cathode_material|cell_id|charge_protocol|cycle_data|depth_of_charge|depth_of_discharge|description|discharge_protocol|electrolyte_material|form_factor|max_current_limit_in_A|max_voltage_limit_in_V|min_current_limit_in_A|min_voltage_limit_in_V|nominal_capacity_in_Ah|reference,
Tongji,Tongji2_CY45-05_1--27.pkl,Tongji2_CY45-05_1--27,928,3.5,0,1,2.5,4.2,-1,12473,0,1,charge_capacity_in_Ah|current_in_A|cycle_number|discharge_capacity_in_Ah|internal_resistance_in_ohm|temperature_in_C|time_in_s|voltage_in_V,SOC_interval|already_spent_cycles|anode_material|cathode_material|cell_id|charge_protocol|cycle_data|depth_of_charge|depth_of_discharge|description|discharge_protocol|electrolyte_material|form_factor|max_current_limit_in_A|max_voltage_limit_in_V|min_current_limit_in_A|min_voltage_limit_in_V|nominal_capacity_in_Ah|reference,
Tongji,Tongji2_CY45-05_1--25.pkl,Tongji2_CY45-05_1--25,932,3.5,0,1,2.5,4.2,-1,12481,0,1,charge_capacity_in_Ah|current_in_A|cycle_number|discharge_capacity_in_Ah|internal_resistance_in_ohm|temperature_in_C|time_in_s|voltage_in_V,SOC_interval|already_spent_cycles|anode_material|cathode_material|cell_id|charge_protocol|cycle_data|depth_of_charge|depth_of_discharge|description|discharge_protocol|electrolyte_material|form_factor|max_current_limit_in_A|max_voltage_limit_in_V|min_current_limit_in_A|min_voltage_limit_in_V|nominal_capacity_in_Ah|reference,
HUST,HUST_10-5.pkl,HUST_10-5,2030,1.1,0,1,2.0,3.6,-1,13113,0,1,charge_capacity_in_Ah|current_in_A|cycle_number|discharge_capacity_in_Ah|internal_resistance_in_ohm|temperature_in_C|time_in_s|voltage_in_V,SOC_interval|already_spent_cycles|anode_material|cathode_material|cell_id|charge_protocol|cycle_data|depth_of_charge|depth_of_discharge|description|discharge_protocol|electrolyte_material|form_factor|max_current_limit_in_A|max_voltage_limit_in_V|min_current_limit_in_A|min_voltage_limit_in_V|nominal_capacity_in_Ah|reference,
HUST,HUST_6-8.pkl,HUST_6-8,2450,1.1,0,1,2.0,3.6,-1,8998,0,1,charge_capacity_in_Ah|current_in_A|cycle_number|discharge_capacity_in_Ah|internal_resistance_in_ohm|temperature_in_C|time_in_s|voltage_in_V,SOC_interval|already_spent_cycles|anode_material|cathode_material|cell_id|charge_protocol|cycle_data|depth_of_charge|depth_of_discharge|description|discharge_protocol|electrolyte_material|form_factor|max_current_limit_in_A|max_voltage_limit_in_V|min_current_limit_in_A|min_voltage_limit_in_V|nominal_capacity_in_Ah|reference,
HUST,HUST_10-4.pkl,HUST_10-4,1811,1.1,0,1,2.0,3.6,-1,16375,0,1,charge_capacity_in_Ah|current_in_A|cycle_number|discharge_capacity_in_Ah|internal_resistance_in_ohm|temperature_in_C|time_in_s|voltage_in_V,SOC_interval|already_spent_cycles|anode_material|cathode_material|cell_id|charge_protocol|cycle_data|depth_of_charge|depth_of_discharge|description|discharge_protocol|electrolyte_material|form_factor|max_current_limit_in_A|max_voltage_limit_in_V|min_current_limit_in_A|min_voltage_limit_in_V|nominal_capacity_in_Ah|reference,
MATR,MATR_b4c38.pkl,MATR_b4c38,1230,1.1,0,1,2.0,3.5,-1,10623,47,1,Qdlin|charge_capacity_in_Ah|current_in_A|cycle_number|discharge_capacity_in_Ah|internal_resistance_in_ohm|temperature_in_C|time_in_s|voltage_in_V,SOC_interval|already_spent_cycles|anode_material|cathode_material|cell_id|charge_protocol|cycle_data|depth_of_charge|depth_of_discharge|description|discharge_protocol|electrolyte_material|form_factor|max_current_limit_in_A|max_voltage_limit_in_V|min_current_limit_in_A|min_voltage_limit_in_V|nominal_capacity_in_Ah|reference,
HUST,HUST_9-7.pkl,HUST_9-7,2012,1.1,0,1,2.0,3.6,-1,14162,0,1,charge_capacity_in_Ah|current_in_A|cycle_number|discharge_capacity_in_Ah|internal_resistance_in_ohm|temperature_in_C|time_in_s|voltage_in_V,SOC_interval|already_spent_cycles|anode_material|cathode_material|cell_id|charge_protocol|cycle_data|depth_of_charge|depth_of_discharge|description|discharge_protocol|electrolyte_material|form_factor|max_current_limit_in_A|max_voltage_limit_in_V|min_current_limit_in_A|min_voltage_limit_in_V|nominal_capacity_in_Ah|reference,
ISU_ILCC,ISU-ILCC_G35C4.pkl,ISU-ILCC_G35C4,656,0.25,0,1,3.0,4.2,-1,51816,0,1,charge_capacity_in_Ah|current_in_A|cycle_number|discharge_capacity_in_Ah|internal_resistance_in_ohm|temperature_in_C|time_in_s|voltage_in_V,SOC_interval|already_spent_cycles|anode_material|cathode_material|cell_id|charge_protocol|cycle_data|depth_of_charge|depth_of_discharge|description|discharge_protocol|electrolyte_material|form_factor|max_current_limit_in_A|max_voltage_limit_in_V|min_current_limit_in_A|min_voltage_limit_in_V|nominal_capacity_in_Ah|reference,
ISU_ILCC,ISU-ILCC_G22C1.pkl,ISU-ILCC_G22C1,586,0.25,0,1,3.0,4.2,-1,59363,0,1,charge_capacity_in_Ah|current_in_A|cycle_number|discharge_capacity_in_Ah|internal_resistance_in_ohm|temperature_in_C|time_in_s|voltage_in_V,SOC_interval|already_spent_cycles|anode_material|cathode_material|cell_id|charge_protocol|cycle_data|depth_of_charge|depth_of_discharge|description|discharge_protocol|electrolyte_material|form_factor|max_current_limit_in_A|max_voltage_limit_in_V|min_current_limit_in_A|min_voltage_limit_in_V|nominal_capacity_in_Ah|reference,
MATR,MATR_b3c17.pkl,MATR_b3c17,1313,1.1,0,1,2.0,3.5,-1,10940,48,1,Qdlin|charge_capacity_in_Ah|current_in_A|cycle_number|discharge_capacity_in_Ah|internal_resistance_in_ohm|temperature_in_C|time_in_s|voltage_in_V,SOC_interval|already_spent_cycles|anode_material|cathode_material|cell_id|charge_protocol|cycle_data|depth_of_charge|depth_of_discharge|description|discharge_protocol|electrolyte_material|form_factor|max_current_limit_in_A|max_voltage_limit_in_V|min_current_limit_in_A|min_voltage_limit_in_V|nominal_capacity_in_Ah|reference,
ISU_ILCC,ISU-ILCC_G21C1.pkl,ISU-ILCC_G21C1,586,0.25,0,1,3.0,4.2,-1,57294,0,1,charge_capacity_in_Ah|current_in_A|cycle_number|discharge_capacity_in_Ah|internal_resistance_in_ohm|temperature_in_C|time_in_s|voltage_in_V,SOC_interval|already_spent_cycles|anode_material|cathode_material|cell_id|charge_protocol|cycle_data|depth_of_charge|depth_of_discharge|description|discharge_protocol|electrolyte_material|form_factor|max_current_limit_in_A|max_voltage_limit_in_V|min_current_limit_in_A|min_voltage_limit_in_V|nominal_capacity_in_Ah|reference,
HUST,HUST_5-4.pkl,HUST_5-4,1962,1.1,0,1,2.0,3.6,-1,13764,0,1,charge_capacity_in_Ah|current_in_A|cycle_number|discharge_capacity_in_Ah|internal_resistance_in_ohm|temperature_in_C|time_in_s|voltage_in_V,SOC_interval|already_spent_cycles|anode_material|cathode_material|cell_id|charge_protocol|cycle_data|depth_of_charge|depth_of_discharge|description|discharge_protocol|electrolyte_material|form_factor|max_current_limit_in_A|max_voltage_limit_in_V|min_current_limit_in_A|min_voltage_limit_in_V|nominal_capacity_in_Ah|reference,
HUST,HUST_1-8.pkl,HUST_1-8,2285,1.1,0,1,2.0,3.6,-1,10316,0,1,charge_capacity_in_Ah|current_in_A|cycle_number|discharge_capacity_in_Ah|internal_resistance_in_ohm|temperature_in_C|time_in_s|voltage_in_V,SOC_interval|already_spent_cycles|anode_material|cathode_material|cell_id|charge_protocol|cycle_data|depth_of_charge|depth_of_discharge|description|discharge_protocol|electrolyte_material|form_factor|max_current_limit_in_A|max_voltage_limit_in_V|min_current_limit_in_A|min_voltage_limit_in_V|nominal_capacity_in_Ah|reference,
ISU_ILCC,ISU-ILCC_G23C3.pkl,ISU-ILCC_G23C3,629,0.25,0,1,3.0,4.2,-1,55855,0,1,charge_capacity_in_Ah|current_in_A|cycle_number|discharge_capacity_in_Ah|internal_resistance_in_ohm|temperature_in_C|time_in_s|voltage_in_V,SOC_interval|already_spent_cycles|anode_material|cathode_material|cell_id|charge_protocol|cycle_data|depth_of_charge|depth_of_discharge|description|discharge_protocol|electrolyte_material|form_factor|max_current_limit_in_A|max_voltage_limit_in_V|min_current_limit_in_A|min_voltage_limit_in_V|nominal_capacity_in_Ah|reference,
ISU_ILCC,ISU-ILCC_G24C1.pkl,ISU-ILCC_G24C1,631,0.25,0,1,3.0,4.2,-1,57250,0,1,charge_capacity_in_Ah|current_in_A|cycle_number|discharge_capacity_in_Ah|internal_resistance_in_ohm|temperature_in_C|time_in_s|voltage_in_V,SOC_interval|already_spent_cycles|anode_material|cathode_material|cell_id|charge_protocol|cycle_data|depth_of_charge|depth_of_discharge|description|discharge_protocol|electrolyte_material|form_factor|max_current_limit_in_A|max_voltage_limit_in_V|min_current_limit_in_A|min_voltage_limit_in_V|nominal_capacity_in_Ah|reference,
HUST,HUST_9-8.pkl,HUST_9-8,2308,1.1,0,1,2.0,3.6,-1,11119,0,1,charge_capacity_in_Ah|current_in_A|cycle_number|discharge_capacity_in_Ah|internal_resistance_in_ohm|temperature_in_C|time_in_s|voltage_in_V,SOC_interval|already_spent_cycles|anode_material|cathode_material|cell_id|charge_protocol|cycle_data|depth_of_charge|depth_of_discharge|description|discharge_protocol|electrolyte_material|form_factor|max_current_limit_in_A|max_voltage_limit_in_V|min_current_limit_in_A|min_voltage_limit_in_V|nominal_capacity_in_Ah|reference,
ISU_ILCC,ISU-ILCC_G64C2.pkl,ISU-ILCC_G64C2,1993,0.25,0,1,3.0,4.2,-1,10732,0,1,charge_capacity_in_Ah|current_in_A|cycle_number|discharge_capacity_in_Ah|internal_resistance_in_ohm|temperature_in_C|time_in_s|voltage_in_V,SOC_interval|already_spent_cycles|anode_material|cathode_material|cell_id|charge_protocol|cycle_data|depth_of_charge|depth_of_discharge|description|discharge_protocol|electrolyte_material|form_factor|max_current_limit_in_A|max_voltage_limit_in_V|min_current_limit_in_A|min_voltage_limit_in_V|nominal_capacity_in_Ah|reference,
ISU_ILCC,ISU-ILCC_G24C4.pkl,ISU-ILCC_G24C4,634,0.25,0,1,3.0,4.2,-1,56040,0,1,charge_capacity_in_Ah|current_in_A|cycle_number|discharge_capacity_in_Ah|internal_resistance_in_ohm|temperature_in_C|time_in_s|voltage_in_V,SOC_interval|already_spent_cycles|anode_material|cathode_material|cell_id|charge_protocol|cycle_data|depth_of_charge|depth_of_discharge|description|discharge_protocol|electrolyte_material|form_factor|max_current_limit_in_A|max_voltage_limit_in_V|min_current_limit_in_A|min_voltage_limit_in_V|nominal_capacity_in_Ah|reference,
HUST,HUST_3-6.pkl,HUST_3-6,2491,1.1,0,1,2.0,3.6,-1,9581,0,1,charge_capacity_in_Ah|current_in_A|cycle_number|discharge_capacity_in_Ah|internal_resistance_in_ohm|temperature_in_C|time_in_s|voltage_in_V,SOC_interval|already_spent_cycles|anode_material|cathode_material|cell_id|charge_protocol|cycle_data|depth_of_charge|depth_of_discharge|description|discharge_protocol|electrolyte_material|form_factor|max_current_limit_in_A|max_voltage_limit_in_V|min_current_limit_in_A|min_voltage_limit_in_V|nominal_capacity_in_Ah|reference,
RWTH,RWTH_025.pkl,RWTH_025,2309,1.85,0.2,0.8,3.5,3.9,-1,11269,0,1,charge_capacity_in_Ah|current_in_A|cycle_number|discharge_capacity_in_Ah|internal_resistance_in_ohm|temperature_in_C|time_in_s|voltage_in_V,SOC_interval|already_spent_cycles|anode_material|cathode_material|cell_id|charge_protocol|cycle_data|depth_of_charge|depth_of_discharge|description|discharge_protocol|electrolyte_material|form_factor|max_current_limit_in_A|max_voltage_limit_in_V|min_current_limit_in_A|min_voltage_limit_in_V|nominal_capacity_in_Ah|reference,
HUST,HUST_4-2.pkl,HUST_4-2,1782,1.1,0,1,2.0,3.6,-1,18028,0,1,charge_capacity_in_Ah|current_in_A|cycle_number|discharge_capacity_in_Ah|internal_resistance_in_ohm|temperature_in_C|time_in_s|voltage_in_V,SOC_interval|already_spent_cycles|anode_material|cathode_material|cell_id|charge_protocol|cycle_data|depth_of_charge|depth_of_discharge|description|discharge_protocol|electrolyte_material|form_factor|max_current_limit_in_A|max_voltage_limit_in_V|min_current_limit_in_A|min_voltage_limit_in_V|nominal_capacity_in_Ah|reference,
ISU_ILCC,ISU-ILCC_G63C1.pkl,ISU-ILCC_G63C1,2073,0.25,0.08875999999999995,1,3.0,4.2,-1,9442,0,1,charge_capacity_in_Ah|current_in_A|cycle_number|discharge_capacity_in_Ah|internal_resistance_in_ohm|temperature_in_C|time_in_s|voltage_in_V,SOC_interval|already_spent_cycles|anode_material|cathode_material|cell_id|charge_protocol|cycle_data|depth_of_charge|depth_of_discharge|description|discharge_protocol|electrolyte_material|form_factor|max_current_limit_in_A|max_voltage_limit_in_V|min_current_limit_in_A|min_voltage_limit_in_V|nominal_capacity_in_Ah|reference,
MICH_EXP,MICH_01R_pouch_NMC_25C_0-100_0.2-0.2C.pkl,MICH_01R_pouch_NMC_25C_0-100_0.2-0.2C,379,5.0,0,1,3,4.2,-1,65569,0,1,charge_capacity_in_Ah|current_in_A|cycle_number|discharge_capacity_in_Ah|internal_resistance_in_ohm|temperature_in_C|time_in_s|voltage_in_V,SOC_interval|already_spent_cycles|anode_material|cathode_material|cell_id|charge_protocol|cycle_data|depth_of_charge|depth_of_discharge|description|discharge_protocol|electrolyte_material|form_factor|max_current_limit_in_A|max_voltage_limit_in_V|min_current_limit_in_A|min_voltage_limit_in_V|nominal_capacity_in_Ah|reference,
HUST,HUST_8-3.pkl,HUST_8-3,2290,1.1,0,1,2.0,3.6,-1,11460,0,1,charge_capacity_in_Ah|current_in_A|cycle_number|discharge_capacity_in_Ah|internal_resistance_in_ohm|temperature_in_C|time_in_s|voltage_in_V,SOC_interval|already_spent_cycles|anode_material|cathode_material|cell_id|charge_protocol|cycle_data|depth_of_charge|depth_of_discharge|description|discharge_protocol|electrolyte_material|form_factor|max_current_limit_in_A|max_voltage_limit_in_V|min_current_limit_in_A|min_voltage_limit_in_V|nominal_capacity_in_Ah|reference,
MATR,MATR_b1c40.pkl,MATR_b1c40,964,1.1,0,1,2.0,3.5,-1,12032,97,1,Qdlin|charge_capacity_in_Ah|current_in_A|cycle_number|discharge_capacity_in_Ah|internal_resistance_in_ohm|temperature_in_C|time_in_s|voltage_in_V,SOC_interval|already_spent_cycles|anode_material|cathode_material|cell_id|charge_protocol|cycle_data|depth_of_charge|depth_of_discharge|description|discharge_protocol|electrolyte_material|form_factor|max_current_limit_in_A|max_voltage_limit_in_V|min_current_limit_in_A|min_voltage_limit_in_V|nominal_capacity_in_Ah|reference,
ISU_ILCC,ISU-ILCC_G19C1.pkl,ISU-ILCC_G19C1,1002,0.25,0.24231755555555556,1,3.0,4.2,-1,34563,0,1,charge_capacity_in_Ah|current_in_A|cycle_number|discharge_capacity_in_Ah|internal_resistance_in_ohm|temperature_in_C|time_in_s|voltage_in_V,SOC_interval|already_spent_cycles|anode_material|cathode_material|cell_id|charge_protocol|cycle_data|depth_of_charge|depth_of_discharge|description|discharge_protocol|electrolyte_material|form_factor|max_current_limit_in_A|max_voltage_limit_in_V|min_current_limit_in_A|min_voltage_limit_in_V|nominal_capacity_in_Ah|reference,
HUST,HUST_7-8.pkl,HUST_7-8,1938,1.1,0,1,2.0,3.6,-1,16033,0,1,charge_capacity_in_Ah|current_in_A|cycle_number|discharge_capacity_in_Ah|internal_resistance_in_ohm|temperature_in_C|time_in_s|voltage_in_V,SOC_interval|already_spent_cycles|anode_material|cathode_material|cell_id|charge_protocol|cycle_data|depth_of_charge|depth_of_discharge|description|discharge_protocol|electrolyte_material|form_factor|max_current_limit_in_A|max_voltage_limit_in_V|min_current_limit_in_A|min_voltage_limit_in_V|nominal_capacity_in_Ah|reference,
ISU_ILCC,ISU-ILCC_G63C2.pkl,ISU-ILCC_G63C2,2328,0.25,0.07126811111111109,1,3.0,4.2,-1,8819,0,1,charge_capacity_in_Ah|current_in_A|cycle_number|discharge_capacity_in_Ah|internal_resistance_in_ohm|temperature_in_C|time_in_s|voltage_in_V,SOC_interval|already_spent_cycles|anode_material|cathode_material|cell_id|charge_protocol|cycle_data|depth_of_charge|depth_of_discharge|description|discharge_protocol|electrolyte_material|form_factor|max_current_limit_in_A|max_voltage_limit_in_V|min_current_limit_in_A|min_voltage_limit_in_V|nominal_capacity_in_Ah|reference,
MATR,MATR_b1c24.pkl,MATR_b1c24,1015,1.1,0,1,2.0,3.5,-1,11776,56,1,Qdlin|charge_capacity_in_Ah|current_in_A|cycle_number|discharge_capacity_in_Ah|internal_resistance_in_ohm|temperature_in_C|time_in_s|voltage_in_V,SOC_interval|already_spent_cycles|anode_material|cathode_material|cell_id|charge_protocol|cycle_data|depth_of_charge|depth_of_discharge|description|discharge_protocol|electrolyte_material|form_factor|max_current_limit_in_A|max_voltage_limit_in_V|min_current_limit_in_A|min_voltage_limit_in_V|nominal_capacity_in_Ah|reference,
Tongji,Tongji1_CY25-025_1--1.pkl,Tongji1_CY25-025_1--1,487,3.5,0,1,2.65,4.2,-1,11485,0,1,charge_capacity_in_Ah|current_in_A|cycle_number|discharge_capacity_in_Ah|internal_resistance_in_ohm|temperature_in_C|time_in_s|voltage_in_V,SOC_interval|already_spent_cycles|anode_material|cathode_material|cell_id|charge_protocol|cycle_data|depth_of_charge|depth_of_discharge|description|discharge_protocol|electrolyte_material|form_factor|max_current_limit_in_A|max_voltage_limit_in_V|min_current_limit_in_A|min_voltage_limit_in_V|nominal_capacity_in_Ah|reference,
MATR,MATR_b1c23.pkl,MATR_b1c23,1012,1.1,0,1,2.0,3.5,-1,11880,98,1,Qdlin|charge_capacity_in_Ah|current_in_A|cycle_number|discharge_capacity_in_Ah|internal_resistance_in_ohm|temperature_in_C|time_in_s|voltage_in_V,SOC_interval|already_spent_cycles|anode_material|cathode_material|cell_id|charge_protocol|cycle_data|depth_of_charge|depth_of_discharge|description|discharge_protocol|electrolyte_material|form_factor|max_current_limit_in_A|max_voltage_limit_in_V|min_current_limit_in_A|min_voltage_limit_in_V|nominal_capacity_in_Ah|reference,
ISU_ILCC,ISU-ILCC_G28C1.pkl,ISU-ILCC_G28C1,1693,0.25,0.06273159111111204,1,3.0,4.2,-1,12124,0,1,charge_capacity_in_Ah|current_in_A|cycle_number|discharge_capacity_in_Ah|internal_resistance_in_ohm|temperature_in_C|time_in_s|voltage_in_V,SOC_interval|already_spent_cycles|anode_material|cathode_material|cell_id|charge_protocol|cycle_data|depth_of_charge|depth_of_discharge|description|discharge_protocol|electrolyte_material|form_factor|max_current_limit_in_A|max_voltage_limit_in_V|min_current_limit_in_A|min_voltage_limit_in_V|nominal_capacity_in_Ah|reference,
HUST,HUST_5-6.pkl,HUST_5-6,2460,1.1,0,1,2.0,3.6,-1,9935,0,1,charge_capacity_in_Ah|current_in_A|cycle_number|discharge_capacity_in_Ah|internal_resistance_in_ohm|temperature_in_C|time_in_s|voltage_in_V,SOC_interval|already_spent_cycles|anode_material|cathode_material|cell_id|charge_protocol|cycle_data|depth_of_charge|depth_of_discharge|description|discharge_protocol|electrolyte_material|form_factor|max_current_limit_in_A|max_voltage_limit_in_V|min_current_limit_in_A|min_voltage_limit_in_V|nominal_capacity_in_Ah|reference,
MATR,MATR_b2c47.pkl,MATR_b2c47,744,1.1,0,1,2.0,3.5,-1,11290,89,1,Qdlin|charge_capacity_in_Ah|current_in_A|cycle_number|discharge_capacity_in_Ah|internal_resistance_in_ohm|temperature_in_C|time_in_s|voltage_in_V,SOC_interval|already_spent_cycles|anode_material|cathode_material|cell_id|charge_protocol|cycle_data|depth_of_charge|depth_of_discharge|description|discharge_protocol|electrolyte_material|form_factor|max_current_limit_in_A|max_voltage_limit_in_V|min_current_limit_in_A|min_voltage_limit_in_V|nominal_capacity_in_Ah|reference,
HUST,HUST_9-2.pkl,HUST_9-2,2143,1.1,0,1,2.0,3.6,-1,14522,0,1,charge_capacity_in_Ah|current_in_A|cycle_number|discharge_capacity_in_Ah|internal_resistance_in_ohm|temperature_in_C|time_in_s|voltage_in_V,SOC_interval|already_spent_cycles|anode_material|cathode_material|cell_id|charge_protocol|cycle_data|depth_of_charge|depth_of_discharge|description|discharge_protocol|electrolyte_material|form_factor|max_current_limit_in_A|max_voltage_limit_in_V|min_current_limit_in_A|min_voltage_limit_in_V|nominal_capacity_in_Ah|reference,
ISU_ILCC,ISU-ILCC_G22C3.pkl,ISU-ILCC_G22C3,650,0.25,0,1,3.0,4.2,-1,55471,0,1,charge_capacity_in_Ah|current_in_A|cycle_number|discharge_capacity_in_Ah|internal_resistance_in_ohm|temperature_in_C|time_in_s|voltage_in_V,SOC_interval|already_spent_cycles|anode_material|cathode_material|cell_id|charge_protocol|cycle_data|depth_of_charge|depth_of_discharge|description|discharge_protocol|electrolyte_material|form_factor|max_current_limit_in_A|max_voltage_limit_in_V|min_current_limit_in_A|min_voltage_limit_in_V|nominal_capacity_in_Ah|reference,
ISU_ILCC,ISU-ILCC_G21C4.pkl,ISU-ILCC_G21C4,659,0.25,0,1,3.0,4.2,-1,54869,0,1,charge_capacity_in_Ah|current_in_A|cycle_number|discharge_capacity_in_Ah|internal_resistance_in_ohm|temperature_in_C|time_in_s|voltage_in_V,SOC_interval|already_spent_cycles|anode_material|cathode_material|cell_id|charge_protocol|cycle_data|depth_of_charge|depth_of_discharge|description|discharge_protocol|electrolyte_material|form_factor|max_current_limit_in_A|max_voltage_limit_in_V|min_current_limit_in_A|min_voltage_limit_in_V|nominal_capacity_in_Ah|reference,
ISU_ILCC,ISU-ILCC_G38C1.pkl,ISU-ILCC_G38C1,770,0.25,0,1,3.0,4.2,-1,46287,0,1,charge_capacity_in_Ah|current_in_A|cycle_number|discharge_capacity_in_Ah|internal_resistance_in_ohm|temperature_in_C|time_in_s|voltage_in_V,SOC_interval|already_spent_cycles|anode_material|cathode_material|cell_id|charge_protocol|cycle_data|depth_of_charge|depth_of_discharge|description|discharge_protocol|electrolyte_material|form_factor|max_current_limit_in_A|max_voltage_limit_in_V|min_current_limit_in_A|min_voltage_limit_in_V|nominal_capacity_in_Ah|reference,
ISU_ILCC,ISU-ILCC_G23C1.pkl,ISU-ILCC_G23C1,679,0.25,0,1,3.0,4.2,-1,57556,0,1,charge_capacity_in_Ah|current_in_A|cycle_number|discharge_capacity_in_Ah|internal_resistance_in_ohm|temperature_in_C|time_in_s|voltage_in_V,SOC_interval|already_spent_cycles|anode_material|cathode_material|cell_id|charge_protocol|cycle_data|depth_of_charge|depth_of_discharge|description|discharge_protocol|electrolyte_material|form_factor|max_current_limit_in_A|max_voltage_limit_in_V|min_current_limit_in_A|min_voltage_limit_in_V|nominal_capacity_in_Ah|reference,
MATR,MATR_b1c41.pkl,MATR_b1c41,1049,1.1,0,1,2.0,3.5,-1,11809,72,1,Qdlin|charge_capacity_in_Ah|current_in_A|cycle_number|discharge_capacity_in_Ah|internal_resistance_in_ohm|temperature_in_C|time_in_s|voltage_in_V,SOC_interval|already_spent_cycles|anode_material|cathode_material|cell_id|charge_protocol|cycle_data|depth_of_charge|depth_of_discharge|description|discharge_protocol|electrolyte_material|form_factor|max_current_limit_in_A|max_voltage_limit_in_V|min_current_limit_in_A|min_voltage_limit_in_V|nominal_capacity_in_Ah|reference,
MATR,MATR_b1c9.pkl,MATR_b1c9,1052,1.1,0,1,2.0,3.5,-1,11922,99,1,Qdlin|charge_capacity_in_Ah|current_in_A|cycle_number|discharge_capacity_in_Ah|internal_resistance_in_ohm|temperature_in_C|time_in_s|voltage_in_V,SOC_interval|already_spent_cycles|anode_material|cathode_material|cell_id|charge_protocol|cycle_data|depth_of_charge|depth_of_discharge|description|discharge_protocol|electrolyte_material|form_factor|max_current_limit_in_A|max_voltage_limit_in_V|min_current_limit_in_A|min_voltage_limit_in_V|nominal_capacity_in_Ah|reference,
MATR,MATR_b1c5.pkl,MATR_b1c5,1072,1.1,0,1,2.0,3.5,-1,12046,34,1,Qdlin|charge_capacity_in_Ah|current_in_A|cycle_number|discharge_capacity_in_Ah|internal_resistance_in_ohm|temperature_in_C|time_in_s|voltage_in_V,SOC_interval|already_spent_cycles|anode_material|cathode_material|cell_id|charge_protocol|cycle_data|depth_of_charge|depth_of_discharge|description|discharge_protocol|electrolyte_material|form_factor|max_current_limit_in_A|max_voltage_limit_in_V|min_current_limit_in_A|min_voltage_limit_in_V|nominal_capacity_in_Ah|reference,
HUST,HUST_2-2.pkl,HUST_2-2,2651,1.1,0,1,2.0,3.6,-1,9770,0,1,charge_capacity_in_Ah|current_in_A|cycle_number|discharge_capacity_in_Ah|internal_resistance_in_ohm|temperature_in_C|time_in_s|voltage_in_V,SOC_interval|already_spent_cycles|anode_material|cathode_material|cell_id|charge_protocol|cycle_data|depth_of_charge|depth_of_discharge|description|discharge_protocol|electrolyte_material|form_factor|max_current_limit_in_A|max_voltage_limit_in_V|min_current_limit_in_A|min_voltage_limit_in_V|nominal_capacity_in_Ah|reference,
ISU_ILCC,ISU-ILCC_G37C4.pkl,ISU-ILCC_G37C4,587,0.25,0,1,3.0,4.2,-1,57828,0,1,charge_capacity_in_Ah|current_in_A|cycle_number|discharge_capacity_in_Ah|internal_resistance_in_ohm|temperature_in_C|time_in_s|voltage_in_V,SOC_interval|already_spent_cycles|anode_material|cathode_material|cell_id|charge_protocol|cycle_data|depth_of_charge|depth_of_discharge|description|discharge_protocol|electrolyte_material|form_factor|max_current_limit_in_A|max_voltage_limit_in_V|min_current_limit_in_A|min_voltage_limit_in_V|nominal_capacity_in_Ah|reference,
HUST,HUST_10-6.pkl,HUST_10-6,2285,1.1,0,1,2.0,3.6,-1,13061,0,1,charge_capacity_in_Ah|current_in_A|cycle_number|discharge_capacity_in_Ah|internal_resistance_in_ohm|temperature_in_C|time_in_s|voltage_in_V,SOC_interval|already_spent_cycles|anode_material|cathode_material|cell_id|charge_protocol|cycle_data|depth_of_charge|depth_of_discharge|description|discharge_protocol|electrolyte_material|form_factor|max_current_limit_in_A|max_voltage_limit_in_V|min_current_limit_in_A|min_voltage_limit_in_V|nominal_capacity_in_Ah|reference,
HUST,HUST_5-1.pkl,HUST_5-1,2507,1.1,0,1,2.0,3.6,-1,10886,0,1,charge_capacity_in_Ah|current_in_A|cycle_number|discharge_capacity_in_Ah|internal_resistance_in_ohm|temperature_in_C|time_in_s|voltage_in_V,SOC_interval|already_spent_cycles|anode_material|cathode_material|cell_id|charge_protocol|cycle_data|depth_of_charge|depth_of_discharge|description|discharge_protocol|electrolyte_material|form_factor|max_current_limit_in_A|max_voltage_limit_in_V|min_current_limit_in_A|min_voltage_limit_in_V|nominal_capacity_in_Ah|reference,
HUST,HUST_8-6.pkl,HUST_8-6,2365,1.1,0,1,2.0,3.6,-1,12060,0,1,charge_capacity_in_Ah|current_in_A|cycle_number|discharge_capacity_in_Ah|internal_resistance_in_ohm|temperature_in_C|time_in_s|voltage_in_V,SOC_interval|already_spent_cycles|anode_material|cathode_material|cell_id|charge_protocol|cycle_data|depth_of_charge|depth_of_discharge|description|discharge_protocol|electrolyte_material|form_factor|max_current_limit_in_A|max_voltage_limit_in_V|min_current_limit_in_A|min_voltage_limit_in_V|nominal_capacity_in_Ah|reference,
ISU_ILCC,ISU-ILCC_G39C2.pkl,ISU-ILCC_G39C2,716,0.25,0,1,3.0,4.2,-1,55566,0,1,charge_capacity_in_Ah|current_in_A|cycle_number|discharge_capacity_in_Ah|internal_resistance_in_ohm|temperature_in_C|time_in_s|voltage_in_V,SOC_interval|already_spent_cycles|anode_material|cathode_material|cell_id|charge_protocol|cycle_data|depth_of_charge|depth_of_discharge|description|discharge_protocol|electrolyte_material|form_factor|max_current_limit_in_A|max_voltage_limit_in_V|min_current_limit_in_A|min_voltage_limit_in_V|nominal_capacity_in_Ah|reference,
ISU_ILCC,ISU-ILCC_G39C1.pkl,ISU-ILCC_G39C1,732,0.25,0,1,3.0,4.2,-1,52580,0,1,charge_capacity_in_Ah|current_in_A|cycle_number|discharge_capacity_in_Ah|internal_resistance_in_ohm|temperature_in_C|time_in_s|voltage_in_V,SOC_interval|already_spent_cycles|anode_material|cathode_material|cell_id|charge_protocol|cycle_data|depth_of_charge|depth_of_discharge|description|discharge_protocol|electrolyte_material|form_factor|max_current_limit_in_A|max_voltage_limit_in_V|min_current_limit_in_A|min_voltage_limit_in_V|nominal_capacity_in_Ah|reference,
ISU_ILCC,ISU-ILCC_G39C3.pkl,ISU-ILCC_G39C3,728,0.25,0,1,3.0,4.2,-1,51076,0,1,charge_capacity_in_Ah|current_in_A|cycle_number|discharge_capacity_in_Ah|internal_resistance_in_ohm|temperature_in_C|time_in_s|voltage_in_V,SOC_interval|already_spent_cycles|anode_material|cathode_material|cell_id|charge_protocol|cycle_data|depth_of_charge|depth_of_discharge|description|discharge_protocol|electrolyte_material|form_factor|max_current_limit_in_A|max_voltage_limit_in_V|min_current_limit_in_A|min_voltage_limit_in_V|nominal_capacity_in_Ah|reference,
ISU_ILCC,ISU-ILCC_G19C3.pkl,ISU-ILCC_G19C3,1126,0.25,0.23679255555555556,1,3.0,4.2,-1,34233,0,1,charge_capacity_in_Ah|current_in_A|cycle_number|discharge_capacity_in_Ah|internal_resistance_in_ohm|temperature_in_C|time_in_s|voltage_in_V,SOC_interval|already_spent_cycles|anode_material|cathode_material|cell_id|charge_protocol|cycle_data|depth_of_charge|depth_of_discharge|description|discharge_protocol|electrolyte_material|form_factor|max_current_limit_in_A|max_voltage_limit_in_V|min_current_limit_in_A|min_voltage_limit_in_V|nominal_capacity_in_Ah|reference,
Tongji,Tongji2_CY35-05_1--1.pkl,Tongji2_CY35-05_1--1,1101,3.5,0,1,2.5,4.2,-1,12491,0,1,charge_capacity_in_Ah|current_in_A|cycle_number|discharge_capacity_in_Ah|internal_resistance_in_ohm|temperature_in_C|time_in_s|voltage_in_V,SOC_interval|already_spent_cycles|anode_material|cathode_material|cell_id|charge_protocol|cycle_data|depth_of_charge|depth_of_discharge|description|discharge_protocol|electrolyte_material|form_factor|max_current_limit_in_A|max_voltage_limit_in_V|min_current_limit_in_A|min_voltage_limit_in_V|nominal_capacity_in_Ah|reference,
HUST,HUST_5-3.pkl,HUST_5-3,2689,1.1,0,1,2.0,3.6,-1,10125,0,1,charge_capacity_in_Ah|current_in_A|cycle_number|discharge_capacity_in_Ah|internal_resistance_in_ohm|temperature_in_C|time_in_s|voltage_in_V,SOC_interval|already_spent_cycles|anode_material|cathode_material|cell_id|charge_protocol|cycle_data|depth_of_charge|depth_of_discharge|description|discharge_protocol|electrolyte_material|form_factor|max_current_limit_in_A|max_voltage_limit_in_V|min_current_limit_in_A|min_voltage_limit_in_V|nominal_capacity_in_Ah|reference,
ISU_ILCC,ISU-ILCC_G35C3.pkl,ISU-ILCC_G35C3,761,0.25,0,1,3.0,4.2,-1,48978,0,1,charge_capacity_in_Ah|current_in_A|cycle_number|discharge_capacity_in_Ah|internal_resistance_in_ohm|temperature_in_C|time_in_s|voltage_in_V,SOC_interval|already_spent_cycles|anode_material|cathode_material|cell_id|charge_protocol|cycle_data|depth_of_charge|depth_of_discharge|description|discharge_protocol|electrolyte_material|form_factor|max_current_limit_in_A|max_voltage_limit_in_V|min_current_limit_in_A|min_voltage_limit_in_V|nominal_capacity_in_Ah|reference,
XJTU,XJTU_3C_battery-12.pkl,XJTU_3C_battery-12,211,2.0,0,1,2.5,4.2,-1,79299,0,1,charge_capacity_in_Ah|current_in_A|cycle_number|discharge_capacity_in_Ah|internal_resistance_in_ohm|temperature_in_C|time_in_s|voltage_in_V,SOC_interval|already_spent_cycles|anode_material|cathode_material|cell_id|charge_protocol|cycle_data|depth_of_charge|depth_of_discharge|description|discharge_protocol|electrolyte_material|form_factor|max_current_limit_in_A|max_voltage_limit_in_V|min_current_limit_in_A|min_voltage_limit_in_V|nominal_capacity_in_Ah|reference,
ISU_ILCC,ISU-ILCC_G21C3.pkl,ISU-ILCC_G21C3,737,0.25,0,1,3.0,4.2,-1,52945,0,1,charge_capacity_in_Ah|current_in_A|cycle_number|discharge_capacity_in_Ah|internal_resistance_in_ohm|temperature_in_C|time_in_s|voltage_in_V,SOC_interval|already_spent_cycles|anode_material|cathode_material|cell_id|charge_protocol|cycle_data|depth_of_charge|depth_of_discharge|description|discharge_protocol|electrolyte_material|form_factor|max_current_limit_in_A|max_voltage_limit_in_V|min_current_limit_in_A|min_voltage_limit_in_V|nominal_capacity_in_Ah|reference,
ISU_ILCC,ISU-ILCC_G25C1.pkl,ISU-ILCC_G25C1,1523,0.25,0.40066737777777595,1,3.0,4.2,-1,22515,0,1,charge_capacity_in_Ah|current_in_A|cycle_number|discharge_capacity_in_Ah|internal_resistance_in_ohm|temperature_in_C|time_in_s|voltage_in_V,SOC_interval|already_spent_cycles|anode_material|cathode_material|cell_id|charge_protocol|cycle_data|depth_of_charge|depth_of_discharge|description|discharge_protocol|electrolyte_material|form_factor|max_current_limit_in_A|max_voltage_limit_in_V|min_current_limit_in_A|min_voltage_limit_in_V|nominal_capacity_in_Ah|reference,
ISU_ILCC,ISU-ILCC_G23C4.pkl,ISU-ILCC_G23C4,732,0.25,0,1,3.0,4.2,-1,54492,0,1,charge_capacity_in_Ah|current_in_A|cycle_number|discharge_capacity_in_Ah|internal_resistance_in_ohm|temperature_in_C|time_in_s|voltage_in_V,SOC_interval|already_spent_cycles|anode_material|cathode_material|cell_id|charge_protocol|cycle_data|depth_of_charge|depth_of_discharge|description|discharge_protocol|electrolyte_material|form_factor|max_current_limit_in_A|max_voltage_limit_in_V|min_current_limit_in_A|min_voltage_limit_in_V|nominal_capacity_in_Ah|reference,
ISU_ILCC,ISU-ILCC_G24C2.pkl,ISU-ILCC_G24C2,756,0.25,0,1,3.0,4.2,-1,56615,0,1,charge_capacity_in_Ah|current_in_A|cycle_number|discharge_capacity_in_Ah|internal_resistance_in_ohm|temperature_in_C|time_in_s|voltage_in_V,SOC_interval|already_spent_cycles|anode_material|cathode_material|cell_id|charge_protocol|cycle_data|depth_of_charge|depth_of_discharge|description|discharge_protocol|electrolyte_material|form_factor|max_current_limit_in_A|max_voltage_limit_in_V|min_current_limit_in_A|min_voltage_limit_in_V|nominal_capacity_in_Ah|reference,
ISU_ILCC,ISU-ILCC_G23C2.pkl,ISU-ILCC_G23C2,741,0.25,0,1,3.0,4.2,-1,55675,0,1,charge_capacity_in_Ah|current_in_A|cycle_number|discharge_capacity_in_Ah|internal_resistance_in_ohm|temperature_in_C|time_in_s|voltage_in_V,SOC_interval|already_spent_cycles|anode_material|cathode_material|cell_id|charge_protocol|cycle_data|depth_of_charge|depth_of_discharge|description|discharge_protocol|electrolyte_material|form_factor|max_current_limit_in_A|max_voltage_limit_in_V|min_current_limit_in_A|min_voltage_limit_in_V|nominal_capacity_in_Ah|reference,
ISU_ILCC,ISU-ILCC_G5C1.pkl,ISU-ILCC_G5C1,728,0.25,0,1,3.0,4.2,-1,50327,0,1,charge_capacity_in_Ah|current_in_A|cycle_number|discharge_capacity_in_Ah|internal_resistance_in_ohm|temperature_in_C|time_in_s|voltage_in_V,SOC_interval|already_spent_cycles|anode_material|cathode_material|cell_id|charge_protocol|cycle_data|depth_of_charge|depth_of_discharge|description|discharge_protocol|electrolyte_material|form_factor|max_current_limit_in_A|max_voltage_limit_in_V|min_current_limit_in_A|min_voltage_limit_in_V|nominal_capacity_in_Ah|reference,
HUST,HUST_4-7.pkl,HUST_4-7,2216,1.1,0,1,2.0,3.6,-1,15139,0,1,charge_capacity_in_Ah|current_in_A|cycle_number|discharge_capacity_in_Ah|internal_resistance_in_ohm|temperature_in_C|time_in_s|voltage_in_V,SOC_interval|already_spent_cycles|anode_material|cathode_material|cell_id|charge_protocol|cycle_data|depth_of_charge|depth_of_discharge|description|discharge_protocol|electrolyte_material|form_factor|max_current_limit_in_A|max_voltage_limit_in_V|min_current_limit_in_A|min_voltage_limit_in_V|nominal_capacity_in_Ah|reference,
HUST,HUST_6-6.pkl,HUST_6-6,2468,1.1,0,1,2.0,3.6,-1,12992,0,1,charge_capacity_in_Ah|current_in_A|cycle_number|discharge_capacity_in_Ah|internal_resistance_in_ohm|temperature_in_C|time_in_s|voltage_in_V,SOC_interval|already_spent_cycles|anode_material|cathode_material|cell_id|charge_protocol|cycle_data|depth_of_charge|depth_of_discharge|description|discharge_protocol|electrolyte_material|form_factor|max_current_limit_in_A|max_voltage_limit_in_V|min_current_limit_in_A|min_voltage_limit_in_V|nominal_capacity_in_Ah|reference,
ISU_ILCC,ISU-ILCC_G48C1.pkl,ISU-ILCC_G48C1,3936,0.25,0.34643733333333204,1,3.0,4.2,-1,5583,0,1,charge_capacity_in_Ah|current_in_A|cycle_number|discharge_capacity_in_Ah|internal_resistance_in_ohm|temperature_in_C|time_in_s|voltage_in_V,SOC_interval|already_spent_cycles|anode_material|cathode_material|cell_id|charge_protocol|cycle_data|depth_of_charge|depth_of_discharge|description|discharge_protocol|electrolyte_material|form_factor|max_current_limit_in_A|max_voltage_limit_in_V|min_current_limit_in_A|min_voltage_limit_in_V|nominal_capacity_in_Ah|reference,
Tongji,Tongji2_CY35-05_1--4.pkl,Tongji2_CY35-05_1--4,1150,3.5,0,1,2.5,4.2,-1,12789,0,1,charge_capacity_in_Ah|current_in_A|cycle_number|discharge_capacity_in_Ah|internal_resistance_in_ohm|temperature_in_C|time_in_s|voltage_in_V,SOC_interval|already_spent_cycles|anode_material|cathode_material|cell_id|charge_protocol|cycle_data|depth_of_charge|depth_of_discharge|description|discharge_protocol|electrolyte_material|form_factor|max_current_limit_in_A|max_voltage_limit_in_V|min_current_limit_in_A|min_voltage_limit_in_V|nominal_capacity_in_Ah|reference,
ISU_ILCC,ISU-ILCC_G62C4.pkl,ISU-ILCC_G62C4,4441,0.25,0.22787988888888888,1,3.0,4.2,-1,5106,0,1,charge_capacity_in_Ah|current_in_A|cycle_number|discharge_capacity_in_Ah|internal_resistance_in_ohm|temperature_in_C|time_in_s|voltage_in_V,SOC_interval|already_spent_cycles|anode_material|cathode_material|cell_id|charge_protocol|cycle_data|depth_of_charge|depth_of_discharge|description|discharge_protocol|electrolyte_material|form_factor|max_current_limit_in_A|max_voltage_limit_in_V|min_current_limit_in_A|min_voltage_limit_in_V|nominal_capacity_in_Ah|reference,
Stanford,Stanford_Nova_Regular_Ref_102.pkl,Stanford_Nova_Regular_Ref_102,719,0.24,0,1,3,4.4,-1,43061,0,1,charge_capacity_in_Ah|current_in_A|cycle_number|discharge_capacity_in_Ah|internal_resistance_in_ohm|temperature_in_C|time_in_s|voltage_in_V,SOC_interval|already_spent_cycles|anode_material|cathode_material|cell_id|charge_protocol|cycle_data|depth_of_charge|depth_of_discharge|description|discharge_protocol|electrolyte_material|form_factor|max_current_limit_in_A|max_voltage_limit_in_V|min_current_limit_in_A|min_voltage_limit_in_V|nominal_capacity_in_Ah|reference,
ISU_ILCC,ISU-ILCC_G30C1.pkl,ISU-ILCC_G30C1,1452,0.25,0.09645866666666802,1,3.0,4.2,-1,18378,0,1,charge_capacity_in_Ah|current_in_A|cycle_number|discharge_capacity_in_Ah|internal_resistance_in_ohm|temperature_in_C|time_in_s|voltage_in_V,SOC_interval|already_spent_cycles|anode_material|cathode_material|cell_id|charge_protocol|cycle_data|depth_of_charge|depth_of_discharge|description|discharge_protocol|electrolyte_material|form_factor|max_current_limit_in_A|max_voltage_limit_in_V|min_current_limit_in_A|min_voltage_limit_in_V|nominal_capacity_in_Ah|reference,
ISU_ILCC,ISU-ILCC_G36C1.pkl,ISU-ILCC_G36C1,827,0.25,0,1,3.0,4.2,-1,51888,0,1,charge_capacity_in_Ah|current_in_A|cycle_number|discharge_capacity_in_Ah|internal_resistance_in_ohm|temperature_in_C|time_in_s|voltage_in_V,SOC_interval|already_spent_cycles|anode_material|cathode_material|cell_id|charge_protocol|cycle_data|depth_of_charge|depth_of_discharge|description|discharge_protocol|electrolyte_material|form_factor|max_current_limit_in_A|max_voltage_limit_in_V|min_current_limit_in_A|min_voltage_limit_in_V|nominal_capacity_in_Ah|reference,
ISU_ILCC,ISU-ILCC_G25C2.pkl,ISU-ILCC_G25C2,1589,0.25,0.42790641777777605,1,3.0,4.2,-1,21620,0,1,charge_capacity_in_Ah|current_in_A|cycle_number|discharge_capacity_in_Ah|internal_resistance_in_ohm|temperature_in_C|time_in_s|voltage_in_V,SOC_interval|already_spent_cycles|anode_material|cathode_material|cell_id|charge_protocol|cycle_data|depth_of_charge|depth_of_discharge|description|discharge_protocol|electrolyte_material|form_factor|max_current_limit_in_A|max_voltage_limit_in_V|min_current_limit_in_A|min_voltage_limit_in_V|nominal_capacity_in_Ah|reference,
XJTU,XJTU_3C_battery-13.pkl,XJTU_3C_battery-13,225,2.0,0,1,2.5,4.2,-1,83399,0,1,charge_capacity_in_Ah|current_in_A|cycle_number|discharge_capacity_in_Ah|internal_resistance_in_ohm|temperature_in_C|time_in_s|voltage_in_V,SOC_interval|already_spent_cycles|anode_material|cathode_material|cell_id|charge_protocol|cycle_data|depth_of_charge|depth_of_discharge|description|discharge_protocol|electrolyte_material|form_factor|max_current_limit_in_A|max_voltage_limit_in_V|min_current_limit_in_A|min_voltage_limit_in_V|nominal_capacity_in_Ah|reference,
MATR,MATR_b3c16.pkl,MATR_b3c16,1636,1.1,0,1,2.0,3.5,-1,10606,53,1,Qdlin|charge_capacity_in_Ah|current_in_A|cycle_number|discharge_capacity_in_Ah|internal_resistance_in_ohm|temperature_in_C|time_in_s|voltage_in_V,SOC_interval|already_spent_cycles|anode_material|cathode_material|cell_id|charge_protocol|cycle_data|depth_of_charge|depth_of_discharge|description|discharge_protocol|electrolyte_material|form_factor|max_current_limit_in_A|max_voltage_limit_in_V|min_current_limit_in_A|min_voltage_limit_in_V|nominal_capacity_in_Ah|reference,
HUST,HUST_3-5.pkl,HUST_3-5,2657,1.1,0,1,2.0,3.6,-1,12678,0,1,charge_capacity_in_Ah|current_in_A|cycle_number|discharge_capacity_in_Ah|internal_resistance_in_ohm|temperature_in_C|time_in_s|voltage_in_V,SOC_interval|already_spent_cycles|anode_material|cathode_material|cell_id|charge_protocol|cycle_data|depth_of_charge|depth_of_discharge|description|discharge_protocol|electrolyte_material|form_factor|max_current_limit_in_A|max_voltage_limit_in_V|min_current_limit_in_A|min_voltage_limit_in_V|nominal_capacity_in_Ah|reference,
Tongji,Tongji2_CY35-05_1--3.pkl,Tongji2_CY35-05_1--3,1206,3.5,0,1,2.5,4.2,-1,12465,0,1,charge_capacity_in_Ah|current_in_A|cycle_number|discharge_capacity_in_Ah|internal_resistance_in_ohm|temperature_in_C|time_in_s|voltage_in_V,SOC_interval|already_spent_cycles|anode_material|cathode_material|cell_id|charge_protocol|cycle_data|depth_of_charge|depth_of_discharge|description|discharge_protocol|electrolyte_material|form_factor|max_current_limit_in_A|max_voltage_limit_in_V|min_current_limit_in_A|min_voltage_limit_in_V|nominal_capacity_in_Ah|reference,
ISU_ILCC,ISU-ILCC_G8C1.pkl,ISU-ILCC_G8C1,1204,0.25,0.2529864444444445,1,3.0,4.2,-1,34844,0,1,charge_capacity_in_Ah|current_in_A|cycle_number|discharge_capacity_in_Ah|internal_resistance_in_ohm|temperature_in_C|time_in_s|voltage_in_V,SOC_interval|already_spent_cycles|anode_material|cathode_material|cell_id|charge_protocol|cycle_data|depth_of_charge|depth_of_discharge|description|discharge_protocol|electrolyte_material|form_factor|max_current_limit_in_A|max_voltage_limit_in_V|min_current_limit_in_A|min_voltage_limit_in_V|nominal_capacity_in_Ah|reference,
ISU_ILCC,ISU-ILCC_G48C4.pkl,ISU-ILCC_G48C4,5610,0.25,0.36419029333333197,1,3.0,4.2,-1,4525,0,1,charge_capacity_in_Ah|current_in_A|cycle_number|discharge_capacity_in_Ah|internal_resistance_in_ohm|temperature_in_C|time_in_s|voltage_in_V,SOC_interval|already_spent_cycles|anode_material|cathode_material|cell_id|charge_protocol|cycle_data|depth_of_charge|depth_of_discharge|description|discharge_protocol|electrolyte_material|form_factor|max_current_limit_in_A|max_voltage_limit_in_V|min_current_limit_in_A|min_voltage_limit_in_V|nominal_capacity_in_Ah|reference,
ISU_ILCC,ISU-ILCC_G30C2.pkl,ISU-ILCC_G30C2,1231,0.25,0.14109774222222404,1,3.0,4.2,-1,24182,0,1,charge_capacity_in_Ah|current_in_A|cycle_number|discharge_capacity_in_Ah|internal_resistance_in_ohm|temperature_in_C|time_in_s|voltage_in_V,SOC_interval|already_spent_cycles|anode_material|cathode_material|cell_id|charge_protocol|cycle_data|depth_of_charge|depth_of_discharge|description|discharge_protocol|electrolyte_material|form_factor|max_current_limit_in_A|max_voltage_limit_in_V|min_current_limit_in_A|min_voltage_limit_in_V|nominal_capacity_in_Ah|reference,
ISU_ILCC,ISU-ILCC_G17C4.pkl,ISU-ILCC_G17C4,1069,0.25,0.22447944444444445,1,3.0,4.2,-1,39167,0,1,charge_capacity_in_Ah|current_in_A|cycle_number|discharge_capacity_in_Ah|internal_resistance_in_ohm|temperature_in_C|time_in_s|voltage_in_V,SOC_interval|already_spent_cycles|anode_material|cathode_material|cell_id|charge_protocol|cycle_data|depth_of_charge|depth_of_discharge|description|discharge_protocol|electrolyte_material|form_factor|max_current_limit_in_A|max_voltage_limit_in_V|min_current_limit_in_A|min_voltage_limit_in_V|nominal_capacity_in_Ah|reference,
ISU_ILCC,ISU-ILCC_G29C1.pkl,ISU-ILCC_G29C1,3117,0.25,0.412819306666668,1,3.0,4.2,-1,7030,0,1,charge_capacity_in_Ah|current_in_A|cycle_number|discharge_capacity_in_Ah|internal_resistance_in_ohm|temperature_in_C|time_in_s|voltage_in_V,SOC_interval|already_spent_cycles|anode_material|cathode_material|cell_id|charge_protocol|cycle_data|depth_of_charge|depth_of_discharge|description|discharge_protocol|electrolyte_material|form_factor|max_current_limit_in_A|max_voltage_limit_in_V|min_current_limit_in_A|min_voltage_limit_in_V|nominal_capacity_in_Ah|reference,
ISU_ILCC,ISU-ILCC_G31C3.pkl,ISU-ILCC_G31C3,2533,0.25,0.30665784888888803,1,3.0,4.2,-1,11321,0,1,charge_capacity_in_Ah|current_in_A|cycle_number|discharge_capacity_in_Ah|internal_resistance_in_ohm|temperature_in_C|time_in_s|voltage_in_V,SOC_interval|already_spent_cycles|anode_material|cathode_material|cell_id|charge_protocol|cycle_data|depth_of_charge|depth_of_discharge|description|discharge_protocol|electrolyte_material|form_factor|max_current_limit_in_A|max_voltage_limit_in_V|min_current_limit_in_A|min_voltage_limit_in_V|nominal_capacity_in_Ah|reference,
ISU_ILCC,ISU-ILCC_G38C3.pkl,ISU-ILCC_G38C3,845,0.25,0,1,3.0,4.2,-1,50619,0,1,charge_capacity_in_Ah|current_in_A|cycle_number|discharge_capacity_in_Ah|internal_resistance_in_ohm|temperature_in_C|time_in_s|voltage_in_V,SOC_interval|already_spent_cycles|anode_material|cathode_material|cell_id|charge_protocol|cycle_data|depth_of_charge|depth_of_discharge|description|discharge_protocol|electrolyte_material|form_factor|max_current_limit_in_A|max_voltage_limit_in_V|min_current_limit_in_A|min_voltage_limit_in_V|nominal_capacity_in_Ah|reference,
ISU_ILCC,ISU-ILCC_G31C2.pkl,ISU-ILCC_G31C2,2618,0.25,0.30004544,1,3.0,4.2,-1,10739,0,1,charge_capacity_in_Ah|current_in_A|cycle_number|discharge_capacity_in_Ah|internal_resistance_in_ohm|temperature_in_C|time_in_s|voltage_in_V,SOC_interval|already_spent_cycles|anode_material|cathode_material|cell_id|charge_protocol|cycle_data|depth_of_charge|depth_of_discharge|description|discharge_protocol|electrolyte_material|form_factor|max_current_limit_in_A|max_voltage_limit_in_V|min_current_limit_in_A|min_voltage_limit_in_V|nominal_capacity_in_Ah|reference,
Stanford,Stanford_Nova_Regular_208.pkl,Stanford_Nova_Regular_208,776,0.24,0,1,3,4.4,-1,41000,0,1,charge_capacity_in_Ah|current_in_A|cycle_number|discharge_capacity_in_Ah|internal_resistance_in_ohm|temperature_in_C|time_in_s|voltage_in_V,SOC_interval|already_spent_cycles|anode_material|cathode_material|cell_id|charge_protocol|cycle_data|depth_of_charge|depth_of_discharge|description|discharge_protocol|electrolyte_material|form_factor|max_current_limit_in_A|max_voltage_limit_in_V|min_current_limit_in_A|min_voltage_limit_in_V|nominal_capacity_in_Ah|reference,
Tongji,Tongji2_CY35-05_1--2.pkl,Tongji2_CY35-05_1--2,1251,3.5,0,1,2.5,4.2,-1,12460,0,1,charge_capacity_in_Ah|current_in_A|cycle_number|discharge_capacity_in_Ah|internal_resistance_in_ohm|temperature_in_C|time_in_s|voltage_in_V,SOC_interval|already_spent_cycles|anode_material|cathode_material|cell_id|charge_protocol|cycle_data|depth_of_charge|depth_of_discharge|description|discharge_protocol|electrolyte_material|form_factor|max_current_limit_in_A|max_voltage_limit_in_V|min_current_limit_in_A|min_voltage_limit_in_V|nominal_capacity_in_Ah|reference,
ISU_ILCC,ISU-ILCC_G20C4.pkl,ISU-ILCC_G20C4,715,0.25,0,1,3.0,4.2,-1,59004,0,1,charge_capacity_in_Ah|current_in_A|cycle_number|discharge_capacity_in_Ah|internal_resistance_in_ohm|temperature_in_C|time_in_s|voltage_in_V,SOC_interval|already_spent_cycles|anode_material|cathode_material|cell_id|charge_protocol|cycle_data|depth_of_charge|depth_of_discharge|description|discharge_protocol|electrolyte_material|form_factor|max_current_limit_in_A|max_voltage_limit_in_V|min_current_limit_in_A|min_voltage_limit_in_V|nominal_capacity_in_Ah|reference,
Stanford,Stanford_Nova_Regular_Ref_101.pkl,Stanford_Nova_Regular_Ref_101,778,0.24,0,1,3,4.4,-1,41000,0,1,charge_capacity_in_Ah|current_in_A|cycle_number|discharge_capacity_in_Ah|internal_resistance_in_ohm|temperature_in_C|time_in_s|voltage_in_V,SOC_interval|already_spent_cycles|anode_material|cathode_material|cell_id|charge_protocol|cycle_data|depth_of_charge|depth_of_discharge|description|discharge_protocol|electrolyte_material|form_factor|max_current_limit_in_A|max_voltage_limit_in_V|min_current_limit_in_A|min_voltage_limit_in_V|nominal_capacity_in_Ah|reference,
Stanford,Stanford_Nova_Regular_Ref_100.pkl,Stanford_Nova_Regular_Ref_100,785,0.24,0,1,3,4.4,-1,42000,0,1,charge_capacity_in_Ah|current_in_A|cycle_number|discharge_capacity_in_Ah|internal_resistance_in_ohm|temperature_in_C|time_in_s|voltage_in_V,SOC_interval|already_spent_cycles|anode_material|cathode_material|cell_id|charge_protocol|cycle_data|depth_of_charge|depth_of_discharge|description|discharge_protocol|electrolyte_material|form_factor|max_current_limit_in_A|max_voltage_limit_in_V|min_current_limit_in_A|min_voltage_limit_in_V|nominal_capacity_in_Ah|reference,
ISU_ILCC,ISU-ILCC_G28C2.pkl,ISU-ILCC_G28C2,2110,0.25,0.04859171555555597,1,3.0,4.2,-1,11890,0,1,charge_capacity_in_Ah|current_in_A|cycle_number|discharge_capacity_in_Ah|internal_resistance_in_ohm|temperature_in_C|time_in_s|voltage_in_V,SOC_interval|already_spent_cycles|anode_material|cathode_material|cell_id|charge_protocol|cycle_data|depth_of_charge|depth_of_discharge|description|discharge_protocol|electrolyte_material|form_factor|max_current_limit_in_A|max_voltage_limit_in_V|min_current_limit_in_A|min_voltage_limit_in_V|nominal_capacity_in_Ah|reference,
ISU_ILCC,ISU-ILCC_G28C3.pkl,ISU-ILCC_G28C3,2109,0.25,0.08285596444444399,1,3.0,4.2,-1,11981,0,1,charge_capacity_in_Ah|current_in_A|cycle_number|discharge_capacity_in_Ah|internal_resistance_in_ohm|temperature_in_C|time_in_s|voltage_in_V,SOC_interval|already_spent_cycles|anode_material|cathode_material|cell_id|charge_protocol|cycle_data|depth_of_charge|depth_of_discharge|description|discharge_protocol|electrolyte_material|form_factor|max_current_limit_in_A|max_voltage_limit_in_V|min_current_limit_in_A|min_voltage_limit_in_V|nominal_capacity_in_Ah|reference,
ISU_ILCC,ISU-ILCC_G20C3.pkl,ISU-ILCC_G20C3,763,0.25,0,1,3.0,4.2,-1,53505,0,1,charge_capacity_in_Ah|current_in_A|cycle_number|discharge_capacity_in_Ah|internal_resistance_in_ohm|temperature_in_C|time_in_s|voltage_in_V,SOC_interval|already_spent_cycles|anode_material|cathode_material|cell_id|charge_protocol|cycle_data|depth_of_charge|depth_of_discharge|description|discharge_protocol|electrolyte_material|form_factor|max_current_limit_in_A|max_voltage_limit_in_V|min_current_limit_in_A|min_voltage_limit_in_V|nominal_capacity_in_Ah|reference,
ISU_ILCC,ISU-ILCC_G46C3.pkl,ISU-ILCC_G46C3,4849,0.25,0.14616305777777605,1,3.0,4.2,-1,5580,0,1,charge_capacity_in_Ah|current_in_A|cycle_number|discharge_capacity_in_Ah|internal_resistance_in_ohm|temperature_in_C|time_in_s|voltage_in_V,SOC_interval|already_spent_cycles|anode_material|cathode_material|cell_id|charge_protocol|cycle_data|depth_of_charge|depth_of_discharge|description|discharge_protocol|electrolyte_material|form_factor|max_current_limit_in_A|max_voltage_limit_in_V|min_current_limit_in_A|min_voltage_limit_in_V|nominal_capacity_in_Ah|reference,
ISU_ILCC,ISU-ILCC_G31C4.pkl,ISU-ILCC_G31C4,2992,0.25,0.293954062222224,1,3.0,4.2,-1,9788,0,1,charge_capacity_in_Ah|current_in_A|cycle_number|discharge_capacity_in_Ah|internal_resistance_in_ohm|temperature_in_C|time_in_s|voltage_in_V,SOC_interval|already_spent_cycles|anode_material|cathode_material|cell_id|charge_protocol|cycle_data|depth_of_charge|depth_of_discharge|description|discharge_protocol|electrolyte_material|form_factor|max_current_limit_in_A|max_voltage_limit_in_V|min_current_limit_in_A|min_voltage_limit_in_V|nominal_capacity_in_Ah|reference,
ISU_ILCC,ISU-ILCC_G60C2.pkl,ISU-ILCC_G60C2,2470,0.25,0.06466211555555601,1,3.0,4.2,-1,9378,0,1,charge_capacity_in_Ah|current_in_A|cycle_number|discharge_capacity_in_Ah|internal_resistance_in_ohm|temperature_in_C|time_in_s|voltage_in_V,SOC_interval|already_spent_cycles|anode_material|cathode_material|cell_id|charge_protocol|cycle_data|depth_of_charge|depth_of_discharge|description|discharge_protocol|electrolyte_material|form_factor|max_current_limit_in_A|max_voltage_limit_in_V|min_current_limit_in_A|min_voltage_limit_in_V|nominal_capacity_in_Ah|reference,
ISU_ILCC,ISU-ILCC_G48C2.pkl,ISU-ILCC_G48C2,5711,0.25,0.361607608888888,1,3.0,4.2,-1,4508,0,1,charge_capacity_in_Ah|current_in_A|cycle_number|discharge_capacity_in_Ah|internal_resistance_in_ohm|temperature_in_C|time_in_s|voltage_in_V,SOC_interval|already_spent_cycles|anode_material|cathode_material|cell_id|charge_protocol|cycle_data|depth_of_charge|depth_of_discharge|description|discharge_protocol|electrolyte_material|form_factor|max_current_limit_in_A|max_voltage_limit_in_V|min_current_limit_in_A|min_voltage_limit_in_V|nominal_capacity_in_Ah|reference,
Stanford,Stanford_Nova_Regular_210.pkl,Stanford_Nova_Regular_210,794,0.24,0,1,3,4.4,-1,42000,0,1,charge_capacity_in_Ah|current_in_A|cycle_number|discharge_capacity_in_Ah|internal_resistance_in_ohm|temperature_in_C|time_in_s|voltage_in_V,SOC_interval|already_spent_cycles|anode_material|cathode_material|cell_id|charge_protocol|cycle_data|depth_of_charge|depth_of_discharge|description|discharge_protocol|electrolyte_material|form_factor|max_current_limit_in_A|max_voltage_limit_in_V|min_current_limit_in_A|min_voltage_limit_in_V|nominal_capacity_in_Ah|reference,
HUST,HUST_1-2.pkl,HUST_1-2,2678,1.1,0,1,2.0,3.6,-1,14331,0,1,charge_capacity_in_Ah|current_in_A|cycle_number|discharge_capacity_in_Ah|internal_resistance_in_ohm|temperature_in_C|time_in_s|voltage_in_V,SOC_interval|already_spent_cycles|anode_material|cathode_material|cell_id|charge_protocol|cycle_data|depth_of_charge|depth_of_discharge|description|discharge_protocol|electrolyte_material|form_factor|max_current_limit_in_A|max_voltage_limit_in_V|min_current_limit_in_A|min_voltage_limit_in_V|nominal_capacity_in_Ah|reference,
ISU_ILCC,ISU-ILCC_G60C3.pkl,ISU-ILCC_G60C3,3035,0.25,0.040566257777776005,1,3.0,4.2,-1,8491,0,1,charge_capacity_in_Ah|current_in_A|cycle_number|discharge_capacity_in_Ah|internal_resistance_in_ohm|temperature_in_C|time_in_s|voltage_in_V,SOC_interval|already_spent_cycles|anode_material|cathode_material|cell_id|charge_protocol|cycle_data|depth_of_charge|depth_of_discharge|description|discharge_protocol|electrolyte_material|form_factor|max_current_limit_in_A|max_voltage_limit_in_V|min_current_limit_in_A|min_voltage_limit_in_V|nominal_capacity_in_Ah|reference,
ISU_ILCC,ISU-ILCC_G5C3.pkl,ISU-ILCC_G5C3,777,0.25,0,1,3.0,4.2,-1,56115,0,1,charge_capacity_in_Ah|current_in_A|cycle_number|discharge_capacity_in_Ah|internal_resistance_in_ohm|temperature_in_C|time_in_s|voltage_in_V,SOC_interval|already_spent_cycles|anode_material|cathode_material|cell_id|charge_protocol|cycle_data|depth_of_charge|depth_of_discharge|description|discharge_protocol|electrolyte_material|form_factor|max_current_limit_in_A|max_voltage_limit_in_V|min_current_limit_in_A|min_voltage_limit_in_V|nominal_capacity_in_Ah|reference,
Stanford,Stanford_Nova_Regular_212.pkl,Stanford_Nova_Regular_212,804,0.24,0,1,3,4.4,-1,41000,0,1,charge_capacity_in_Ah|current_in_A|cycle_number|discharge_capacity_in_Ah|internal_resistance_in_ohm|temperature_in_C|time_in_s|voltage_in_V,SOC_interval|already_spent_cycles|anode_material|cathode_material|cell_id|charge_protocol|cycle_data|depth_of_charge|depth_of_discharge|description|discharge_protocol|electrolyte_material|form_factor|max_current_limit_in_A|max_voltage_limit_in_V|min_current_limit_in_A|min_voltage_limit_in_V|nominal_capacity_in_Ah|reference,
ISU_ILCC,ISU-ILCC_G37C3.pkl,ISU-ILCC_G37C3,725,0.25,0,1,3.0,4.2,-1,54271,0,1,charge_capacity_in_Ah|current_in_A|cycle_number|discharge_capacity_in_Ah|internal_resistance_in_ohm|temperature_in_C|time_in_s|voltage_in_V,SOC_interval|already_spent_cycles|anode_material|cathode_material|cell_id|charge_protocol|cycle_data|depth_of_charge|depth_of_discharge|description|discharge_protocol|electrolyte_material|form_factor|max_current_limit_in_A|max_voltage_limit_in_V|min_current_limit_in_A|min_voltage_limit_in_V|nominal_capacity_in_Ah|reference,
MATR,MATR_b3c45.pkl,MATR_b3c45,1799,1.1,0,1,2.0,3.5,-1,10755,57,1,Qdlin|charge_capacity_in_Ah|current_in_A|cycle_number|discharge_capacity_in_Ah|internal_resistance_in_ohm|temperature_in_C|time_in_s|voltage_in_V,SOC_interval|already_spent_cycles|anode_material|cathode_material|cell_id|charge_protocol|cycle_data|depth_of_charge|depth_of_discharge|description|discharge_protocol|electrolyte_material|form_factor|max_current_limit_in_A|max_voltage_limit_in_V|min_current_limit_in_A|min_voltage_limit_in_V|nominal_capacity_in_Ah|reference,
ISU_ILCC,ISU-ILCC_G29C4.pkl,ISU-ILCC_G29C4,3226,0.25,0.421286364444444,1,3.0,4.2,-1,7238,0,1,charge_capacity_in_Ah|current_in_A|cycle_number|discharge_capacity_in_Ah|internal_resistance_in_ohm|temperature_in_C|time_in_s|voltage_in_V,SOC_interval|already_spent_cycles|anode_material|cathode_material|cell_id|charge_protocol|cycle_data|depth_of_charge|depth_of_discharge|description|discharge_protocol|electrolyte_material|form_factor|max_current_limit_in_A|max_voltage_limit_in_V|min_current_limit_in_A|min_voltage_limit_in_V|nominal_capacity_in_Ah|reference,
Stanford,Stanford_Nova_Regular_222.pkl,Stanford_Nova_Regular_222,824,0.24,0,1,3,4.4,-1,42011,0,1,charge_capacity_in_Ah|current_in_A|cycle_number|discharge_capacity_in_Ah|internal_resistance_in_ohm|temperature_in_C|time_in_s|voltage_in_V,SOC_interval|already_spent_cycles|anode_material|cathode_material|cell_id|charge_protocol|cycle_data|depth_of_charge|depth_of_discharge|description|discharge_protocol|electrolyte_material|form_factor|max_current_limit_in_A|max_voltage_limit_in_V|min_current_limit_in_A|min_voltage_limit_in_V|nominal_capacity_in_Ah|reference,
ISU_ILCC,ISU-ILCC_G13C3.pkl,ISU-ILCC_G13C3,1788,0.25,0.455773,1,3.0,4.2,-1,25005,0,1,charge_capacity_in_Ah|current_in_A|cycle_number|discharge_capacity_in_Ah|internal_resistance_in_ohm|temperature_in_C|time_in_s|voltage_in_V,SOC_interval|already_spent_cycles|anode_material|cathode_material|cell_id|charge_protocol|cycle_data|depth_of_charge|depth_of_discharge|description|discharge_protocol|electrolyte_material|form_factor|max_current_limit_in_A|max_voltage_limit_in_V|min_current_limit_in_A|min_voltage_limit_in_V|nominal_capacity_in_Ah|reference,
ISU_ILCC,ISU-ILCC_G39C4.pkl,ISU-ILCC_G39C4,912,0.25,0,1,3.0,4.2,-1,50995,0,1,charge_capacity_in_Ah|current_in_A|cycle_number|discharge_capacity_in_Ah|internal_resistance_in_ohm|temperature_in_C|time_in_s|voltage_in_V,SOC_interval|already_spent_cycles|anode_material|cathode_material|cell_id|charge_protocol|cycle_data|depth_of_charge|depth_of_discharge|description|discharge_protocol|electrolyte_material|form_factor|max_current_limit_in_A|max_voltage_limit_in_V|min_current_limit_in_A|min_voltage_limit_in_V|nominal_capacity_in_Ah|reference,
ISU_ILCC,ISU-ILCC_G51C3.pkl,ISU-ILCC_G51C3,5383,0.25,0.372581333333332,1,3.0,4.2,-1,5261,0,1,charge_capacity_in_Ah|current_in_A|cycle_number|discharge_capacity_in_Ah|internal_resistance_in_ohm|temperature_in_C|time_in_s|voltage_in_V,SOC_interval|already_spent_cycles|anode_material|cathode_material|cell_id|charge_protocol|cycle_data|depth_of_charge|depth_of_discharge|description|discharge_protocol|electrolyte_material|form_factor|max_current_limit_in_A|max_voltage_limit_in_V|min_current_limit_in_A|min_voltage_limit_in_V|nominal_capacity_in_Ah|reference,
ISU_ILCC,ISU-ILCC_G13C4.pkl,ISU-ILCC_G13C4,1886,0.25,0.45383033333333334,1,3.0,4.2,-1,23223,0,1,charge_capacity_in_Ah|current_in_A|cycle_number|discharge_capacity_in_Ah|internal_resistance_in_ohm|temperature_in_C|time_in_s|voltage_in_V,SOC_interval|already_spent_cycles|anode_material|cathode_material|cell_id|charge_protocol|cycle_data|depth_of_charge|depth_of_discharge|description|discharge_protocol|electrolyte_material|form_factor|max_current_limit_in_A|max_voltage_limit_in_V|min_current_limit_in_A|min_voltage_limit_in_V|nominal_capacity_in_Ah|reference,
ISU_ILCC,ISU-ILCC_G13C1.pkl,ISU-ILCC_G13C1,1943,0.25,0.4647407777777778,1,3.0,4.2,-1,23371,0,1,charge_capacity_in_Ah|current_in_A|cycle_number|discharge_capacity_in_Ah|internal_resistance_in_ohm|temperature_in_C|time_in_s|voltage_in_V,SOC_interval|already_spent_cycles|anode_material|cathode_material|cell_id|charge_protocol|cycle_data|depth_of_charge|depth_of_discharge|description|discharge_protocol|electrolyte_material|form_factor|max_current_limit_in_A|max_voltage_limit_in_V|min_current_limit_in_A|min_voltage_limit_in_V|nominal_capacity_in_Ah|reference,
Stanford,Stanford_Nova_Regular_203.pkl,Stanford_Nova_Regular_203,831,0.24,0,1,3,4.4,-1,42012,0,1,charge_capacity_in_Ah|current_in_A|cycle_number|discharge_capacity_in_Ah|internal_resistance_in_ohm|temperature_in_C|time_in_s|voltage_in_V,SOC_interval|already_spent_cycles|anode_material|cathode_material|cell_id|charge_protocol|cycle_data|depth_of_charge|depth_of_discharge|description|discharge_protocol|electrolyte_material|form_factor|max_current_limit_in_A|max_voltage_limit_in_V|min_current_limit_in_A|min_voltage_limit_in_V|nominal_capacity_in_Ah|reference,
ISU_ILCC,ISU-ILCC_G36C2.pkl,ISU-ILCC_G36C2,971,0.25,0,1,3.0,4.2,-1,49839,0,1,charge_capacity_in_Ah|current_in_A|cycle_number|discharge_capacity_in_Ah|internal_resistance_in_ohm|temperature_in_C|time_in_s|voltage_in_V,SOC_interval|already_spent_cycles|anode_material|cathode_material|cell_id|charge_protocol|cycle_data|depth_of_charge|depth_of_discharge|description|discharge_protocol|electrolyte_material|form_factor|max_current_limit_in_A|max_voltage_limit_in_V|min_current_limit_in_A|min_voltage_limit_in_V|nominal_capacity_in_Ah|reference,
Stanford,Stanford_Nova_Regular_205.pkl,Stanford_Nova_Regular_205,833,0.24,0,1,3,4.4,-1,42000,0,1,charge_capacity_in_Ah|current_in_A|cycle_number|discharge_capacity_in_Ah|internal_resistance_in_ohm|temperature_in_C|time_in_s|voltage_in_V,SOC_interval|already_spent_cycles|anode_material|cathode_material|cell_id|charge_protocol|cycle_data|depth_of_charge|depth_of_discharge|description|discharge_protocol|electrolyte_material|form_factor|max_current_limit_in_A|max_voltage_limit_in_V|min_current_limit_in_A|min_voltage_limit_in_V|nominal_capacity_in_Ah|reference,
Stanford,Stanford_Nova_Regular_204.pkl,Stanford_Nova_Regular_204,835,0.24,0,1,3,4.4,-1,42000,0,1,charge_capacity_in_Ah|current_in_A|cycle_number|discharge_capacity_in_Ah|internal_resistance_in_ohm|temperature_in_C|time_in_s|voltage_in_V,SOC_interval|already_spent_cycles|anode_material|cathode_material|cell_id|charge_protocol|cycle_data|depth_of_charge|depth_of_discharge|description|discharge_protocol|electrolyte_material|form_factor|max_current_limit_in_A|max_voltage_limit_in_V|min_current_limit_in_A|min_voltage_limit_in_V|nominal_capacity_in_Ah|reference,
Stanford,Stanford_Nova_Regular_219.pkl,Stanford_Nova_Regular_219,838,0.24,0,1,3,4.4,-1,42052,0,1,charge_capacity_in_Ah|current_in_A|cycle_number|discharge_capacity_in_Ah|internal_resistance_in_ohm|temperature_in_C|time_in_s|voltage_in_V,SOC_interval|already_spent_cycles|anode_material|cathode_material|cell_id|charge_protocol|cycle_data|depth_of_charge|depth_of_discharge|description|discharge_protocol|electrolyte_material|form_factor|max_current_limit_in_A|max_voltage_limit_in_V|min_current_limit_in_A|min_voltage_limit_in_V|nominal_capacity_in_Ah|reference,
ISU_ILCC,ISU-ILCC_G31C1.pkl,ISU-ILCC_G31C1,2395,0.25,0.315986773333332,1,3.0,4.2,-1,12136,0,1,charge_capacity_in_Ah|current_in_A|cycle_number|discharge_capacity_in_Ah|internal_resistance_in_ohm|temperature_in_C|time_in_s|voltage_in_V,SOC_interval|already_spent_cycles|anode_material|cathode_material|cell_id|charge_protocol|cycle_data|depth_of_charge|depth_of_discharge|description|discharge_protocol|electrolyte_material|form_factor|max_current_limit_in_A|max_voltage_limit_in_V|min_current_limit_in_A|min_voltage_limit_in_V|nominal_capacity_in_Ah|reference,
ISU_ILCC,ISU-ILCC_G47C1.pkl,ISU-ILCC_G47C1,6027,0.25,0.47828821333333205,1,3.0,4.2,-1,4614,0,1,charge_capacity_in_Ah|current_in_A|cycle_number|discharge_capacity_in_Ah|internal_resistance_in_ohm|temperature_in_C|time_in_s|voltage_in_V,SOC_interval|already_spent_cycles|anode_material|cathode_material|cell_id|charge_protocol|cycle_data|depth_of_charge|depth_of_discharge|description|discharge_protocol|electrolyte_material|form_factor|max_current_limit_in_A|max_voltage_limit_in_V|min_current_limit_in_A|min_voltage_limit_in_V|nominal_capacity_in_Ah|reference,
MATR,MATR_b3c7.pkl,MATR_b3c7,1834,1.1,0,1,2.0,3.5,-1,11262,41,1,Qdlin|charge_capacity_in_Ah|current_in_A|cycle_number|discharge_capacity_in_Ah|internal_resistance_in_ohm|temperature_in_C|time_in_s|voltage_in_V,SOC_interval|already_spent_cycles|anode_material|cathode_material|cell_id|charge_protocol|cycle_data|depth_of_charge|depth_of_discharge|description|discharge_protocol|electrolyte_material|form_factor|max_current_limit_in_A|max_voltage_limit_in_V|min_current_limit_in_A|min_voltage_limit_in_V|nominal_capacity_in_Ah|reference,
ISU_ILCC,ISU-ILCC_G47C4.pkl,ISU-ILCC_G47C4,6086,0.25,0.456492266666668,1,3.0,4.2,-1,4685,0,1,charge_capacity_in_Ah|current_in_A|cycle_number|discharge_capacity_in_Ah|internal_resistance_in_ohm|temperature_in_C|time_in_s|voltage_in_V,SOC_interval|already_spent_cycles|anode_material|cathode_material|cell_id|charge_protocol|cycle_data|depth_of_charge|depth_of_discharge|description|discharge_protocol|electrolyte_material|form_factor|max_current_limit_in_A|max_voltage_limit_in_V|min_current_limit_in_A|min_voltage_limit_in_V|nominal_capacity_in_Ah|reference,
Stanford,Stanford_Nova_Regular_221.pkl,Stanford_Nova_Regular_221,848,0.24,0,1,3,4.4,-1,41005,0,1,charge_capacity_in_Ah|current_in_A|cycle_number|discharge_capacity_in_Ah|internal_resistance_in_ohm|temperature_in_C|time_in_s|voltage_in_V,SOC_interval|already_spent_cycles|anode_material|cathode_material|cell_id|charge_protocol|cycle_data|depth_of_charge|depth_of_discharge|description|discharge_protocol|electrolyte_material|form_factor|max_current_limit_in_A|max_voltage_limit_in_V|min_current_limit_in_A|min_voltage_limit_in_V|nominal_capacity_in_Ah|reference,
Stanford,Stanford_Nova_Regular_193.pkl,Stanford_Nova_Regular_193,847,0.24,0,1,3,4.4,-1,41000,0,1,charge_capacity_in_Ah|current_in_A|cycle_number|discharge_capacity_in_Ah|internal_resistance_in_ohm|temperature_in_C|time_in_s|voltage_in_V,SOC_interval|already_spent_cycles|anode_material|cathode_material|cell_id|charge_protocol|cycle_data|depth_of_charge|depth_of_discharge|description|discharge_protocol|electrolyte_material|form_factor|max_current_limit_in_A|max_voltage_limit_in_V|min_current_limit_in_A|min_voltage_limit_in_V|nominal_capacity_in_Ah|reference,
Stanford,Stanford_Nova_Regular_198.pkl,Stanford_Nova_Regular_198,848,0.24,0,1,3,4.4,-1,41001,0,1,charge_capacity_in_Ah|current_in_A|cycle_number|discharge_capacity_in_Ah|internal_resistance_in_ohm|temperature_in_C|time_in_s|voltage_in_V,SOC_interval|already_spent_cycles|anode_material|cathode_material|cell_id|charge_protocol|cycle_data|depth_of_charge|depth_of_discharge|description|discharge_protocol|electrolyte_material|form_factor|max_current_limit_in_A|max_voltage_limit_in_V|min_current_limit_in_A|min_voltage_limit_in_V|nominal_capacity_in_Ah|reference,
MATR,MATR_b3c38.pkl,MATR_b3c38,1933,1.1,0,1,2.0,3.5,-1,10543,78,1,Qdlin|charge_capacity_in_Ah|current_in_A|cycle_number|discharge_capacity_in_Ah|internal_resistance_in_ohm|temperature_in_C|time_in_s|voltage_in_V,SOC_interval|already_spent_cycles|anode_material|cathode_material|cell_id|charge_protocol|cycle_data|depth_of_charge|depth_of_discharge|description|discharge_protocol|electrolyte_material|form_factor|max_current_limit_in_A|max_voltage_limit_in_V|min_current_limit_in_A|min_voltage_limit_in_V|nominal_capacity_in_Ah|reference,
ISU_ILCC,ISU-ILCC_G51C1.pkl,ISU-ILCC_G51C1,4969,0.25,0.37484927999999995,1,3.0,4.2,-1,5283,0,1,charge_capacity_in_Ah|current_in_A|cycle_number|discharge_capacity_in_Ah|internal_resistance_in_ohm|temperature_in_C|time_in_s|voltage_in_V,SOC_interval|already_spent_cycles|anode_material|cathode_material|cell_id|charge_protocol|cycle_data|depth_of_charge|depth_of_discharge|description|discharge_protocol|electrolyte_material|form_factor|max_current_limit_in_A|max_voltage_limit_in_V|min_current_limit_in_A|min_voltage_limit_in_V|nominal_capacity_in_Ah|reference,
ISU_ILCC,ISU-ILCC_G16C2.pkl,ISU-ILCC_G16C2,679,0.25,0,1,3.0,4.2,-1,58705,0,1,charge_capacity_in_Ah|current_in_A|cycle_number|discharge_capacity_in_Ah|internal_resistance_in_ohm|temperature_in_C|time_in_s|voltage_in_V,SOC_interval|already_spent_cycles|anode_material|cathode_material|cell_id|charge_protocol|cycle_data|depth_of_charge|depth_of_discharge|description|discharge_protocol|electrolyte_material|form_factor|max_current_limit_in_A|max_voltage_limit_in_V|min_current_limit_in_A|min_voltage_limit_in_V|nominal_capacity_in_Ah|reference,
ISU_ILCC,ISU-ILCC_G37C2.pkl,ISU-ILCC_G37C2,782,0.25,0,1,3.0,4.2,-1,55637,0,1,charge_capacity_in_Ah|current_in_A|cycle_number|discharge_capacity_in_Ah|internal_resistance_in_ohm|temperature_in_C|time_in_s|voltage_in_V,SOC_interval|already_spent_cycles|anode_material|cathode_material|cell_id|charge_protocol|cycle_data|depth_of_charge|depth_of_discharge|description|discharge_protocol|electrolyte_material|form_factor|max_current_limit_in_A|max_voltage_limit_in_V|min_current_limit_in_A|min_voltage_limit_in_V|nominal_capacity_in_Ah|reference,
ISU_ILCC,ISU-ILCC_G45C4.pkl,ISU-ILCC_G45C4,4418,0.25,0.08790755555555596,1,3.0,4.2,-1,6758,0,1,charge_capacity_in_Ah|current_in_A|cycle_number|discharge_capacity_in_Ah|internal_resistance_in_ohm|temperature_in_C|time_in_s|voltage_in_V,SOC_interval|already_spent_cycles|anode_material|cathode_material|cell_id|charge_protocol|cycle_data|depth_of_charge|depth_of_discharge|description|discharge_protocol|electrolyte_material|form_factor|max_current_limit_in_A|max_voltage_limit_in_V|min_current_limit_in_A|min_voltage_limit_in_V|nominal_capacity_in_Ah|reference,
ISU_ILCC,ISU-ILCC_G16C3.pkl,ISU-ILCC_G16C3,698,0.25,0,1,3.0,4.2,-1,54427,0,1,charge_capacity_in_Ah|current_in_A|cycle_number|discharge_capacity_in_Ah|internal_resistance_in_ohm|temperature_in_C|time_in_s|voltage_in_V,SOC_interval|already_spent_cycles|anode_material|cathode_material|cell_id|charge_protocol|cycle_data|depth_of_charge|depth_of_discharge|description|discharge_protocol|electrolyte_material|form_factor|max_current_limit_in_A|max_voltage_limit_in_V|min_current_limit_in_A|min_voltage_limit_in_V|nominal_capacity_in_Ah|reference,
ISU_ILCC,ISU-ILCC_G17C2.pkl,ISU-ILCC_G17C2,1237,0.25,0.22922855555555555,1,3.0,4.2,-1,38723,0,1,charge_capacity_in_Ah|current_in_A|cycle_number|discharge_capacity_in_Ah|internal_resistance_in_ohm|temperature_in_C|time_in_s|voltage_in_V,SOC_interval|already_spent_cycles|anode_material|cathode_material|cell_id|charge_protocol|cycle_data|depth_of_charge|depth_of_discharge|description|discharge_protocol|electrolyte_material|form_factor|max_current_limit_in_A|max_voltage_limit_in_V|min_current_limit_in_A|min_voltage_limit_in_V|nominal_capacity_in_Ah|reference,
ISU_ILCC,ISU-ILCC_G8C2.pkl,ISU-ILCC_G8C2,1362,0.25,0.2283467777777778,1,3.0,4.2,-1,35536,0,1,charge_capacity_in_Ah|current_in_A|cycle_number|discharge_capacity_in_Ah|internal_resistance_in_ohm|temperature_in_C|time_in_s|voltage_in_V,SOC_interval|already_spent_cycles|anode_material|cathode_material|cell_id|charge_protocol|cycle_data|depth_of_charge|depth_of_discharge|description|discharge_protocol|electrolyte_material|form_factor|max_current_limit_in_A|max_voltage_limit_in_V|min_current_limit_in_A|min_voltage_limit_in_V|nominal_capacity_in_Ah|reference,
ISU_ILCC,ISU-ILCC_G16C1.pkl,ISU-ILCC_G16C1,745,0.25,0,1,3.0,4.2,-1,51731,0,1,charge_capacity_in_Ah|current_in_A|cycle_number|discharge_capacity_in_Ah|internal_resistance_in_ohm|temperature_in_C|time_in_s|voltage_in_V,SOC_interval|already_spent_cycles|anode_material|cathode_material|cell_id|charge_protocol|cycle_data|depth_of_charge|depth_of_discharge|description|discharge_protocol|electrolyte_material|form_factor|max_current_limit_in_A|max_voltage_limit_in_V|min_current_limit_in_A|min_voltage_limit_in_V|nominal_capacity_in_Ah|reference,
ISU_ILCC,ISU-ILCC_G16C4.pkl,ISU-ILCC_G16C4,723,0.25,0,1,3.0,4.2,-1,52606,0,1,charge_capacity_in_Ah|current_in_A|cycle_number|discharge_capacity_in_Ah|internal_resistance_in_ohm|temperature_in_C|time_in_s|voltage_in_V,SOC_interval|already_spent_cycles|anode_material|cathode_material|cell_id|charge_protocol|cycle_data|depth_of_charge|depth_of_discharge|description|discharge_protocol|electrolyte_material|form_factor|max_current_limit_in_A|max_voltage_limit_in_V|min_current_limit_in_A|min_voltage_limit_in_V|nominal_capacity_in_Ah|reference,
ISU_ILCC,ISU-ILCC_G45C1.pkl,ISU-ILCC_G45C1,4357,0.25,0.09613148444444397,1,3.0,4.2,-1,6900,0,1,charge_capacity_in_Ah|current_in_A|cycle_number|discharge_capacity_in_Ah|internal_resistance_in_ohm|temperature_in_C|time_in_s|voltage_in_V,SOC_interval|already_spent_cycles|anode_material|cathode_material|cell_id|charge_protocol|cycle_data|depth_of_charge|depth_of_discharge|description|discharge_protocol|electrolyte_material|form_factor|max_current_limit_in_A|max_voltage_limit_in_V|min_current_limit_in_A|min_voltage_limit_in_V|nominal_capacity_in_Ah|reference,
XJTU,XJTU_3C_battery-8.pkl,XJTU_3C_battery-8,269,2.0,0,1,2.5,4.2,-1,84934,0,1,charge_capacity_in_Ah|current_in_A|cycle_number|discharge_capacity_in_Ah|internal_resistance_in_ohm|temperature_in_C|time_in_s|voltage_in_V,SOC_interval|already_spent_cycles|anode_material|cathode_material|cell_id|charge_protocol|cycle_data|depth_of_charge|depth_of_discharge|description|discharge_protocol|electrolyte_material|form_factor|max_current_limit_in_A|max_voltage_limit_in_V|min_current_limit_in_A|min_voltage_limit_in_V|nominal_capacity_in_Ah|reference,
Tongji,Tongji3_CY25-05_4--3.pkl,Tongji3_CY25-05_4--3,905,2.5,0,1,2.5,4.2,-1,3312,0,1,charge_capacity_in_Ah|current_in_A|cycle_number|discharge_capacity_in_Ah|internal_resistance_in_ohm|temperature_in_C|time_in_s|voltage_in_V,SOC_interval|already_spent_cycles|anode_material|cathode_material|cell_id|charge_protocol|cycle_data|depth_of_charge|depth_of_discharge|description|discharge_protocol|electrolyte_material|form_factor|max_current_limit_in_A|max_voltage_limit_in_V|min_current_limit_in_A|min_voltage_limit_in_V|nominal_capacity_in_Ah|reference,
MATR,MATR_b1c3.pkl,MATR_b1c3,1432,1.1,0,1,2.0,3.5,-1,11825,62,1,Qdlin|charge_capacity_in_Ah|current_in_A|cycle_number|discharge_capacity_in_Ah|internal_resistance_in_ohm|temperature_in_C|time_in_s|voltage_in_V,SOC_interval|already_spent_cycles|anode_material|cathode_material|cell_id|charge_protocol|cycle_data|depth_of_charge|depth_of_discharge|description|discharge_protocol|electrolyte_material|form_factor|max_current_limit_in_A|max_voltage_limit_in_V|min_current_limit_in_A|min_voltage_limit_in_V|nominal_capacity_in_Ah|reference,
ISU_ILCC,ISU-ILCC_G27C3.pkl,ISU-ILCC_G27C3,3679,0.25,0.341269404444444,1,3.0,4.2,-1,5570,0,1,charge_capacity_in_Ah|current_in_A|cycle_number|discharge_capacity_in_Ah|internal_resistance_in_ohm|temperature_in_C|time_in_s|voltage_in_V,SOC_interval|already_spent_cycles|anode_material|cathode_material|cell_id|charge_protocol|cycle_data|depth_of_charge|depth_of_discharge|description|discharge_protocol|electrolyte_material|form_factor|max_current_limit_in_A|max_voltage_limit_in_V|min_current_limit_in_A|min_voltage_limit_in_V|nominal_capacity_in_Ah|reference,
ISU_ILCC,ISU-ILCC_G10C3.pkl,ISU-ILCC_G10C3,1952,0.25,0.44299355555555553,1,3.0,4.2,-1,23389,0,1,charge_capacity_in_Ah|current_in_A|cycle_number|discharge_capacity_in_Ah|internal_resistance_in_ohm|temperature_in_C|time_in_s|voltage_in_V,SOC_interval|already_spent_cycles|anode_material|cathode_material|cell_id|charge_protocol|cycle_data|depth_of_charge|depth_of_discharge|description|discharge_protocol|electrolyte_material|form_factor|max_current_limit_in_A|max_voltage_limit_in_V|min_current_limit_in_A|min_voltage_limit_in_V|nominal_capacity_in_Ah|reference,
ISU_ILCC,ISU-ILCC_G10C1.pkl,ISU-ILCC_G10C1,2035,0.25,0.4596232222222223,1,3.0,4.2,-1,23633,0,1,charge_capacity_in_Ah|current_in_A|cycle_number|discharge_capacity_in_Ah|internal_resistance_in_ohm|temperature_in_C|time_in_s|voltage_in_V,SOC_interval|already_spent_cycles|anode_material|cathode_material|cell_id|charge_protocol|cycle_data|depth_of_charge|depth_of_discharge|description|discharge_protocol|electrolyte_material|form_factor|max_current_limit_in_A|max_voltage_limit_in_V|min_current_limit_in_A|min_voltage_limit_in_V|nominal_capacity_in_Ah|reference,
ISU_ILCC,ISU-ILCC_G47C3.pkl,ISU-ILCC_G47C3,5977,0.25,0.458542897777776,1,3.0,4.2,-1,4856,0,1,charge_capacity_in_Ah|current_in_A|cycle_number|discharge_capacity_in_Ah|internal_resistance_in_ohm|temperature_in_C|time_in_s|voltage_in_V,SOC_interval|already_spent_cycles|anode_material|cathode_material|cell_id|charge_protocol|cycle_data|depth_of_charge|depth_of_discharge|description|discharge_protocol|electrolyte_material|form_factor|max_current_limit_in_A|max_voltage_limit_in_V|min_current_limit_in_A|min_voltage_limit_in_V|nominal_capacity_in_Ah|reference,
ISU_ILCC,ISU-ILCC_G12C3.pkl,ISU-ILCC_G12C3,2972,0.25,0.6787155555555555,1,3.0,4.2,-1,15654,0,1,charge_capacity_in_Ah|current_in_A|cycle_number|discharge_capacity_in_Ah|internal_resistance_in_ohm|temperature_in_C|time_in_s|voltage_in_V,SOC_interval|already_spent_cycles|anode_material|cathode_material|cell_id|charge_protocol|cycle_data|depth_of_charge|depth_of_discharge|description|discharge_protocol|electrolyte_material|form_factor|max_current_limit_in_A|max_voltage_limit_in_V|min_current_limit_in_A|min_voltage_limit_in_V|nominal_capacity_in_Ah|reference,
ISU_ILCC,ISU-ILCC_G48C3.pkl,ISU-ILCC_G48C3,4979,0.25,0.31643000888888795,1,3.0,4.2,-1,5683,0,1,charge_capacity_in_Ah|current_in_A|cycle_number|discharge_capacity_in_Ah|internal_resistance_in_ohm|temperature_in_C|time_in_s|voltage_in_V,SOC_interval|already_spent_cycles|anode_material|cathode_material|cell_id|charge_protocol|cycle_data|depth_of_charge|depth_of_discharge|description|discharge_protocol|electrolyte_material|form_factor|max_current_limit_in_A|max_voltage_limit_in_V|min_current_limit_in_A|min_voltage_limit_in_V|nominal_capacity_in_Ah|reference,
ISU_ILCC,ISU-ILCC_G53C4.pkl,ISU-ILCC_G53C4,1472,0.25,0,1,3.0,4.2,-1,24162,0,1,charge_capacity_in_Ah|current_in_A|cycle_number|discharge_capacity_in_Ah|internal_resistance_in_ohm|temperature_in_C|time_in_s|voltage_in_V,SOC_interval|already_spent_cycles|anode_material|cathode_material|cell_id|charge_protocol|cycle_data|depth_of_charge|depth_of_discharge|description|discharge_protocol|electrolyte_material|form_factor|max_current_limit_in_A|max_voltage_limit_in_V|min_current_limit_in_A|min_voltage_limit_in_V|nominal_capacity_in_Ah|reference,
ISU_ILCC,ISU-ILCC_G21C2.pkl,ISU-ILCC_G21C2,926,0.25,0,1,3.0,4.2,-1,53063,0,1,charge_capacity_in_Ah|current_in_A|cycle_number|discharge_capacity_in_Ah|internal_resistance_in_ohm|temperature_in_C|time_in_s|voltage_in_V,SOC_interval|already_spent_cycles|anode_material|cathode_material|cell_id|charge_protocol|cycle_data|depth_of_charge|depth_of_discharge|description|discharge_protocol|electrolyte_material|form_factor|max_current_limit_in_A|max_voltage_limit_in_V|min_current_limit_in_A|min_voltage_limit_in_V|nominal_capacity_in_Ah|reference,
ISU_ILCC,ISU-ILCC_G5C2.pkl,ISU-ILCC_G5C2,1673,0.25,0,1,3.0,4.2,-1,28113,0,1,charge_capacity_in_Ah|current_in_A|cycle_number|discharge_capacity_in_Ah|internal_resistance_in_ohm|temperature_in_C|time_in_s|voltage_in_V,SOC_interval|already_spent_cycles|anode_material|cathode_material|cell_id|charge_protocol|cycle_data|depth_of_charge|depth_of_discharge|description|discharge_protocol|electrolyte_material|form_factor|max_current_limit_in_A|max_voltage_limit_in_V|min_current_limit_in_A|min_voltage_limit_in_V|nominal_capacity_in_Ah|reference,
Stanford,Stanford_Nova_Regular_209.pkl,Stanford_Nova_Regular_209,899,0.24,0,1,3,4.4,-1,41000,0,1,charge_capacity_in_Ah|current_in_A|cycle_number|discharge_capacity_in_Ah|internal_resistance_in_ohm|temperature_in_C|time_in_s|voltage_in_V,SOC_interval|already_spent_cycles|anode_material|cathode_material|cell_id|charge_protocol|cycle_data|depth_of_charge|depth_of_discharge|description|discharge_protocol|electrolyte_material|form_factor|max_current_limit_in_A|max_voltage_limit_in_V|min_current_limit_in_A|min_voltage_limit_in_V|nominal_capacity_in_Ah|reference,
ISU_ILCC,ISU-ILCC_G51C2.pkl,ISU-ILCC_G51C2,5504,0.25,0.44558997333333195,1,3.0,4.2,-1,4995,0,1,charge_capacity_in_Ah|current_in_A|cycle_number|discharge_capacity_in_Ah|internal_resistance_in_ohm|temperature_in_C|time_in_s|voltage_in_V,SOC_interval|already_spent_cycles|anode_material|cathode_material|cell_id|charge_protocol|cycle_data|depth_of_charge|depth_of_discharge|description|discharge_protocol|electrolyte_material|form_factor|max_current_limit_in_A|max_voltage_limit_in_V|min_current_limit_in_A|min_voltage_limit_in_V|nominal_capacity_in_Ah|reference,
ISU_ILCC,ISU-ILCC_G44C1.pkl,ISU-ILCC_G44C1,5108,0.25,0.591472177777776,1,3.0,4.2,-1,5273,0,1,charge_capacity_in_Ah|current_in_A|cycle_number|discharge_capacity_in_Ah|internal_resistance_in_ohm|temperature_in_C|time_in_s|voltage_in_V,SOC_interval|already_spent_cycles|anode_material|cathode_material|cell_id|charge_protocol|cycle_data|depth_of_charge|depth_of_discharge|description|discharge_protocol|electrolyte_material|form_factor|max_current_limit_in_A|max_voltage_limit_in_V|min_current_limit_in_A|min_voltage_limit_in_V|nominal_capacity_in_Ah|reference,
XJTU,XJTU_3C_battery-3.pkl,XJTU_3C_battery-3,285,2.0,0,1,2.5,4.2,-1,77446,0,1,charge_capacity_in_Ah|current_in_A|cycle_number|discharge_capacity_in_Ah|internal_resistance_in_ohm|temperature_in_C|time_in_s|voltage_in_V,SOC_interval|already_spent_cycles|anode_material|cathode_material|cell_id|charge_protocol|cycle_data|depth_of_charge|depth_of_discharge|description|discharge_protocol|electrolyte_material|form_factor|max_current_limit_in_A|max_voltage_limit_in_V|min_current_limit_in_A|min_voltage_limit_in_V|nominal_capacity_in_Ah|reference,
XJTU,XJTU_3C_battery-9.pkl,XJTU_3C_battery-9,286,2.0,0,1,2.5,4.2,-1,75490,0,1,charge_capacity_in_Ah|current_in_A|cycle_number|discharge_capacity_in_Ah|internal_resistance_in_ohm|temperature_in_C|time_in_s|voltage_in_V,SOC_interval|already_spent_cycles|anode_material|cathode_material|cell_id|charge_protocol|cycle_data|depth_of_charge|depth_of_discharge|description|discharge_protocol|electrolyte_material|form_factor|max_current_limit_in_A|max_voltage_limit_in_V|min_current_limit_in_A|min_voltage_limit_in_V|nominal_capacity_in_Ah|reference,
ISU_ILCC,ISU-ILCC_G60C4.pkl,ISU-ILCC_G60C4,3392,0.25,0.05290225777777602,1,3.0,4.2,-1,8588,0,1,charge_capacity_in_Ah|current_in_A|cycle_number|discharge_capacity_in_Ah|internal_resistance_in_ohm|temperature_in_C|time_in_s|voltage_in_V,SOC_interval|already_spent_cycles|anode_material|cathode_material|cell_id|charge_protocol|cycle_data|depth_of_charge|depth_of_discharge|description|discharge_protocol|electrolyte_material|form_factor|max_current_limit_in_A|max_voltage_limit_in_V|min_current_limit_in_A|min_voltage_limit_in_V|nominal_capacity_in_Ah|reference,
ISU_ILCC,ISU-ILCC_G51C4.pkl,ISU-ILCC_G51C4,5400,0.25,0.407660764444444,1,3.0,4.2,-1,5289,0,1,charge_capacity_in_Ah|current_in_A|cycle_number|discharge_capacity_in_Ah|internal_resistance_in_ohm|temperature_in_C|time_in_s|voltage_in_V,SOC_interval|already_spent_cycles|anode_material|cathode_material|cell_id|charge_protocol|cycle_data|depth_of_charge|depth_of_discharge|description|discharge_protocol|electrolyte_material|form_factor|max_current_limit_in_A|max_voltage_limit_in_V|min_current_limit_in_A|min_voltage_limit_in_V|nominal_capacity_in_Ah|reference,
Stanford,Stanford_Nova_Regular_201.pkl,Stanford_Nova_Regular_201,919,0.24,0,1,3,4.4,-1,42000,0,1,charge_capacity_in_Ah|current_in_A|cycle_number|discharge_capacity_in_Ah|internal_resistance_in_ohm|temperature_in_C|time_in_s|voltage_in_V,SOC_interval|already_spent_cycles|anode_material|cathode_material|cell_id|charge_protocol|cycle_data|depth_of_charge|depth_of_discharge|description|discharge_protocol|electrolyte_material|form_factor|max_current_limit_in_A|max_voltage_limit_in_V|min_current_limit_in_A|min_voltage_limit_in_V|nominal_capacity_in_Ah|reference,
Stanford,Stanford_Nova_Regular_216.pkl,Stanford_Nova_Regular_216,922,0.24,0,1,3,4.4,-1,41000,0,1,charge_capacity_in_Ah|current_in_A|cycle_number|discharge_capacity_in_Ah|internal_resistance_in_ohm|temperature_in_C|time_in_s|voltage_in_V,SOC_interval|already_spent_cycles|anode_material|cathode_material|cell_id|charge_protocol|cycle_data|depth_of_charge|depth_of_discharge|description|discharge_protocol|electrolyte_material|form_factor|max_current_limit_in_A|max_voltage_limit_in_V|min_current_limit_in_A|min_voltage_limit_in_V|nominal_capacity_in_Ah|reference,
Stanford,Stanford_Nova_Regular_214.pkl,Stanford_Nova_Regular_214,925,0.24,0,1,3,4.4,-1,41034,0,1,charge_capacity_in_Ah|current_in_A|cycle_number|discharge_capacity_in_Ah|internal_resistance_in_ohm|temperature_in_C|time_in_s|voltage_in_V,SOC_interval|already_spent_cycles|anode_material|cathode_material|cell_id|charge_protocol|cycle_data|depth_of_charge|depth_of_discharge|description|discharge_protocol|electrolyte_material|form_factor|max_current_limit_in_A|max_voltage_limit_in_V|min_current_limit_in_A|min_voltage_limit_in_V|nominal_capacity_in_Ah|reference,
Tongji,Tongji3_CY25-05_4--2.pkl,Tongji3_CY25-05_4--2,976,2.5,0,1,2.5,4.2,-1,3233,0,1,charge_capacity_in_Ah|current_in_A|cycle_number|discharge_capacity_in_Ah|internal_resistance_in_ohm|temperature_in_C|time_in_s|voltage_in_V,SOC_interval|already_spent_cycles|anode_material|cathode_material|cell_id|charge_protocol|cycle_data|depth_of_charge|depth_of_discharge|description|discharge_protocol|electrolyte_material|form_factor|max_current_limit_in_A|max_voltage_limit_in_V|min_current_limit_in_A|min_voltage_limit_in_V|nominal_capacity_in_Ah|reference,
Stanford,Stanford_Nova_Regular_196.pkl,Stanford_Nova_Regular_196,932,0.24,0,1,3,4.4,-1,41004,0,1,charge_capacity_in_Ah|current_in_A|cycle_number|discharge_capacity_in_Ah|internal_resistance_in_ohm|temperature_in_C|time_in_s|voltage_in_V,SOC_interval|already_spent_cycles|anode_material|cathode_material|cell_id|charge_protocol|cycle_data|depth_of_charge|depth_of_discharge|description|discharge_protocol|electrolyte_material|form_factor|max_current_limit_in_A|max_voltage_limit_in_V|min_current_limit_in_A|min_voltage_limit_in_V|nominal_capacity_in_Ah|reference,
ISU_ILCC,ISU-ILCC_G36C3.pkl,ISU-ILCC_G36C3,1053,0.25,0,1,3.0,4.2,-1,47622,0,1,charge_capacity_in_Ah|current_in_A|cycle_number|discharge_capacity_in_Ah|internal_resistance_in_ohm|temperature_in_C|time_in_s|voltage_in_V,SOC_interval|already_spent_cycles|anode_material|cathode_material|cell_id|charge_protocol|cycle_data|depth_of_charge|depth_of_discharge|description|discharge_protocol|electrolyte_material|form_factor|max_current_limit_in_A|max_voltage_limit_in_V|min_current_limit_in_A|min_voltage_limit_in_V|nominal_capacity_in_Ah|reference,
Stanford,Stanford_Nova_Regular_192.pkl,Stanford_Nova_Regular_192,934,0.24,0,1,3,4.4,-1,41000,0,1,charge_capacity_in_Ah|current_in_A|cycle_number|discharge_capacity_in_Ah|internal_resistance_in_ohm|temperature_in_C|time_in_s|voltage_in_V,SOC_interval|already_spent_cycles|anode_material|cathode_material|cell_id|charge_protocol|cycle_data|depth_of_charge|depth_of_discharge|description|discharge_protocol|electrolyte_material|form_factor|max_current_limit_in_A|max_voltage_limit_in_V|min_current_limit_in_A|min_voltage_limit_in_V|nominal_capacity_in_Ah|reference,
Stanford,Stanford_Nova_Regular_229.pkl,Stanford_Nova_Regular_229,936,0.24,0,1,3,4.4,-1,41009,0,1,charge_capacity_in_Ah|current_in_A|cycle_number|discharge_capacity_in_Ah|internal_resistance_in_ohm|temperature_in_C|time_in_s|voltage_in_V,SOC_interval|already_spent_cycles|anode_material|cathode_material|cell_id|charge_protocol|cycle_data|depth_of_charge|depth_of_discharge|description|discharge_protocol|electrolyte_material|form_factor|max_current_limit_in_A|max_voltage_limit_in_V|min_current_limit_in_A|min_voltage_limit_in_V|nominal_capacity_in_Ah|reference,
Tongji,Tongji3_CY25-05_2--2.pkl,Tongji3_CY25-05_2--2,957,2.5,0,1,2.5,4.2,-1,6260,0,1,charge_capacity_in_Ah|current_in_A|cycle_number|discharge_capacity_in_Ah|internal_resistance_in_ohm|temperature_in_C|time_in_s|voltage_in_V,SOC_interval|already_spent_cycles|anode_material|cathode_material|cell_id|charge_protocol|cycle_data|depth_of_charge|depth_of_discharge|description|discharge_protocol|electrolyte_material|form_factor|max_current_limit_in_A|max_voltage_limit_in_V|min_current_limit_in_A|min_voltage_limit_in_V|nominal_capacity_in_Ah|reference,
ISU_ILCC,ISU-ILCC_G38C4.pkl,ISU-ILCC_G38C4,1135,0.25,0,1,3.0,4.2,-1,47433,0,1,charge_capacity_in_Ah|current_in_A|cycle_number|discharge_capacity_in_Ah|internal_resistance_in_ohm|temperature_in_C|time_in_s|voltage_in_V,SOC_interval|already_spent_cycles|anode_material|cathode_material|cell_id|charge_protocol|cycle_data|depth_of_charge|depth_of_discharge|description|discharge_protocol|electrolyte_material|form_factor|max_current_limit_in_A|max_voltage_limit_in_V|min_current_limit_in_A|min_voltage_limit_in_V|nominal_capacity_in_Ah|reference,
ISU_ILCC,ISU-ILCC_G3C2.pkl,ISU-ILCC_G3C2,1155,0.25,0.21693811111111105,1,3.0,4.2,-1,34950,0,1,charge_capacity_in_Ah|current_in_A|cycle_number|discharge_capacity_in_Ah|internal_resistance_in_ohm|temperature_in_C|time_in_s|voltage_in_V,SOC_interval|already_spent_cycles|anode_material|cathode_material|cell_id|charge_protocol|cycle_data|depth_of_charge|depth_of_discharge|description|discharge_protocol|electrolyte_material|form_factor|max_current_limit_in_A|max_voltage_limit_in_V|min_current_limit_in_A|min_voltage_limit_in_V|nominal_capacity_in_Ah|reference,
XJTU,XJTU_3C_battery-5.pkl,XJTU_3C_battery-5,296,2.0,0,1,2.5,4.2,-1,80484,0,1,charge_capacity_in_Ah|current_in_A|cycle_number|discharge_capacity_in_Ah|internal_resistance_in_ohm|temperature_in_C|time_in_s|voltage_in_V,SOC_interval|already_spent_cycles|anode_material|cathode_material|cell_id|charge_protocol|cycle_data|depth_of_charge|depth_of_discharge|description|discharge_protocol|electrolyte_material|form_factor|max_current_limit_in_A|max_voltage_limit_in_V|min_current_limit_in_A|min_voltage_limit_in_V|nominal_capacity_in_Ah|reference,
ISU_ILCC,ISU-ILCC_G3C4.pkl,ISU-ILCC_G3C4,1164,0.25,0.218406,1,3.0,4.2,-1,33986,0,1,charge_capacity_in_Ah|current_in_A|cycle_number|discharge_capacity_in_Ah|internal_resistance_in_ohm|temperature_in_C|time_in_s|voltage_in_V,SOC_interval|already_spent_cycles|anode_material|cathode_material|cell_id|charge_protocol|cycle_data|depth_of_charge|depth_of_discharge|description|discharge_protocol|electrolyte_material|form_factor|max_current_limit_in_A|max_voltage_limit_in_V|min_current_limit_in_A|min_voltage_limit_in_V|nominal_capacity_in_Ah|reference,
XJTU,XJTU_3C_battery-1.pkl,XJTU_3C_battery-1,298,2.0,0,1,2.5,4.2,-1,80691,0,1,charge_capacity_in_Ah|current_in_A|cycle_number|discharge_capacity_in_Ah|internal_resistance_in_ohm|temperature_in_C|time_in_s|voltage_in_V,SOC_interval|already_spent_cycles|anode_material|cathode_material|cell_id|charge_protocol|cycle_data|depth_of_charge|depth_of_discharge|description|discharge_protocol|electrolyte_material|form_factor|max_current_limit_in_A|max_voltage_limit_in_V|min_current_limit_in_A|min_voltage_limit_in_V|nominal_capacity_in_Ah|reference,
ISU_ILCC,ISU-ILCC_G17C3.pkl,ISU-ILCC_G17C3,1304,0.25,0.20938400000000001,1,3.0,4.2,-1,39511,0,1,charge_capacity_in_Ah|current_in_A|cycle_number|discharge_capacity_in_Ah|internal_resistance_in_ohm|temperature_in_C|time_in_s|voltage_in_V,SOC_interval|already_spent_cycles|anode_material|cathode_material|cell_id|charge_protocol|cycle_data|depth_of_charge|depth_of_discharge|description|discharge_protocol|electrolyte_material|form_factor|max_current_limit_in_A|max_voltage_limit_in_V|min_current_limit_in_A|min_voltage_limit_in_V|nominal_capacity_in_Ah|reference,
XJTU,XJTU_3C_battery-2.pkl,XJTU_3C_battery-2,291,2.0,0,1,2.5,4.2,-1,79532,0,1,charge_capacity_in_Ah|current_in_A|cycle_number|discharge_capacity_in_Ah|internal_resistance_in_ohm|temperature_in_C|time_in_s|voltage_in_V,SOC_interval|already_spent_cycles|anode_material|cathode_material|cell_id|charge_protocol|cycle_data|depth_of_charge|depth_of_discharge|description|discharge_protocol|electrolyte_material|form_factor|max_current_limit_in_A|max_voltage_limit_in_V|min_current_limit_in_A|min_voltage_limit_in_V|nominal_capacity_in_Ah|reference,
Tongji,Tongji3_CY25-05_4--1.pkl,Tongji3_CY25-05_4--1,985,2.5,0,1,2.5,4.2,-1,3115,0,1,charge_capacity_in_Ah|current_in_A|cycle_number|discharge_capacity_in_Ah|internal_resistance_in_ohm|temperature_in_C|time_in_s|voltage_in_V,SOC_interval|already_spent_cycles|anode_material|cathode_material|cell_id|charge_protocol|cycle_data|depth_of_charge|depth_of_discharge|description|discharge_protocol|electrolyte_material|form_factor|max_current_limit_in_A|max_voltage_limit_in_V|min_current_limit_in_A|min_voltage_limit_in_V|nominal_capacity_in_Ah|reference,
ISU_ILCC,ISU-ILCC_G46C2.pkl,ISU-ILCC_G46C2,5141,0.25,0.13349219555555603,1,3.0,4.2,-1,6129,0,1,charge_capacity_in_Ah|current_in_A|cycle_number|discharge_capacity_in_Ah|internal_resistance_in_ohm|temperature_in_C|time_in_s|voltage_in_V,SOC_interval|already_spent_cycles|anode_material|cathode_material|cell_id|charge_protocol|cycle_data|depth_of_charge|depth_of_discharge|description|discharge_protocol|electrolyte_material|form_factor|max_current_limit_in_A|max_voltage_limit_in_V|min_current_limit_in_A|min_voltage_limit_in_V|nominal_capacity_in_Ah|reference,
ISU_ILCC,ISU-ILCC_G17C1.pkl,ISU-ILCC_G17C1,1466,0.25,0.2511358888888888,1,3.0,4.2,-1,34742,0,1,charge_capacity_in_Ah|current_in_A|cycle_number|discharge_capacity_in_Ah|internal_resistance_in_ohm|temperature_in_C|time_in_s|voltage_in_V,SOC_interval|already_spent_cycles|anode_material|cathode_material|cell_id|charge_protocol|cycle_data|depth_of_charge|depth_of_discharge|description|discharge_protocol|electrolyte_material|form_factor|max_current_limit_in_A|max_voltage_limit_in_V|min_current_limit_in_A|min_voltage_limit_in_V|nominal_capacity_in_Ah|reference,
Tongji,Tongji3_CY25-05_2--1.pkl,Tongji3_CY25-05_2--1,978,2.5,0,1,2.5,4.2,-1,5969,0,1,charge_capacity_in_Ah|current_in_A|cycle_number|discharge_capacity_in_Ah|internal_resistance_in_ohm|temperature_in_C|time_in_s|voltage_in_V,SOC_interval|already_spent_cycles|anode_material|cathode_material|cell_id|charge_protocol|cycle_data|depth_of_charge|depth_of_discharge|description|discharge_protocol|electrolyte_material|form_factor|max_current_limit_in_A|max_voltage_limit_in_V|min_current_limit_in_A|min_voltage_limit_in_V|nominal_capacity_in_Ah|reference,
ISU_ILCC,ISU-ILCC_G46C1.pkl,ISU-ILCC_G46C1,5932,0.25,0.15986766222222404,1,3.0,4.2,-1,5447,0,1,charge_capacity_in_Ah|current_in_A|cycle_number|discharge_capacity_in_Ah|internal_resistance_in_ohm|temperature_in_C|time_in_s|voltage_in_V,SOC_interval|already_spent_cycles|anode_material|cathode_material|cell_id|charge_protocol|cycle_data|depth_of_charge|depth_of_discharge|description|discharge_protocol|electrolyte_material|form_factor|max_current_limit_in_A|max_voltage_limit_in_V|min_current_limit_in_A|min_voltage_limit_in_V|nominal_capacity_in_Ah|reference,
Stanford,Stanford_Nova_Regular_194.pkl,Stanford_Nova_Regular_194,971,0.24,0,1,3,4.4,-1,41000,0,1,charge_capacity_in_Ah|current_in_A|cycle_number|discharge_capacity_in_Ah|internal_resistance_in_ohm|temperature_in_C|time_in_s|voltage_in_V,SOC_interval|already_spent_cycles|anode_material|cathode_material|cell_id|charge_protocol|cycle_data|depth_of_charge|depth_of_discharge|description|discharge_protocol|electrolyte_material|form_factor|max_current_limit_in_A|max_voltage_limit_in_V|min_current_limit_in_A|min_voltage_limit_in_V|nominal_capacity_in_Ah|reference,
ISU_ILCC,ISU-ILCC_G63C3.pkl,ISU-ILCC_G63C3,3695,0.25,0.07640688888888891,1,3.0,4.2,-1,8764,0,1,charge_capacity_in_Ah|current_in_A|cycle_number|discharge_capacity_in_Ah|internal_resistance_in_ohm|temperature_in_C|time_in_s|voltage_in_V,SOC_interval|already_spent_cycles|anode_material|cathode_material|cell_id|charge_protocol|cycle_data|depth_of_charge|depth_of_discharge|description|discharge_protocol|electrolyte_material|form_factor|max_current_limit_in_A|max_voltage_limit_in_V|min_current_limit_in_A|min_voltage_limit_in_V|nominal_capacity_in_Ah|reference,
ISU_ILCC,ISU-ILCC_G45C3.pkl,ISU-ILCC_G45C3,5457,0.25,0.08919310222222399,1,3.0,4.2,-1,6181,0,1,charge_capacity_in_Ah|current_in_A|cycle_number|discharge_capacity_in_Ah|internal_resistance_in_ohm|temperature_in_C|time_in_s|voltage_in_V,SOC_interval|already_spent_cycles|anode_material|cathode_material|cell_id|charge_protocol|cycle_data|depth_of_charge|depth_of_discharge|description|discharge_protocol|electrolyte_material|form_factor|max_current_limit_in_A|max_voltage_limit_in_V|min_current_limit_in_A|min_voltage_limit_in_V|nominal_capacity_in_Ah|reference,
Stanford,Stanford_Nova_Regular_211.pkl,Stanford_Nova_Regular_211,981,0.24,0,1,3,4.4,-1,41000,0,1,charge_capacity_in_Ah|current_in_A|cycle_number|discharge_capacity_in_Ah|internal_resistance_in_ohm|temperature_in_C|time_in_s|voltage_in_V,SOC_interval|already_spent_cycles|anode_material|cathode_material|cell_id|charge_protocol|cycle_data|depth_of_charge|depth_of_discharge|description|discharge_protocol|electrolyte_material|form_factor|max_current_limit_in_A|max_voltage_limit_in_V|min_current_limit_in_A|min_voltage_limit_in_V|nominal_capacity_in_Ah|reference,
ISU_ILCC,ISU-ILCC_G45C2.pkl,ISU-ILCC_G45C2,5296,0.25,0.07154844444444397,1,3.0,4.2,-1,6485,0,1,charge_capacity_in_Ah|current_in_A|cycle_number|discharge_capacity_in_Ah|internal_resistance_in_ohm|temperature_in_C|time_in_s|voltage_in_V,SOC_interval|already_spent_cycles|anode_material|cathode_material|cell_id|charge_protocol|cycle_data|depth_of_charge|depth_of_discharge|description|discharge_protocol|electrolyte_material|form_factor|max_current_limit_in_A|max_voltage_limit_in_V|min_current_limit_in_A|min_voltage_limit_in_V|nominal_capacity_in_Ah|reference,
ISU_ILCC,ISU-ILCC_G12C1.pkl,ISU-ILCC_G12C1,3281,0.25,0.6590386666666667,1,3.0,4.2,-1,15388,0,1,charge_capacity_in_Ah|current_in_A|cycle_number|discharge_capacity_in_Ah|internal_resistance_in_ohm|temperature_in_C|time_in_s|voltage_in_V,SOC_interval|already_spent_cycles|anode_material|cathode_material|cell_id|charge_protocol|cycle_data|depth_of_charge|depth_of_discharge|description|discharge_protocol|electrolyte_material|form_factor|max_current_limit_in_A|max_voltage_limit_in_V|min_current_limit_in_A|min_voltage_limit_in_V|nominal_capacity_in_Ah|reference,
ISU_ILCC,ISU-ILCC_G52C2.pkl,ISU-ILCC_G52C2,1895,0.25,0.026802111111111082,1,3.0,4.2,-1,19572,0,1,charge_capacity_in_Ah|current_in_A|cycle_number|discharge_capacity_in_Ah|internal_resistance_in_ohm|temperature_in_C|time_in_s|voltage_in_V,SOC_interval|already_spent_cycles|anode_material|cathode_material|cell_id|charge_protocol|cycle_data|depth_of_charge|depth_of_discharge|description|discharge_protocol|electrolyte_material|form_factor|max_current_limit_in_A|max_voltage_limit_in_V|min_current_limit_in_A|min_voltage_limit_in_V|nominal_capacity_in_Ah|reference,
ISU_ILCC,ISU-ILCC_G29C3.pkl,ISU-ILCC_G29C3,4246,0.25,0.411769991111112,1,3.0,4.2,-1,7001,0,1,charge_capacity_in_Ah|current_in_A|cycle_number|discharge_capacity_in_Ah|internal_resistance_in_ohm|temperature_in_C|time_in_s|voltage_in_V,SOC_interval|already_spent_cycles|anode_material|cathode_material|cell_id|charge_protocol|cycle_data|depth_of_charge|depth_of_discharge|description|discharge_protocol|electrolyte_material|form_factor|max_current_limit_in_A|max_voltage_limit_in_V|min_current_limit_in_A|min_voltage_limit_in_V|nominal_capacity_in_Ah|reference,
ISU_ILCC,ISU-ILCC_G46C4.pkl,ISU-ILCC_G46C4,6206,0.25,0.130300871111112,1,3.0,4.2,-1,5446,0,1,charge_capacity_in_Ah|current_in_A|cycle_number|discharge_capacity_in_Ah|internal_resistance_in_ohm|temperature_in_C|time_in_s|voltage_in_V,SOC_interval|already_spent_cycles|anode_material|cathode_material|cell_id|charge_protocol|cycle_data|depth_of_charge|depth_of_discharge|description|discharge_protocol|electrolyte_material|form_factor|max_current_limit_in_A|max_voltage_limit_in_V|min_current_limit_in_A|min_voltage_limit_in_V|nominal_capacity_in_Ah|reference,
ISU_ILCC,ISU-ILCC_G52C3.pkl,ISU-ILCC_G52C3,2128,0.25,0.03828711111111116,1,3.0,4.2,-1,19326,0,1,charge_capacity_in_Ah|current_in_A|cycle_number|discharge_capacity_in_Ah|internal_resistance_in_ohm|temperature_in_C|time_in_s|voltage_in_V,SOC_interval|already_spent_cycles|anode_material|cathode_material|cell_id|charge_protocol|cycle_data|depth_of_charge|depth_of_discharge|description|discharge_protocol|electrolyte_material|form_factor|max_current_limit_in_A|max_voltage_limit_in_V|min_current_limit_in_A|min_voltage_limit_in_V|nominal_capacity_in_Ah|reference,
Stanford,Stanford_Nova_Regular_199.pkl,Stanford_Nova_Regular_199,1006,0.24,0,1,3,4.4,-1,41000,0,1,charge_capacity_in_Ah|current_in_A|cycle_number|discharge_capacity_in_Ah|internal_resistance_in_ohm|temperature_in_C|time_in_s|voltage_in_V,SOC_interval|already_spent_cycles|anode_material|cathode_material|cell_id|charge_protocol|cycle_data|depth_of_charge|depth_of_discharge|description|discharge_protocol|electrolyte_material|form_factor|max_current_limit_in_A|max_voltage_limit_in_V|min_current_limit_in_A|min_voltage_limit_in_V|nominal_capacity_in_Ah|reference,
ISU_ILCC,ISU-ILCC_G62C2.pkl,ISU-ILCC_G62C2,6700,0.25,0.2772366666666667,1,3.0,4.2,-1,4981,0,1,charge_capacity_in_Ah|current_in_A|cycle_number|discharge_capacity_in_Ah|internal_resistance_in_ohm|temperature_in_C|time_in_s|voltage_in_V,SOC_interval|already_spent_cycles|anode_material|cathode_material|cell_id|charge_protocol|cycle_data|depth_of_charge|depth_of_discharge|description|discharge_protocol|electrolyte_material|form_factor|max_current_limit_in_A|max_voltage_limit_in_V|min_current_limit_in_A|min_voltage_limit_in_V|nominal_capacity_in_Ah|reference,
ISU_ILCC,ISU-ILCC_G37C1.pkl,ISU-ILCC_G37C1,947,0.25,0,1,3.0,4.2,-1,51456,0,1,charge_capacity_in_Ah|current_in_A|cycle_number|discharge_capacity_in_Ah|internal_resistance_in_ohm|temperature_in_C|time_in_s|voltage_in_V,SOC_interval|already_spent_cycles|anode_material|cathode_material|cell_id|charge_protocol|cycle_data|depth_of_charge|depth_of_discharge|description|discharge_protocol|electrolyte_material|form_factor|max_current_limit_in_A|max_voltage_limit_in_V|min_current_limit_in_A|min_voltage_limit_in_V|nominal_capacity_in_Ah|reference,
ISU_ILCC,ISU-ILCC_G33C4.pkl,ISU-ILCC_G33C4,5009,0.25,0.502342471111112,1,3.0,4.2,-1,7216,0,1,charge_capacity_in_Ah|current_in_A|cycle_number|discharge_capacity_in_Ah|internal_resistance_in_ohm|temperature_in_C|time_in_s|voltage_in_V,SOC_interval|already_spent_cycles|anode_material|cathode_material|cell_id|charge_protocol|cycle_data|depth_of_charge|depth_of_discharge|description|discharge_protocol|electrolyte_material|form_factor|max_current_limit_in_A|max_voltage_limit_in_V|min_current_limit_in_A|min_voltage_limit_in_V|nominal_capacity_in_Ah|reference,
Tongji,Tongji3_CY25-05_2--3.pkl,Tongji3_CY25-05_2--3,1025,2.5,0,1,2.5,4.2,-1,5983,0,1,charge_capacity_in_Ah|current_in_A|cycle_number|discharge_capacity_in_Ah|internal_resistance_in_ohm|temperature_in_C|time_in_s|voltage_in_V,SOC_interval|already_spent_cycles|anode_material|cathode_material|cell_id|charge_protocol|cycle_data|depth_of_charge|depth_of_discharge|description|discharge_protocol|electrolyte_material|form_factor|max_current_limit_in_A|max_voltage_limit_in_V|min_current_limit_in_A|min_voltage_limit_in_V|nominal_capacity_in_Ah|reference,
XJTU,XJTU_3C_battery-4.pkl,XJTU_3C_battery-4,321,2.0,0,1,2.5,4.2,-1,76081,0,1,charge_capacity_in_Ah|current_in_A|cycle_number|discharge_capacity_in_Ah|internal_resistance_in_ohm|temperature_in_C|time_in_s|voltage_in_V,SOC_interval|already_spent_cycles|anode_material|cathode_material|cell_id|charge_protocol|cycle_data|depth_of_charge|depth_of_discharge|description|discharge_protocol|electrolyte_material|form_factor|max_current_limit_in_A|max_voltage_limit_in_V|min_current_limit_in_A|min_voltage_limit_in_V|nominal_capacity_in_Ah|reference,
Stanford,Stanford_Nova_Regular_202.pkl,Stanford_Nova_Regular_202,1016,0.24,0,1,3,4.4,-1,41000,0,1,charge_capacity_in_Ah|current_in_A|cycle_number|discharge_capacity_in_Ah|internal_resistance_in_ohm|temperature_in_C|time_in_s|voltage_in_V,SOC_interval|already_spent_cycles|anode_material|cathode_material|cell_id|charge_protocol|cycle_data|depth_of_charge|depth_of_discharge|description|discharge_protocol|electrolyte_material|form_factor|max_current_limit_in_A|max_voltage_limit_in_V|min_current_limit_in_A|min_voltage_limit_in_V|nominal_capacity_in_Ah|reference,
XJTU,XJTU_3C_battery-7.pkl,XJTU_3C_battery-7,318,2.0,0,1,2.5,4.2,-1,86428,0,1,charge_capacity_in_Ah|current_in_A|cycle_number|discharge_capacity_in_Ah|internal_resistance_in_ohm|temperature_in_C|time_in_s|voltage_in_V,SOC_interval|already_spent_cycles|anode_material|cathode_material|cell_id|charge_protocol|cycle_data|depth_of_charge|depth_of_discharge|description|discharge_protocol|electrolyte_material|form_factor|max_current_limit_in_A|max_voltage_limit_in_V|min_current_limit_in_A|min_voltage_limit_in_V|nominal_capacity_in_Ah|reference,
Stanford,Stanford_Nova_Regular_220.pkl,Stanford_Nova_Regular_220,1019,0.24,0,1,3,4.4,-1,41000,0,1,charge_capacity_in_Ah|current_in_A|cycle_number|discharge_capacity_in_Ah|internal_resistance_in_ohm|temperature_in_C|time_in_s|voltage_in_V,SOC_interval|already_spent_cycles|anode_material|cathode_material|cell_id|charge_protocol|cycle_data|depth_of_charge|depth_of_discharge|description|discharge_protocol|electrolyte_material|form_factor|max_current_limit_in_A|max_voltage_limit_in_V|min_current_limit_in_A|min_voltage_limit_in_V|nominal_capacity_in_Ah|reference,
Stanford,Stanford_Nova_Regular_213.pkl,Stanford_Nova_Regular_213,1020,0.24,0,1,3,4.4,-1,41000,0,1,charge_capacity_in_Ah|current_in_A|cycle_number|discharge_capacity_in_Ah|internal_resistance_in_ohm|temperature_in_C|time_in_s|voltage_in_V,SOC_interval|already_spent_cycles|anode_material|cathode_material|cell_id|charge_protocol|cycle_data|depth_of_charge|depth_of_discharge|description|discharge_protocol|electrolyte_material|form_factor|max_current_limit_in_A|max_voltage_limit_in_V|min_current_limit_in_A|min_voltage_limit_in_V|nominal_capacity_in_Ah|reference,
Stanford,Stanford_Nova_Regular_195.pkl,Stanford_Nova_Regular_195,1019,0.24,0,1,3,4.4,-1,41000,0,1,charge_capacity_in_Ah|current_in_A|cycle_number|discharge_capacity_in_Ah|internal_resistance_in_ohm|temperature_in_C|time_in_s|voltage_in_V,SOC_interval|already_spent_cycles|anode_material|cathode_material|cell_id|charge_protocol|cycle_data|depth_of_charge|depth_of_discharge|description|discharge_protocol|electrolyte_material|form_factor|max_current_limit_in_A|max_voltage_limit_in_V|min_current_limit_in_A|min_voltage_limit_in_V|nominal_capacity_in_Ah|reference,
MATR,MATR_b1c4.pkl,MATR_b1c4,1707,1.1,0,1,2.0,3.5,-1,11626,78,1,Qdlin|charge_capacity_in_Ah|current_in_A|cycle_number|discharge_capacity_in_Ah|internal_resistance_in_ohm|temperature_in_C|time_in_s|voltage_in_V,SOC_interval|already_spent_cycles|anode_material|cathode_material|cell_id|charge_protocol|cycle_data|depth_of_charge|depth_of_discharge|description|discharge_protocol|electrolyte_material|form_factor|max_current_limit_in_A|max_voltage_limit_in_V|min_current_limit_in_A|min_voltage_limit_in_V|nominal_capacity_in_Ah|reference,
Tongji,Tongji3_CY25-05_1--1.pkl,Tongji3_CY25-05_1--1,935,2.5,0,1,2.5,4.2,-1,12097,0,1,charge_capacity_in_Ah|current_in_A|cycle_number|discharge_capacity_in_Ah|internal_resistance_in_ohm|temperature_in_C|time_in_s|voltage_in_V,SOC_interval|already_spent_cycles|anode_material|cathode_material|cell_id|charge_protocol|cycle_data|depth_of_charge|depth_of_discharge|description|discharge_protocol|electrolyte_material|form_factor|max_current_limit_in_A|max_voltage_limit_in_V|min_current_limit_in_A|min_voltage_limit_in_V|nominal_capacity_in_Ah|reference,
Stanford,Stanford_Nova_Regular_200.pkl,Stanford_Nova_Regular_200,1027,0.24,0,1,3,4.4,-1,42023,0,1,charge_capacity_in_Ah|current_in_A|cycle_number|discharge_capacity_in_Ah|internal_resistance_in_ohm|temperature_in_C|time_in_s|voltage_in_V,SOC_interval|already_spent_cycles|anode_material|cathode_material|cell_id|charge_protocol|cycle_data|depth_of_charge|depth_of_discharge|description|discharge_protocol|electrolyte_material|form_factor|max_current_limit_in_A|max_voltage_limit_in_V|min_current_limit_in_A|min_voltage_limit_in_V|nominal_capacity_in_Ah|reference,
XJTU,XJTU_3C_battery-6.pkl,XJTU_3C_battery-6,321,2.0,0,1,2.5,4.2,-1,76836,0,1,charge_capacity_in_Ah|current_in_A|cycle_number|discharge_capacity_in_Ah|internal_resistance_in_ohm|temperature_in_C|time_in_s|voltage_in_V,SOC_interval|already_spent_cycles|anode_material|cathode_material|cell_id|charge_protocol|cycle_data|depth_of_charge|depth_of_discharge|description|discharge_protocol|electrolyte_material|form_factor|max_current_limit_in_A|max_voltage_limit_in_V|min_current_limit_in_A|min_voltage_limit_in_V|nominal_capacity_in_Ah|reference,
Tongji,Tongji3_CY25-05_1--2.pkl,Tongji3_CY25-05_1--2,954,2.5,0,1,2.5,4.2,-1,12332,0,1,charge_capacity_in_Ah|current_in_A|cycle_number|discharge_capacity_in_Ah|internal_resistance_in_ohm|temperature_in_C|time_in_s|voltage_in_V,SOC_interval|already_spent_cycles|anode_material|cathode_material|cell_id|charge_protocol|cycle_data|depth_of_charge|depth_of_discharge|description|discharge_protocol|electrolyte_material|form_factor|max_current_limit_in_A|max_voltage_limit_in_V|min_current_limit_in_A|min_voltage_limit_in_V|nominal_capacity_in_Ah|reference,
Stanford,Stanford_Nova_Regular_223.pkl,Stanford_Nova_Regular_223,1037,0.24,0,1,3,4.4,-1,42024,0,1,charge_capacity_in_Ah|current_in_A|cycle_number|discharge_capacity_in_Ah|internal_resistance_in_ohm|temperature_in_C|time_in_s|voltage_in_V,SOC_interval|already_spent_cycles|anode_material|cathode_material|cell_id|charge_protocol|cycle_data|depth_of_charge|depth_of_discharge|description|discharge_protocol|electrolyte_material|form_factor|max_current_limit_in_A|max_voltage_limit_in_V|min_current_limit_in_A|min_voltage_limit_in_V|nominal_capacity_in_Ah|reference,
ISU_ILCC,ISU-ILCC_G32C2.pkl,ISU-ILCC_G32C2,5857,0.25,0.556309653333332,1,3.0,4.2,-1,5365,0,1,charge_capacity_in_Ah|current_in_A|cycle_number|discharge_capacity_in_Ah|internal_resistance_in_ohm|temperature_in_C|time_in_s|voltage_in_V,SOC_interval|already_spent_cycles|anode_material|cathode_material|cell_id|charge_protocol|cycle_data|depth_of_charge|depth_of_discharge|description|discharge_protocol|electrolyte_material|form_factor|max_current_limit_in_A|max_voltage_limit_in_V|min_current_limit_in_A|min_voltage_limit_in_V|nominal_capacity_in_Ah|reference,
ISU_ILCC,ISU-ILCC_G35C1.pkl,ISU-ILCC_G35C1,1142,0.25,0,1,3.0,4.2,-1,50047,0,1,charge_capacity_in_Ah|current_in_A|cycle_number|discharge_capacity_in_Ah|internal_resistance_in_ohm|temperature_in_C|time_in_s|voltage_in_V,SOC_interval|already_spent_cycles|anode_material|cathode_material|cell_id|charge_protocol|cycle_data|depth_of_charge|depth_of_discharge|description|discharge_protocol|electrolyte_material|form_factor|max_current_limit_in_A|max_voltage_limit_in_V|min_current_limit_in_A|min_voltage_limit_in_V|nominal_capacity_in_Ah|reference,
Stanford,Stanford_Nova_Regular_225.pkl,Stanford_Nova_Regular_225,1042,0.24,0,1,3,4.4,-1,41007,0,1,charge_capacity_in_Ah|current_in_A|cycle_number|discharge_capacity_in_Ah|internal_resistance_in_ohm|temperature_in_C|time_in_s|voltage_in_V,SOC_interval|already_spent_cycles|anode_material|cathode_material|cell_id|charge_protocol|cycle_data|depth_of_charge|depth_of_discharge|description|discharge_protocol|electrolyte_material|form_factor|max_current_limit_in_A|max_voltage_limit_in_V|min_current_limit_in_A|min_voltage_limit_in_V|nominal_capacity_in_Ah|reference,
Stanford,Stanford_Nova_Regular_191.pkl,Stanford_Nova_Regular_191,1042,0.24,0,1,3,4.4,-1,41005,0,1,charge_capacity_in_Ah|current_in_A|cycle_number|discharge_capacity_in_Ah|internal_resistance_in_ohm|temperature_in_C|time_in_s|voltage_in_V,SOC_interval|already_spent_cycles|anode_material|cathode_material|cell_id|charge_protocol|cycle_data|depth_of_charge|depth_of_discharge|description|discharge_protocol|electrolyte_material|form_factor|max_current_limit_in_A|max_voltage_limit_in_V|min_current_limit_in_A|min_voltage_limit_in_V|nominal_capacity_in_Ah|reference,
Stanford,Stanford_Nova_Regular_217.pkl,Stanford_Nova_Regular_217,1044,0.24,0,1,3,4.4,-1,41001,0,1,charge_capacity_in_Ah|current_in_A|cycle_number|discharge_capacity_in_Ah|internal_resistance_in_ohm|temperature_in_C|time_in_s|voltage_in_V,SOC_interval|already_spent_cycles|anode_material|cathode_material|cell_id|charge_protocol|cycle_data|depth_of_charge|depth_of_discharge|description|discharge_protocol|electrolyte_material|form_factor|max_current_limit_in_A|max_voltage_limit_in_V|min_current_limit_in_A|min_voltage_limit_in_V|nominal_capacity_in_Ah|reference,
ISU_ILCC,ISU-ILCC_G10C2.pkl,ISU-ILCC_G10C2,2358,0.25,0.45424066666666674,1,3.0,4.2,-1,24754,0,1,charge_capacity_in_Ah|current_in_A|cycle_number|discharge_capacity_in_Ah|internal_resistance_in_ohm|temperature_in_C|time_in_s|voltage_in_V,SOC_interval|already_spent_cycles|anode_material|cathode_material|cell_id|charge_protocol|cycle_data|depth_of_charge|depth_of_discharge|description|discharge_protocol|electrolyte_material|form_factor|max_current_limit_in_A|max_voltage_limit_in_V|min_current_limit_in_A|min_voltage_limit_in_V|nominal_capacity_in_Ah|reference,
Stanford,Stanford_Nova_Regular_206.pkl,Stanford_Nova_Regular_206,1050,0.24,0,1,3,4.4,-1,41008,0,1,charge_capacity_in_Ah|current_in_A|cycle_number|discharge_capacity_in_Ah|internal_resistance_in_ohm|temperature_in_C|time_in_s|voltage_in_V,SOC_interval|already_spent_cycles|anode_material|cathode_material|cell_id|charge_protocol|cycle_data|depth_of_charge|depth_of_discharge|description|discharge_protocol|electrolyte_material|form_factor|max_current_limit_in_A|max_voltage_limit_in_V|min_current_limit_in_A|min_voltage_limit_in_V|nominal_capacity_in_Ah|reference,
ISU_ILCC,ISU-ILCC_G30C3.pkl,ISU-ILCC_G30C3,2002,0.25,0.146487111111112,1,3.0,4.2,-1,19341,0,1,charge_capacity_in_Ah|current_in_A|cycle_number|discharge_capacity_in_Ah|internal_resistance_in_ohm|temperature_in_C|time_in_s|voltage_in_V,SOC_interval|already_spent_cycles|anode_material|cathode_material|cell_id|charge_protocol|cycle_data|depth_of_charge|depth_of_discharge|description|discharge_protocol|electrolyte_material|form_factor|max_current_limit_in_A|max_voltage_limit_in_V|min_current_limit_in_A|min_voltage_limit_in_V|nominal_capacity_in_Ah|reference,
ISU_ILCC,ISU-ILCC_G33C2.pkl,ISU-ILCC_G33C2,5746,0.25,0.531743893333332,1,3.0,4.2,-1,6448,0,1,charge_capacity_in_Ah|current_in_A|cycle_number|discharge_capacity_in_Ah|internal_resistance_in_ohm|temperature_in_C|time_in_s|voltage_in_V,SOC_interval|already_spent_cycles|anode_material|cathode_material|cell_id|charge_protocol|cycle_data|depth_of_charge|depth_of_discharge|description|discharge_protocol|electrolyte_material|form_factor|max_current_limit_in_A|max_voltage_limit_in_V|min_current_limit_in_A|min_voltage_limit_in_V|nominal_capacity_in_Ah|reference,
ISU_ILCC,ISU-ILCC_G4C4.pkl,ISU-ILCC_G4C4,2124,0.25,0.45262388888888894,1,3.0,4.2,-1,26158,0,1,charge_capacity_in_Ah|current_in_A|cycle_number|discharge_capacity_in_Ah|internal_resistance_in_ohm|temperature_in_C|time_in_s|voltage_in_V,SOC_interval|already_spent_cycles|anode_material|cathode_material|cell_id|charge_protocol|cycle_data|depth_of_charge|depth_of_discharge|description|discharge_protocol|electrolyte_material|form_factor|max_current_limit_in_A|max_voltage_limit_in_V|min_current_limit_in_A|min_voltage_limit_in_V|nominal_capacity_in_Ah|reference,
ISU_ILCC,ISU-ILCC_G32C4.pkl,ISU-ILCC_G32C4,5794,0.25,0.5730857244444441,1,3.0,4.2,-1,5605,0,1,charge_capacity_in_Ah|current_in_A|cycle_number|discharge_capacity_in_Ah|internal_resistance_in_ohm|temperature_in_C|time_in_s|voltage_in_V,SOC_interval|already_spent_cycles|anode_material|cathode_material|cell_id|charge_protocol|cycle_data|depth_of_charge|depth_of_discharge|description|discharge_protocol|electrolyte_material|form_factor|max_current_limit_in_A|max_voltage_limit_in_V|min_current_limit_in_A|min_voltage_limit_in_V|nominal_capacity_in_Ah|reference,
Tongji,Tongji3_CY25-05_1--3.pkl,Tongji3_CY25-05_1--3,993,2.5,0,1,2.5,4.2,-1,12230,0,1,charge_capacity_in_Ah|current_in_A|cycle_number|discharge_capacity_in_Ah|internal_resistance_in_ohm|temperature_in_C|time_in_s|voltage_in_V,SOC_interval|already_spent_cycles|anode_material|cathode_material|cell_id|charge_protocol|cycle_data|depth_of_charge|depth_of_discharge|description|discharge_protocol|electrolyte_material|form_factor|max_current_limit_in_A|max_voltage_limit_in_V|min_current_limit_in_A|min_voltage_limit_in_V|nominal_capacity_in_Ah|reference,
ISU_ILCC,ISU-ILCC_G60C1.pkl,ISU-ILCC_G60C1,3740,0.25,0.03284799999999999,1,3.0,4.2,-1,9065,0,1,charge_capacity_in_Ah|current_in_A|cycle_number|discharge_capacity_in_Ah|internal_resistance_in_ohm|temperature_in_C|time_in_s|voltage_in_V,SOC_interval|already_spent_cycles|anode_material|cathode_material|cell_id|charge_protocol|cycle_data|depth_of_charge|depth_of_discharge|description|discharge_protocol|electrolyte_material|form_factor|max_current_limit_in_A|max_voltage_limit_in_V|min_current_limit_in_A|min_voltage_limit_in_V|nominal_capacity_in_Ah|reference,
Stanford,Stanford_Nova_Regular_215.pkl,Stanford_Nova_Regular_215,1099,0.24,0,1,3,4.4,-1,41007,0,1,charge_capacity_in_Ah|current_in_A|cycle_number|discharge_capacity_in_Ah|internal_resistance_in_ohm|temperature_in_C|time_in_s|voltage_in_V,SOC_interval|already_spent_cycles|anode_material|cathode_material|cell_id|charge_protocol|cycle_data|depth_of_charge|depth_of_discharge|description|discharge_protocol|electrolyte_material|form_factor|max_current_limit_in_A|max_voltage_limit_in_V|min_current_limit_in_A|min_voltage_limit_in_V|nominal_capacity_in_Ah|reference,
ISU_ILCC,ISU-ILCC_G18C4.pkl,ISU-ILCC_G18C4,3632,0.25,0.6764044444444444,1,3.0,4.2,-1,14688,0,1,charge_capacity_in_Ah|current_in_A|cycle_number|discharge_capacity_in_Ah|internal_resistance_in_ohm|temperature_in_C|time_in_s|voltage_in_V,SOC_interval|already_spent_cycles|anode_material|cathode_material|cell_id|charge_protocol|cycle_data|depth_of_charge|depth_of_discharge|description|discharge_protocol|electrolyte_material|form_factor|max_current_limit_in_A|max_voltage_limit_in_V|min_current_limit_in_A|min_voltage_limit_in_V|nominal_capacity_in_Ah|reference,
ISU_ILCC,ISU-ILCC_G52C4.pkl,ISU-ILCC_G52C4,2269,0.25,0.05908622222222215,1,3.0,4.2,-1,20616,0,1,charge_capacity_in_Ah|current_in_A|cycle_number|discharge_capacity_in_Ah|internal_resistance_in_ohm|temperature_in_C|time_in_s|voltage_in_V,SOC_interval|already_spent_cycles|anode_material|cathode_material|cell_id|charge_protocol|cycle_data|depth_of_charge|depth_of_discharge|description|discharge_protocol|electrolyte_material|form_factor|max_current_limit_in_A|max_voltage_limit_in_V|min_current_limit_in_A|min_voltage_limit_in_V|nominal_capacity_in_Ah|reference,
Stanford,Stanford_Nova_Regular_207.pkl,Stanford_Nova_Regular_207,1105,0.24,0,1,3,4.4,-1,41010,0,1,charge_capacity_in_Ah|current_in_A|cycle_number|discharge_capacity_in_Ah|internal_resistance_in_ohm|temperature_in_C|time_in_s|voltage_in_V,SOC_interval|already_spent_cycles|anode_material|cathode_material|cell_id|charge_protocol|cycle_data|depth_of_charge|depth_of_discharge|description|discharge_protocol|electrolyte_material|form_factor|max_current_limit_in_A|max_voltage_limit_in_V|min_current_limit_in_A|min_voltage_limit_in_V|nominal_capacity_in_Ah|reference,
MATR,MATR_b1c0.pkl,MATR_b1c0,1849,1.1,0,1,2.0,3.5,-1,11599,6,1,Qdlin|charge_capacity_in_Ah|current_in_A|cycle_number|discharge_capacity_in_Ah|internal_resistance_in_ohm|temperature_in_C|time_in_s|voltage_in_V,SOC_interval|already_spent_cycles|anode_material|cathode_material|cell_id|charge_protocol|cycle_data|depth_of_charge|depth_of_discharge|description|discharge_protocol|electrolyte_material|form_factor|max_current_limit_in_A|max_voltage_limit_in_V|min_current_limit_in_A|min_voltage_limit_in_V|nominal_capacity_in_Ah|reference,
Stanford,Stanford_Nova_Regular_228.pkl,Stanford_Nova_Regular_228,1124,0.24,0,1,3,4.4,-1,41003,0,1,charge_capacity_in_Ah|current_in_A|cycle_number|discharge_capacity_in_Ah|internal_resistance_in_ohm|temperature_in_C|time_in_s|voltage_in_V,SOC_interval|already_spent_cycles|anode_material|cathode_material|cell_id|charge_protocol|cycle_data|depth_of_charge|depth_of_discharge|description|discharge_protocol|electrolyte_material|form_factor|max_current_limit_in_A|max_voltage_limit_in_V|min_current_limit_in_A|min_voltage_limit_in_V|nominal_capacity_in_Ah|reference,
Stanford,Stanford_Nova_Regular_226.pkl,Stanford_Nova_Regular_226,1128,0.24,0,1,3,4.4,-1,41009,0,1,charge_capacity_in_Ah|current_in_A|cycle_number|discharge_capacity_in_Ah|internal_resistance_in_ohm|temperature_in_C|time_in_s|voltage_in_V,SOC_interval|already_spent_cycles|anode_material|cathode_material|cell_id|charge_protocol|cycle_data|depth_of_charge|depth_of_discharge|description|discharge_protocol|electrolyte_material|form_factor|max_current_limit_in_A|max_voltage_limit_in_V|min_current_limit_in_A|min_voltage_limit_in_V|nominal_capacity_in_Ah|reference,
ISU_ILCC,ISU-ILCC_G62C3.pkl,ISU-ILCC_G62C3,6861,0.25,0.286833,1,3.0,4.2,-1,5083,0,1,charge_capacity_in_Ah|current_in_A|cycle_number|discharge_capacity_in_Ah|internal_resistance_in_ohm|temperature_in_C|time_in_s|voltage_in_V,SOC_interval|already_spent_cycles|anode_material|cathode_material|cell_id|charge_protocol|cycle_data|depth_of_charge|depth_of_discharge|description|discharge_protocol|electrolyte_material|form_factor|max_current_limit_in_A|max_voltage_limit_in_V|min_current_limit_in_A|min_voltage_limit_in_V|nominal_capacity_in_Ah|reference,
Stanford,Stanford_Nova_Regular_227.pkl,Stanford_Nova_Regular_227,1133,0.24,0,1,3,4.4,-1,41007,0,1,charge_capacity_in_Ah|current_in_A|cycle_number|discharge_capacity_in_Ah|internal_resistance_in_ohm|temperature_in_C|time_in_s|voltage_in_V,SOC_interval|already_spent_cycles|anode_material|cathode_material|cell_id|charge_protocol|cycle_data|depth_of_charge|depth_of_discharge|description|discharge_protocol|electrolyte_material|form_factor|max_current_limit_in_A|max_voltage_limit_in_V|min_current_limit_in_A|min_voltage_limit_in_V|nominal_capacity_in_Ah|reference,
ISU_ILCC,ISU-ILCC_G56C3.pkl,ISU-ILCC_G56C3,3690,0.25,0.3920311111111111,1,3.0,4.2,-1,11466,0,1,charge_capacity_in_Ah|current_in_A|cycle_number|discharge_capacity_in_Ah|internal_resistance_in_ohm|temperature_in_C|time_in_s|voltage_in_V,SOC_interval|already_spent_cycles|anode_material|cathode_material|cell_id|charge_protocol|cycle_data|depth_of_charge|depth_of_discharge|description|discharge_protocol|electrolyte_material|form_factor|max_current_limit_in_A|max_voltage_limit_in_V|min_current_limit_in_A|min_voltage_limit_in_V|nominal_capacity_in_Ah|reference,
ISU_ILCC,ISU-ILCC_G64C4.pkl,ISU-ILCC_G64C4,4357,0.25,0,1,3.0,4.2,-1,9278,0,1,charge_capacity_in_Ah|current_in_A|cycle_number|discharge_capacity_in_Ah|internal_resistance_in_ohm|temperature_in_C|time_in_s|voltage_in_V,SOC_interval|already_spent_cycles|anode_material|cathode_material|cell_id|charge_protocol|cycle_data|depth_of_charge|depth_of_discharge|description|discharge_protocol|electrolyte_material|form_factor|max_current_limit_in_A|max_voltage_limit_in_V|min_current_limit_in_A|min_voltage_limit_in_V|nominal_capacity_in_Ah|reference,
ISU_ILCC,ISU-ILCC_G61C4.pkl,ISU-ILCC_G61C4,6411,0.25,0.4080784444444445,1,3.0,4.2,-1,5455,0,1,charge_capacity_in_Ah|current_in_A|cycle_number|discharge_capacity_in_Ah|internal_resistance_in_ohm|temperature_in_C|time_in_s|voltage_in_V,SOC_interval|already_spent_cycles|anode_material|cathode_material|cell_id|charge_protocol|cycle_data|depth_of_charge|depth_of_discharge|description|discharge_protocol|electrolyte_material|form_factor|max_current_limit_in_A|max_voltage_limit_in_V|min_current_limit_in_A|min_voltage_limit_in_V|nominal_capacity_in_Ah|reference,
ISU_ILCC,ISU-ILCC_G25C3.pkl,ISU-ILCC_G25C3,3037,0.25,0.40563925333333195,1,3.0,4.2,-1,17527,0,1,charge_capacity_in_Ah|current_in_A|cycle_number|discharge_capacity_in_Ah|internal_resistance_in_ohm|temperature_in_C|time_in_s|voltage_in_V,SOC_interval|already_spent_cycles|anode_material|cathode_material|cell_id|charge_protocol|cycle_data|depth_of_charge|depth_of_discharge|description|discharge_protocol|electrolyte_material|form_factor|max_current_limit_in_A|max_voltage_limit_in_V|min_current_limit_in_A|min_voltage_limit_in_V|nominal_capacity_in_Ah|reference,
ISU_ILCC,ISU-ILCC_G47C2.pkl,ISU-ILCC_G47C2,7478,0.25,0.469058631111112,1,3.0,4.2,-1,4782,0,1,charge_capacity_in_Ah|current_in_A|cycle_number|discharge_capacity_in_Ah|internal_resistance_in_ohm|temperature_in_C|time_in_s|voltage_in_V,SOC_interval|already_spent_cycles|anode_material|cathode_material|cell_id|charge_protocol|cycle_data|depth_of_charge|depth_of_discharge|description|discharge_protocol|electrolyte_material|form_factor|max_current_limit_in_A|max_voltage_limit_in_V|min_current_limit_in_A|min_voltage_limit_in_V|nominal_capacity_in_Ah|reference,
ISU_ILCC,ISU-ILCC_G61C2.pkl,ISU-ILCC_G61C2,7487,0.25,0.41670844444444444,1,3.0,4.2,-1,5041,0,1,charge_capacity_in_Ah|current_in_A|cycle_number|discharge_capacity_in_Ah|internal_resistance_in_ohm|temperature_in_C|time_in_s|voltage_in_V,SOC_interval|already_spent_cycles|anode_material|cathode_material|cell_id|charge_protocol|cycle_data|depth_of_charge|depth_of_discharge|description|discharge_protocol|electrolyte_material|form_factor|max_current_limit_in_A|max_voltage_limit_in_V|min_current_limit_in_A|min_voltage_limit_in_V|nominal_capacity_in_Ah|reference,
ISU_ILCC,ISU-ILCC_G18C3.pkl,ISU-ILCC_G18C3,4050,0.25,0.687019111111111,1,3.0,4.2,-1,14618,0,1,charge_capacity_in_Ah|current_in_A|cycle_number|discharge_capacity_in_Ah|internal_resistance_in_ohm|temperature_in_C|time_in_s|voltage_in_V,SOC_interval|already_spent_cycles|anode_material|cathode_material|cell_id|charge_protocol|cycle_data|depth_of_charge|depth_of_discharge|description|discharge_protocol|electrolyte_material|form_factor|max_current_limit_in_A|max_voltage_limit_in_V|min_current_limit_in_A|min_voltage_limit_in_V|nominal_capacity_in_Ah|reference,
ISU_ILCC,ISU-ILCC_G18C2.pkl,ISU-ILCC_G18C2,4062,0.25,0.6799405555555555,1,3.0,4.2,-1,15039,0,1,charge_capacity_in_Ah|current_in_A|cycle_number|discharge_capacity_in_Ah|internal_resistance_in_ohm|temperature_in_C|time_in_s|voltage_in_V,SOC_interval|already_spent_cycles|anode_material|cathode_material|cell_id|charge_protocol|cycle_data|depth_of_charge|depth_of_discharge|description|discharge_protocol|electrolyte_material|form_factor|max_current_limit_in_A|max_voltage_limit_in_V|min_current_limit_in_A|min_voltage_limit_in_V|nominal_capacity_in_Ah|reference,
ISU_ILCC,ISU-ILCC_G63C4.pkl,ISU-ILCC_G63C4,3667,0.25,0.06861844444444443,1,3.0,4.2,-1,10132,0,1,charge_capacity_in_Ah|current_in_A|cycle_number|discharge_capacity_in_Ah|internal_resistance_in_ohm|temperature_in_C|time_in_s|voltage_in_V,SOC_interval|already_spent_cycles|anode_material|cathode_material|cell_id|charge_protocol|cycle_data|depth_of_charge|depth_of_discharge|description|discharge_protocol|electrolyte_material|form_factor|max_current_limit_in_A|max_voltage_limit_in_V|min_current_limit_in_A|min_voltage_limit_in_V|nominal_capacity_in_Ah|reference,
Stanford,Stanford_Nova_Regular_230.pkl,Stanford_Nova_Regular_230,1219,0.24,0,1,3,4.4,-1,41000,0,1,charge_capacity_in_Ah|current_in_A|cycle_number|discharge_capacity_in_Ah|internal_resistance_in_ohm|temperature_in_C|time_in_s|voltage_in_V,SOC_interval|already_spent_cycles|anode_material|cathode_material|cell_id|charge_protocol|cycle_data|depth_of_charge|depth_of_discharge|description|discharge_protocol|electrolyte_material|form_factor|max_current_limit_in_A|max_voltage_limit_in_V|min_current_limit_in_A|min_voltage_limit_in_V|nominal_capacity_in_Ah|reference,
ISU_ILCC,ISU-ILCC_G55C3.pkl,ISU-ILCC_G55C3,7910,0.25,0.300702,1,3.0,4.2,-1,4524,0,1,charge_capacity_in_Ah|current_in_A|cycle_number|discharge_capacity_in_Ah|internal_resistance_in_ohm|temperature_in_C|time_in_s|voltage_in_V,SOC_interval|already_spent_cycles|anode_material|cathode_material|cell_id|charge_protocol|cycle_data|depth_of_charge|depth_of_discharge|description|discharge_protocol|electrolyte_material|form_factor|max_current_limit_in_A|max_voltage_limit_in_V|min_current_limit_in_A|min_voltage_limit_in_V|nominal_capacity_in_Ah|reference,
ISU_ILCC,ISU-ILCC_G32C3.pkl,ISU-ILCC_G32C3,7329,0.25,0.5489582577777761,1,3.0,4.2,-1,5153,0,1,charge_capacity_in_Ah|current_in_A|cycle_number|discharge_capacity_in_Ah|internal_resistance_in_ohm|temperature_in_C|time_in_s|voltage_in_V,SOC_interval|already_spent_cycles|anode_material|cathode_material|cell_id|charge_protocol|cycle_data|depth_of_charge|depth_of_discharge|description|discharge_protocol|electrolyte_material|form_factor|max_current_limit_in_A|max_voltage_limit_in_V|min_current_limit_in_A|min_voltage_limit_in_V|nominal_capacity_in_Ah|reference,
ISU_ILCC,ISU-ILCC_G62C1.pkl,ISU-ILCC_G62C1,8929,0.25,0.3120425555555555,1,3.0,4.2,-1,3953,0,1,charge_capacity_in_Ah|current_in_A|cycle_number|discharge_capacity_in_Ah|internal_resistance_in_ohm|temperature_in_C|time_in_s|voltage_in_V,SOC_interval|already_spent_cycles|anode_material|cathode_material|cell_id|charge_protocol|cycle_data|depth_of_charge|depth_of_discharge|description|discharge_protocol|electrolyte_material|form_factor|max_current_limit_in_A|max_voltage_limit_in_V|min_current_limit_in_A|min_voltage_limit_in_V|nominal_capacity_in_Ah|reference,
ISU_ILCC,ISU-ILCC_G33C1.pkl,ISU-ILCC_G33C1,6453,0.25,0.523097351111112,1,3.0,4.2,-1,6706,0,1,charge_capacity_in_Ah|current_in_A|cycle_number|discharge_capacity_in_Ah|internal_resistance_in_ohm|temperature_in_C|time_in_s|voltage_in_V,SOC_interval|already_spent_cycles|anode_material|cathode_material|cell_id|charge_protocol|cycle_data|depth_of_charge|depth_of_discharge|description|discharge_protocol|electrolyte_material|form_factor|max_current_limit_in_A|max_voltage_limit_in_V|min_current_limit_in_A|min_voltage_limit_in_V|nominal_capacity_in_Ah|reference,
ISU_ILCC,ISU-ILCC_G7C2.pkl,ISU-ILCC_G7C2,2775,0.25,0.4583704444444444,1,3.0,4.2,-1,23631,0,1,charge_capacity_in_Ah|current_in_A|cycle_number|discharge_capacity_in_Ah|internal_resistance_in_ohm|temperature_in_C|time_in_s|voltage_in_V,SOC_interval|already_spent_cycles|anode_material|cathode_material|cell_id|charge_protocol|cycle_data|depth_of_charge|depth_of_discharge|description|discharge_protocol|electrolyte_material|form_factor|max_current_limit_in_A|max_voltage_limit_in_V|min_current_limit_in_A|min_voltage_limit_in_V|nominal_capacity_in_Ah|reference,
ISU_ILCC,ISU-ILCC_G52C1.pkl,ISU-ILCC_G52C1,2527,0.25,0.046469000000000094,1,3.0,4.2,-1,19897,0,1,charge_capacity_in_Ah|current_in_A|cycle_number|discharge_capacity_in_Ah|internal_resistance_in_ohm|temperature_in_C|time_in_s|voltage_in_V,SOC_interval|already_spent_cycles|anode_material|cathode_material|cell_id|charge_protocol|cycle_data|depth_of_charge|depth_of_discharge|description|discharge_protocol|electrolyte_material|form_factor|max_current_limit_in_A|max_voltage_limit_in_V|min_current_limit_in_A|min_voltage_limit_in_V|nominal_capacity_in_Ah|reference,
ISU_ILCC,ISU-ILCC_G58C2.pkl,ISU-ILCC_G58C2,4047,0.25,0.52269,1,3.0,4.2,-1,14489,0,1,charge_capacity_in_Ah|current_in_A|cycle_number|discharge_capacity_in_Ah|internal_resistance_in_ohm|temperature_in_C|time_in_s|voltage_in_V,SOC_interval|already_spent_cycles|anode_material|cathode_material|cell_id|charge_protocol|cycle_data|depth_of_charge|depth_of_discharge|description|discharge_protocol|electrolyte_material|form_factor|max_current_limit_in_A|max_voltage_limit_in_V|min_current_limit_in_A|min_voltage_limit_in_V|nominal_capacity_in_Ah|reference,
ISU_ILCC,ISU-ILCC_G41C2.pkl,ISU-ILCC_G41C2,6628,0.25,0.23646777777777772,1,3.0,4.2,-1,6750,0,1,charge_capacity_in_Ah|current_in_A|cycle_number|discharge_capacity_in_Ah|internal_resistance_in_ohm|temperature_in_C|time_in_s|voltage_in_V,SOC_interval|already_spent_cycles|anode_material|cathode_material|cell_id|charge_protocol|cycle_data|depth_of_charge|depth_of_discharge|description|discharge_protocol|electrolyte_material|form_factor|max_current_limit_in_A|max_voltage_limit_in_V|min_current_limit_in_A|min_voltage_limit_in_V|nominal_capacity_in_Ah|reference,
ISU_ILCC,ISU-ILCC_G33C3.pkl,ISU-ILCC_G33C3,5985,0.25,0.6009621333333333,1,3.0,4.2,-1,6906,0,1,charge_capacity_in_Ah|current_in_A|cycle_number|discharge_capacity_in_Ah|internal_resistance_in_ohm|temperature_in_C|time_in_s|voltage_in_V,SOC_interval|already_spent_cycles|anode_material|cathode_material|cell_id|charge_protocol|cycle_data|depth_of_charge|depth_of_discharge|description|discharge_protocol|electrolyte_material|form_factor|max_current_limit_in_A|max_voltage_limit_in_V|min_current_limit_in_A|min_voltage_limit_in_V|nominal_capacity_in_Ah|reference,
ISU_ILCC,ISU-ILCC_G29C2.pkl,ISU-ILCC_G29C2,6560,0.25,0.41004096,1,3.0,4.2,-1,5720,0,1,charge_capacity_in_Ah|current_in_A|cycle_number|discharge_capacity_in_Ah|internal_resistance_in_ohm|temperature_in_C|time_in_s|voltage_in_V,SOC_interval|already_spent_cycles|anode_material|cathode_material|cell_id|charge_protocol|cycle_data|depth_of_charge|depth_of_discharge|description|discharge_protocol|electrolyte_material|form_factor|max_current_limit_in_A|max_voltage_limit_in_V|min_current_limit_in_A|min_voltage_limit_in_V|nominal_capacity_in_Ah|reference,
ISU_ILCC,ISU-ILCC_G2C1.pkl,ISU-ILCC_G2C1,2566,0.25,0.49144055555555555,1,3.0,4.2,-1,21120,0,1,charge_capacity_in_Ah|current_in_A|cycle_number|discharge_capacity_in_Ah|internal_resistance_in_ohm|temperature_in_C|time_in_s|voltage_in_V,SOC_interval|already_spent_cycles|anode_material|cathode_material|cell_id|charge_protocol|cycle_data|depth_of_charge|depth_of_discharge|description|discharge_protocol|electrolyte_material|form_factor|max_current_limit_in_A|max_voltage_limit_in_V|min_current_limit_in_A|min_voltage_limit_in_V|nominal_capacity_in_Ah|reference,
MATR,MATR_b1c1.pkl,MATR_b1c1,2158,1.1,0,1,2.0,3.5,-1,11713,46,1,Qdlin|charge_capacity_in_Ah|current_in_A|cycle_number|discharge_capacity_in_Ah|internal_resistance_in_ohm|temperature_in_C|time_in_s|voltage_in_V,SOC_interval|already_spent_cycles|anode_material|cathode_material|cell_id|charge_protocol|cycle_data|depth_of_charge|depth_of_discharge|description|discharge_protocol|electrolyte_material|form_factor|max_current_limit_in_A|max_voltage_limit_in_V|min_current_limit_in_A|min_voltage_limit_in_V|nominal_capacity_in_Ah|reference,
ISU_ILCC,ISU-ILCC_G4C1.pkl,ISU-ILCC_G4C1,2834,0.25,0.4723575555555556,1,3.0,4.2,-1,23647,0,1,charge_capacity_in_Ah|current_in_A|cycle_number|discharge_capacity_in_Ah|internal_resistance_in_ohm|temperature_in_C|time_in_s|voltage_in_V,SOC_interval|already_spent_cycles|anode_material|cathode_material|cell_id|charge_protocol|cycle_data|depth_of_charge|depth_of_discharge|description|discharge_protocol|electrolyte_material|form_factor|max_current_limit_in_A|max_voltage_limit_in_V|min_current_limit_in_A|min_voltage_limit_in_V|nominal_capacity_in_Ah|reference,
ISU_ILCC,ISU-ILCC_G32C1.pkl,ISU-ILCC_G32C1,8273,0.25,0.567255608888888,1,3.0,4.2,-1,4846,0,1,charge_capacity_in_Ah|current_in_A|cycle_number|discharge_capacity_in_Ah|internal_resistance_in_ohm|temperature_in_C|time_in_s|voltage_in_V,SOC_interval|already_spent_cycles|anode_material|cathode_material|cell_id|charge_protocol|cycle_data|depth_of_charge|depth_of_discharge|description|discharge_protocol|electrolyte_material|form_factor|max_current_limit_in_A|max_voltage_limit_in_V|min_current_limit_in_A|min_voltage_limit_in_V|nominal_capacity_in_Ah|reference,
ISU_ILCC,ISU-ILCC_G7C1.pkl,ISU-ILCC_G7C1,3033,0.25,0.4552583333333333,1,3.0,4.2,-1,22573,0,1,charge_capacity_in_Ah|current_in_A|cycle_number|discharge_capacity_in_Ah|internal_resistance_in_ohm|temperature_in_C|time_in_s|voltage_in_V,SOC_interval|already_spent_cycles|anode_material|cathode_material|cell_id|charge_protocol|cycle_data|depth_of_charge|depth_of_discharge|description|discharge_protocol|electrolyte_material|form_factor|max_current_limit_in_A|max_voltage_limit_in_V|min_current_limit_in_A|min_voltage_limit_in_V|nominal_capacity_in_Ah|reference,
ISU_ILCC,ISU-ILCC_G44C4.pkl,ISU-ILCC_G44C4,7304,0.25,0.571749546666668,1,3.0,4.2,-1,5463,0,1,charge_capacity_in_Ah|current_in_A|cycle_number|discharge_capacity_in_Ah|internal_resistance_in_ohm|temperature_in_C|time_in_s|voltage_in_V,SOC_interval|already_spent_cycles|anode_material|cathode_material|cell_id|charge_protocol|cycle_data|depth_of_charge|depth_of_discharge|description|discharge_protocol|electrolyte_material|form_factor|max_current_limit_in_A|max_voltage_limit_in_V|min_current_limit_in_A|min_voltage_limit_in_V|nominal_capacity_in_Ah|reference,
ISU_ILCC,ISU-ILCC_G13C2.pkl,ISU-ILCC_G13C2,3107,0.25,0.450597,1,3.0,4.2,-1,23395,0,1,charge_capacity_in_Ah|current_in_A|cycle_number|discharge_capacity_in_Ah|internal_resistance_in_ohm|temperature_in_C|time_in_s|voltage_in_V,SOC_interval|already_spent_cycles|anode_material|cathode_material|cell_id|charge_protocol|cycle_data|depth_of_charge|depth_of_discharge|description|discharge_protocol|electrolyte_material|form_factor|max_current_limit_in_A|max_voltage_limit_in_V|min_current_limit_in_A|min_voltage_limit_in_V|nominal_capacity_in_Ah|reference,
XJTU,XJTU_2C_battery-1.pkl,XJTU_2C_battery-1,389,2.0,0,1,2.5,4.2,-1,82325,0,1,charge_capacity_in_Ah|current_in_A|cycle_number|discharge_capacity_in_Ah|internal_resistance_in_ohm|temperature_in_C|time_in_s|voltage_in_V,SOC_interval|already_spent_cycles|anode_material|cathode_material|cell_id|charge_protocol|cycle_data|depth_of_charge|depth_of_discharge|description|discharge_protocol|electrolyte_material|form_factor|max_current_limit_in_A|max_voltage_limit_in_V|min_current_limit_in_A|min_voltage_limit_in_V|nominal_capacity_in_Ah|reference,
XJTU,XJTU_2C_battery-3.pkl,XJTU_2C_battery-3,392,2.0,0,1,2.5,4.2,-1,81686,0,1,charge_capacity_in_Ah|current_in_A|cycle_number|discharge_capacity_in_Ah|internal_resistance_in_ohm|temperature_in_C|time_in_s|voltage_in_V,SOC_interval|already_spent_cycles|anode_material|cathode_material|cell_id|charge_protocol|cycle_data|depth_of_charge|depth_of_discharge|description|discharge_protocol|electrolyte_material|form_factor|max_current_limit_in_A|max_voltage_limit_in_V|min_current_limit_in_A|min_voltage_limit_in_V|nominal_capacity_in_Ah|reference,
ISU_ILCC,ISU-ILCC_G4C2.pkl,ISU-ILCC_G4C2,2794,0.25,0.4730311111111112,1,3.0,4.2,-1,24652,0,1,charge_capacity_in_Ah|current_in_A|cycle_number|discharge_capacity_in_Ah|internal_resistance_in_ohm|temperature_in_C|time_in_s|voltage_in_V,SOC_interval|already_spent_cycles|anode_material|cathode_material|cell_id|charge_protocol|cycle_data|depth_of_charge|depth_of_discharge|description|discharge_protocol|electrolyte_material|form_factor|max_current_limit_in_A|max_voltage_limit_in_V|min_current_limit_in_A|min_voltage_limit_in_V|nominal_capacity_in_Ah|reference,
MATR,MATR_b1c2.pkl,MATR_b1c2,2235,1.1,0,1,2.0,3.5,-1,11701,21,1,Qdlin|charge_capacity_in_Ah|current_in_A|cycle_number|discharge_capacity_in_Ah|internal_resistance_in_ohm|temperature_in_C|time_in_s|voltage_in_V,SOC_interval|already_spent_cycles|anode_material|cathode_material|cell_id|charge_protocol|cycle_data|depth_of_charge|depth_of_discharge|description|discharge_protocol|electrolyte_material|form_factor|max_current_limit_in_A|max_voltage_limit_in_V|min_current_limit_in_A|min_voltage_limit_in_V|nominal_capacity_in_Ah|reference,
ISU_ILCC,ISU-ILCC_G55C2.pkl,ISU-ILCC_G55C2,8625,0.25,0.32862655555555553,1,3.0,4.2,-1,4811,0,1,charge_capacity_in_Ah|current_in_A|cycle_number|discharge_capacity_in_Ah|internal_resistance_in_ohm|temperature_in_C|time_in_s|voltage_in_V,SOC_interval|already_spent_cycles|anode_material|cathode_material|cell_id|charge_protocol|cycle_data|depth_of_charge|depth_of_discharge|description|discharge_protocol|electrolyte_material|form_factor|max_current_limit_in_A|max_voltage_limit_in_V|min_current_limit_in_A|min_voltage_limit_in_V|nominal_capacity_in_Ah|reference,
XJTU,XJTU_2C_battery-4.pkl,XJTU_2C_battery-4,395,2.0,0,1,2.5,4.2,-1,82166,0,1,charge_capacity_in_Ah|current_in_A|cycle_number|discharge_capacity_in_Ah|internal_resistance_in_ohm|temperature_in_C|time_in_s|voltage_in_V,SOC_interval|already_spent_cycles|anode_material|cathode_material|cell_id|charge_protocol|cycle_data|depth_of_charge|depth_of_discharge|description|discharge_protocol|electrolyte_material|form_factor|max_current_limit_in_A|max_voltage_limit_in_V|min_current_limit_in_A|min_voltage_limit_in_V|nominal_capacity_in_Ah|reference,
ISU_ILCC,ISU-ILCC_G3C3.pkl,ISU-ILCC_G3C3,1770,0.25,0.2257947777777778,1,3.0,4.2,-1,33906,0,1,charge_capacity_in_Ah|current_in_A|cycle_number|discharge_capacity_in_Ah|internal_resistance_in_ohm|temperature_in_C|time_in_s|voltage_in_V,SOC_interval|already_spent_cycles|anode_material|cathode_material|cell_id|charge_protocol|cycle_data|depth_of_charge|depth_of_discharge|description|discharge_protocol|electrolyte_material|form_factor|max_current_limit_in_A|max_voltage_limit_in_V|min_current_limit_in_A|min_voltage_limit_in_V|nominal_capacity_in_Ah|reference,
ISU_ILCC,ISU-ILCC_G27C1.pkl,ISU-ILCC_G27C1,8903,0.25,0.39388565333333203,1,3.0,4.2,-1,3620,0,1,charge_capacity_in_Ah|current_in_A|cycle_number|discharge_capacity_in_Ah|internal_resistance_in_ohm|temperature_in_C|time_in_s|voltage_in_V,SOC_interval|already_spent_cycles|anode_material|cathode_material|cell_id|charge_protocol|cycle_data|depth_of_charge|depth_of_discharge|description|discharge_protocol|electrolyte_material|form_factor|max_current_limit_in_A|max_voltage_limit_in_V|min_current_limit_in_A|min_voltage_limit_in_V|nominal_capacity_in_Ah|reference,
ISU_ILCC,ISU-ILCC_G2C3.pkl,ISU-ILCC_G2C3,2546,0.25,0.4815004444444445,1,3.0,4.2,-1,22643,0,1,charge_capacity_in_Ah|current_in_A|cycle_number|discharge_capacity_in_Ah|internal_resistance_in_ohm|temperature_in_C|time_in_s|voltage_in_V,SOC_interval|already_spent_cycles|anode_material|cathode_material|cell_id|charge_protocol|cycle_data|depth_of_charge|depth_of_discharge|description|discharge_protocol|electrolyte_material|form_factor|max_current_limit_in_A|max_voltage_limit_in_V|min_current_limit_in_A|min_voltage_limit_in_V|nominal_capacity_in_Ah|reference,
ISU_ILCC,ISU-ILCC_G55C1.pkl,ISU-ILCC_G55C1,9788,0.25,0.3110264444444445,1,3.0,4.2,-1,4255,0,1,charge_capacity_in_Ah|current_in_A|cycle_number|discharge_capacity_in_Ah|internal_resistance_in_ohm|temperature_in_C|time_in_s|voltage_in_V,SOC_interval|already_spent_cycles|anode_material|cathode_material|cell_id|charge_protocol|cycle_data|depth_of_charge|depth_of_discharge|description|discharge_protocol|electrolyte_material|form_factor|max_current_limit_in_A|max_voltage_limit_in_V|min_current_limit_in_A|min_voltage_limit_in_V|nominal_capacity_in_Ah|reference,
ISU_ILCC,ISU-ILCC_G2C4.pkl,ISU-ILCC_G2C4,2787,0.25,0.47894488888888886,1,3.0,4.2,-1,20797,0,1,charge_capacity_in_Ah|current_in_A|cycle_number|discharge_capacity_in_Ah|internal_resistance_in_ohm|temperature_in_C|time_in_s|voltage_in_V,SOC_interval|already_spent_cycles|anode_material|cathode_material|cell_id|charge_protocol|cycle_data|depth_of_charge|depth_of_discharge|description|discharge_protocol|electrolyte_material|form_factor|max_current_limit_in_A|max_voltage_limit_in_V|min_current_limit_in_A|min_voltage_limit_in_V|nominal_capacity_in_Ah|reference,
ISU_ILCC,ISU-ILCC_G55C4.pkl,ISU-ILCC_G55C4,9655,0.25,0.31146411111111116,1,3.0,4.2,-1,4255,0,1,charge_capacity_in_Ah|current_in_A|cycle_number|discharge_capacity_in_Ah|internal_resistance_in_ohm|temperature_in_C|time_in_s|voltage_in_V,SOC_interval|already_spent_cycles|anode_material|cathode_material|cell_id|charge_protocol|cycle_data|depth_of_charge|depth_of_discharge|description|discharge_protocol|electrolyte_material|form_factor|max_current_limit_in_A|max_voltage_limit_in_V|min_current_limit_in_A|min_voltage_limit_in_V|nominal_capacity_in_Ah|reference,
XJTU,XJTU_2C_battery-7.pkl,XJTU_2C_battery-7,401,2.0,0,1,2.5,4.2,-1,76367,0,1,charge_capacity_in_Ah|current_in_A|cycle_number|discharge_capacity_in_Ah|internal_resistance_in_ohm|temperature_in_C|time_in_s|voltage_in_V,SOC_interval|already_spent_cycles|anode_material|cathode_material|cell_id|charge_protocol|cycle_data|depth_of_charge|depth_of_discharge|description|discharge_protocol|electrolyte_material|form_factor|max_current_limit_in_A|max_voltage_limit_in_V|min_current_limit_in_A|min_voltage_limit_in_V|nominal_capacity_in_Ah|reference,
XJTU,XJTU_2C_battery-5.pkl,XJTU_2C_battery-5,402,2.0,0,1,2.5,4.2,-1,76301,0,1,charge_capacity_in_Ah|current_in_A|cycle_number|discharge_capacity_in_Ah|internal_resistance_in_ohm|temperature_in_C|time_in_s|voltage_in_V,SOC_interval|already_spent_cycles|anode_material|cathode_material|cell_id|charge_protocol|cycle_data|depth_of_charge|depth_of_discharge|description|discharge_protocol|electrolyte_material|form_factor|max_current_limit_in_A|max_voltage_limit_in_V|min_current_limit_in_A|min_voltage_limit_in_V|nominal_capacity_in_Ah|reference,
Stanford,Stanford_Nova_Regular_224.pkl,Stanford_Nova_Regular_224,1420,0.24,0,1,3,4.4,-1,41021,0,1,charge_capacity_in_Ah|current_in_A|cycle_number|discharge_capacity_in_Ah|internal_resistance_in_ohm|temperature_in_C|time_in_s|voltage_in_V,SOC_interval|already_spent_cycles|anode_material|cathode_material|cell_id|charge_protocol|cycle_data|depth_of_charge|depth_of_discharge|description|discharge_protocol|electrolyte_material|form_factor|max_current_limit_in_A|max_voltage_limit_in_V|min_current_limit_in_A|min_voltage_limit_in_V|nominal_capacity_in_Ah|reference,
XJTU,XJTU_2C_battery-2.pkl,XJTU_2C_battery-2,406,2.0,0,1,2.5,4.2,-1,76338,0,1,charge_capacity_in_Ah|current_in_A|cycle_number|discharge_capacity_in_Ah|internal_resistance_in_ohm|temperature_in_C|time_in_s|voltage_in_V,SOC_interval|already_spent_cycles|anode_material|cathode_material|cell_id|charge_protocol|cycle_data|depth_of_charge|depth_of_discharge|description|discharge_protocol|electrolyte_material|form_factor|max_current_limit_in_A|max_voltage_limit_in_V|min_current_limit_in_A|min_voltage_limit_in_V|nominal_capacity_in_Ah|reference,
ISU_ILCC,ISU-ILCC_G56C4.pkl,ISU-ILCC_G56C4,4672,0.25,0.40459311111111107,1,3.0,4.2,-1,11160,0,1,charge_capacity_in_Ah|current_in_A|cycle_number|discharge_capacity_in_Ah|internal_resistance_in_ohm|temperature_in_C|time_in_s|voltage_in_V,SOC_interval|already_spent_cycles|anode_material|cathode_material|cell_id|charge_protocol|cycle_data|depth_of_charge|depth_of_discharge|description|discharge_protocol|electrolyte_material|form_factor|max_current_limit_in_A|max_voltage_limit_in_V|min_current_limit_in_A|min_voltage_limit_in_V|nominal_capacity_in_Ah|reference,
ISU_ILCC,ISU-ILCC_G44C2.pkl,ISU-ILCC_G44C2,7742,0.25,0.578147413333332,1,3.0,4.2,-1,5257,0,1,charge_capacity_in_Ah|current_in_A|cycle_number|discharge_capacity_in_Ah|internal_resistance_in_ohm|temperature_in_C|time_in_s|voltage_in_V,SOC_interval|already_spent_cycles|anode_material|cathode_material|cell_id|charge_protocol|cycle_data|depth_of_charge|depth_of_discharge|description|discharge_protocol|electrolyte_material|form_factor|max_current_limit_in_A|max_voltage_limit_in_V|min_current_limit_in_A|min_voltage_limit_in_V|nominal_capacity_in_Ah|reference,
XJTU,XJTU_2C_battery-6.pkl,XJTU_2C_battery-6,407,2.0,0,1,2.5,4.2,-1,76545,0,1,charge_capacity_in_Ah|current_in_A|cycle_number|discharge_capacity_in_Ah|internal_resistance_in_ohm|temperature_in_C|time_in_s|voltage_in_V,SOC_interval|already_spent_cycles|anode_material|cathode_material|cell_id|charge_protocol|cycle_data|depth_of_charge|depth_of_discharge|description|discharge_protocol|electrolyte_material|form_factor|max_current_limit_in_A|max_voltage_limit_in_V|min_current_limit_in_A|min_voltage_limit_in_V|nominal_capacity_in_Ah|reference,
ISU_ILCC,ISU-ILCC_G8C4.pkl,ISU-ILCC_G8C4,2345,0.25,0.21944566666666665,1,3.0,4.2,-1,33621,0,1,charge_capacity_in_Ah|current_in_A|cycle_number|discharge_capacity_in_Ah|internal_resistance_in_ohm|temperature_in_C|time_in_s|voltage_in_V,SOC_interval|already_spent_cycles|anode_material|cathode_material|cell_id|charge_protocol|cycle_data|depth_of_charge|depth_of_discharge|description|discharge_protocol|electrolyte_material|form_factor|max_current_limit_in_A|max_voltage_limit_in_V|min_current_limit_in_A|min_voltage_limit_in_V|nominal_capacity_in_Ah|reference,
ISU_ILCC,ISU-ILCC_G50C2.pkl,ISU-ILCC_G50C2,15269,0.25,0.7577010844444444,1,3.0,4.2,-1,2746,0,1,charge_capacity_in_Ah|current_in_A|cycle_number|discharge_capacity_in_Ah|internal_resistance_in_ohm|temperature_in_C|time_in_s|voltage_in_V,SOC_interval|already_spent_cycles|anode_material|cathode_material|cell_id|charge_protocol|cycle_data|depth_of_charge|depth_of_discharge|description|discharge_protocol|electrolyte_material|form_factor|max_current_limit_in_A|max_voltage_limit_in_V|min_current_limit_in_A|min_voltage_limit_in_V|nominal_capacity_in_Ah|reference,
ISU_ILCC,ISU-ILCC_G2C2.pkl,ISU-ILCC_G2C2,2610,0.25,0.4470802222222222,1,3.0,4.2,-1,22258,0,1,charge_capacity_in_Ah|current_in_A|cycle_number|discharge_capacity_in_Ah|internal_resistance_in_ohm|temperature_in_C|time_in_s|voltage_in_V,SOC_interval|already_spent_cycles|anode_material|cathode_material|cell_id|charge_protocol|cycle_data|depth_of_charge|depth_of_discharge|description|discharge_protocol|electrolyte_material|form_factor|max_current_limit_in_A|max_voltage_limit_in_V|min_current_limit_in_A|min_voltage_limit_in_V|nominal_capacity_in_Ah|reference,
ISU_ILCC,ISU-ILCC_G12C4.pkl,ISU-ILCC_G12C4,4920,0.25,0.6681755555555555,1,3.0,4.2,-1,14491,0,1,charge_capacity_in_Ah|current_in_A|cycle_number|discharge_capacity_in_Ah|internal_resistance_in_ohm|temperature_in_C|time_in_s|voltage_in_V,SOC_interval|already_spent_cycles|anode_material|cathode_material|cell_id|charge_protocol|cycle_data|depth_of_charge|depth_of_discharge|description|discharge_protocol|electrolyte_material|form_factor|max_current_limit_in_A|max_voltage_limit_in_V|min_current_limit_in_A|min_voltage_limit_in_V|nominal_capacity_in_Ah|reference,
ISU_ILCC,ISU-ILCC_G44C3.pkl,ISU-ILCC_G44C3,6301,0.25,0.568001991111112,1,3.0,4.2,-1,6749,0,1,charge_capacity_in_Ah|current_in_A|cycle_number|discharge_capacity_in_Ah|internal_resistance_in_ohm|temperature_in_C|time_in_s|voltage_in_V,SOC_interval|already_spent_cycles|anode_material|cathode_material|cell_id|charge_protocol|cycle_data|depth_of_charge|depth_of_discharge|description|discharge_protocol|electrolyte_material|form_factor|max_current_limit_in_A|max_voltage_limit_in_V|min_current_limit_in_A|min_voltage_limit_in_V|nominal_capacity_in_Ah|reference,
ISU_ILCC,ISU-ILCC_G58C3.pkl,ISU-ILCC_G58C3,4332,0.25,0.5083727777777778,1,3.0,4.2,-1,15583,0,1,charge_capacity_in_Ah|current_in_A|cycle_number|discharge_capacity_in_Ah|internal_resistance_in_ohm|temperature_in_C|time_in_s|voltage_in_V,SOC_interval|already_spent_cycles|anode_material|cathode_material|cell_id|charge_protocol|cycle_data|depth_of_charge|depth_of_discharge|description|discharge_protocol|electrolyte_material|form_factor|max_current_limit_in_A|max_voltage_limit_in_V|min_current_limit_in_A|min_voltage_limit_in_V|nominal_capacity_in_Ah|reference,
XJTU,XJTU_2C_battery-8.pkl,XJTU_2C_battery-8,419,2.0,0,1,2.5,4.2,-1,78382,0,1,charge_capacity_in_Ah|current_in_A|cycle_number|discharge_capacity_in_Ah|internal_resistance_in_ohm|temperature_in_C|time_in_s|voltage_in_V,SOC_interval|already_spent_cycles|anode_material|cathode_material|cell_id|charge_protocol|cycle_data|depth_of_charge|depth_of_discharge|description|discharge_protocol|electrolyte_material|form_factor|max_current_limit_in_A|max_voltage_limit_in_V|min_current_limit_in_A|min_voltage_limit_in_V|nominal_capacity_in_Ah|reference,
ISU_ILCC,ISU-ILCC_G27C4.pkl,ISU-ILCC_G27C4,8837,0.25,0.34943089777777603,1,3.0,4.2,-1,4159,0,1,charge_capacity_in_Ah|current_in_A|cycle_number|discharge_capacity_in_Ah|internal_resistance_in_ohm|temperature_in_C|time_in_s|voltage_in_V,SOC_interval|already_spent_cycles|anode_material|cathode_material|cell_id|charge_protocol|cycle_data|depth_of_charge|depth_of_discharge|description|discharge_protocol|electrolyte_material|form_factor|max_current_limit_in_A|max_voltage_limit_in_V|min_current_limit_in_A|min_voltage_limit_in_V|nominal_capacity_in_Ah|reference,
ISU_ILCC,ISU-ILCC_G58C4.pkl,ISU-ILCC_G58C4,4209,0.25,0.5055931111111112,1,3.0,4.2,-1,16203,0,1,charge_capacity_in_Ah|current_in_A|cycle_number|discharge_capacity_in_Ah|internal_resistance_in_ohm|temperature_in_C|time_in_s|voltage_in_V,SOC_interval|already_spent_cycles|anode_material|cathode_material|cell_id|charge_protocol|cycle_data|depth_of_charge|depth_of_discharge|description|discharge_protocol|electrolyte_material|form_factor|max_current_limit_in_A|max_voltage_limit_in_V|min_current_limit_in_A|min_voltage_limit_in_V|nominal_capacity_in_Ah|reference,
ISU_ILCC,ISU-ILCC_G54C4.pkl,ISU-ILCC_G54C4,9419,0.25,0.6781858888888889,1,3.0,4.2,-1,5016,0,1,charge_capacity_in_Ah|current_in_A|cycle_number|discharge_capacity_in_Ah|internal_resistance_in_ohm|temperature_in_C|time_in_s|voltage_in_V,SOC_interval|already_spent_cycles|anode_material|cathode_material|cell_id|charge_protocol|cycle_data|depth_of_charge|depth_of_discharge|description|discharge_protocol|electrolyte_material|form_factor|max_current_limit_in_A|max_voltage_limit_in_V|min_current_limit_in_A|min_voltage_limit_in_V|nominal_capacity_in_Ah|reference,
ISU_ILCC,ISU-ILCC_G4C3.pkl,ISU-ILCC_G4C3,3024,0.25,0.4652993333333334,1,3.0,4.2,-1,25131,0,1,charge_capacity_in_Ah|current_in_A|cycle_number|discharge_capacity_in_Ah|internal_resistance_in_ohm|temperature_in_C|time_in_s|voltage_in_V,SOC_interval|already_spent_cycles|anode_material|cathode_material|cell_id|charge_protocol|cycle_data|depth_of_charge|depth_of_discharge|description|discharge_protocol|electrolyte_material|form_factor|max_current_limit_in_A|max_voltage_limit_in_V|min_current_limit_in_A|min_voltage_limit_in_V|nominal_capacity_in_Ah|reference,
ISU_ILCC,ISU-ILCC_G34C3.pkl,ISU-ILCC_G34C3,13646,0.25,0.6885597155555556,1,3.0,4.2,-1,3127,0,1,charge_capacity_in_Ah|current_in_A|cycle_number|discharge_capacity_in_Ah|internal_resistance_in_ohm|temperature_in_C|time_in_s|voltage_in_V,SOC_interval|already_spent_cycles|anode_material|cathode_material|cell_id|charge_protocol|cycle_data|depth_of_charge|depth_of_discharge|description|discharge_protocol|electrolyte_material|form_factor|max_current_limit_in_A|max_voltage_limit_in_V|min_current_limit_in_A|min_voltage_limit_in_V|nominal_capacity_in_Ah|reference,
ISU_ILCC,ISU-ILCC_G56C2.pkl,ISU-ILCC_G56C2,4904,0.25,0.39333844444444443,1,3.0,4.2,-1,11363,0,1,charge_capacity_in_Ah|current_in_A|cycle_number|discharge_capacity_in_Ah|internal_resistance_in_ohm|temperature_in_C|time_in_s|voltage_in_V,SOC_interval|already_spent_cycles|anode_material|cathode_material|cell_id|charge_protocol|cycle_data|depth_of_charge|depth_of_discharge|description|discharge_protocol|electrolyte_material|form_factor|max_current_limit_in_A|max_voltage_limit_in_V|min_current_limit_in_A|min_voltage_limit_in_V|nominal_capacity_in_Ah|reference,
ISU_ILCC,ISU-ILCC_G7C4.pkl,ISU-ILCC_G7C4,3538,0.25,0.46035922222222225,1,3.0,4.2,-1,23343,0,1,charge_capacity_in_Ah|current_in_A|cycle_number|discharge_capacity_in_Ah|internal_resistance_in_ohm|temperature_in_C|time_in_s|voltage_in_V,SOC_interval|already_spent_cycles|anode_material|cathode_material|cell_id|charge_protocol|cycle_data|depth_of_charge|depth_of_discharge|description|discharge_protocol|electrolyte_material|form_factor|max_current_limit_in_A|max_voltage_limit_in_V|min_current_limit_in_A|min_voltage_limit_in_V|nominal_capacity_in_Ah|reference,
ISU_ILCC,ISU-ILCC_G59C3.pkl,ISU-ILCC_G59C3,13336,0.25,0.6445345555555555,1,3.0,4.2,-1,3605,0,1,charge_capacity_in_Ah|current_in_A|cycle_number|discharge_capacity_in_Ah|internal_resistance_in_ohm|temperature_in_C|time_in_s|voltage_in_V,SOC_interval|already_spent_cycles|anode_material|cathode_material|cell_id|charge_protocol|cycle_data|depth_of_charge|depth_of_discharge|description|discharge_protocol|electrolyte_material|form_factor|max_current_limit_in_A|max_voltage_limit_in_V|min_current_limit_in_A|min_voltage_limit_in_V|nominal_capacity_in_Ah|reference,
ISU_ILCC,ISU-ILCC_G3C1.pkl,ISU-ILCC_G3C1,1993,0.25,0.25027177777777776,1,3.0,4.2,-1,34929,0,1,charge_capacity_in_Ah|current_in_A|cycle_number|discharge_capacity_in_Ah|internal_resistance_in_ohm|temperature_in_C|time_in_s|voltage_in_V,SOC_interval|already_spent_cycles|anode_material|cathode_material|cell_id|charge_protocol|cycle_data|depth_of_charge|depth_of_discharge|description|discharge_protocol|electrolyte_material|form_factor|max_current_limit_in_A|max_voltage_limit_in_V|min_current_limit_in_A|min_voltage_limit_in_V|nominal_capacity_in_Ah|reference,
ISU_ILCC,ISU-ILCC_G27C2.pkl,ISU-ILCC_G27C2,10367,0.25,0.31465407999999995,1,3.0,4.2,-1,4149,0,1,charge_capacity_in_Ah|current_in_A|cycle_number|discharge_capacity_in_Ah|internal_resistance_in_ohm|temperature_in_C|time_in_s|voltage_in_V,SOC_interval|already_spent_cycles|anode_material|cathode_material|cell_id|charge_protocol|cycle_data|depth_of_charge|depth_of_discharge|description|discharge_protocol|electrolyte_material|form_factor|max_current_limit_in_A|max_voltage_limit_in_V|min_current_limit_in_A|min_voltage_limit_in_V|nominal_capacity_in_Ah|reference,
ISU_ILCC,ISU-ILCC_G1C4.pkl,ISU-ILCC_G1C4,4596,0.25,0.6904467777777777,1,3.0,4.2,-1,13818,0,1,charge_capacity_in_Ah|current_in_A|cycle_number|discharge_capacity_in_Ah|internal_resistance_in_ohm|temperature_in_C|time_in_s|voltage_in_V,SOC_interval|already_spent_cycles|anode_material|cathode_material|cell_id|charge_protocol|cycle_data|depth_of_charge|depth_of_discharge|description|discharge_protocol|electrolyte_material|form_factor|max_current_limit_in_A|max_voltage_limit_in_V|min_current_limit_in_A|min_voltage_limit_in_V|nominal_capacity_in_Ah|reference,
ISU_ILCC,ISU-ILCC_G43C2.pkl,ISU-ILCC_G43C2,13894,0.25,0.5704961111111111,1,3.0,4.2,-1,3543,0,1,charge_capacity_in_Ah|current_in_A|cycle_number|discharge_capacity_in_Ah|internal_resistance_in_ohm|temperature_in_C|time_in_s|voltage_in_V,SOC_interval|already_spent_cycles|anode_material|cathode_material|cell_id|charge_protocol|cycle_data|depth_of_charge|depth_of_discharge|description|discharge_protocol|electrolyte_material|form_factor|max_current_limit_in_A|max_voltage_limit_in_V|min_current_limit_in_A|min_voltage_limit_in_V|nominal_capacity_in_Ah|reference,
ISU_ILCC,ISU-ILCC_G10C4.pkl,ISU-ILCC_G10C4,3912,0.25,0.473996,1,3.0,4.2,-1,21383,0,1,charge_capacity_in_Ah|current_in_A|cycle_number|discharge_capacity_in_Ah|internal_resistance_in_ohm|temperature_in_C|time_in_s|voltage_in_V,SOC_interval|already_spent_cycles|anode_material|cathode_material|cell_id|charge_protocol|cycle_data|depth_of_charge|depth_of_discharge|description|discharge_protocol|electrolyte_material|form_factor|max_current_limit_in_A|max_voltage_limit_in_V|min_current_limit_in_A|min_voltage_limit_in_V|nominal_capacity_in_Ah|reference,
ISU_ILCC,ISU-ILCC_G56C1.pkl,ISU-ILCC_G56C1,4840,0.25,0.3850928888888888,1,3.0,4.2,-1,12013,0,1,charge_capacity_in_Ah|current_in_A|cycle_number|discharge_capacity_in_Ah|internal_resistance_in_ohm|temperature_in_C|time_in_s|voltage_in_V,SOC_interval|already_spent_cycles|anode_material|cathode_material|cell_id|charge_protocol|cycle_data|depth_of_charge|depth_of_discharge|description|discharge_protocol|electrolyte_material|form_factor|max_current_limit_in_A|max_voltage_limit_in_V|min_current_limit_in_A|min_voltage_limit_in_V|nominal_capacity_in_Ah|reference,
ISU_ILCC,ISU-ILCC_G42C3.pkl,ISU-ILCC_G42C3,13829,0.25,0.5015956666666667,1,3.0,4.2,-1,3368,0,1,charge_capacity_in_Ah|current_in_A|cycle_number|discharge_capacity_in_Ah|internal_resistance_in_ohm|temperature_in_C|time_in_s|voltage_in_V,SOC_interval|already_spent_cycles|anode_material|cathode_material|cell_id|charge_protocol|cycle_data|depth_of_charge|depth_of_discharge|description|discharge_protocol|electrolyte_material|form_factor|max_current_limit_in_A|max_voltage_limit_in_V|min_current_limit_in_A|min_voltage_limit_in_V|nominal_capacity_in_Ah|reference,
ISU_ILCC,ISU-ILCC_G54C1.pkl,ISU-ILCC_G54C1,11093,0.25,0.697446,1,3.0,4.2,-1,4742,0,1,charge_capacity_in_Ah|current_in_A|cycle_number|discharge_capacity_in_Ah|internal_resistance_in_ohm|temperature_in_C|time_in_s|voltage_in_V,SOC_interval|already_spent_cycles|anode_material|cathode_material|cell_id|charge_protocol|cycle_data|depth_of_charge|depth_of_discharge|description|discharge_protocol|electrolyte_material|form_factor|max_current_limit_in_A|max_voltage_limit_in_V|min_current_limit_in_A|min_voltage_limit_in_V|nominal_capacity_in_Ah|reference,
ISU_ILCC,ISU-ILCC_G40C3.pkl,ISU-ILCC_G40C3,8957,0.25,0.715192111111111,1,3.0,4.2,-1,6530,0,1,charge_capacity_in_Ah|current_in_A|cycle_number|discharge_capacity_in_Ah|internal_resistance_in_ohm|temperature_in_C|time_in_s|voltage_in_V,SOC_interval|already_spent_cycles|anode_material|cathode_material|cell_id|charge_protocol|cycle_data|depth_of_charge|depth_of_discharge|description|discharge_protocol|electrolyte_material|form_factor|max_current_limit_in_A|max_voltage_limit_in_V|min_current_limit_in_A|min_voltage_limit_in_V|nominal_capacity_in_Ah|reference,
ISU_ILCC,ISU-ILCC_G34C2.pkl,ISU-ILCC_G34C2,16644,0.25,0.7546867377777776,1,3.0,4.2,-1,2619,0,1,charge_capacity_in_Ah|current_in_A|cycle_number|discharge_capacity_in_Ah|internal_resistance_in_ohm|temperature_in_C|time_in_s|voltage_in_V,SOC_interval|already_spent_cycles|anode_material|cathode_material|cell_id|charge_protocol|cycle_data|depth_of_charge|depth_of_discharge|description|discharge_protocol|electrolyte_material|form_factor|max_current_limit_in_A|max_voltage_limit_in_V|min_current_limit_in_A|min_voltage_limit_in_V|nominal_capacity_in_Ah|reference,
ISU_ILCC,ISU-ILCC_G8C3.pkl,ISU-ILCC_G8C3,2902,0.25,0.24869411111111106,1,3.0,4.2,-1,32083,0,1,charge_capacity_in_Ah|current_in_A|cycle_number|discharge_capacity_in_Ah|internal_resistance_in_ohm|temperature_in_C|time_in_s|voltage_in_V,SOC_interval|already_spent_cycles|anode_material|cathode_material|cell_id|charge_protocol|cycle_data|depth_of_charge|depth_of_discharge|description|discharge_protocol|electrolyte_material|form_factor|max_current_limit_in_A|max_voltage_limit_in_V|min_current_limit_in_A|min_voltage_limit_in_V|nominal_capacity_in_Ah|reference,
ISU_ILCC,ISU-ILCC_G34C4.pkl,ISU-ILCC_G34C4,16586,0.25,0.6647960533333332,1,3.0,4.2,-1,2921,0,1,charge_capacity_in_Ah|current_in_A|cycle_number|discharge_capacity_in_Ah|internal_resistance_in_ohm|temperature_in_C|time_in_s|voltage_in_V,SOC_interval|already_spent_cycles|anode_material|cathode_material|cell_id|charge_protocol|cycle_data|depth_of_charge|depth_of_discharge|description|discharge_protocol|electrolyte_material|form_factor|max_current_limit_in_A|max_voltage_limit_in_V|min_current_limit_in_A|min_voltage_limit_in_V|nominal_capacity_in_Ah|reference,
ISU_ILCC,ISU-ILCC_G34C1.pkl,ISU-ILCC_G34C1,13881,0.25,0.6488743466666669,1,3.0,4.2,-1,3548,0,1,charge_capacity_in_Ah|current_in_A|cycle_number|discharge_capacity_in_Ah|internal_resistance_in_ohm|temperature_in_C|time_in_s|voltage_in_V,SOC_interval|already_spent_cycles|anode_material|cathode_material|cell_id|charge_protocol|cycle_data|depth_of_charge|depth_of_discharge|description|discharge_protocol|electrolyte_material|form_factor|max_current_limit_in_A|max_voltage_limit_in_V|min_current_limit_in_A|min_voltage_limit_in_V|nominal_capacity_in_Ah|reference,
ISU_ILCC,ISU-ILCC_G54C3.pkl,ISU-ILCC_G54C3,10357,0.25,0.6841276666666667,1,3.0,4.2,-1,5025,0,1,charge_capacity_in_Ah|current_in_A|cycle_number|discharge_capacity_in_Ah|internal_resistance_in_ohm|temperature_in_C|time_in_s|voltage_in_V,SOC_interval|already_spent_cycles|anode_material|cathode_material|cell_id|charge_protocol|cycle_data|depth_of_charge|depth_of_discharge|description|discharge_protocol|electrolyte_material|form_factor|max_current_limit_in_A|max_voltage_limit_in_V|min_current_limit_in_A|min_voltage_limit_in_V|nominal_capacity_in_Ah|reference,
ISU_ILCC,ISU-ILCC_G41C3.pkl,ISU-ILCC_G41C3,8903,0.25,0.23620333333333332,1,3.0,4.2,-1,6091,0,1,charge_capacity_in_Ah|current_in_A|cycle_number|discharge_capacity_in_Ah|internal_resistance_in_ohm|temperature_in_C|time_in_s|voltage_in_V,SOC_interval|already_spent_cycles|anode_material|cathode_material|cell_id|charge_protocol|cycle_data|depth_of_charge|depth_of_discharge|description|discharge_protocol|electrolyte_material|form_factor|max_current_limit_in_A|max_voltage_limit_in_V|min_current_limit_in_A|min_voltage_limit_in_V|nominal_capacity_in_Ah|reference,
ISU_ILCC,ISU-ILCC_G40C2.pkl,ISU-ILCC_G40C2,9335,0.25,0.5897518888888889,1,3.0,4.2,-1,6907,0,1,charge_capacity_in_Ah|current_in_A|cycle_number|discharge_capacity_in_Ah|internal_resistance_in_ohm|temperature_in_C|time_in_s|voltage_in_V,SOC_interval|already_spent_cycles|anode_material|cathode_material|cell_id|charge_protocol|cycle_data|depth_of_charge|depth_of_discharge|description|discharge_protocol|electrolyte_material|form_factor|max_current_limit_in_A|max_voltage_limit_in_V|min_current_limit_in_A|min_voltage_limit_in_V|nominal_capacity_in_Ah|reference,
ISU_ILCC,ISU-ILCC_G43C4.pkl,ISU-ILCC_G43C4,14465,0.25,0.5648784444444443,1,3.0,4.2,-1,3546,0,1,charge_capacity_in_Ah|current_in_A|cycle_number|discharge_capacity_in_Ah|internal_resistance_in_ohm|temperature_in_C|time_in_s|voltage_in_V,SOC_interval|already_spent_cycles|anode_material|cathode_material|cell_id|charge_protocol|cycle_data|depth_of_charge|depth_of_discharge|description|discharge_protocol|electrolyte_material|form_factor|max_current_limit_in_A|max_voltage_limit_in_V|min_current_limit_in_A|min_voltage_limit_in_V|nominal_capacity_in_Ah|reference,
ISU_ILCC,ISU-ILCC_G58C1.pkl,ISU-ILCC_G58C1,5378,0.25,0.5269228888888888,1,3.0,4.2,-1,15708,0,1,charge_capacity_in_Ah|current_in_A|cycle_number|discharge_capacity_in_Ah|internal_resistance_in_ohm|temperature_in_C|time_in_s|voltage_in_V,SOC_interval|already_spent_cycles|anode_material|cathode_material|cell_id|charge_protocol|cycle_data|depth_of_charge|depth_of_discharge|description|discharge_protocol|electrolyte_material|form_factor|max_current_limit_in_A|max_voltage_limit_in_V|min_current_limit_in_A|min_voltage_limit_in_V|nominal_capacity_in_Ah|reference,
ISU_ILCC,ISU-ILCC_G50C1.pkl,ISU-ILCC_G50C1,19073,0.25,0.7581294755555557,1,3.0,4.2,-1,2745,0,1,charge_capacity_in_Ah|current_in_A|cycle_number|discharge_capacity_in_Ah|internal_resistance_in_ohm|temperature_in_C|time_in_s|voltage_in_V,SOC_interval|already_spent_cycles|anode_material|cathode_material|cell_id|charge_protocol|cycle_data|depth_of_charge|depth_of_discharge|description|discharge_protocol|electrolyte_material|form_factor|max_current_limit_in_A|max_voltage_limit_in_V|min_current_limit_in_A|min_voltage_limit_in_V|nominal_capacity_in_Ah|reference,
ISU_ILCC,ISU-ILCC_G41C4.pkl,ISU-ILCC_G41C4,10205,0.25,0.2437745555555556,1,3.0,4.2,-1,5762,0,1,charge_capacity_in_Ah|current_in_A|cycle_number|discharge_capacity_in_Ah|internal_resistance_in_ohm|temperature_in_C|time_in_s|voltage_in_V,SOC_interval|already_spent_cycles|anode_material|cathode_material|cell_id|charge_protocol|cycle_data|depth_of_charge|depth_of_discharge|description|discharge_protocol|electrolyte_material|form_factor|max_current_limit_in_A|max_voltage_limit_in_V|min_current_limit_in_A|min_voltage_limit_in_V|nominal_capacity_in_Ah|reference,
ISU_ILCC,ISU-ILCC_G54C2.pkl,ISU-ILCC_G54C2,11825,0.25,0.7015256666666667,1,3.0,4.2,-1,4829,0,1,charge_capacity_in_Ah|current_in_A|cycle_number|discharge_capacity_in_Ah|internal_resistance_in_ohm|temperature_in_C|time_in_s|voltage_in_V,SOC_interval|already_spent_cycles|anode_material|cathode_material|cell_id|charge_protocol|cycle_data|depth_of_charge|depth_of_discharge|description|discharge_protocol|electrolyte_material|form_factor|max_current_limit_in_A|max_voltage_limit_in_V|min_current_limit_in_A|min_voltage_limit_in_V|nominal_capacity_in_Ah|reference,
ISU_ILCC,ISU-ILCC_G49C1.pkl,ISU-ILCC_G49C1,11637,0.25,0.7683247822222223,1,3.0,4.2,-1,5193,0,1,charge_capacity_in_Ah|current_in_A|cycle_number|discharge_capacity_in_Ah|internal_resistance_in_ohm|temperature_in_C|time_in_s|voltage_in_V,SOC_interval|already_spent_cycles|anode_material|cathode_material|cell_id|charge_protocol|cycle_data|depth_of_charge|depth_of_discharge|description|discharge_protocol|electrolyte_material|form_factor|max_current_limit_in_A|max_voltage_limit_in_V|min_current_limit_in_A|min_voltage_limit_in_V|nominal_capacity_in_Ah|reference,
ISU_ILCC,ISU-ILCC_G50C4.pkl,ISU-ILCC_G50C4,19112,0.25,0.7649841777777779,1,3.0,4.2,-1,2767,0,1,charge_capacity_in_Ah|current_in_A|cycle_number|discharge_capacity_in_Ah|internal_resistance_in_ohm|temperature_in_C|time_in_s|voltage_in_V,SOC_interval|already_spent_cycles|anode_material|cathode_material|cell_id|charge_protocol|cycle_data|depth_of_charge|depth_of_discharge|description|discharge_protocol|electrolyte_material|form_factor|max_current_limit_in_A|max_voltage_limit_in_V|min_current_limit_in_A|min_voltage_limit_in_V|nominal_capacity_in_Ah|reference,
ISU_ILCC,ISU-ILCC_G59C4.pkl,ISU-ILCC_G59C4,20684,0.25,0.6573325555555556,1,3.0,4.2,-1,2788,0,1,charge_capacity_in_Ah|current_in_A|cycle_number|discharge_capacity_in_Ah|internal_resistance_in_ohm|temperature_in_C|time_in_s|voltage_in_V,SOC_interval|already_spent_cycles|anode_material|cathode_material|cell_id|charge_protocol|cycle_data|depth_of_charge|depth_of_discharge|description|discharge_protocol|electrolyte_material|form_factor|max_current_limit_in_A|max_voltage_limit_in_V|min_current_limit_in_A|min_voltage_limit_in_V|nominal_capacity_in_Ah|reference,
ISU_ILCC,ISU-ILCC_G49C3.pkl,ISU-ILCC_G49C3,13673,0.25,0.8362768177777776,1,3.0,4.2,-1,4214,0,1,charge_capacity_in_Ah|current_in_A|cycle_number|discharge_capacity_in_Ah|internal_resistance_in_ohm|temperature_in_C|time_in_s|voltage_in_V,SOC_interval|already_spent_cycles|anode_material|cathode_material|cell_id|charge_protocol|cycle_data|depth_of_charge|depth_of_discharge|description|discharge_protocol|electrolyte_material|form_factor|max_current_limit_in_A|max_voltage_limit_in_V|min_current_limit_in_A|min_voltage_limit_in_V|nominal_capacity_in_Ah|reference,
ISU_ILCC,ISU-ILCC_G49C4.pkl,ISU-ILCC_G49C4,10471,0.25,0.7583363911111112,1,3.0,4.2,-1,6633,0,1,charge_capacity_in_Ah|current_in_A|cycle_number|discharge_capacity_in_Ah|internal_resistance_in_ohm|temperature_in_C|time_in_s|voltage_in_V,SOC_interval|already_spent_cycles|anode_material|cathode_material|cell_id|charge_protocol|cycle_data|depth_of_charge|depth_of_discharge|description|discharge_protocol|electrolyte_material|form_factor|max_current_limit_in_A|max_voltage_limit_in_V|min_current_limit_in_A|min_voltage_limit_in_V|nominal_capacity_in_Ah|reference,
ISU_ILCC,ISU-ILCC_G49C2.pkl,ISU-ILCC_G49C2,12010,0.25,0.7651347377777776,1,3.0,4.2,-1,5635,0,1,charge_capacity_in_Ah|current_in_A|cycle_number|discharge_capacity_in_Ah|internal_resistance_in_ohm|temperature_in_C|time_in_s|voltage_in_V,SOC_interval|already_spent_cycles|anode_material|cathode_material|cell_id|charge_protocol|cycle_data|depth_of_charge|depth_of_discharge|description|discharge_protocol|electrolyte_material|form_factor|max_current_limit_in_A|max_voltage_limit_in_V|min_current_limit_in_A|min_voltage_limit_in_V|nominal_capacity_in_Ah|reference,
ISU_ILCC,ISU-ILCC_G6C1.pkl,ISU-ILCC_G6C1,6223,0.25,0.6872035555555556,1,3.0,4.2,-1,14366,0,1,charge_capacity_in_Ah|current_in_A|cycle_number|discharge_capacity_in_Ah|internal_resistance_in_ohm|temperature_in_C|time_in_s|voltage_in_V,SOC_interval|already_spent_cycles|anode_material|cathode_material|cell_id|charge_protocol|cycle_data|depth_of_charge|depth_of_discharge|description|discharge_protocol|electrolyte_material|form_factor|max_current_limit_in_A|max_voltage_limit_in_V|min_current_limit_in_A|min_voltage_limit_in_V|nominal_capacity_in_Ah|reference,
ISU_ILCC,ISU-ILCC_G42C1.pkl,ISU-ILCC_G42C1,13957,0.25,0.521901,1,3.0,4.2,-1,3503,0,1,charge_capacity_in_Ah|current_in_A|cycle_number|discharge_capacity_in_Ah|internal_resistance_in_ohm|temperature_in_C|time_in_s|voltage_in_V,SOC_interval|already_spent_cycles|anode_material|cathode_material|cell_id|charge_protocol|cycle_data|depth_of_charge|depth_of_discharge|description|discharge_protocol|electrolyte_material|form_factor|max_current_limit_in_A|max_voltage_limit_in_V|min_current_limit_in_A|min_voltage_limit_in_V|nominal_capacity_in_Ah|reference,
ISU_ILCC,ISU-ILCC_G59C2.pkl,ISU-ILCC_G59C2,15040,0.25,0.6474475555555556,1,3.0,4.2,-1,3674,0,1,charge_capacity_in_Ah|current_in_A|cycle_number|discharge_capacity_in_Ah|internal_resistance_in_ohm|temperature_in_C|time_in_s|voltage_in_V,SOC_interval|already_spent_cycles|anode_material|cathode_material|cell_id|charge_protocol|cycle_data|depth_of_charge|depth_of_discharge|description|discharge_protocol|electrolyte_material|form_factor|max_current_limit_in_A|max_voltage_limit_in_V|min_current_limit_in_A|min_voltage_limit_in_V|nominal_capacity_in_Ah|reference,
ISU_ILCC,ISU-ILCC_G42C2.pkl,ISU-ILCC_G42C2,16285,0.25,0.5361873333333333,1,3.0,4.2,-1,3370,0,1,charge_capacity_in_Ah|current_in_A|cycle_number|discharge_capacity_in_Ah|internal_resistance_in_ohm|temperature_in_C|time_in_s|voltage_in_V,SOC_interval|already_spent_cycles|anode_material|cathode_material|cell_id|charge_protocol|cycle_data|depth_of_charge|depth_of_discharge|description|discharge_protocol|electrolyte_material|form_factor|max_current_limit_in_A|max_voltage_limit_in_V|min_current_limit_in_A|min_voltage_limit_in_V|nominal_capacity_in_Ah|reference,
ISU_ILCC,ISU-ILCC_G57C2.pkl,ISU-ILCC_G57C2,13984,0.25,0.8163641111111111,1,3.0,4.2,-1,3946,0,1,charge_capacity_in_Ah|current_in_A|cycle_number|discharge_capacity_in_Ah|internal_resistance_in_ohm|temperature_in_C|time_in_s|voltage_in_V,SOC_interval|already_spent_cycles|anode_material|cathode_material|cell_id|charge_protocol|cycle_data|depth_of_charge|depth_of_discharge|description|discharge_protocol|electrolyte_material|form_factor|max_current_limit_in_A|max_voltage_limit_in_V|min_current_limit_in_A|min_voltage_limit_in_V|nominal_capacity_in_Ah|reference,
ISU_ILCC,ISU-ILCC_G57C4.pkl,ISU-ILCC_G57C4,13784,0.25,0.8040231111111111,1,3.0,4.2,-1,3981,0,1,charge_capacity_in_Ah|current_in_A|cycle_number|discharge_capacity_in_Ah|internal_resistance_in_ohm|temperature_in_C|time_in_s|voltage_in_V,SOC_interval|already_spent_cycles|anode_material|cathode_material|cell_id|charge_protocol|cycle_data|depth_of_charge|depth_of_discharge|description|discharge_protocol|electrolyte_material|form_factor|max_current_limit_in_A|max_voltage_limit_in_V|min_current_limit_in_A|min_voltage_limit_in_V|nominal_capacity_in_Ah|reference,
ISU_ILCC,ISU-ILCC_G57C1.pkl,ISU-ILCC_G57C1,12620,0.25,0.7845094444444445,1,3.0,4.2,-1,4654,0,1,charge_capacity_in_Ah|current_in_A|cycle_number|discharge_capacity_in_Ah|internal_resistance_in_ohm|temperature_in_C|time_in_s|voltage_in_V,SOC_interval|already_spent_cycles|anode_material|cathode_material|cell_id|charge_protocol|cycle_data|depth_of_charge|depth_of_discharge|description|discharge_protocol|electrolyte_material|form_factor|max_current_limit_in_A|max_voltage_limit_in_V|min_current_limit_in_A|min_voltage_limit_in_V|nominal_capacity_in_Ah|reference,
ISU_ILCC,ISU-ILCC_G50C3.pkl,ISU-ILCC_G50C3,21210,0.25,0.7971386311111112,1,3.0,4.2,-1,2420,0,1,charge_capacity_in_Ah|current_in_A|cycle_number|discharge_capacity_in_Ah|internal_resistance_in_ohm|temperature_in_C|time_in_s|voltage_in_V,SOC_interval|already_spent_cycles|anode_material|cathode_material|cell_id|charge_protocol|cycle_data|depth_of_charge|depth_of_discharge|description|discharge_protocol|electrolyte_material|form_factor|max_current_limit_in_A|max_voltage_limit_in_V|min_current_limit_in_A|min_voltage_limit_in_V|nominal_capacity_in_Ah|reference,
ISU_ILCC,ISU-ILCC_G57C3.pkl,ISU-ILCC_G57C3,12989,0.25,0.7940866666666666,1,3.0,4.2,-1,4342,0,1,charge_capacity_in_Ah|current_in_A|cycle_number|discharge_capacity_in_Ah|internal_resistance_in_ohm|temperature_in_C|time_in_s|voltage_in_V,SOC_interval|already_spent_cycles|anode_material|cathode_material|cell_id|charge_protocol|cycle_data|depth_of_charge|depth_of_discharge|description|discharge_protocol|electrolyte_material|form_factor|max_current_limit_in_A|max_voltage_limit_in_V|min_current_limit_in_A|min_voltage_limit_in_V|nominal_capacity_in_Ah|reference,
ISU_ILCC,ISU-ILCC_G59C1.pkl,ISU-ILCC_G59C1,14109,0.25,0.6360147777777778,1,3.0,4.2,-1,3944,0,1,charge_capacity_in_Ah|current_in_A|cycle_number|discharge_capacity_in_Ah|internal_resistance_in_ohm|temperature_in_C|time_in_s|voltage_in_V,SOC_interval|already_spent_cycles|anode_material|cathode_material|cell_id|charge_protocol|cycle_data|depth_of_charge|depth_of_discharge|description|discharge_protocol|electrolyte_material|form_factor|max_current_limit_in_A|max_voltage_limit_in_V|min_current_limit_in_A|min_voltage_limit_in_V|nominal_capacity_in_Ah|reference,
ISU_ILCC,ISU-ILCC_G40C1.pkl,ISU-ILCC_G40C1,8897,0.25,0.6031232222222223,1,3.0,4.2,-1,7915,0,1,charge_capacity_in_Ah|current_in_A|cycle_number|discharge_capacity_in_Ah|internal_resistance_in_ohm|temperature_in_C|time_in_s|voltage_in_V,SOC_interval|already_spent_cycles|anode_material|cathode_material|cell_id|charge_protocol|cycle_data|depth_of_charge|depth_of_discharge|description|discharge_protocol|electrolyte_material|form_factor|max_current_limit_in_A|max_voltage_limit_in_V|min_current_limit_in_A|min_voltage_limit_in_V|nominal_capacity_in_Ah|reference,
ISU_ILCC,ISU-ILCC_G43C3.pkl,ISU-ILCC_G43C3,16463,0.25,0.5939016666666667,1,3.0,4.2,-1,3338,0,1,charge_capacity_in_Ah|current_in_A|cycle_number|discharge_capacity_in_Ah|internal_resistance_in_ohm|temperature_in_C|time_in_s|voltage_in_V,SOC_interval|already_spent_cycles|anode_material|cathode_material|cell_id|charge_protocol|cycle_data|depth_of_charge|depth_of_discharge|description|discharge_protocol|electrolyte_material|form_factor|max_current_limit_in_A|max_voltage_limit_in_V|min_current_limit_in_A|min_voltage_limit_in_V|nominal_capacity_in_Ah|reference,
ISU_ILCC,ISU-ILCC_G40C4.pkl,ISU-ILCC_G40C4,10420,0.25,0.590611,1,3.0,4.2,-1,6764,0,1,charge_capacity_in_Ah|current_in_A|cycle_number|discharge_capacity_in_Ah|internal_resistance_in_ohm|temperature_in_C|time_in_s|voltage_in_V,SOC_interval|already_spent_cycles|anode_material|cathode_material|cell_id|charge_protocol|cycle_data|depth_of_charge|depth_of_discharge|description|discharge_protocol|electrolyte_material|form_factor|max_current_limit_in_A|max_voltage_limit_in_V|min_current_limit_in_A|min_voltage_limit_in_V|nominal_capacity_in_Ah|reference,
ISU_ILCC,ISU-ILCC_G41C1.pkl,ISU-ILCC_G41C1,11199,0.25,0.24428455555555562,1,3.0,4.2,-1,5418,0,1,charge_capacity_in_Ah|current_in_A|cycle_number|discharge_capacity_in_Ah|internal_resistance_in_ohm|temperature_in_C|time_in_s|voltage_in_V,SOC_interval|already_spent_cycles|anode_material|cathode_material|cell_id|charge_protocol|cycle_data|depth_of_charge|depth_of_discharge|description|discharge_protocol|electrolyte_material|form_factor|max_current_limit_in_A|max_voltage_limit_in_V|min_current_limit_in_A|min_voltage_limit_in_V|nominal_capacity_in_Ah|reference,
ISU_ILCC,ISU-ILCC_G43C1.pkl,ISU-ILCC_G43C1,22037,0.25,0.5705651111111111,1,3.0,4.2,-1,2780,0,1,charge_capacity_in_Ah|current_in_A|cycle_number|discharge_capacity_in_Ah|internal_resistance_in_ohm|temperature_in_C|time_in_s|voltage_in_V,SOC_interval|already_spent_cycles|anode_material|cathode_material|cell_id|charge_protocol|cycle_data|depth_of_charge|depth_of_discharge|description|discharge_protocol|electrolyte_material|form_factor|max_current_limit_in_A|max_voltage_limit_in_V|min_current_limit_in_A|min_voltage_limit_in_V|nominal_capacity_in_Ah|reference,
ISU_ILCC,ISU-ILCC_G1C1.pkl,ISU-ILCC_G1C1,10553,0.25,0.7203303333333333,1,3.0,4.2,-1,10284,0,1,charge_capacity_in_Ah|current_in_A|cycle_number|discharge_capacity_in_Ah|internal_resistance_in_ohm|temperature_in_C|time_in_s|voltage_in_V,SOC_interval|already_spent_cycles|anode_material|cathode_material|cell_id|charge_protocol|cycle_data|depth_of_charge|depth_of_discharge|description|discharge_protocol|electrolyte_material|form_factor|max_current_limit_in_A|max_voltage_limit_in_V|min_current_limit_in_A|min_voltage_limit_in_V|nominal_capacity_in_Ah|reference,
ISU_ILCC,ISU-ILCC_G6C4.pkl,ISU-ILCC_G6C4,12091,0.25,0.6805013333333334,1,3.0,4.2,-1,10639,0,1,charge_capacity_in_Ah|current_in_A|cycle_number|discharge_capacity_in_Ah|internal_resistance_in_ohm|temperature_in_C|time_in_s|voltage_in_V,SOC_interval|already_spent_cycles|anode_material|cathode_material|cell_id|charge_protocol|cycle_data|depth_of_charge|depth_of_discharge|description|discharge_protocol|electrolyte_material|form_factor|max_current_limit_in_A|max_voltage_limit_in_V|min_current_limit_in_A|min_voltage_limit_in_V|nominal_capacity_in_Ah|reference,
ISU_ILCC,ISU-ILCC_G6C2.pkl,ISU-ILCC_G6C2,11885,0.25,0.6989978888888889,1,3.0,4.2,-1,11565,0,1,charge_capacity_in_Ah|current_in_A|cycle_number|discharge_capacity_in_Ah|internal_resistance_in_ohm|temperature_in_C|time_in_s|voltage_in_V,SOC_interval|already_spent_cycles|anode_material|cathode_material|cell_id|charge_protocol|cycle_data|depth_of_charge|depth_of_discharge|description|discharge_protocol|electrolyte_material|form_factor|max_current_limit_in_A|max_voltage_limit_in_V|min_current_limit_in_A|min_voltage_limit_in_V|nominal_capacity_in_Ah|reference,
ISU_ILCC,ISU-ILCC_G1C2.pkl,ISU-ILCC_G1C2,11400,0.25,0.7055425555555556,1,3.0,4.2,-1,11275,0,1,charge_capacity_in_Ah|current_in_A|cycle_number|discharge_capacity_in_Ah|internal_resistance_in_ohm|temperature_in_C|time_in_s|voltage_in_V,SOC_interval|already_spent_cycles|anode_material|cathode_material|cell_id|charge_protocol|cycle_data|depth_of_charge|depth_of_discharge|description|discharge_protocol|electrolyte_material|form_factor|max_current_limit_in_A|max_voltage_limit_in_V|min_current_limit_in_A|min_voltage_limit_in_V|nominal_capacity_in_Ah|reference,
ISU_ILCC,ISU-ILCC_G7C3.pkl,ISU-ILCC_G7C3,9179,0.25,0.48175,1,3.0,4.2,-1,16842,0,1,charge_capacity_in_Ah|current_in_A|cycle_number|discharge_capacity_in_Ah|internal_resistance_in_ohm|temperature_in_C|time_in_s|voltage_in_V,SOC_interval|already_spent_cycles|anode_material|cathode_material|cell_id|charge_protocol|cycle_data|depth_of_charge|depth_of_discharge|description|discharge_protocol|electrolyte_material|form_factor|max_current_limit_in_A|max_voltage_limit_in_V|min_current_limit_in_A|min_voltage_limit_in_V|nominal_capacity_in_Ah|reference,
ISU_ILCC,ISU-ILCC_G1C3.pkl,ISU-ILCC_G1C3,11482,0.25,0.705111111111111,1,3.0,4.2,-1,11955,0,1,charge_capacity_in_Ah|current_in_A|cycle_number|discharge_capacity_in_Ah|internal_resistance_in_ohm|temperature_in_C|time_in_s|voltage_in_V,SOC_interval|already_spent_cycles|anode_material|cathode_material|cell_id|charge_protocol|cycle_data|depth_of_charge|depth_of_discharge|description|discharge_protocol|electrolyte_material|form_factor|max_current_limit_in_A|max_voltage_limit_in_V|min_current_limit_in_A|min_voltage_limit_in_V|nominal_capacity_in_Ah|reference,
ISU_ILCC,ISU-ILCC_G18C1.pkl,ISU-ILCC_G18C1,14274,0.25,0.6960565555555556,1,3.0,4.2,-1,11759,0,1,charge_capacity_in_Ah|current_in_A|cycle_number|discharge_capacity_in_Ah|internal_resistance_in_ohm|temperature_in_C|time_in_s|voltage_in_V,SOC_interval|already_spent_cycles|anode_material|cathode_material|cell_id|charge_protocol|cycle_data|depth_of_charge|depth_of_discharge|description|discharge_protocol|electrolyte_material|form_factor|max_current_limit_in_A|max_voltage_limit_in_V|min_current_limit_in_A|min_voltage_limit_in_V|nominal_capacity_in_Ah|reference,
ISU_ILCC,ISU-ILCC_G6C3.pkl,ISU-ILCC_G6C3,16313,0.25,0.6771574444444444,1,3.0,4.2,-1,10189,0,1,charge_capacity_in_Ah|current_in_A|cycle_number|discharge_capacity_in_Ah|internal_resistance_in_ohm|temperature_in_C|time_in_s|voltage_in_V,SOC_interval|already_spent_cycles|anode_material|cathode_material|cell_id|charge_protocol|cycle_data|depth_of_charge|depth_of_discharge|description|discharge_protocol|electrolyte_material|form_factor|max_current_limit_in_A|max_voltage_limit_in_V|min_current_limit_in_A|min_voltage_limit_in_V|nominal_capacity_in_Ah|reference,
